1,6,916.82,431.53,59.61,154.78,0.3894,-1,-1,-1
1,5,730.90,456.73,35.97,111.40,0.5625,-1,-1,-1
1,4,1455.13,432.63,141.44,332.68,0.6426,-1,-1,-1
1,3,439.99,445.88,112.20,273.42,0.6760,-1,-1,-1
1,2,584.16,443.38,91.76,264.69,0.7630,-1,-1,-1
1,1,1338.48,417.88,163.01,358.61,0.8093,-1,-1,-1
2,6,916.26,432.28,60.24,154.61,0.3999,-1,-1,-1
2,5,731.52,457.37,36.35,110.11,0.5322,-1,-1,-1
2,4,1451.63,437.52,147.46,331.57,0.6726,-1,-1,-1
2,3,437.27,445.19,117.49,274.39,0.6901,-1,-1,-1
2,2,584.53,442.84,92.39,264.11,0.7656,-1,-1,-1
2,1,1343.35,417.56,159.94,359.24,0.8313,-1,-1,-1
3,6,915.81,432.76,61.10,153.72,0.4033,-1,-1,-1
3,5,731.18,460.97,36.94,105.87,0.5315,-1,-1,-1
3,4,1470.49,442.62,136.04,325.81,0.7325,-1,-1,-1
3,3,437.23,443.35,117.94,276.85,0.6979,-1,-1,-1
3,2,584.41,443.10,93.86,263.52,0.7561,-1,-1,-1
3,1,1343.52,424.94,180.22,367.71,0.8358,-1,-1,-1
4,6,916.58,431.75,60.88,154.35,0.4196,-1,-1,-1
4,5,732.26,458.46,36.76,110.45,0.5187,-1,-1,-1
4,4,1480.36,431.75,123.26,335.72,0.7303,-1,-1,-1
4,3,439.20,442.92,119.13,276.49,0.7436,-1,-1,-1
4,2,584.40,444.04,92.88,264.53,0.7670,-1,-1,-1
4,1,1350.02,420.45,178.37,378.10,0.8240,-1,-1,-1
5,6,915.93,431.02,61.43,154.67,0.4083,-1,-1,-1
5,5,732.84,458.80,35.49,109.33,0.5181,-1,-1,-1
5,4,1485.86,427.96,114.90,340.10,0.7403,-1,-1,-1
5,3,443.77,444.08,118.91,273.25,0.6899,-1,-1,-1
5,2,584.83,444.01,93.00,263.97,0.7658,-1,-1,-1
5,1,1352.08,418.19,176.03,386.58,0.8483,-1,-1,-1
6,6,915.71,430.29,62.22,156.55,0.4202,-1,-1,-1
6,5,733.53,456.87,34.04,110.64,0.5346,-1,-1,-1
6,4,1495.44,426.07,107.52,342.61,0.7237,-1,-1,-1
6,3,450.88,444.02,116.36,274.36,0.6951,-1,-1,-1
6,2,583.90,443.19,92.25,268.09,0.7617,-1,-1,-1
6,1,1359.60,418.21,171.14,387.02,0.8471,-1,-1,-1
7,6,914.77,430.81,61.68,155.67,0.3742,-1,-1,-1
7,5,733.49,458.00,33.80,109.71,0.5489,-1,-1,-1
7,4,1499.88,432.99,103.07,337.08,0.7679,-1,-1,-1
7,3,445.87,444.97,120.92,274.35,0.7308,-1,-1,-1
7,2,584.73,442.75,91.42,268.31,0.7671,-1,-1,-1
7,1,1370.97,419.26,153.49,381.24,0.8559,-1,-1,-1
8,6,914.87,427.63,61.03,158.76,0.3851,-1,-1,-1
8,5,733.43,456.85,34.62,109.56,0.5422,-1,-1,-1
8,4,1504.79,419.78,100.14,351.19,0.7695,-1,-1,-1
8,3,448.70,443.83,118.94,274.75,0.7468,-1,-1,-1
8,2,584.93,442.92,91.92,266.70,0.7823,-1,-1,-1
8,1,1390.64,413.59,135.40,385.60,0.8056,-1,-1,-1
9,7,699.27,451.45,36.14,134.02,0.3397,-1,-1,-1
9,5,732.91,456.98,35.57,111.60,0.5346,-1,-1,-1
9,4,1511.93,422.72,95.25,346.66,0.7485,-1,-1,-1
9,3,457.05,444.19,112.07,274.17,0.7434,-1,-1,-1
9,2,585.43,442.48,90.48,268.26,0.7793,-1,-1,-1
9,1,1403.92,407.18,127.06,392.90,0.7453,-1,-1,-1
10,7,699.63,452.63,35.91,138.87,0.3117,-1,-1,-1
10,5,732.50,457.77,36.33,109.09,0.5202,-1,-1,-1
10,4,1502.83,417.13,116.96,357.85,0.6691,-1,-1,-1
10,3,457.20,443.80,114.01,274.40,0.7179,-1,-1,-1
10,2,585.39,442.90,91.77,267.98,0.7823,-1,-1,-1
10,1,1418.87,416.14,118.88,375.98,0.7915,-1,-1,-1
11,5,732.39,459.05,37.67,110.95,0.5668,-1,-1,-1
11,4,1532.77,420.33,93.07,346.65,0.7954,-1,-1,-1
11,3,453.82,442.28,115.93,276.57,0.6894,-1,-1,-1
11,2,586.09,442.89,91.11,266.24,0.7705,-1,-1,-1
11,1,1426.90,412.50,121.34,386.17,0.7691,-1,-1,-1
12,5,731.13,455.84,38.48,114.06,0.6052,-1,-1,-1
12,4,1539.03,419.81,94.05,353.30,0.7732,-1,-1,-1
12,3,448.81,442.08,121.28,276.38,0.6674,-1,-1,-1
12,2,585.56,442.01,92.06,266.74,0.7667,-1,-1,-1
12,1,1439.02,407.82,118.53,388.47,0.7273,-1,-1,-1
13,5,730.31,456.11,38.95,118.90,0.5822,-1,-1,-1
13,4,1538.12,421.73,110.13,358.87,0.7515,-1,-1,-1
13,3,443.87,443.38,125.46,276.24,0.7038,-1,-1,-1
13,2,585.12,441.94,92.87,267.35,0.7539,-1,-1,-1
13,1,1445.18,413.77,125.78,384.87,0.7015,-1,-1,-1
14,5,729.95,456.67,39.62,118.78,0.5512,-1,-1,-1
14,4,1534.35,415.41,145.32,375.17,0.6144,-1,-1,-1
14,3,446.96,441.70,120.76,282.27,0.6394,-1,-1,-1
14,2,583.71,442.33,94.72,268.24,0.7504,-1,-1,-1
14,1,1452.39,409.72,133.05,386.70,0.5769,-1,-1,-1
15,6,915.89,426.74,59.59,159.61,0.3095,-1,-1,-1
15,5,730.44,451.75,39.91,125.79,0.6068,-1,-1,-1
15,4,1535.56,425.50,177.74,373.31,0.5959,-1,-1,-1
15,3,445.94,443.41,120.05,282.58,0.6578,-1,-1,-1
15,2,583.76,442.61,92.70,269.73,0.7700,-1,-1,-1
15,1,1460.79,418.54,99.13,378.47,0.4908,-1,-1,-1
16,10,1382.86,423.43,55.51,134.14,0.3843,-1,-1,-1
16,8,1255.37,432.43,37.34,112.26,0.3295,-1,-1,-1
16,5,731.17,454.38,37.16,122.16,0.4916,-1,-1,-1
16,4,1549.96,421.11,184.58,383.85,0.6740,-1,-1,-1
16,3,445.54,442.61,115.99,283.79,0.6511,-1,-1,-1
16,2,583.52,444.34,92.77,266.30,0.7683,-1,-1,-1
16,1,1461.30,425.58,106.64,374.31,0.4018,-1,-1,-1
17,8,1255.24,435.26,35.27,108.85,0.3057,-1,-1,-1
17,5,729.18,455.49,37.20,119.99,0.4490,-1,-1,-1
17,4,1558.73,421.32,189.03,385.12,0.7724,-1,-1,-1
17,3,446.46,442.73,115.26,284.66,0.6589,-1,-1,-1
17,2,583.42,446.15,93.00,267.16,0.7652,-1,-1,-1
17,1,1453.46,419.88,142.93,383.36,0.3625,-1,-1,-1
18,8,1255.12,437.01,34.84,106.79,0.3850,-1,-1,-1
18,5,727.87,457.90,37.57,117.37,0.4405,-1,-1,-1
18,4,1575.74,429.49,175.27,380.03,0.7103,-1,-1,-1
18,3,448.94,443.11,113.12,284.27,0.7161,-1,-1,-1
18,2,583.80,444.70,92.97,268.84,0.7898,-1,-1,-1
18,1,1455.76,420.48,211.73,391.71,0.6832,-1,-1,-1
19,8,1254.50,435.69,35.32,108.33,0.4019,-1,-1,-1
19,5,725.89,459.73,39.10,115.93,0.4066,-1,-1,-1
19,4,1560.86,465.30,193.41,348.92,0.6827,-1,-1,-1
19,3,451.02,445.46,112.30,284.13,0.7092,-1,-1,-1
19,2,584.50,445.08,94.73,269.61,0.7677,-1,-1,-1
19,1,1457.12,411.41,163.86,390.77,0.4640,-1,-1,-1
20,8,1254.54,436.60,35.18,106.75,0.3275,-1,-1,-1
20,5,725.12,453.49,40.22,120.31,0.4105,-1,-1,-1
20,4,1596.06,458.69,180.24,343.11,0.6328,-1,-1,-1
20,3,451.78,450.61,114.80,277.16,0.7097,-1,-1,-1
20,2,584.63,446.00,99.77,266.62,0.7783,-1,-1,-1
20,1,1459.28,410.11,165.04,395.63,0.3684,-1,-1,-1
21,8,1252.40,440.11,35.51,100.68,0.3351,-1,-1,-1
21,5,726.54,452.53,39.50,122.83,0.3840,-1,-1,-1
21,4,1622.15,453.18,139.18,348.95,0.6553,-1,-1,-1
21,3,452.57,447.54,112.42,278.87,0.6969,-1,-1,-1
21,2,584.87,443.72,102.80,269.78,0.7905,-1,-1,-1
21,1,1459.38,413.26,252.99,407.47,0.7286,-1,-1,-1
22,8,1254.22,437.26,41.66,109.50,0.3680,-1,-1,-1
22,5,721.87,461.40,44.32,110.69,0.3667,-1,-1,-1
22,4,1630.45,426.06,148.87,372.63,0.7015,-1,-1,-1
22,3,454.74,446.50,112.94,280.90,0.5988,-1,-1,-1
22,2,584.80,443.85,103.73,269.00,0.7777,-1,-1,-1
22,1,1460.35,411.93,228.07,405.53,0.5296,-1,-1,-1
23,8,1251.07,440.90,37.02,101.64,0.3386,-1,-1,-1
23,5,719.62,466.33,48.41,103.46,0.3625,-1,-1,-1
23,4,1632.81,422.21,121.36,379.01,0.6267,-1,-1,-1
23,3,464.54,445.81,108.68,281.97,0.6875,-1,-1,-1
23,2,583.37,443.71,105.88,268.86,0.7759,-1,-1,-1
23,1,1470.33,411.72,177.81,388.22,0.4805,-1,-1,-1
24,5,721.88,460.63,48.98,108.74,0.4308,-1,-1,-1
24,4,1644.67,418.80,119.90,379.10,0.6253,-1,-1,-1
24,3,468.92,444.77,109.45,286.63,0.6836,-1,-1,-1
24,2,584.57,443.82,104.89,268.21,0.7548,-1,-1,-1
24,1,1478.10,406.50,220.46,414.54,0.7030,-1,-1,-1
25,11,1421.30,457.50,61.85,100.52,0.3057,-1,-1,-1
25,8,1250.34,442.62,34.28,99.38,0.3039,-1,-1,-1
25,5,719.88,463.13,49.37,103.53,0.4016,-1,-1,-1
25,4,1656.99,416.07,122.91,386.72,0.6677,-1,-1,-1
25,3,466.47,444.42,112.33,289.63,0.6333,-1,-1,-1
25,2,585.45,443.66,104.46,268.74,0.7430,-1,-1,-1
25,1,1486.89,406.59,212.98,412.07,0.6348,-1,-1,-1
26,9,668.93,450.71,57.38,228.26,0.3115,-1,-1,-1
26,8,1250.85,442.13,34.56,98.93,0.3015,-1,-1,-1
26,5,720.05,463.27,50.24,104.51,0.4402,-1,-1,-1
26,4,1661.38,421.91,112.82,378.94,0.6618,-1,-1,-1
26,3,467.32,440.63,113.02,295.65,0.6586,-1,-1,-1
26,2,586.74,444.27,101.60,268.61,0.7238,-1,-1,-1
26,1,1495.68,410.10,238.40,409.62,0.5970,-1,-1,-1
27,5,720.93,456.09,44.30,111.80,0.3559,-1,-1,-1
27,4,1675.28,412.56,112.45,384.10,0.6655,-1,-1,-1
27,3,468.99,444.44,112.14,288.15,0.6226,-1,-1,-1
27,2,588.57,443.31,99.25,270.47,0.7290,-1,-1,-1
27,1,1514.20,411.65,214.16,410.86,0.5632,-1,-1,-1
28,11,1422.26,437.37,57.98,121.11,0.5527,-1,-1,-1
28,5,720.79,461.63,49.21,107.29,0.3628,-1,-1,-1
28,4,1682.35,410.49,116.31,384.53,0.6566,-1,-1,-1
28,3,472.08,441.31,110.38,293.27,0.6030,-1,-1,-1
28,2,593.04,443.34,97.12,270.87,0.7387,-1,-1,-1
28,1,1535.90,402.39,170.89,427.69,0.5830,-1,-1,-1
29,11,1427.87,435.85,53.53,122.19,0.5399,-1,-1,-1
29,5,721.06,460.26,50.55,112.46,0.3503,-1,-1,-1
29,4,1681.03,423.91,135.80,378.49,0.7144,-1,-1,-1
29,3,474.57,442.24,109.79,291.20,0.5853,-1,-1,-1
29,2,594.40,443.62,96.70,270.49,0.7305,-1,-1,-1
29,1,1551.92,392.65,160.52,436.29,0.7036,-1,-1,-1
30,12,1083.86,447.80,52.96,146.99,0.3101,-1,-1,-1
30,11,1433.46,432.30,47.88,125.30,0.5942,-1,-1,-1
30,5,722.64,457.76,44.34,115.52,0.3648,-1,-1,-1
30,4,1672.99,430.77,166.46,370.11,0.6397,-1,-1,-1
30,3,476.61,442.36,109.33,291.68,0.6444,-1,-1,-1
30,2,595.46,443.47,97.13,271.38,0.7479,-1,-1,-1
30,1,1581.60,390.24,145.34,437.84,0.7467,-1,-1,-1
31,12,1080.12,451.78,53.44,143.15,0.3191,-1,-1,-1
31,11,1441.98,429.82,42.70,127.76,0.5751,-1,-1,-1
31,5,721.62,457.07,44.06,119.65,0.4385,-1,-1,-1
31,4,1699.46,414.98,199.37,393.27,0.6599,-1,-1,-1
31,3,476.22,443.86,112.18,286.38,0.6511,-1,-1,-1
31,2,598.64,443.10,94.89,272.39,0.7511,-1,-1,-1
31,1,1597.17,390.94,161.02,435.68,0.7353,-1,-1,-1
32,12,1081.26,451.60,53.51,143.72,0.3539,-1,-1,-1
32,11,1446.93,431.49,40.10,125.69,0.5304,-1,-1,-1
32,5,721.15,459.41,42.01,119.66,0.4237,-1,-1,-1
32,4,1724.21,417.70,182.79,389.77,0.7325,-1,-1,-1
32,3,478.43,444.88,110.43,288.46,0.6380,-1,-1,-1
32,2,600.11,443.05,94.82,272.91,0.7619,-1,-1,-1
32,1,1605.37,396.41,167.93,441.44,0.7909,-1,-1,-1
33,12,1079.18,451.72,54.30,144.27,0.3797,-1,-1,-1
33,11,1450.28,431.84,40.02,125.70,0.5779,-1,-1,-1
33,5,719.71,458.96,42.42,118.44,0.3715,-1,-1,-1
33,4,1735.03,413.06,182.40,399.49,0.6489,-1,-1,-1
33,3,479.24,443.98,109.81,294.78,0.7036,-1,-1,-1
33,2,601.29,444.35,94.78,270.91,0.7666,-1,-1,-1
33,1,1608.61,395.21,176.54,453.20,0.8077,-1,-1,-1
34,11,1454.32,431.08,40.42,126.42,0.6021,-1,-1,-1
34,5,717.52,456.26,42.39,121.13,0.3647,-1,-1,-1
34,4,1744.05,465.11,175.87,352.83,0.3172,-1,-1,-1
34,3,478.86,443.86,110.76,301.02,0.7295,-1,-1,-1
34,2,605.30,443.19,90.79,271.86,0.7622,-1,-1,-1
34,1,1611.54,394.96,187.95,445.04,0.8033,-1,-1,-1
35,11,1455.52,432.56,39.53,123.95,0.5704,-1,-1,-1
35,5,719.32,459.16,40.68,118.40,0.3464,-1,-1,-1
35,4,1762.32,422.59,155.50,406.97,0.4109,-1,-1,-1
35,3,477.64,443.82,111.72,300.35,0.7405,-1,-1,-1
35,2,605.55,444.13,91.44,270.78,0.7727,-1,-1,-1
35,1,1618.89,393.22,200.62,455.66,0.8494,-1,-1,-1
36,12,1078.83,450.19,51.75,145.77,0.3278,-1,-1,-1
36,11,1456.29,433.36,42.48,124.60,0.5763,-1,-1,-1
36,5,715.80,456.42,43.61,120.04,0.3124,-1,-1,-1
36,4,1764.39,413.93,152.95,406.62,0.5498,-1,-1,-1
36,3,476.25,444.00,113.43,302.33,0.7073,-1,-1,-1
36,2,607.08,444.33,90.09,270.34,0.7727,-1,-1,-1
36,1,1626.54,396.07,220.09,470.33,0.8186,-1,-1,-1
37,11,1460.86,433.40,43.21,125.46,0.5473,-1,-1,-1
37,5,716.86,453.44,42.93,124.15,0.3143,-1,-1,-1
37,4,1774.04,420.36,143.62,399.46,0.6041,-1,-1,-1
37,3,476.77,444.78,112.58,293.59,0.6661,-1,-1,-1
37,2,608.42,445.04,90.13,269.78,0.7701,-1,-1,-1
37,1,1630.51,397.91,258.84,472.23,0.7919,-1,-1,-1
38,11,1462.20,431.96,44.36,126.25,0.6036,-1,-1,-1
38,8,1256.11,430.40,39.95,114.84,0.3234,-1,-1,-1
38,5,712.54,452.64,45.81,131.01,0.3084,-1,-1,-1
38,3,477.16,444.78,114.54,288.20,0.6848,-1,-1,-1
38,2,608.41,443.89,90.85,271.51,0.7670,-1,-1,-1
38,1,1629.12,403.10,254.74,472.19,0.8537,-1,-1,-1
39,11,1463.22,431.85,45.90,125.49,0.5842,-1,-1,-1
39,8,1256.25,430.70,40.57,114.84,0.4197,-1,-1,-1
39,4,1812.59,430.89,104.47,373.52,0.5196,-1,-1,-1
39,3,477.79,444.49,114.37,294.42,0.7065,-1,-1,-1
39,2,608.61,442.97,92.71,272.62,0.7798,-1,-1,-1
39,1,1630.20,404.44,262.70,470.59,0.8708,-1,-1,-1
40,11,1465.25,433.36,47.61,123.18,0.5641,-1,-1,-1
40,8,1256.14,431.96,38.77,113.67,0.4412,-1,-1,-1
40,4,1818.62,422.23,100.78,390.24,0.5961,-1,-1,-1
40,3,476.47,446.07,117.19,295.67,0.6819,-1,-1,-1
40,2,609.64,443.84,91.84,272.27,0.7745,-1,-1,-1
40,1,1630.49,404.45,271.49,472.71,0.8623,-1,-1,-1
41,11,1464.64,434.63,52.03,120.53,0.5075,-1,-1,-1
41,8,1256.41,430.48,39.88,115.21,0.4799,-1,-1,-1
41,5,703.36,451.98,52.00,127.28,0.3103,-1,-1,-1
41,4,1831.54,395.58,87.79,421.60,0.6854,-1,-1,-1
41,3,479.18,447.49,113.30,294.82,0.6836,-1,-1,-1
41,2,612.50,443.57,91.93,272.75,0.7916,-1,-1,-1
41,1,1637.05,400.49,281.76,484.29,0.8655,-1,-1,-1
42,12,1082.13,455.01,50.56,140.96,0.3295,-1,-1,-1
42,11,1467.35,434.74,50.70,120.90,0.5558,-1,-1,-1
42,8,1256.52,430.03,40.67,115.55,0.4901,-1,-1,-1
42,4,1841.80,390.94,77.57,427.59,0.6497,-1,-1,-1
42,3,474.63,447.45,118.72,303.84,0.6607,-1,-1,-1
42,2,613.92,442.72,90.18,271.98,0.7989,-1,-1,-1
42,1,1643.40,401.05,270.43,477.78,0.8417,-1,-1,-1
43,11,1469.33,433.08,51.77,122.27,0.5799,-1,-1,-1
43,8,1256.94,426.12,42.44,119.22,0.4712,-1,-1,-1
43,4,1851.77,394.44,67.61,425.41,0.5920,-1,-1,-1
43,3,466.82,445.26,123.93,308.77,0.6241,-1,-1,-1
43,2,615.50,443.53,89.75,271.50,0.7886,-1,-1,-1
43,1,1654.95,403.81,261.11,479.20,0.8501,-1,-1,-1
44,12,1082.67,450.11,49.78,148.29,0.3550,-1,-1,-1
44,11,1473.06,435.63,49.02,120.23,0.5326,-1,-1,-1
44,8,1256.86,427.01,41.70,118.65,0.4573,-1,-1,-1
44,4,1863.85,420.71,55.54,392.92,0.4901,-1,-1,-1
44,3,468.61,446.09,124.33,314.47,0.6486,-1,-1,-1
44,2,615.14,443.73,91.08,271.18,0.7992,-1,-1,-1
44,1,1667.01,392.56,245.53,485.90,0.8458,-1,-1,-1
45,12,1081.18,449.15,51.22,149.00,0.3824,-1,-1,-1
45,11,1479.18,433.47,41.36,121.77,0.4938,-1,-1,-1
45,8,1257.79,425.94,41.94,119.49,0.4573,-1,-1,-1
45,5,698.63,454.57,56.40,206.38,0.3503,-1,-1,-1
45,4,1869.34,425.89,50.05,388.99,0.3503,-1,-1,-1
45,3,467.68,443.17,123.06,315.15,0.6357,-1,-1,-1
45,2,616.41,442.89,91.27,271.58,0.7777,-1,-1,-1
45,1,1690.83,393.42,218.84,483.55,0.7946,-1,-1,-1
46,12,1081.46,448.93,50.47,147.74,0.3022,-1,-1,-1
46,11,1484.92,435.51,34.88,119.28,0.5208,-1,-1,-1
46,8,1258.46,423.85,42.10,121.72,0.4613,-1,-1,-1
46,4,1877.09,392.88,42.31,444.08,0.3963,-1,-1,-1
46,3,465.87,445.15,126.67,318.71,0.6338,-1,-1,-1
46,2,616.95,442.07,94.27,272.83,0.7591,-1,-1,-1
46,1,1715.31,391.72,201.82,487.09,0.6319,-1,-1,-1
47,11,1488.91,431.40,33.39,121.33,0.5143,-1,-1,-1
47,8,1258.73,424.41,43.11,120.74,0.4921,-1,-1,-1
47,5,696.73,455.48,57.14,205.42,0.5477,-1,-1,-1
47,3,464.17,444.28,127.93,320.16,0.6297,-1,-1,-1
47,2,616.58,441.51,93.07,272.89,0.7759,-1,-1,-1
47,1,1774.84,385.03,140.65,495.54,0.7059,-1,-1,-1
48,8,1259.05,427.52,40.40,117.59,0.4474,-1,-1,-1
48,5,698.44,453.15,62.59,208.00,0.3822,-1,-1,-1
48,3,470.32,443.73,120.78,317.94,0.6478,-1,-1,-1
48,2,618.47,441.17,93.76,272.46,0.7453,-1,-1,-1
48,1,1776.09,386.23,142.20,489.52,0.7899,-1,-1,-1
49,8,1259.14,435.03,40.34,112.10,0.4593,-1,-1,-1
49,5,698.57,455.11,63.75,207.04,0.4384,-1,-1,-1
49,3,471.85,444.51,118.85,317.04,0.6377,-1,-1,-1
49,2,618.77,441.38,94.40,271.74,0.7551,-1,-1,-1
49,1,1797.18,385.35,121.90,491.91,0.8007,-1,-1,-1
50,14,805.38,466.79,31.21,82.66,0.3112,-1,-1,-1
50,13,580.26,436.29,48.80,149.33,0.3445,-1,-1,-1
50,11,1498.88,437.21,39.23,119.24,0.3530,-1,-1,-1
50,8,1259.55,438.47,38.85,108.65,0.4423,-1,-1,-1
50,5,703.26,450.96,63.92,211.28,0.3771,-1,-1,-1
50,3,463.37,443.61,125.85,315.59,0.6202,-1,-1,-1
50,2,617.67,441.81,99.41,272.31,0.7557,-1,-1,-1
50,1,1809.58,385.78,110.21,497.26,0.8414,-1,-1,-1
51,13,582.68,440.39,50.41,144.34,0.3439,-1,-1,-1
51,11,1500.40,438.65,42.59,115.92,0.4200,-1,-1,-1
51,8,1259.76,434.82,39.43,112.21,0.4812,-1,-1,-1
51,5,702.10,458.23,66.26,204.47,0.3362,-1,-1,-1
51,3,450.94,443.33,138.51,314.10,0.6074,-1,-1,-1
51,2,618.47,441.47,100.09,272.39,0.7625,-1,-1,-1
51,1,1816.50,383.86,102.48,498.61,0.8291,-1,-1,-1
52,13,588.89,445.29,45.66,139.00,0.3522,-1,-1,-1
52,12,1080.25,452.78,52.41,142.38,0.3608,-1,-1,-1
52,11,1500.87,436.79,46.48,118.82,0.4076,-1,-1,-1
52,8,1259.61,432.10,38.27,113.60,0.4705,-1,-1,-1
52,5,701.87,456.68,69.32,206.13,0.3014,-1,-1,-1
52,3,468.57,445.03,122.75,314.65,0.6583,-1,-1,-1
52,2,619.91,442.83,98.68,271.29,0.7491,-1,-1,-1
52,1,1824.96,386.45,93.86,492.90,0.8109,-1,-1,-1
53,15,1524.26,434.17,37.01,118.74,0.3648,-1,-1,-1
53,13,590.97,449.37,44.31,135.11,0.3016,-1,-1,-1
53,11,1500.05,433.23,52.81,121.80,0.3675,-1,-1,-1
53,8,1259.57,430.20,40.82,115.76,0.5284,-1,-1,-1
53,5,693.67,454.43,70.15,207.20,0.4763,-1,-1,-1
53,3,464.40,446.43,127.35,311.57,0.6521,-1,-1,-1
53,2,621.13,443.62,96.19,269.93,0.7479,-1,-1,-1
53,1,1825.80,384.01,93.57,501.01,0.7787,-1,-1,-1
54,15,1527.51,443.50,35.00,109.97,0.4731,-1,-1,-1
54,8,1259.49,430.32,40.19,115.09,0.5063,-1,-1,-1
54,5,693.57,452.58,80.37,209.12,0.3682,-1,-1,-1
54,3,468.36,445.89,123.85,314.25,0.6934,-1,-1,-1
54,2,623.51,442.50,95.91,272.62,0.7377,-1,-1,-1
54,1,1820.79,391.58,99.13,495.58,0.7337,-1,-1,-1
55,15,1529.93,436.69,37.07,115.79,0.4749,-1,-1,-1
55,13,585.99,448.66,48.68,135.40,0.3505,-1,-1,-1
55,11,1499.38,437.34,52.28,116.20,0.3274,-1,-1,-1
55,8,1259.73,429.45,40.29,116.51,0.5005,-1,-1,-1
55,5,693.04,456.04,75.09,206.36,0.3818,-1,-1,-1
55,3,470.68,444.93,120.46,315.33,0.7045,-1,-1,-1
55,2,623.43,441.92,92.07,273.17,0.7448,-1,-1,-1
55,1,1822.27,422.99,97.69,464.59,0.7186,-1,-1,-1
56,15,1531.63,442.29,34.57,110.16,0.4985,-1,-1,-1
56,13,584.74,445.51,50.12,138.21,0.3661,-1,-1,-1
56,12,1082.37,455.59,50.22,139.21,0.3269,-1,-1,-1
56,8,1260.02,426.11,40.57,119.33,0.5103,-1,-1,-1
56,5,695.62,455.95,67.01,206.07,0.4708,-1,-1,-1
56,3,472.63,445.48,118.67,313.86,0.7116,-1,-1,-1
56,2,623.50,441.45,92.48,273.62,0.7329,-1,-1,-1
56,1,1825.10,436.94,94.24,450.02,0.5919,-1,-1,-1
57,15,1533.40,437.05,35.43,114.94,0.4886,-1,-1,-1
57,13,583.05,440.97,48.35,144.26,0.4223,-1,-1,-1
57,8,1260.33,432.66,39.68,112.42,0.5175,-1,-1,-1
57,5,694.92,455.45,68.89,209.94,0.5811,-1,-1,-1
57,3,470.38,447.32,121.57,312.27,0.6682,-1,-1,-1
57,2,623.53,442.73,90.60,272.72,0.7314,-1,-1,-1
57,1,1828.24,395.71,91.16,491.22,0.3788,-1,-1,-1
58,15,1533.65,435.20,33.77,117.02,0.4184,-1,-1,-1
58,13,582.61,447.43,47.91,137.73,0.3945,-1,-1,-1
58,8,1260.54,433.07,40.66,112.34,0.5224,-1,-1,-1
58,3,474.03,445.27,118.60,312.19,0.6648,-1,-1,-1
58,2,625.80,443.92,93.46,271.20,0.7337,-1,-1,-1
58,1,1829.71,440.54,89.69,445.61,0.3319,-1,-1,-1
59,15,1536.97,434.00,32.65,119.33,0.3591,-1,-1,-1
59,13,584.20,449.50,49.41,134.10,0.3648,-1,-1,-1
59,8,1260.00,432.74,43.07,112.44,0.5377,-1,-1,-1
59,5,697.23,459.58,69.33,211.96,0.4736,-1,-1,-1
59,3,474.90,443.02,119.77,317.17,0.7116,-1,-1,-1
59,2,626.20,442.85,92.77,272.05,0.7172,-1,-1,-1
60,13,584.28,450.72,50.08,133.17,0.3243,-1,-1,-1
60,8,1259.99,435.30,42.35,110.76,0.5482,-1,-1,-1
60,5,698.24,455.23,68.33,216.59,0.5750,-1,-1,-1
60,3,472.81,441.31,128.03,319.49,0.7233,-1,-1,-1
60,2,625.27,443.19,93.16,275.15,0.7132,-1,-1,-1
61,12,1083.99,452.24,48.60,142.61,0.3025,-1,-1,-1
61,8,1259.74,427.65,42.50,118.18,0.5334,-1,-1,-1
61,5,699.84,455.69,67.56,216.80,0.5448,-1,-1,-1
61,3,473.89,443.79,134.78,315.69,0.6856,-1,-1,-1
61,2,624.37,443.81,93.89,277.59,0.7075,-1,-1,-1
62,8,1259.69,430.53,40.70,114.79,0.5512,-1,-1,-1
62,5,699.15,453.82,67.12,218.88,0.6201,-1,-1,-1
62,3,480.65,442.86,135.94,318.70,0.7249,-1,-1,-1
62,2,623.79,444.85,90.67,275.22,0.7224,-1,-1,-1
63,8,1259.86,431.53,40.29,113.14,0.5324,-1,-1,-1
63,5,696.84,458.71,69.99,213.24,0.6620,-1,-1,-1
63,3,479.48,440.28,139.27,320.15,0.7251,-1,-1,-1
63,2,620.16,443.63,93.79,280.45,0.7393,-1,-1,-1
64,8,1259.43,434.27,40.01,109.78,0.5248,-1,-1,-1
64,5,697.02,451.55,69.58,222.04,0.6377,-1,-1,-1
64,3,484.80,442.39,138.73,318.15,0.7205,-1,-1,-1
64,2,618.99,444.27,93.36,278.35,0.7432,-1,-1,-1
65,12,1086.14,435.72,47.87,158.61,0.3378,-1,-1,-1
65,8,1259.12,439.34,40.23,105.34,0.5287,-1,-1,-1
65,5,696.03,449.61,68.92,226.70,0.6806,-1,-1,-1
65,3,496.30,445.87,131.58,315.71,0.7891,-1,-1,-1
65,2,619.27,447.56,92.29,275.98,0.7429,-1,-1,-1
66,17,921.34,432.50,51.98,156.47,0.3083,-1,-1,-1
66,8,1258.92,439.33,40.46,105.45,0.5299,-1,-1,-1
66,5,698.20,453.50,68.86,222.39,0.6783,-1,-1,-1
66,3,495.49,447.57,139.74,316.98,0.7284,-1,-1,-1
66,2,620.54,448.15,90.75,275.58,0.7595,-1,-1,-1
67,15,1542.85,422.20,40.80,128.91,0.4049,-1,-1,-1
67,8,1260.26,441.54,38.41,102.70,0.5143,-1,-1,-1
67,5,698.27,453.91,71.30,223.34,0.6747,-1,-1,-1
67,3,486.17,447.36,150.24,322.54,0.6449,-1,-1,-1
67,2,619.03,447.08,92.79,275.05,0.7469,-1,-1,-1
68,12,1086.19,436.35,47.93,158.97,0.3227,-1,-1,-1
68,11,1543.83,430.69,39.60,120.95,0.3741,-1,-1,-1
68,8,1259.88,435.44,39.49,109.18,0.4908,-1,-1,-1
68,5,699.84,455.80,71.15,219.60,0.6769,-1,-1,-1
68,3,486.85,449.11,151.94,317.01,0.6441,-1,-1,-1
68,2,615.73,446.15,96.69,275.42,0.7347,-1,-1,-1
69,15,1541.59,420.17,44.16,131.72,0.4737,-1,-1,-1
69,8,1259.86,436.75,39.19,107.65,0.5127,-1,-1,-1
69,5,697.51,456.63,72.68,220.54,0.6660,-1,-1,-1
69,3,488.42,445.88,153.81,321.30,0.6178,-1,-1,-1
69,2,614.06,446.87,97.79,275.12,0.7571,-1,-1,-1
70,15,1542.31,419.97,46.56,132.81,0.5866,-1,-1,-1
70,8,1259.65,437.93,39.20,106.59,0.5124,-1,-1,-1
70,5,698.28,457.92,71.61,219.79,0.6304,-1,-1,-1
70,3,492.52,442.90,147.83,322.72,0.7277,-1,-1,-1
70,2,610.88,445.74,100.76,275.11,0.7602,-1,-1,-1
71,15,1542.12,420.70,47.43,132.23,0.5760,-1,-1,-1
71,8,1259.60,437.03,39.29,107.50,0.5172,-1,-1,-1
71,5,698.67,459.05,67.97,219.53,0.5866,-1,-1,-1
71,3,497.67,442.93,144.85,324.09,0.7339,-1,-1,-1
71,2,611.02,445.49,99.91,276.52,0.7686,-1,-1,-1
72,15,1542.61,420.82,45.87,131.71,0.5699,-1,-1,-1
72,8,1259.70,429.38,40.37,115.11,0.5145,-1,-1,-1
72,5,699.12,458.34,70.54,221.34,0.5837,-1,-1,-1
72,3,498.63,444.12,144.14,323.00,0.7412,-1,-1,-1
72,2,612.63,444.27,97.18,277.65,0.7655,-1,-1,-1
73,17,919.53,429.63,54.39,157.65,0.3381,-1,-1,-1
73,15,1545.88,419.23,43.47,132.76,0.5323,-1,-1,-1
73,8,1259.86,430.99,40.36,113.15,0.5074,-1,-1,-1
73,5,700.64,458.32,71.05,220.04,0.5996,-1,-1,-1
73,3,503.11,444.84,139.76,323.22,0.7758,-1,-1,-1
73,2,615.87,443.47,95.06,278.36,0.7676,-1,-1,-1
74,12,1076.95,441.86,53.29,153.02,0.3236,-1,-1,-1
74,8,1260.38,428.15,40.62,116.61,0.5172,-1,-1,-1
74,5,702.18,454.40,76.68,222.77,0.5739,-1,-1,-1
74,3,507.17,444.08,138.67,327.44,0.7379,-1,-1,-1
74,2,619.51,442.41,91.07,281.03,0.7757,-1,-1,-1
75,12,1079.01,438.92,53.44,157.69,0.3294,-1,-1,-1
75,8,1259.45,428.28,41.13,117.04,0.5276,-1,-1,-1
75,5,702.52,454.54,76.17,221.35,0.6329,-1,-1,-1
75,3,506.66,441.93,138.36,325.95,0.7339,-1,-1,-1
75,2,620.61,440.17,87.86,283.41,0.7706,-1,-1,-1
76,12,1076.19,441.21,53.79,153.34,0.3032,-1,-1,-1
76,8,1259.77,427.88,41.36,116.85,0.5213,-1,-1,-1
76,5,702.21,450.67,80.74,225.76,0.6644,-1,-1,-1
76,3,514.02,446.83,128.87,319.11,0.7659,-1,-1,-1
76,2,622.56,441.75,86.43,281.54,0.7708,-1,-1,-1
77,8,1259.87,427.87,41.22,116.84,0.5267,-1,-1,-1
77,5,701.13,446.59,84.34,229.83,0.6311,-1,-1,-1
77,3,518.64,447.09,124.96,319.50,0.7638,-1,-1,-1
77,2,622.63,441.11,84.73,284.46,0.7672,-1,-1,-1
78,8,1261.18,444.63,39.30,99.50,0.4773,-1,-1,-1
78,5,702.57,453.41,87.27,223.98,0.6610,-1,-1,-1
78,3,515.67,445.12,127.34,322.27,0.7205,-1,-1,-1
78,2,628.30,441.70,80.27,280.53,0.7763,-1,-1,-1
79,8,1260.90,438.73,40.66,105.63,0.4630,-1,-1,-1
79,5,704.44,458.03,92.86,218.82,0.6625,-1,-1,-1
79,3,514.27,446.23,128.20,322.87,0.5523,-1,-1,-1
79,2,629.85,440.35,78.29,282.36,0.7683,-1,-1,-1
80,8,1260.86,436.24,41.16,108.21,0.4883,-1,-1,-1
80,5,707.33,458.48,96.64,219.23,0.7267,-1,-1,-1
80,3,508.42,445.57,136.94,325.78,0.5070,-1,-1,-1
80,2,630.18,439.40,80.09,284.32,0.7412,-1,-1,-1
81,8,1260.92,434.31,41.23,110.01,0.4970,-1,-1,-1
81,5,708.12,458.51,99.40,220.32,0.7116,-1,-1,-1
81,3,506.24,445.41,140.31,329.00,0.4905,-1,-1,-1
81,2,631.60,436.25,81.65,289.49,0.7146,-1,-1,-1
82,18,488.31,447.70,51.65,131.95,0.3795,-1,-1,-1
82,8,1261.05,440.05,40.47,104.77,0.5000,-1,-1,-1
82,5,708.20,458.61,105.09,220.65,0.7306,-1,-1,-1
82,3,501.00,450.37,101.48,301.50,0.4511,-1,-1,-1
82,2,632.32,439.61,79.82,288.09,0.6814,-1,-1,-1
83,19,563.93,444.24,82.82,336.83,0.4476,-1,-1,-1
83,18,489.70,448.30,49.59,126.82,0.3089,-1,-1,-1
83,12,1080.75,443.43,53.59,153.37,0.3024,-1,-1,-1
83,8,1261.72,433.59,41.56,111.39,0.4573,-1,-1,-1
83,5,711.10,457.98,104.43,222.95,0.7128,-1,-1,-1
83,3,501.88,451.05,100.22,302.86,0.5310,-1,-1,-1
83,2,633.36,441.55,81.09,287.82,0.6484,-1,-1,-1
84,19,565.65,441.94,83.63,339.86,0.5377,-1,-1,-1
84,18,487.43,448.65,51.05,132.64,0.3263,-1,-1,-1
84,8,1262.37,435.75,40.22,109.34,0.4270,-1,-1,-1
84,5,711.87,460.71,108.14,220.50,0.7028,-1,-1,-1
84,3,507.14,451.42,94.12,290.12,0.4673,-1,-1,-1
84,2,632.35,442.74,88.08,287.96,0.5866,-1,-1,-1
85,20,1001.96,445.95,38.97,79.34,0.3337,-1,-1,-1
85,19,555.06,438.07,93.46,347.41,0.4759,-1,-1,-1
85,18,486.91,447.94,53.33,134.01,0.3928,-1,-1,-1
85,12,1079.34,457.13,51.80,139.04,0.3130,-1,-1,-1
85,8,1263.16,440.81,39.42,103.91,0.3931,-1,-1,-1
85,5,718.79,457.92,101.33,224.80,0.7238,-1,-1,-1
85,3,510.29,451.93,93.34,301.81,0.4013,-1,-1,-1
85,2,631.75,444.46,87.56,287.66,0.5711,-1,-1,-1
86,19,551.06,441.20,93.46,342.14,0.3968,-1,-1,-1
86,18,488.82,449.22,52.21,135.15,0.4018,-1,-1,-1
86,8,1263.56,440.40,39.19,104.04,0.4200,-1,-1,-1
86,5,720.18,456.38,99.95,225.99,0.7347,-1,-1,-1
86,3,515.57,452.37,92.03,305.84,0.4522,-1,-1,-1
86,2,632.22,444.25,93.91,288.37,0.5456,-1,-1,-1
87,19,549.62,441.35,97.54,342.17,0.4050,-1,-1,-1
87,18,488.35,451.14,50.34,133.39,0.3494,-1,-1,-1
87,17,920.39,428.29,54.08,160.75,0.3110,-1,-1,-1
87,8,1262.59,431.41,39.63,112.53,0.4075,-1,-1,-1
87,5,720.39,455.87,100.73,225.25,0.7198,-1,-1,-1
87,3,514.26,452.48,94.71,308.47,0.4478,-1,-1,-1
87,2,635.04,443.52,89.24,288.34,0.5310,-1,-1,-1
88,21,590.48,449.95,72.61,279.37,0.3929,-1,-1,-1
88,19,555.80,441.33,94.08,341.62,0.4498,-1,-1,-1
88,8,1262.60,430.08,40.33,114.06,0.4245,-1,-1,-1
88,5,724.00,453.32,97.47,228.60,0.6862,-1,-1,-1
88,3,513.32,450.91,95.56,307.68,0.4861,-1,-1,-1
88,2,636.47,447.20,94.32,285.31,0.5827,-1,-1,-1
89,21,588.29,450.35,74.35,280.11,0.4552,-1,-1,-1
89,8,1262.44,431.38,40.88,113.30,0.4326,-1,-1,-1
89,5,724.58,451.09,98.39,231.11,0.7351,-1,-1,-1
89,3,509.22,450.27,96.50,306.07,0.5514,-1,-1,-1
89,2,639.25,449.86,93.64,283.35,0.5881,-1,-1,-1
90,21,591.99,448.92,72.24,281.41,0.4331,-1,-1,-1
90,19,563.52,438.87,85.64,344.97,0.3946,-1,-1,-1
90,17,914.83,425.43,60.59,161.62,0.3176,-1,-1,-1
90,12,1076.47,460.41,54.15,135.65,0.3299,-1,-1,-1
90,8,1261.93,436.62,41.02,107.52,0.4309,-1,-1,-1
90,5,729.18,451.79,94.43,230.47,0.7265,-1,-1,-1
90,3,515.33,448.77,95.84,305.37,0.5634,-1,-1,-1
90,2,642.87,445.21,88.68,287.04,0.6022,-1,-1,-1
91,19,582.32,446.39,82.26,285.33,0.5621,-1,-1,-1
91,12,1074.17,462.97,57.07,132.33,0.3910,-1,-1,-1
91,8,1261.32,438.26,38.09,107.78,0.3939,-1,-1,-1
91,5,732.45,454.52,91.55,227.78,0.6912,-1,-1,-1
91,3,512.23,449.29,98.04,298.15,0.6319,-1,-1,-1
91,2,643.89,441.40,92.17,292.89,0.6814,-1,-1,-1
92,19,582.87,445.43,82.03,286.49,0.4986,-1,-1,-1
92,12,1076.80,457.11,54.34,136.90,0.3438,-1,-1,-1
92,8,1260.22,436.37,39.98,109.28,0.4563,-1,-1,-1
92,5,732.55,454.40,93.14,227.44,0.6874,-1,-1,-1
92,3,510.95,447.91,99.11,302.43,0.6139,-1,-1,-1
92,2,641.66,437.59,95.79,296.80,0.6772,-1,-1,-1
93,19,584.68,445.86,80.11,285.93,0.4922,-1,-1,-1
93,12,1076.97,458.42,54.75,136.53,0.4071,-1,-1,-1
93,8,1260.26,435.77,39.89,109.81,0.4624,-1,-1,-1
93,5,735.64,457.90,91.39,223.53,0.7076,-1,-1,-1
93,3,511.63,447.88,99.17,302.92,0.6227,-1,-1,-1
93,2,640.73,438.48,97.28,296.09,0.6733,-1,-1,-1
94,21,565.16,434.18,84.33,363.71,0.4398,-1,-1,-1
94,19,591.26,446.61,72.67,287.31,0.4786,-1,-1,-1
94,12,1075.98,464.73,54.16,130.20,0.3343,-1,-1,-1
94,8,1260.29,437.35,40.09,108.43,0.4625,-1,-1,-1
94,5,738.26,453.95,91.07,227.65,0.7048,-1,-1,-1
94,3,516.75,448.87,93.46,302.68,0.5699,-1,-1,-1
94,2,643.92,440.08,93.87,297.40,0.7237,-1,-1,-1
95,21,558.21,433.41,90.39,365.95,0.4046,-1,-1,-1
95,19,587.32,446.62,77.49,281.49,0.4523,-1,-1,-1
95,8,1258.10,435.35,42.53,110.85,0.5238,-1,-1,-1
95,5,740.35,452.01,89.67,231.06,0.6683,-1,-1,-1
95,3,512.00,448.22,97.60,302.03,0.5600,-1,-1,-1
95,2,642.83,440.32,98.33,297.72,0.7413,-1,-1,-1
96,21,546.25,441.33,110.72,358.68,0.3816,-1,-1,-1
96,19,587.01,446.61,78.43,279.24,0.4054,-1,-1,-1
96,8,1258.04,434.85,41.64,111.64,0.4772,-1,-1,-1
96,5,745.11,455.36,86.63,227.88,0.6825,-1,-1,-1
96,3,508.85,446.64,98.45,304.33,0.5007,-1,-1,-1
96,2,641.90,441.55,98.39,296.61,0.7595,-1,-1,-1
97,21,528.07,447.10,129.43,342.72,0.3685,-1,-1,-1
97,19,585.80,446.45,78.69,281.18,0.3891,-1,-1,-1
97,8,1258.10,432.67,41.11,113.25,0.4491,-1,-1,-1
97,5,747.58,456.48,87.88,229.24,0.6975,-1,-1,-1
97,3,508.56,446.54,99.47,303.47,0.5032,-1,-1,-1
97,2,644.80,441.67,97.56,296.13,0.7520,-1,-1,-1
98,21,552.51,440.67,113.78,358.49,0.5219,-1,-1,-1
98,8,1257.44,438.51,42.25,108.08,0.5486,-1,-1,-1
98,5,751.75,458.23,87.59,228.10,0.7152,-1,-1,-1
98,3,505.11,446.64,101.13,305.00,0.5049,-1,-1,-1
98,2,646.46,442.82,98.78,295.41,0.7792,-1,-1,-1
99,21,563.17,443.44,102.83,355.88,0.5669,-1,-1,-1
99,8,1257.97,440.63,40.53,105.82,0.5311,-1,-1,-1
99,5,750.44,456.15,90.14,230.08,0.7761,-1,-1,-1
99,3,500.07,443.98,107.14,305.16,0.5339,-1,-1,-1
99,2,647.30,442.73,99.43,295.47,0.7606,-1,-1,-1
100,21,571.27,444.45,96.32,353.02,0.5904,-1,-1,-1
100,8,1257.87,441.77,40.17,105.02,0.5535,-1,-1,-1
100,5,753.38,453.35,86.08,232.63,0.7635,-1,-1,-1
100,3,496.69,439.78,105.04,303.73,0.5654,-1,-1,-1
100,2,648.15,441.86,101.49,297.18,0.6840,-1,-1,-1
101,21,560.48,441.95,108.95,359.23,0.6094,-1,-1,-1
101,8,1257.75,441.73,39.38,104.88,0.5546,-1,-1,-1
101,5,754.62,456.21,84.82,232.06,0.7579,-1,-1,-1
101,3,496.00,443.24,109.87,305.63,0.5476,-1,-1,-1
101,2,647.85,442.71,105.57,296.56,0.7108,-1,-1,-1
102,21,565.91,444.31,103.24,357.56,0.6214,-1,-1,-1
102,8,1256.63,440.34,36.85,106.62,0.5570,-1,-1,-1
102,5,753.64,457.08,88.98,230.28,0.7433,-1,-1,-1
102,3,498.20,440.93,101.43,305.43,0.5780,-1,-1,-1
102,2,650.58,441.55,102.34,292.96,0.7176,-1,-1,-1
103,21,566.75,444.33,105.38,357.67,0.5751,-1,-1,-1
103,8,1258.63,443.43,37.17,103.20,0.4840,-1,-1,-1
103,5,753.54,457.24,87.66,227.35,0.7246,-1,-1,-1
103,3,499.36,444.71,99.50,300.91,0.5501,-1,-1,-1
103,2,651.07,440.38,106.38,294.53,0.7067,-1,-1,-1
104,21,545.71,438.79,127.34,363.19,0.6641,-1,-1,-1
104,20,1005.83,446.08,33.16,79.64,0.3040,-1,-1,-1
104,8,1256.45,442.18,36.51,105.42,0.4853,-1,-1,-1
104,5,755.17,458.03,87.35,229.79,0.7326,-1,-1,-1
104,3,499.63,445.57,108.40,306.98,0.3812,-1,-1,-1
104,2,654.63,440.39,104.95,296.13,0.7207,-1,-1,-1
105,21,535.54,436.49,138.67,363.82,0.7286,-1,-1,-1
105,8,1256.89,442.80,36.78,104.64,0.4586,-1,-1,-1
105,5,759.58,460.01,84.83,232.84,0.7589,-1,-1,-1
105,2,655.90,439.78,105.38,298.03,0.7537,-1,-1,-1
106,21,533.62,438.54,141.95,362.86,0.6724,-1,-1,-1
106,8,1255.14,441.91,39.08,106.51,0.4402,-1,-1,-1
106,5,759.97,458.69,85.49,234.53,0.7376,-1,-1,-1
106,2,657.09,441.97,105.62,294.20,0.7511,-1,-1,-1
107,21,533.93,438.93,144.48,361.79,0.6664,-1,-1,-1
107,8,1256.03,445.77,32.17,99.94,0.3549,-1,-1,-1
107,5,761.75,459.70,85.15,235.79,0.7348,-1,-1,-1
107,2,658.12,441.26,109.90,295.14,0.7627,-1,-1,-1
108,21,539.78,436.87,140.89,367.15,0.6895,-1,-1,-1
108,5,760.04,453.78,88.62,245.22,0.7147,-1,-1,-1
108,2,660.23,438.32,105.68,296.77,0.7569,-1,-1,-1
109,21,541.37,437.17,143.27,367.54,0.6967,-1,-1,-1
109,5,761.73,455.01,87.86,243.61,0.6722,-1,-1,-1
109,2,660.61,438.26,108.63,299.08,0.7368,-1,-1,-1
110,21,541.47,438.38,144.43,366.89,0.6860,-1,-1,-1
110,5,760.08,457.61,89.65,241.36,0.7076,-1,-1,-1
110,2,662.23,437.73,103.54,302.29,0.7534,-1,-1,-1
111,21,541.05,441.45,148.44,366.09,0.6626,-1,-1,-1
111,8,1246.76,439.20,34.50,106.32,0.4356,-1,-1,-1
111,5,760.36,455.35,88.79,242.93,0.7134,-1,-1,-1
111,3,503.48,446.94,91.76,300.18,0.3627,-1,-1,-1
111,2,662.65,438.02,107.03,306.97,0.7663,-1,-1,-1
112,21,541.23,436.38,146.06,368.76,0.6822,-1,-1,-1
112,8,1244.10,439.43,37.55,106.82,0.4787,-1,-1,-1
112,5,761.21,451.37,87.96,248.16,0.7238,-1,-1,-1
112,2,666.31,438.06,104.43,306.95,0.7777,-1,-1,-1
113,21,550.48,435.53,136.53,370.55,0.6970,-1,-1,-1
113,12,1075.96,441.42,56.95,155.66,0.3533,-1,-1,-1
113,8,1244.90,440.79,35.78,105.41,0.4759,-1,-1,-1
113,5,763.87,451.31,86.44,247.64,0.7145,-1,-1,-1
113,2,666.91,437.98,106.09,314.12,0.7861,-1,-1,-1
114,21,537.20,434.10,151.53,371.73,0.6817,-1,-1,-1
114,12,1078.06,440.88,55.72,155.23,0.3853,-1,-1,-1
114,8,1243.30,441.10,36.59,104.08,0.5743,-1,-1,-1
114,5,764.66,454.28,87.81,243.95,0.7038,-1,-1,-1
114,2,668.82,439.59,102.18,315.37,0.7899,-1,-1,-1
115,21,566.78,436.43,122.05,369.86,0.6534,-1,-1,-1
115,12,1081.74,439.79,54.21,155.06,0.3433,-1,-1,-1
115,8,1241.87,440.93,36.97,102.52,0.5540,-1,-1,-1
115,5,766.73,455.18,89.21,243.42,0.6930,-1,-1,-1
115,2,669.74,439.01,100.58,313.32,0.7876,-1,-1,-1
116,21,560.05,435.38,128.93,372.54,0.6312,-1,-1,-1
116,12,1083.28,442.71,52.44,152.69,0.4029,-1,-1,-1
116,8,1240.63,441.43,37.64,102.03,0.5973,-1,-1,-1
116,5,767.45,450.77,88.84,248.45,0.6743,-1,-1,-1
116,2,672.88,438.93,96.68,310.65,0.7857,-1,-1,-1
117,21,544.95,434.30,143.49,372.97,0.6800,-1,-1,-1
117,12,1082.50,443.53,52.63,150.51,0.4225,-1,-1,-1
117,8,1242.03,441.55,35.23,100.50,0.5698,-1,-1,-1
117,5,771.07,452.51,85.78,245.85,0.6473,-1,-1,-1
117,2,672.30,440.48,98.84,311.18,0.7957,-1,-1,-1
118,21,539.59,435.72,148.63,378.47,0.6853,-1,-1,-1
118,12,1082.20,440.21,54.10,155.47,0.4554,-1,-1,-1
118,8,1241.36,442.62,35.82,99.40,0.5427,-1,-1,-1
118,5,769.32,455.62,81.79,243.55,0.6584,-1,-1,-1
118,2,674.98,440.24,93.42,314.19,0.7995,-1,-1,-1
119,21,521.31,441.68,169.65,379.59,0.7319,-1,-1,-1
119,12,1083.12,444.61,53.05,149.81,0.4186,-1,-1,-1
119,8,1239.44,443.09,37.14,97.21,0.5295,-1,-1,-1
119,5,768.32,451.49,91.60,245.66,0.7127,-1,-1,-1
119,2,674.94,440.77,94.70,319.58,0.8141,-1,-1,-1
120,21,522.76,444.08,169.13,377.80,0.7667,-1,-1,-1
120,12,1082.30,445.05,52.79,149.85,0.3525,-1,-1,-1
120,8,1237.67,442.91,37.62,101.40,0.5371,-1,-1,-1
120,5,770.24,451.80,93.72,247.35,0.7124,-1,-1,-1
120,2,677.58,441.65,94.59,319.62,0.8120,-1,-1,-1
121,21,520.93,445.36,174.32,378.13,0.7730,-1,-1,-1
121,12,1082.85,446.08,52.65,149.27,0.3513,-1,-1,-1
121,8,1239.32,443.20,33.76,101.62,0.4970,-1,-1,-1
121,5,767.90,454.33,101.17,244.97,0.6841,-1,-1,-1
121,2,678.58,441.14,93.91,320.62,0.8157,-1,-1,-1
122,21,523.90,446.28,173.93,380.68,0.8126,-1,-1,-1
122,12,1084.17,450.95,51.15,143.97,0.3730,-1,-1,-1
122,8,1236.56,446.56,34.04,99.39,0.4612,-1,-1,-1
122,5,775.93,452.41,104.67,249.09,0.5888,-1,-1,-1
122,2,680.77,439.93,96.37,320.14,0.8005,-1,-1,-1
123,21,527.10,442.30,173.03,388.33,0.8010,-1,-1,-1
123,12,1084.43,448.24,50.45,146.59,0.3629,-1,-1,-1
123,8,1235.91,452.93,35.38,94.45,0.5373,-1,-1,-1
123,5,773.30,458.84,110.06,243.01,0.7214,-1,-1,-1
123,2,683.39,439.09,93.38,323.20,0.8127,-1,-1,-1
124,21,528.52,441.94,173.18,393.36,0.6876,-1,-1,-1
124,12,1086.07,449.27,49.00,144.42,0.3515,-1,-1,-1
124,8,1235.44,454.94,35.74,92.36,0.5575,-1,-1,-1
124,5,774.53,457.03,110.07,245.53,0.7236,-1,-1,-1
124,2,684.73,438.13,92.75,325.72,0.8053,-1,-1,-1
125,21,527.44,441.90,176.50,391.02,0.7677,-1,-1,-1
125,12,1082.23,456.01,50.45,137.94,0.3691,-1,-1,-1
125,8,1233.14,454.44,36.63,94.59,0.5475,-1,-1,-1
125,5,780.28,460.71,107.12,243.24,0.7425,-1,-1,-1
125,2,684.83,437.45,92.38,327.30,0.8170,-1,-1,-1
126,21,555.31,442.02,143.81,390.32,0.6423,-1,-1,-1
126,12,1081.96,457.66,48.69,136.64,0.3073,-1,-1,-1
126,8,1229.53,452.22,39.29,97.34,0.5450,-1,-1,-1
126,5,780.66,456.59,103.26,247.47,0.7282,-1,-1,-1
126,2,685.10,437.83,95.46,326.80,0.8111,-1,-1,-1
127,21,550.66,440.07,150.44,392.28,0.6704,-1,-1,-1
127,12,1080.73,458.62,50.44,135.99,0.3095,-1,-1,-1
127,8,1226.75,451.56,42.01,98.98,0.5223,-1,-1,-1
127,5,782.71,456.38,100.78,248.96,0.7183,-1,-1,-1
127,2,683.96,438.23,98.05,327.95,0.8122,-1,-1,-1
128,23,490.06,462.00,39.03,109.50,0.3045,-1,-1,-1
128,21,559.98,440.61,145.46,391.29,0.6721,-1,-1,-1
128,12,1079.08,459.15,53.89,135.78,0.3465,-1,-1,-1
128,8,1224.99,454.92,43.07,98.43,0.5056,-1,-1,-1
128,5,783.25,463.81,99.54,240.48,0.6857,-1,-1,-1
128,2,684.27,437.67,103.39,328.79,0.8132,-1,-1,-1
129,23,492.43,463.10,37.67,105.88,0.3018,-1,-1,-1
129,21,557.63,441.88,150.72,389.98,0.6805,-1,-1,-1
129,12,1084.40,457.67,50.91,138.12,0.3197,-1,-1,-1
129,8,1222.80,465.23,44.69,89.54,0.4230,-1,-1,-1
129,5,785.76,458.92,101.86,244.71,0.6778,-1,-1,-1
129,2,682.24,437.83,104.45,328.08,0.8329,-1,-1,-1
130,23,490.85,463.75,38.39,107.60,0.3345,-1,-1,-1
130,21,547.84,442.24,162.29,389.24,0.6633,-1,-1,-1
130,12,1080.41,461.32,52.89,133.78,0.3687,-1,-1,-1
130,8,1223.41,453.35,42.44,100.86,0.4340,-1,-1,-1
130,5,787.10,458.94,100.54,245.35,0.7440,-1,-1,-1
130,2,681.36,437.50,105.70,328.48,0.8316,-1,-1,-1
131,23,490.29,459.23,41.38,105.41,0.3132,-1,-1,-1
131,21,573.73,439.99,137.47,391.15,0.5515,-1,-1,-1
131,12,1085.75,457.28,50.69,138.16,0.3088,-1,-1,-1
131,8,1223.02,465.14,44.91,89.98,0.3967,-1,-1,-1
131,5,790.52,458.69,100.12,247.58,0.7644,-1,-1,-1
131,2,681.62,436.92,104.32,330.62,0.8231,-1,-1,-1
132,21,571.60,440.24,144.99,389.48,0.5694,-1,-1,-1
132,5,792.36,456.21,100.50,249.87,0.7880,-1,-1,-1
132,2,684.00,435.84,101.65,331.48,0.8129,-1,-1,-1
133,23,491.09,461.04,41.28,109.35,0.3529,-1,-1,-1
133,22,537.74,445.94,100.36,236.11,0.3554,-1,-1,-1
133,21,589.59,438.08,127.38,391.64,0.6248,-1,-1,-1
133,5,793.31,458.30,99.27,248.23,0.7891,-1,-1,-1
133,2,684.26,435.60,101.78,331.48,0.8010,-1,-1,-1
134,23,491.11,456.37,41.93,114.00,0.3044,-1,-1,-1
134,21,582.53,440.02,137.20,389.92,0.6258,-1,-1,-1
134,8,1219.85,460.23,46.08,94.99,0.3002,-1,-1,-1
134,5,795.09,453.24,101.56,252.19,0.7736,-1,-1,-1
134,2,685.55,434.04,103.14,333.13,0.7910,-1,-1,-1
135,23,488.51,461.71,42.31,108.51,0.3709,-1,-1,-1
135,21,577.52,440.20,143.55,391.46,0.6394,-1,-1,-1
135,5,791.89,450.49,104.36,256.18,0.7166,-1,-1,-1
135,2,685.22,432.55,104.72,332.87,0.7845,-1,-1,-1
136,23,490.25,456.50,40.56,114.06,0.3798,-1,-1,-1
136,21,572.28,439.26,149.36,397.49,0.6531,-1,-1,-1
136,5,794.43,450.79,99.83,256.52,0.7076,-1,-1,-1
136,2,685.62,433.30,105.09,331.62,0.7736,-1,-1,-1
137,23,490.40,460.88,39.95,108.87,0.3790,-1,-1,-1
137,21,590.60,436.36,129.97,414.69,0.6708,-1,-1,-1
137,5,797.19,453.48,96.86,254.80,0.7601,-1,-1,-1
137,2,694.59,434.11,101.78,328.30,0.7812,-1,-1,-1
138,23,490.07,459.95,40.47,109.89,0.3530,-1,-1,-1
138,21,588.06,436.99,134.24,421.48,0.6509,-1,-1,-1
138,5,802.68,450.80,93.45,259.84,0.7548,-1,-1,-1
138,2,690.27,434.24,107.66,330.75,0.7634,-1,-1,-1
139,23,492.50,459.64,38.98,111.33,0.4722,-1,-1,-1
139,21,567.86,439.55,155.27,416.13,0.6134,-1,-1,-1
139,5,807.55,449.67,91.39,262.09,0.7271,-1,-1,-1
139,2,693.86,433.46,106.96,332.46,0.7558,-1,-1,-1
140,23,492.09,460.43,38.64,111.62,0.4331,-1,-1,-1
140,21,565.82,438.38,158.29,416.26,0.5618,-1,-1,-1
140,8,1216.86,449.61,34.25,103.28,0.3417,-1,-1,-1
140,5,813.09,452.74,78.55,263.02,0.6994,-1,-1,-1
140,2,692.09,434.34,113.23,331.42,0.7594,-1,-1,-1
141,23,491.53,459.13,40.13,112.47,0.3644,-1,-1,-1
141,21,559.93,438.47,163.23,418.48,0.5603,-1,-1,-1
141,8,1213.44,448.14,37.34,105.40,0.4119,-1,-1,-1
141,5,816.00,451.77,83.02,261.50,0.6511,-1,-1,-1
141,2,691.93,432.78,116.04,334.99,0.7575,-1,-1,-1
142,23,490.74,461.11,39.26,110.54,0.3089,-1,-1,-1
142,21,554.60,438.89,168.55,412.34,0.5183,-1,-1,-1
142,8,1210.88,447.99,37.36,104.51,0.4058,-1,-1,-1
142,5,815.85,446.71,88.59,270.03,0.6417,-1,-1,-1
142,2,692.96,433.62,126.14,331.37,0.7614,-1,-1,-1
143,21,580.57,433.92,140.88,432.48,0.5327,-1,-1,-1
143,12,1080.44,453.70,50.82,141.32,0.3188,-1,-1,-1
143,8,1210.29,444.81,36.25,107.59,0.3844,-1,-1,-1
143,5,817.88,447.50,85.92,267.34,0.6267,-1,-1,-1
143,2,695.07,436.43,129.23,329.64,0.7707,-1,-1,-1
144,23,474.88,463.01,49.42,111.49,0.3225,-1,-1,-1
144,21,539.61,437.96,184.21,435.20,0.5175,-1,-1,-1
144,12,1080.52,463.31,49.73,131.93,0.3109,-1,-1,-1
144,8,1207.73,443.71,34.92,110.05,0.3247,-1,-1,-1
144,5,820.83,449.08,84.80,263.61,0.5448,-1,-1,-1
144,2,693.44,436.70,138.51,331.82,0.7510,-1,-1,-1
145,25,879.47,438.95,79.16,243.34,0.3471,-1,-1,-1
145,23,476.63,470.98,48.63,103.38,0.3476,-1,-1,-1
145,21,540.58,437.27,182.24,441.10,0.6339,-1,-1,-1
145,8,1206.76,443.16,34.11,110.11,0.3647,-1,-1,-1
145,5,823.66,456.04,82.23,254.78,0.5678,-1,-1,-1
145,2,693.59,438.66,143.17,330.13,0.7511,-1,-1,-1
146,25,877.29,432.82,79.75,248.43,0.3552,-1,-1,-1
146,23,476.42,473.06,47.35,100.78,0.3686,-1,-1,-1
146,21,540.48,439.21,181.77,444.83,0.7284,-1,-1,-1
146,12,1079.68,463.83,49.52,131.85,0.3145,-1,-1,-1
146,8,1207.07,443.95,33.33,106.45,0.4385,-1,-1,-1
146,5,826.15,454.81,81.76,255.21,0.6558,-1,-1,-1
146,2,697.21,438.38,141.21,331.29,0.7430,-1,-1,-1
147,25,879.47,432.36,81.12,248.70,0.4328,-1,-1,-1
147,23,475.21,468.47,47.54,104.50,0.3377,-1,-1,-1
147,21,541.23,440.72,179.65,448.23,0.7202,-1,-1,-1
147,12,1081.46,460.01,49.53,134.78,0.3542,-1,-1,-1
147,8,1203.26,448.31,35.91,100.37,0.4762,-1,-1,-1
147,5,827.28,458.09,81.82,251.96,0.6119,-1,-1,-1
147,2,701.30,437.59,136.83,334.79,0.7977,-1,-1,-1
148,25,882.61,431.99,80.75,247.17,0.3675,-1,-1,-1
148,23,475.26,470.84,46.62,102.78,0.3711,-1,-1,-1
148,21,539.96,440.78,181.38,451.73,0.7250,-1,-1,-1
148,12,1082.31,457.62,49.59,136.95,0.3643,-1,-1,-1
148,8,1203.33,446.64,35.30,104.87,0.4493,-1,-1,-1
148,5,827.72,456.71,84.59,254.60,0.6526,-1,-1,-1
148,2,702.60,437.43,135.70,333.30,0.7744,-1,-1,-1
149,25,885.46,440.20,85.77,239.47,0.5616,-1,-1,-1
149,21,544.38,438.55,171.77,455.23,0.7301,-1,-1,-1
149,12,1079.24,459.84,49.10,135.37,0.3016,-1,-1,-1
149,8,1199.80,448.45,39.00,100.65,0.4544,-1,-1,-1
149,5,830.31,455.99,83.90,253.23,0.6589,-1,-1,-1
149,2,707.21,437.37,131.60,337.25,0.8076,-1,-1,-1
150,25,889.25,440.31,78.26,238.83,0.6119,-1,-1,-1
150,23,472.06,470.95,42.96,101.87,0.3354,-1,-1,-1
150,21,546.15,436.62,172.52,458.13,0.7688,-1,-1,-1
150,12,1079.89,458.66,49.90,135.47,0.3430,-1,-1,-1
150,8,1196.85,450.70,41.54,98.01,0.4432,-1,-1,-1
150,5,831.34,450.87,85.87,259.16,0.6492,-1,-1,-1
150,2,710.51,435.95,127.82,338.92,0.8110,-1,-1,-1
151,25,890.36,438.01,84.19,239.67,0.6622,-1,-1,-1
151,23,471.05,472.32,43.37,100.84,0.3664,-1,-1,-1
151,21,544.13,438.58,170.06,455.94,0.7591,-1,-1,-1
151,12,1079.80,455.90,51.34,137.89,0.3181,-1,-1,-1
151,8,1197.33,451.30,40.13,98.17,0.4640,-1,-1,-1
151,5,829.93,448.42,89.85,263.86,0.6711,-1,-1,-1
151,2,714.31,436.56,126.71,340.11,0.8001,-1,-1,-1
152,25,890.52,437.82,81.16,241.44,0.4460,-1,-1,-1
152,21,544.45,438.37,175.39,457.76,0.7525,-1,-1,-1
152,8,1195.64,451.10,40.94,98.31,0.4819,-1,-1,-1
152,5,829.89,444.57,89.58,274.23,0.7111,-1,-1,-1
152,2,714.90,435.94,117.66,339.36,0.8059,-1,-1,-1
153,21,538.49,437.42,163.74,456.36,0.7399,-1,-1,-1
153,12,1078.85,451.60,51.82,142.29,0.3176,-1,-1,-1
153,8,1194.32,451.42,39.29,96.28,0.4862,-1,-1,-1
153,5,830.94,445.43,89.13,271.24,0.7249,-1,-1,-1
153,2,715.09,435.02,123.66,341.71,0.8437,-1,-1,-1
154,27,1131.45,458.50,30.87,86.51,0.3171,-1,-1,-1
154,25,894.41,436.25,74.23,240.94,0.5447,-1,-1,-1
154,21,537.30,431.67,163.23,462.48,0.7486,-1,-1,-1
154,8,1193.98,451.51,37.82,96.07,0.5308,-1,-1,-1
154,5,832.39,450.73,86.42,275.10,0.6949,-1,-1,-1
154,2,717.43,435.58,122.43,340.54,0.8570,-1,-1,-1
155,25,897.16,436.37,74.26,244.87,0.6243,-1,-1,-1
155,21,531.60,433.76,169.35,461.95,0.7408,-1,-1,-1
155,8,1192.61,452.14,37.87,96.38,0.5442,-1,-1,-1
155,5,833.32,448.24,86.95,279.23,0.6800,-1,-1,-1
155,2,719.45,436.63,123.54,340.04,0.8591,-1,-1,-1
156,28,962.68,438.88,47.28,132.26,0.3095,-1,-1,-1
156,25,899.51,437.06,70.32,248.88,0.5882,-1,-1,-1
156,21,531.67,434.65,164.60,460.94,0.7565,-1,-1,-1
156,8,1191.68,449.24,36.56,97.64,0.5351,-1,-1,-1
156,5,834.12,444.58,89.15,283.75,0.6884,-1,-1,-1
156,2,722.34,433.46,120.96,342.25,0.8377,-1,-1,-1
157,29,660.54,439.07,85.29,341.47,0.4326,-1,-1,-1
157,28,960.22,437.87,50.03,142.33,0.4030,-1,-1,-1
157,25,902.94,437.42,71.40,250.74,0.4400,-1,-1,-1
157,21,529.32,434.84,166.20,461.89,0.7262,-1,-1,-1
157,8,1191.03,453.56,33.68,94.12,0.4867,-1,-1,-1
157,5,838.07,444.63,87.63,281.81,0.6966,-1,-1,-1
157,2,722.62,433.41,127.30,341.97,0.8118,-1,-1,-1
158,29,665.13,438.12,81.42,343.92,0.5344,-1,-1,-1
158,25,906.07,439.20,70.12,141.99,0.4436,-1,-1,-1
158,21,530.76,431.69,169.03,464.88,0.7492,-1,-1,-1
158,8,1191.71,458.76,30.22,88.53,0.3838,-1,-1,-1
158,5,842.16,444.88,91.27,283.94,0.7171,-1,-1,-1
158,2,726.26,433.13,129.94,340.93,0.7642,-1,-1,-1
159,29,667.46,437.31,82.87,345.32,0.5173,-1,-1,-1
159,25,899.49,442.11,90.56,243.81,0.4174,-1,-1,-1
159,21,522.39,431.47,177.66,463.99,0.7795,-1,-1,-1
159,12,1079.00,458.26,49.47,135.33,0.3050,-1,-1,-1
159,5,844.16,445.20,86.20,285.20,0.7386,-1,-1,-1
159,2,732.26,435.54,128.89,338.32,0.7617,-1,-1,-1
160,29,668.74,437.82,81.76,345.60,0.5323,-1,-1,-1
160,25,913.46,439.04,69.10,142.64,0.3848,-1,-1,-1
160,21,527.59,432.74,169.76,460.94,0.7844,-1,-1,-1
160,5,845.52,447.86,85.35,280.55,0.7413,-1,-1,-1
160,2,738.66,430.45,118.24,344.68,0.7588,-1,-1,-1
161,29,668.35,440.32,83.39,347.28,0.6252,-1,-1,-1
161,25,917.90,440.04,69.33,143.99,0.4000,-1,-1,-1
161,21,528.12,434.94,169.92,457.00,0.7808,-1,-1,-1
161,12,1077.91,459.32,49.78,133.74,0.3061,-1,-1,-1
161,5,847.41,448.06,87.02,280.65,0.7504,-1,-1,-1
161,2,741.35,429.84,117.43,345.55,0.7790,-1,-1,-1
162,29,669.71,440.78,82.25,350.58,0.6213,-1,-1,-1
162,27,1138.21,440.49,41.51,103.05,0.3197,-1,-1,-1
162,25,917.40,441.57,80.01,141.95,0.3191,-1,-1,-1
162,21,525.79,432.88,179.11,459.92,0.7730,-1,-1,-1
162,5,848.68,449.35,89.32,281.66,0.7437,-1,-1,-1
162,2,744.15,429.62,116.11,348.81,0.7779,-1,-1,-1
163,29,670.74,440.54,81.00,361.03,0.5952,-1,-1,-1
163,28,921.35,439.50,80.95,257.82,0.5735,-1,-1,-1
163,27,1138.07,437.96,46.06,105.98,0.3611,-1,-1,-1
163,21,528.22,432.62,179.49,462.25,0.8000,-1,-1,-1
163,8,1189.05,443.81,30.41,102.08,0.4379,-1,-1,-1
163,5,851.46,449.88,92.68,281.70,0.7396,-1,-1,-1
163,2,745.80,431.94,115.85,347.21,0.7899,-1,-1,-1
164,29,671.36,438.75,84.40,362.75,0.5993,-1,-1,-1
164,28,921.99,439.81,83.17,255.48,0.5582,-1,-1,-1
164,27,1137.85,438.01,45.94,108.71,0.3954,-1,-1,-1
164,21,527.54,431.31,184.96,467.02,0.7893,-1,-1,-1
164,8,1187.00,443.22,31.71,101.77,0.5076,-1,-1,-1
164,5,852.27,449.97,101.62,283.22,0.7081,-1,-1,-1
164,2,748.69,431.86,116.20,351.24,0.7863,-1,-1,-1
165,29,672.24,441.49,90.06,346.46,0.6939,-1,-1,-1
165,28,920.49,438.54,86.82,260.23,0.5198,-1,-1,-1
165,21,528.88,431.26,188.63,469.06,0.8058,-1,-1,-1
165,8,1186.72,456.41,30.67,89.04,0.3335,-1,-1,-1
165,5,854.99,450.95,112.47,281.97,0.6614,-1,-1,-1
165,2,748.80,430.57,116.54,352.81,0.7890,-1,-1,-1
166,29,673.06,442.02,91.96,350.49,0.7229,-1,-1,-1
166,28,926.90,435.22,80.35,255.75,0.5078,-1,-1,-1
166,21,528.79,431.70,190.98,471.01,0.7935,-1,-1,-1
166,5,856.31,454.05,108.27,284.18,0.6399,-1,-1,-1
166,2,750.52,430.82,116.33,356.70,0.7908,-1,-1,-1
167,29,674.11,441.86,90.98,351.47,0.7096,-1,-1,-1
167,28,932.07,436.16,75.86,249.33,0.5910,-1,-1,-1
167,21,530.72,432.77,195.75,471.04,0.8015,-1,-1,-1
167,5,859.91,449.96,126.30,283.05,0.7054,-1,-1,-1
167,2,750.48,431.38,116.53,356.18,0.7970,-1,-1,-1
168,29,674.23,442.49,90.62,354.07,0.7276,-1,-1,-1
168,28,937.79,434.42,72.61,244.41,0.5948,-1,-1,-1
168,27,1145.44,441.05,45.98,103.90,0.3479,-1,-1,-1
168,21,531.78,434.52,210.68,467.42,0.8078,-1,-1,-1
168,5,862.05,446.64,128.49,286.80,0.7508,-1,-1,-1
168,2,752.27,432.82,116.37,356.53,0.7932,-1,-1,-1
169,29,675.98,442.54,89.96,354.99,0.7356,-1,-1,-1
169,28,942.55,434.22,68.62,238.79,0.5910,-1,-1,-1
169,27,1147.20,440.80,44.28,104.19,0.3555,-1,-1,-1
169,21,532.37,428.57,223.69,471.74,0.8084,-1,-1,-1
169,5,864.50,446.52,120.71,289.04,0.7801,-1,-1,-1
169,2,753.11,434.79,114.94,355.18,0.8001,-1,-1,-1
170,29,677.86,442.22,87.66,356.27,0.7284,-1,-1,-1
170,28,943.68,434.16,69.98,234.84,0.6173,-1,-1,-1
170,27,1147.27,442.55,44.58,102.71,0.4363,-1,-1,-1
170,21,532.21,429.51,234.05,470.87,0.8299,-1,-1,-1
170,5,869.11,446.28,117.66,290.31,0.7985,-1,-1,-1
170,2,755.97,435.25,114.29,355.49,0.7810,-1,-1,-1
171,29,677.92,442.20,89.90,360.91,0.7301,-1,-1,-1
171,28,946.08,436.05,71.95,247.65,0.6678,-1,-1,-1
171,27,1146.06,444.87,46.67,100.45,0.4404,-1,-1,-1
171,21,534.90,430.38,239.85,470.49,0.8574,-1,-1,-1
171,5,870.77,446.76,116.37,291.37,0.7918,-1,-1,-1
171,2,757.53,435.57,112.58,347.69,0.7896,-1,-1,-1
172,29,680.22,445.15,84.57,356.70,0.7007,-1,-1,-1
172,28,950.64,435.43,74.66,251.62,0.6841,-1,-1,-1
172,27,1146.98,445.71,43.05,100.47,0.4060,-1,-1,-1
172,23,470.31,466.32,37.15,110.80,0.3009,-1,-1,-1
172,21,536.86,433.72,239.31,469.82,0.8476,-1,-1,-1
172,5,870.37,447.47,117.46,290.91,0.7947,-1,-1,-1
172,2,760.19,436.50,117.17,345.87,0.8126,-1,-1,-1
173,29,681.40,446.86,89.23,349.31,0.6240,-1,-1,-1
173,28,951.56,434.50,76.46,258.65,0.6615,-1,-1,-1
173,27,1147.38,446.47,40.82,100.22,0.3464,-1,-1,-1
173,21,538.64,432.49,231.59,469.70,0.8566,-1,-1,-1
173,12,1086.04,455.05,44.64,140.30,0.3410,-1,-1,-1
173,5,872.79,444.93,116.61,293.84,0.7873,-1,-1,-1
173,2,761.79,437.53,117.93,344.47,0.8189,-1,-1,-1
174,29,687.24,451.05,83.84,348.05,0.4749,-1,-1,-1
174,28,953.83,435.73,74.60,258.83,0.6312,-1,-1,-1
174,21,543.51,432.72,229.26,472.11,0.8522,-1,-1,-1
174,12,1084.61,455.54,46.62,140.19,0.4153,-1,-1,-1
174,5,874.69,444.85,118.08,293.74,0.7876,-1,-1,-1
174,2,761.98,439.38,121.13,349.01,0.8228,-1,-1,-1
175,28,957.21,435.20,76.17,260.49,0.6014,-1,-1,-1
175,27,1151.02,453.20,55.08,94.46,0.4228,-1,-1,-1
175,23,467.08,462.90,37.08,110.64,0.3294,-1,-1,-1
175,21,551.60,433.92,223.31,471.22,0.8355,-1,-1,-1
175,12,1084.69,456.31,45.71,139.49,0.3226,-1,-1,-1
175,5,876.17,444.10,116.32,294.32,0.7924,-1,-1,-1
175,2,767.33,439.85,116.92,350.70,0.8434,-1,-1,-1
176,28,960.35,434.50,81.61,258.58,0.5874,-1,-1,-1
176,27,1153.99,456.07,52.55,89.95,0.4384,-1,-1,-1
176,23,469.30,466.32,37.89,110.69,0.3225,-1,-1,-1
176,21,560.25,432.84,213.74,475.16,0.7968,-1,-1,-1
176,12,1081.42,455.39,48.94,139.84,0.3475,-1,-1,-1
176,5,877.81,443.80,114.30,294.24,0.7983,-1,-1,-1
176,2,767.93,441.62,115.18,356.49,0.8305,-1,-1,-1
177,28,962.15,434.31,84.86,261.10,0.5190,-1,-1,-1
177,27,1155.85,449.71,50.22,98.83,0.3973,-1,-1,-1
177,23,467.43,468.81,37.27,108.76,0.3347,-1,-1,-1
177,21,558.81,436.92,214.10,472.11,0.7982,-1,-1,-1
177,5,880.53,446.45,114.52,291.75,0.7898,-1,-1,-1
177,2,767.68,440.99,118.34,355.44,0.8228,-1,-1,-1
178,28,962.74,432.81,93.33,265.63,0.4584,-1,-1,-1
178,27,1154.87,446.42,45.41,100.05,0.4758,-1,-1,-1
178,23,464.52,463.07,41.14,112.94,0.3350,-1,-1,-1
178,21,562.07,433.28,212.91,474.95,0.8392,-1,-1,-1
178,5,887.76,447.70,108.33,289.42,0.7653,-1,-1,-1
178,2,773.78,440.33,111.32,356.15,0.8096,-1,-1,-1
179,28,964.14,435.03,94.73,263.52,0.5232,-1,-1,-1
179,27,1157.57,451.78,44.55,96.05,0.4627,-1,-1,-1
179,23,464.23,460.24,40.66,116.39,0.3514,-1,-1,-1
179,21,571.75,432.50,203.81,477.91,0.8621,-1,-1,-1
179,5,891.55,445.61,104.96,292.32,0.7734,-1,-1,-1
179,2,774.65,439.08,113.65,355.09,0.7901,-1,-1,-1
180,28,969.41,434.23,105.33,261.21,0.4865,-1,-1,-1
180,27,1157.71,449.82,40.01,98.26,0.4494,-1,-1,-1
180,23,465.53,465.08,38.32,110.49,0.4746,-1,-1,-1
180,21,577.94,430.01,197.87,479.58,0.8399,-1,-1,-1
180,12,1078.85,452.87,50.22,141.58,0.3249,-1,-1,-1
180,5,896.68,445.04,99.08,293.10,0.7770,-1,-1,-1
180,2,777.36,437.83,118.86,357.83,0.7649,-1,-1,-1
181,31,571.18,450.62,59.27,110.07,0.4076,-1,-1,-1
181,28,971.41,437.15,89.51,263.35,0.6196,-1,-1,-1
181,27,1156.11,444.63,40.79,101.69,0.4800,-1,-1,-1
181,23,466.89,467.85,36.90,106.55,0.3696,-1,-1,-1
181,21,582.74,423.89,195.70,487.05,0.8645,-1,-1,-1
181,12,1078.62,445.00,51.93,152.03,0.3509,-1,-1,-1
181,5,902.90,443.46,95.90,296.03,0.7278,-1,-1,-1
181,2,778.73,436.19,115.80,358.47,0.7561,-1,-1,-1
182,31,570.92,444.07,59.13,122.13,0.4496,-1,-1,-1
182,28,977.26,434.84,88.25,268.87,0.6124,-1,-1,-1
182,27,1157.32,446.58,37.82,100.13,0.5447,-1,-1,-1
182,23,467.04,471.55,37.45,102.95,0.4221,-1,-1,-1
182,21,583.33,423.99,198.57,486.36,0.8653,-1,-1,-1
182,12,1081.62,444.73,49.71,152.77,0.3727,-1,-1,-1
182,5,912.61,446.00,89.20,296.71,0.7130,-1,-1,-1
182,2,780.92,435.22,116.44,364.44,0.7532,-1,-1,-1
183,31,570.42,448.19,60.36,131.56,0.4806,-1,-1,-1
183,28,980.37,437.09,86.29,260.24,0.6249,-1,-1,-1
183,27,1158.18,449.34,35.78,97.42,0.5412,-1,-1,-1
183,23,466.44,472.23,39.02,103.22,0.3812,-1,-1,-1
183,21,587.16,424.80,194.92,485.87,0.8583,-1,-1,-1
183,12,1082.64,445.00,48.64,152.15,0.3258,-1,-1,-1
183,5,916.83,442.91,90.24,298.23,0.7463,-1,-1,-1
183,2,783.13,434.38,118.18,367.49,0.7695,-1,-1,-1
184,31,571.54,443.57,59.48,149.24,0.4361,-1,-1,-1
184,28,982.97,440.66,85.34,244.30,0.6323,-1,-1,-1
184,27,1154.87,451.08,40.58,97.95,0.6062,-1,-1,-1
184,23,466.06,472.20,38.79,102.81,0.4025,-1,-1,-1
184,21,591.34,425.98,191.70,484.08,0.8523,-1,-1,-1
184,12,1082.55,442.02,50.37,154.77,0.3371,-1,-1,-1
184,5,924.01,441.21,86.70,299.65,0.7691,-1,-1,-1
184,2,783.86,433.77,118.69,367.93,0.7829,-1,-1,-1
185,31,570.97,444.85,61.78,157.90,0.4478,-1,-1,-1
185,28,986.18,441.01,84.63,253.17,0.6331,-1,-1,-1
185,27,1155.73,451.82,39.81,94.90,0.5556,-1,-1,-1
185,23,466.46,474.84,40.57,101.00,0.4629,-1,-1,-1
185,21,599.44,428.01,185.47,481.99,0.8411,-1,-1,-1
185,12,1081.97,437.83,50.91,159.31,0.3222,-1,-1,-1
185,5,925.70,441.53,86.46,303.17,0.7595,-1,-1,-1
185,2,785.95,434.54,118.24,369.00,0.7814,-1,-1,-1
186,31,571.56,437.07,56.84,176.19,0.4861,-1,-1,-1
186,28,988.82,442.64,84.06,242.72,0.5728,-1,-1,-1
186,23,467.28,477.71,41.22,98.04,0.4710,-1,-1,-1
186,21,603.50,426.12,184.05,483.89,0.8440,-1,-1,-1
186,8,1153.54,447.69,45.57,98.86,0.5952,-1,-1,-1
186,5,928.38,445.36,85.69,305.68,0.7452,-1,-1,-1
186,2,786.57,435.08,115.10,367.35,0.8028,-1,-1,-1
187,31,572.36,433.77,56.55,174.88,0.4801,-1,-1,-1
187,28,995.42,442.47,81.94,251.93,0.6250,-1,-1,-1
187,27,1155.23,450.56,44.69,95.57,0.5453,-1,-1,-1
187,23,467.03,477.14,41.26,98.53,0.4649,-1,-1,-1
187,21,609.24,428.47,177.93,483.66,0.8413,-1,-1,-1
187,5,928.61,445.30,90.85,307.68,0.7313,-1,-1,-1
187,2,790.23,435.31,113.81,367.73,0.8032,-1,-1,-1
188,31,570.79,434.49,60.84,179.95,0.4445,-1,-1,-1
188,28,997.86,444.28,79.00,250.08,0.5058,-1,-1,-1
188,27,1156.25,452.16,42.61,95.93,0.5013,-1,-1,-1
188,23,467.43,477.83,37.61,97.18,0.3660,-1,-1,-1
188,21,609.44,426.53,180.71,495.65,0.8356,-1,-1,-1
188,5,931.77,441.76,93.37,310.40,0.6870,-1,-1,-1
188,2,792.41,434.58,114.18,364.23,0.8122,-1,-1,-1
189,31,569.56,433.61,59.20,178.59,0.5280,-1,-1,-1
189,28,1005.33,437.64,82.47,267.26,0.5323,-1,-1,-1
189,27,1156.39,446.30,42.61,101.33,0.4804,-1,-1,-1
189,23,466.19,476.49,40.08,99.75,0.4110,-1,-1,-1
189,21,611.54,426.04,179.00,505.35,0.7960,-1,-1,-1
189,5,932.80,441.82,106.99,311.74,0.7793,-1,-1,-1
189,2,794.65,433.08,112.05,367.90,0.8100,-1,-1,-1
190,31,569.67,439.76,62.45,170.47,0.5402,-1,-1,-1
190,28,1009.75,440.47,79.31,267.82,0.4651,-1,-1,-1
190,23,467.89,476.67,37.44,98.87,0.3897,-1,-1,-1
190,21,616.24,426.32,182.68,511.98,0.7025,-1,-1,-1
190,8,1152.33,449.20,46.14,99.17,0.4187,-1,-1,-1
190,5,936.44,442.91,110.14,309.54,0.7576,-1,-1,-1
190,2,796.87,432.38,118.53,372.72,0.8022,-1,-1,-1
191,31,568.74,447.66,60.41,167.26,0.5801,-1,-1,-1
191,28,1011.65,435.53,77.53,274.22,0.3265,-1,-1,-1
191,27,1152.38,445.64,49.06,102.49,0.4997,-1,-1,-1
191,23,465.50,477.05,36.12,98.21,0.3553,-1,-1,-1
191,21,620.42,425.93,179.00,516.97,0.7482,-1,-1,-1
191,5,941.10,443.57,115.62,310.45,0.7603,-1,-1,-1
191,2,799.06,432.57,115.68,371.25,0.7813,-1,-1,-1
192,31,568.34,442.93,64.50,171.46,0.5892,-1,-1,-1
192,27,1150.30,447.41,50.23,101.63,0.4782,-1,-1,-1
192,23,464.76,476.78,36.42,97.38,0.3430,-1,-1,-1
192,21,625.11,426.46,176.68,526.43,0.7261,-1,-1,-1
192,5,943.29,449.43,114.11,303.80,0.7593,-1,-1,-1
192,2,800.81,429.12,115.25,380.41,0.7872,-1,-1,-1
193,31,570.30,442.76,62.37,171.86,0.6286,-1,-1,-1
193,28,1014.90,437.81,92.48,262.73,0.5388,-1,-1,-1
193,27,1149.12,442.15,49.95,106.70,0.4476,-1,-1,-1
193,23,463.48,477.69,39.30,97.99,0.3081,-1,-1,-1
193,21,631.29,427.12,167.85,527.43,0.7649,-1,-1,-1
193,5,944.49,442.53,115.11,311.48,0.7560,-1,-1,-1
193,2,803.05,426.02,112.31,380.82,0.7858,-1,-1,-1
194,31,570.45,442.49,62.59,173.79,0.6697,-1,-1,-1
194,28,1015.68,433.80,96.36,277.43,0.6466,-1,-1,-1
194,23,460.64,475.41,36.91,100.66,0.3317,-1,-1,-1
194,21,632.23,425.39,181.17,539.22,0.7598,-1,-1,-1
194,8,1147.64,448.72,45.32,99.62,0.3701,-1,-1,-1
194,5,946.37,443.52,108.17,310.54,0.7482,-1,-1,-1
194,2,804.44,424.81,119.12,383.78,0.7888,-1,-1,-1
195,31,569.62,441.53,64.12,174.56,0.6821,-1,-1,-1
195,28,1020.82,433.19,95.66,278.42,0.6926,-1,-1,-1
195,27,1147.27,444.24,41.15,103.96,0.4054,-1,-1,-1
195,21,636.36,422.33,178.54,540.71,0.7844,-1,-1,-1
195,5,945.16,448.42,116.44,308.48,0.7594,-1,-1,-1
195,2,805.11,424.15,126.73,382.50,0.7892,-1,-1,-1
196,32,512.70,439.71,38.77,121.79,0.4384,-1,-1,-1
196,31,569.84,442.95,65.28,173.43,0.6701,-1,-1,-1
196,28,1025.78,432.25,96.25,280.24,0.6812,-1,-1,-1
196,27,1146.27,440.45,42.87,107.43,0.4139,-1,-1,-1
196,23,456.07,473.03,45.81,102.33,0.3466,-1,-1,-1
196,21,643.73,424.46,171.87,536.13,0.8010,-1,-1,-1
196,5,946.55,449.23,115.20,308.04,0.7276,-1,-1,-1
196,2,807.21,426.55,136.22,379.66,0.8252,-1,-1,-1
197,32,512.83,439.83,38.59,121.16,0.4483,-1,-1,-1
197,31,569.50,440.98,66.84,174.37,0.6701,-1,-1,-1
197,28,1030.47,431.61,95.32,281.32,0.4672,-1,-1,-1
197,27,1146.04,444.38,42.78,103.41,0.3621,-1,-1,-1
197,23,455.59,470.71,44.00,104.55,0.3352,-1,-1,-1
197,21,646.11,421.85,164.24,551.54,0.8226,-1,-1,-1
197,5,951.44,447.01,110.61,310.21,0.7515,-1,-1,-1
197,2,809.95,428.05,148.89,378.66,0.8145,-1,-1,-1
198,32,515.80,444.71,36.45,117.87,0.3382,-1,-1,-1
198,31,570.48,442.07,66.51,173.91,0.6822,-1,-1,-1
198,28,1036.87,433.72,91.43,279.91,0.6462,-1,-1,-1
198,27,1146.54,440.85,42.70,107.00,0.3869,-1,-1,-1
198,23,458.95,471.60,36.98,103.15,0.3185,-1,-1,-1
198,21,649.14,423.17,164.48,540.18,0.8328,-1,-1,-1
198,5,958.69,447.35,104.43,311.42,0.7685,-1,-1,-1
198,2,813.90,433.28,151.79,374.08,0.8300,-1,-1,-1
199,32,514.43,447.95,37.35,114.84,0.3016,-1,-1,-1
199,31,572.13,444.24,63.89,170.97,0.6885,-1,-1,-1
199,28,1040.53,437.67,92.40,278.83,0.6358,-1,-1,-1
199,21,647.60,423.71,173.26,538.29,0.8391,-1,-1,-1
199,8,1144.74,444.26,40.09,104.53,0.3757,-1,-1,-1
199,5,965.92,447.95,103.52,313.06,0.7579,-1,-1,-1
199,2,816.54,433.63,158.51,374.96,0.8462,-1,-1,-1
200,32,511.85,443.83,38.51,117.81,0.3385,-1,-1,-1
200,31,572.15,446.80,64.49,169.70,0.6769,-1,-1,-1
200,28,1042.23,433.75,93.55,285.24,0.6057,-1,-1,-1
200,21,651.35,422.48,172.99,539.67,0.8591,-1,-1,-1
200,8,1145.68,442.18,35.73,106.88,0.3230,-1,-1,-1
200,5,970.75,448.77,102.75,311.44,0.7219,-1,-1,-1
200,2,817.28,436.02,158.82,374.03,0.8426,-1,-1,-1
201,31,574.06,444.30,63.34,169.44,0.6632,-1,-1,-1
201,28,1047.81,436.08,92.00,288.15,0.6135,-1,-1,-1
201,21,657.89,423.20,174.11,537.47,0.8445,-1,-1,-1
201,8,1142.64,440.17,36.62,109.13,0.3228,-1,-1,-1
201,5,979.75,451.81,90.89,308.99,0.7077,-1,-1,-1
201,2,820.60,437.64,157.50,373.32,0.8389,-1,-1,-1
202,31,573.27,447.23,66.48,167.07,0.6782,-1,-1,-1
202,28,1050.03,436.35,95.43,281.40,0.6830,-1,-1,-1
202,21,657.78,421.34,179.69,542.23,0.8548,-1,-1,-1
202,8,1142.00,438.20,35.06,109.73,0.3481,-1,-1,-1
202,5,986.82,449.21,89.00,313.34,0.7740,-1,-1,-1
202,2,822.31,437.68,153.84,375.06,0.8450,-1,-1,-1
203,32,508.73,439.66,41.20,122.77,0.3393,-1,-1,-1
203,31,573.76,443.46,68.21,171.26,0.7086,-1,-1,-1
203,28,1053.88,434.32,94.99,282.87,0.6935,-1,-1,-1
203,21,667.92,426.42,174.70,548.98,0.8228,-1,-1,-1
203,5,988.26,449.42,93.26,314.26,0.7718,-1,-1,-1
203,2,823.85,437.70,150.65,375.98,0.8434,-1,-1,-1
204,31,576.90,450.06,65.04,165.20,0.7258,-1,-1,-1
204,28,1060.73,434.73,88.17,282.94,0.6989,-1,-1,-1
204,21,662.73,423.90,181.64,558.60,0.8435,-1,-1,-1
204,5,991.63,449.22,92.61,316.54,0.7722,-1,-1,-1
204,2,824.40,437.13,150.43,376.10,0.8423,-1,-1,-1
205,31,575.34,446.23,66.13,170.17,0.7469,-1,-1,-1
205,28,1063.63,439.78,87.27,276.19,0.7152,-1,-1,-1
205,23,450.90,474.51,42.80,100.92,0.3193,-1,-1,-1
205,21,669.18,424.04,175.40,568.35,0.8479,-1,-1,-1
205,5,994.45,447.36,94.08,317.22,0.7864,-1,-1,-1
205,2,825.28,433.57,150.53,379.39,0.8316,-1,-1,-1
206,31,575.75,446.95,66.93,170.49,0.7255,-1,-1,-1
206,28,1065.62,436.17,86.53,282.27,0.6802,-1,-1,-1
206,21,674.20,422.83,172.48,570.22,0.8388,-1,-1,-1
206,5,999.92,447.59,92.79,317.34,0.7752,-1,-1,-1
206,2,830.37,435.55,148.15,377.01,0.8325,-1,-1,-1
207,33,1187.17,450.13,41.01,100.31,0.3588,-1,-1,-1
207,31,580.34,455.95,63.42,160.95,0.7391,-1,-1,-1
207,28,1074.25,434.97,78.49,285.40,0.6520,-1,-1,-1
207,21,675.83,419.45,173.20,573.82,0.8416,-1,-1,-1
207,5,1006.00,448.96,95.31,313.54,0.7192,-1,-1,-1
207,2,830.92,435.52,148.90,376.68,0.8277,-1,-1,-1
208,33,1187.36,447.19,40.16,103.35,0.4098,-1,-1,-1
208,32,510.45,444.64,40.30,116.84,0.3968,-1,-1,-1
208,31,581.48,454.64,63.08,162.77,0.7305,-1,-1,-1
208,28,1076.67,433.33,75.89,304.52,0.5922,-1,-1,-1
208,21,679.08,420.33,172.13,572.16,0.8346,-1,-1,-1
208,5,1008.84,450.94,92.43,309.97,0.6928,-1,-1,-1
208,2,833.18,434.52,147.64,379.89,0.8236,-1,-1,-1
209,33,1189.00,448.69,40.21,103.07,0.4842,-1,-1,-1
209,32,510.96,443.90,40.69,117.95,0.4144,-1,-1,-1
209,31,582.49,457.56,66.38,159.84,0.7433,-1,-1,-1
209,28,1083.43,433.64,77.59,281.62,0.6136,-1,-1,-1
209,21,683.62,415.51,170.91,577.79,0.8193,-1,-1,-1
209,5,1011.05,444.85,138.69,318.02,0.5993,-1,-1,-1
209,2,836.11,434.43,145.42,380.62,0.8075,-1,-1,-1
210,33,1190.18,445.21,39.93,106.99,0.4825,-1,-1,-1
210,32,510.99,442.18,40.33,118.61,0.4126,-1,-1,-1
210,31,584.71,457.02,67.13,159.75,0.7272,-1,-1,-1
210,21,685.84,415.61,171.89,577.37,0.7953,-1,-1,-1
210,5,1016.65,443.65,151.14,319.57,0.8152,-1,-1,-1
210,2,840.61,427.50,148.02,386.41,0.8139,-1,-1,-1
211,33,1192.13,445.13,38.54,107.52,0.4640,-1,-1,-1
211,32,510.73,441.12,40.05,120.01,0.4344,-1,-1,-1
211,31,584.76,451.23,71.15,165.45,0.7423,-1,-1,-1
211,28,1089.45,433.35,84.65,257.00,0.3126,-1,-1,-1
211,21,684.72,420.43,175.55,573.51,0.8112,-1,-1,-1
211,5,1018.80,443.46,157.59,319.96,0.8007,-1,-1,-1
211,2,847.45,430.60,149.10,386.03,0.7886,-1,-1,-1
212,33,1193.24,447.34,38.65,104.76,0.5083,-1,-1,-1
212,32,511.00,440.15,40.84,120.33,0.4645,-1,-1,-1
212,31,587.86,450.86,67.65,164.92,0.7129,-1,-1,-1
212,28,1096.61,429.60,80.70,250.77,0.3555,-1,-1,-1
212,21,687.56,415.53,173.37,578.03,0.8253,-1,-1,-1
212,5,1019.61,445.47,162.84,319.19,0.7905,-1,-1,-1
212,2,853.24,430.88,146.55,385.64,0.7878,-1,-1,-1
213,33,1194.49,447.13,37.93,102.99,0.3673,-1,-1,-1
213,32,510.78,439.02,41.61,121.53,0.4532,-1,-1,-1
213,31,588.08,452.35,67.91,164.54,0.7383,-1,-1,-1
213,28,1099.73,434.15,79.48,272.74,0.5038,-1,-1,-1
213,21,687.54,413.91,177.77,579.07,0.8220,-1,-1,-1
213,5,1019.44,448.30,163.68,318.39,0.8067,-1,-1,-1
213,2,863.46,430.81,138.19,386.56,0.8084,-1,-1,-1
214,33,1195.06,445.07,40.97,104.00,0.3776,-1,-1,-1
214,32,510.39,439.14,42.73,120.82,0.4716,-1,-1,-1
214,31,589.27,450.80,67.12,167.27,0.7260,-1,-1,-1
214,28,1105.32,430.91,78.42,279.15,0.5416,-1,-1,-1
214,21,689.49,413.61,175.69,578.88,0.8243,-1,-1,-1
214,5,1018.98,448.49,164.25,319.14,0.7728,-1,-1,-1
214,2,871.53,429.31,136.23,385.06,0.8162,-1,-1,-1
215,33,1197.48,440.46,41.32,110.61,0.3530,-1,-1,-1
215,32,510.31,438.34,42.90,121.50,0.4793,-1,-1,-1
215,31,591.34,455.23,66.51,162.00,0.6824,-1,-1,-1
215,28,1112.78,425.87,76.88,292.36,0.5558,-1,-1,-1
215,21,693.05,411.67,176.14,582.01,0.8178,-1,-1,-1
215,5,1019.59,446.62,160.20,321.71,0.8160,-1,-1,-1
215,2,879.29,429.09,127.33,387.34,0.8101,-1,-1,-1
216,33,1198.92,439.81,41.22,112.27,0.4075,-1,-1,-1
216,32,510.01,438.12,43.21,121.05,0.4926,-1,-1,-1
216,31,594.65,456.18,64.82,166.52,0.6857,-1,-1,-1
216,28,1121.96,430.78,68.37,288.71,0.4628,-1,-1,-1
216,21,695.06,415.48,176.49,577.77,0.7933,-1,-1,-1
216,5,1020.44,445.97,166.45,324.26,0.8255,-1,-1,-1
216,2,882.16,427.26,125.50,388.99,0.8191,-1,-1,-1
217,33,1199.37,437.19,42.37,114.39,0.4761,-1,-1,-1
217,32,509.73,438.29,43.27,120.71,0.4861,-1,-1,-1
217,31,595.20,457.64,65.70,165.49,0.7145,-1,-1,-1
217,28,1126.91,431.55,61.67,193.01,0.3340,-1,-1,-1
217,21,693.55,413.46,182.78,579.24,0.7479,-1,-1,-1
217,5,1023.31,446.58,163.94,322.76,0.7896,-1,-1,-1
217,2,883.45,428.98,125.41,391.59,0.8152,-1,-1,-1
218,33,1201.51,441.78,43.29,110.18,0.4354,-1,-1,-1
218,32,509.12,439.59,42.34,119.84,0.5038,-1,-1,-1
218,31,598.11,457.80,64.38,165.05,0.6982,-1,-1,-1
218,21,698.33,410.54,185.85,583.26,0.7671,-1,-1,-1
218,5,1028.01,440.80,160.24,329.24,0.7870,-1,-1,-1
218,2,887.07,427.21,125.39,397.06,0.8202,-1,-1,-1
219,33,1201.81,439.48,43.57,112.04,0.4275,-1,-1,-1
219,32,509.07,439.25,42.78,119.75,0.5114,-1,-1,-1
219,31,595.17,461.26,65.91,165.35,0.6769,-1,-1,-1
219,21,701.90,411.40,187.32,581.94,0.7602,-1,-1,-1
219,5,1038.11,437.02,149.65,332.38,0.7945,-1,-1,-1
219,2,889.42,425.52,128.25,402.00,0.8411,-1,-1,-1
220,33,1207.57,447.05,39.56,103.71,0.3048,-1,-1,-1
220,32,508.69,438.57,43.16,120.32,0.5422,-1,-1,-1
220,31,596.62,461.48,65.38,164.80,0.7001,-1,-1,-1
220,21,711.65,409.78,192.97,582.73,0.8118,-1,-1,-1
220,5,1047.10,439.12,142.40,330.04,0.8068,-1,-1,-1
220,2,891.77,426.11,127.79,406.92,0.8422,-1,-1,-1
221,34,1036.00,437.53,58.79,150.58,0.3133,-1,-1,-1
221,32,509.11,439.60,42.50,120.36,0.5023,-1,-1,-1
221,31,598.38,460.30,61.85,163.32,0.7230,-1,-1,-1
221,28,1149.83,437.82,68.38,293.94,0.5497,-1,-1,-1
221,21,716.09,410.85,212.64,583.33,0.8604,-1,-1,-1
221,5,1054.94,438.74,135.87,330.58,0.8092,-1,-1,-1
221,2,895.40,424.78,129.20,408.33,0.8386,-1,-1,-1
222,32,508.97,439.14,42.30,121.11,0.4928,-1,-1,-1
222,31,600.81,461.02,58.86,163.18,0.7403,-1,-1,-1
222,28,1155.16,433.26,79.53,295.23,0.5986,-1,-1,-1
222,21,716.48,410.88,225.61,583.48,0.8614,-1,-1,-1
222,5,1068.28,440.16,122.86,329.36,0.8168,-1,-1,-1
222,2,896.00,425.08,131.33,408.90,0.8379,-1,-1,-1
223,32,507.04,439.73,45.65,121.01,0.4910,-1,-1,-1
223,31,601.30,457.76,58.40,168.76,0.6914,-1,-1,-1
223,21,716.21,406.31,248.88,588.47,0.8502,-1,-1,-1
223,5,1081.07,439.52,110.41,330.95,0.7982,-1,-1,-1
223,2,899.53,427.47,130.18,410.80,0.8240,-1,-1,-1
224,34,1043.28,439.45,53.93,146.40,0.3281,-1,-1,-1
224,32,506.96,440.24,46.47,120.60,0.5185,-1,-1,-1
224,31,603.64,459.45,56.56,164.76,0.6905,-1,-1,-1
224,21,721.61,406.77,263.06,586.20,0.8502,-1,-1,-1
224,5,1096.89,441.53,106.54,333.62,0.7632,-1,-1,-1
224,2,900.72,427.92,128.03,412.67,0.8212,-1,-1,-1
225,32,508.47,440.19,44.94,120.57,0.4953,-1,-1,-1
225,31,603.39,461.01,59.17,166.86,0.6750,-1,-1,-1
225,28,1168.60,426.46,63.46,309.53,0.3152,-1,-1,-1
225,21,724.99,410.02,270.46,585.95,0.8309,-1,-1,-1
225,5,1103.46,439.89,95.88,336.60,0.7244,-1,-1,-1
225,2,902.73,428.43,129.20,414.12,0.8180,-1,-1,-1
226,32,507.47,439.67,45.79,121.06,0.5070,-1,-1,-1
226,31,604.49,462.35,57.53,167.43,0.6738,-1,-1,-1
226,28,1174.42,432.00,63.63,303.51,0.5215,-1,-1,-1
226,21,727.75,403.80,283.28,592.37,0.8566,-1,-1,-1
226,5,1108.64,436.98,95.18,342.19,0.6919,-1,-1,-1
226,2,904.31,428.82,134.29,415.03,0.8178,-1,-1,-1
227,32,506.80,438.36,45.96,122.37,0.4668,-1,-1,-1
227,31,607.10,458.76,55.07,168.40,0.6644,-1,-1,-1
227,28,1178.61,427.91,69.05,310.37,0.5511,-1,-1,-1
227,21,729.82,405.13,291.73,589.58,0.8732,-1,-1,-1
227,5,1114.00,438.46,99.35,342.57,0.7436,-1,-1,-1
227,2,905.80,428.38,137.35,416.29,0.8113,-1,-1,-1
228,32,505.94,439.09,46.14,122.25,0.4947,-1,-1,-1
228,31,607.57,460.73,54.02,166.41,0.6634,-1,-1,-1
228,28,1185.14,429.20,69.35,305.98,0.4416,-1,-1,-1
228,21,735.06,408.18,291.00,586.77,0.8740,-1,-1,-1
228,5,1116.28,438.95,101.94,350.56,0.7538,-1,-1,-1
228,2,906.53,425.13,139.50,418.62,0.7917,-1,-1,-1
229,32,506.61,438.66,46.20,122.95,0.4472,-1,-1,-1
229,31,608.26,455.71,56.16,176.07,0.6667,-1,-1,-1
229,28,1189.68,419.13,75.63,189.89,0.5812,-1,-1,-1
229,23,425.68,477.39,44.14,101.06,0.3821,-1,-1,-1
229,21,739.29,408.62,296.28,586.97,0.8633,-1,-1,-1
229,5,1116.59,441.77,103.02,347.45,0.7591,-1,-1,-1
229,2,906.08,426.75,140.20,417.55,0.7790,-1,-1,-1
230,34,1051.19,436.52,60.24,147.94,0.3250,-1,-1,-1
230,32,506.62,440.68,45.02,120.36,0.4376,-1,-1,-1
230,31,611.17,457.72,56.82,175.03,0.6641,-1,-1,-1
230,28,1194.05,417.76,73.83,191.28,0.5678,-1,-1,-1
230,23,425.91,478.40,46.36,99.27,0.4626,-1,-1,-1
230,21,745.73,412.24,289.96,582.48,0.8321,-1,-1,-1
230,5,1118.41,442.80,111.29,348.44,0.7168,-1,-1,-1
230,2,907.37,425.79,144.97,416.74,0.7787,-1,-1,-1
231,32,508.10,439.84,43.98,121.33,0.4875,-1,-1,-1
231,31,610.26,463.42,60.52,167.95,0.6846,-1,-1,-1
231,28,1199.16,418.56,72.47,188.18,0.5553,-1,-1,-1
231,23,425.66,477.13,45.18,100.95,0.4684,-1,-1,-1
231,21,751.99,411.38,283.86,585.46,0.8498,-1,-1,-1
231,5,1125.86,439.95,127.68,350.51,0.7973,-1,-1,-1
231,2,910.95,425.42,135.59,416.75,0.7764,-1,-1,-1
232,32,508.07,440.82,43.44,120.68,0.5419,-1,-1,-1
232,31,610.97,454.62,60.74,176.32,0.6764,-1,-1,-1
232,28,1204.08,418.61,69.46,184.58,0.4756,-1,-1,-1
232,23,425.80,477.75,46.04,99.99,0.4858,-1,-1,-1
232,21,761.86,409.60,276.09,586.56,0.8219,-1,-1,-1
232,5,1132.63,440.24,131.48,351.05,0.7951,-1,-1,-1
232,2,913.42,424.99,131.42,419.17,0.7990,-1,-1,-1
233,34,1060.96,437.25,61.99,155.14,0.3268,-1,-1,-1
233,32,508.86,440.46,41.19,120.52,0.5223,-1,-1,-1
233,31,611.08,453.61,63.79,177.23,0.6711,-1,-1,-1
233,28,1208.52,427.52,68.23,177.92,0.3829,-1,-1,-1
233,23,425.96,477.74,42.44,99.12,0.4406,-1,-1,-1
233,21,768.02,412.32,271.51,584.33,0.8234,-1,-1,-1
233,5,1132.32,442.97,133.98,350.76,0.8316,-1,-1,-1
233,2,920.53,424.86,126.47,422.86,0.7580,-1,-1,-1
234,34,1062.38,436.58,63.34,154.82,0.3789,-1,-1,-1
234,32,508.52,440.16,42.05,120.90,0.5272,-1,-1,-1
234,31,612.64,456.98,64.45,171.51,0.6641,-1,-1,-1
234,28,1212.15,423.42,68.82,183.50,0.3032,-1,-1,-1
234,23,425.07,476.54,41.27,100.09,0.4593,-1,-1,-1
234,21,777.18,417.59,265.13,580.19,0.7897,-1,-1,-1
234,5,1132.83,445.14,133.86,352.96,0.8436,-1,-1,-1
234,2,923.64,424.55,125.04,425.81,0.7377,-1,-1,-1
235,36,737.16,427.44,156.01,435.52,0.5507,-1,-1,-1
235,32,508.77,440.62,40.45,120.34,0.5102,-1,-1,-1
235,31,616.66,454.21,59.56,176.14,0.6713,-1,-1,-1
235,28,1215.87,429.81,68.17,176.90,0.4326,-1,-1,-1
235,23,425.02,476.51,40.15,98.91,0.4737,-1,-1,-1
235,21,789.49,418.77,252.54,578.26,0.8166,-1,-1,-1
235,5,1132.61,444.98,137.80,356.30,0.8149,-1,-1,-1
235,2,924.42,423.69,125.38,432.78,0.6978,-1,-1,-1
236,36,745.36,431.60,139.03,433.54,0.5302,-1,-1,-1
236,32,508.40,440.17,40.13,120.29,0.4780,-1,-1,-1
236,31,620.95,457.52,55.63,172.86,0.6884,-1,-1,-1
236,28,1221.45,430.63,66.30,178.61,0.4839,-1,-1,-1
236,23,425.05,474.37,38.67,100.57,0.4677,-1,-1,-1
236,21,789.45,410.39,252.64,586.93,0.8125,-1,-1,-1
236,5,1133.46,444.11,138.45,358.40,0.8209,-1,-1,-1
236,2,934.94,423.26,114.59,428.79,0.6907,-1,-1,-1
237,36,755.86,433.17,129.21,430.44,0.5870,-1,-1,-1
237,32,509.36,439.94,39.94,119.27,0.4445,-1,-1,-1
237,31,621.73,454.60,55.02,175.52,0.6499,-1,-1,-1
237,28,1231.15,429.47,64.22,182.55,0.4660,-1,-1,-1
237,21,791.21,416.83,249.37,580.80,0.8147,-1,-1,-1
237,5,1136.29,441.70,138.82,361.31,0.8085,-1,-1,-1
237,2,940.12,423.12,116.23,417.58,0.5452,-1,-1,-1
238,36,758.43,436.92,125.48,428.58,0.4338,-1,-1,-1
238,32,509.70,441.95,39.41,115.88,0.3341,-1,-1,-1
238,31,624.35,459.64,50.47,174.97,0.6747,-1,-1,-1
238,28,1232.91,429.09,74.20,183.28,0.4721,-1,-1,-1
238,21,788.38,409.71,252.63,587.61,0.8136,-1,-1,-1
238,5,1140.30,436.94,136.48,366.32,0.7699,-1,-1,-1
238,2,943.37,421.65,117.04,405.66,0.5794,-1,-1,-1
239,36,714.33,438.64,160.72,427.73,0.5458,-1,-1,-1
239,32,509.41,441.62,39.69,116.64,0.3981,-1,-1,-1
239,31,625.97,461.19,53.09,173.48,0.6684,-1,-1,-1
239,28,1240.04,429.39,68.00,186.91,0.3096,-1,-1,-1
239,21,791.78,407.60,247.83,590.62,0.8386,-1,-1,-1
239,5,1148.38,437.57,128.56,366.67,0.7496,-1,-1,-1
239,2,949.60,423.73,113.23,357.39,0.4359,-1,-1,-1
240,37,1244.42,431.76,70.66,323.65,0.5407,-1,-1,-1
240,36,717.16,437.81,163.63,430.81,0.6310,-1,-1,-1
240,32,509.03,441.13,39.92,117.80,0.4040,-1,-1,-1
240,31,627.59,460.61,51.53,172.20,0.5954,-1,-1,-1
240,21,796.00,412.04,244.17,586.65,0.8480,-1,-1,-1
240,5,1162.04,437.46,116.54,371.39,0.7143,-1,-1,-1
240,2,954.97,425.10,115.65,416.96,0.6240,-1,-1,-1
241,37,1251.75,429.82,64.52,325.84,0.5438,-1,-1,-1
241,36,722.40,437.01,161.33,429.41,0.6225,-1,-1,-1
241,32,508.82,442.01,39.81,116.88,0.4083,-1,-1,-1
241,31,628.71,456.83,57.00,175.01,0.5834,-1,-1,-1
241,21,810.80,416.38,231.41,583.60,0.8196,-1,-1,-1
241,5,1172.76,438.16,109.06,370.48,0.7354,-1,-1,-1
241,2,960.37,425.58,109.12,417.25,0.6740,-1,-1,-1
242,36,757.32,437.16,127.79,434.99,0.6463,-1,-1,-1
242,32,508.32,444.75,39.72,114.46,0.3896,-1,-1,-1
242,31,628.25,459.52,58.12,170.30,0.5867,-1,-1,-1
242,21,823.87,423.72,216.42,579.69,0.8240,-1,-1,-1
242,5,1181.14,437.43,110.18,366.33,0.6818,-1,-1,-1
242,2,957.37,425.87,115.07,411.68,0.5606,-1,-1,-1
243,36,735.29,436.93,153.04,432.59,0.6695,-1,-1,-1
243,32,507.92,450.38,40.24,108.65,0.3382,-1,-1,-1
243,31,630.08,461.62,60.95,167.70,0.5670,-1,-1,-1
243,21,829.37,402.64,212.77,602.47,0.8007,-1,-1,-1
243,5,1188.93,435.32,107.57,368.14,0.6389,-1,-1,-1
243,2,976.97,427.77,96.04,407.97,0.4631,-1,-1,-1
244,36,734.31,435.96,154.06,432.93,0.6903,-1,-1,-1
244,32,507.53,447.34,40.88,112.02,0.3742,-1,-1,-1
244,31,631.10,462.30,65.95,168.98,0.5952,-1,-1,-1
244,21,840.90,395.03,203.52,613.72,0.7915,-1,-1,-1
244,5,1199.16,433.33,114.27,369.95,0.7684,-1,-1,-1
244,2,980.96,422.41,96.01,417.72,0.4868,-1,-1,-1
245,36,735.50,437.65,158.08,434.77,0.6435,-1,-1,-1
245,32,506.97,446.29,41.61,112.46,0.3848,-1,-1,-1
245,31,631.17,463.04,65.80,168.71,0.5915,-1,-1,-1
245,21,848.17,401.08,202.13,615.11,0.7382,-1,-1,-1
245,5,1204.63,431.73,117.36,372.30,0.7983,-1,-1,-1
246,36,735.57,439.35,164.71,433.68,0.5698,-1,-1,-1
246,34,1071.29,448.77,55.62,145.39,0.3268,-1,-1,-1
246,32,507.63,441.06,41.42,118.05,0.3772,-1,-1,-1
246,31,632.39,460.97,64.15,169.68,0.5923,-1,-1,-1
246,28,1278.30,421.10,60.27,216.29,0.4107,-1,-1,-1
246,21,856.38,412.66,197.77,615.27,0.7832,-1,-1,-1
246,5,1208.07,431.46,112.59,370.62,0.7652,-1,-1,-1
247,36,772.08,436.14,135.40,440.71,0.5569,-1,-1,-1
247,32,504.46,441.20,44.52,118.06,0.4357,-1,-1,-1
247,31,631.97,457.85,69.29,173.86,0.5075,-1,-1,-1
247,21,867.15,421.33,188.56,613.84,0.7729,-1,-1,-1
247,5,1211.13,430.68,120.58,369.45,0.7320,-1,-1,-1
248,36,771.64,434.05,136.76,443.32,0.5747,-1,-1,-1
248,34,1070.84,437.88,65.84,154.24,0.3615,-1,-1,-1
248,32,503.82,440.27,45.10,118.99,0.3943,-1,-1,-1
248,31,638.05,461.31,58.95,170.93,0.5894,-1,-1,-1
248,21,877.65,420.07,186.31,619.46,0.7379,-1,-1,-1
248,5,1215.03,431.53,136.38,371.14,0.8024,-1,-1,-1
249,36,779.83,430.93,142.07,446.60,0.7505,-1,-1,-1
249,32,505.15,443.63,44.28,116.07,0.4016,-1,-1,-1
249,31,636.96,452.31,61.55,180.84,0.5774,-1,-1,-1
249,21,884.75,422.99,182.69,620.61,0.7133,-1,-1,-1
249,5,1217.37,431.41,154.19,371.53,0.6993,-1,-1,-1
250,36,779.66,427.47,147.70,450.31,0.7529,-1,-1,-1
250,34,1092.88,435.90,55.06,156.80,0.3144,-1,-1,-1
250,32,507.93,444.46,41.72,115.08,0.3396,-1,-1,-1
250,31,643.20,449.86,65.83,183.90,0.6447,-1,-1,-1
250,21,890.41,423.08,222.81,615.05,0.7204,-1,-1,-1
250,5,1218.44,432.42,175.13,372.29,0.7418,-1,-1,-1
251,36,784.29,428.83,140.84,449.39,0.7635,-1,-1,-1
251,32,507.59,446.01,42.75,114.15,0.3449,-1,-1,-1
251,31,648.02,449.82,67.53,181.82,0.6700,-1,-1,-1
251,21,901.97,409.32,217.15,634.65,0.7894,-1,-1,-1
251,5,1216.41,430.00,192.18,374.88,0.8487,-1,-1,-1
252,38,1847.68,530.93,71.66,249.52,0.4945,-1,-1,-1
252,36,784.42,429.71,143.37,449.99,0.7428,-1,-1,-1
252,32,507.36,442.87,43.93,117.56,0.3642,-1,-1,-1
252,31,649.85,447.80,67.38,183.94,0.7185,-1,-1,-1
252,23,410.64,472.27,44.17,99.98,0.3845,-1,-1,-1
252,21,909.19,403.22,217.75,636.22,0.8474,-1,-1,-1
252,5,1216.80,427.08,201.87,378.99,0.8414,-1,-1,-1
253,38,1847.89,479.12,71.46,299.38,0.5930,-1,-1,-1
253,36,789.12,432.41,136.24,444.40,0.7412,-1,-1,-1
253,32,508.45,444.16,43.28,116.76,0.3318,-1,-1,-1
253,31,652.03,446.87,65.61,185.52,0.6938,-1,-1,-1
253,23,410.59,470.94,44.74,100.85,0.3768,-1,-1,-1
253,21,917.47,404.38,210.89,636.19,0.8429,-1,-1,-1
253,5,1217.74,427.36,204.26,380.15,0.8539,-1,-1,-1
254,39,731.45,485.46,44.90,112.45,0.3836,-1,-1,-1
254,38,1839.58,391.36,79.80,389.12,0.5196,-1,-1,-1
254,36,786.65,433.23,139.21,444.20,0.7462,-1,-1,-1
254,32,508.77,446.66,42.61,114.49,0.3833,-1,-1,-1
254,31,655.41,448.44,62.38,183.53,0.7196,-1,-1,-1
254,23,411.46,467.66,40.95,104.50,0.3536,-1,-1,-1
254,21,921.35,409.42,203.67,631.04,0.8355,-1,-1,-1
254,5,1217.24,424.11,201.65,385.46,0.8595,-1,-1,-1
255,39,731.00,483.51,46.11,113.97,0.3561,-1,-1,-1
255,38,1813.48,389.08,105.88,390.63,0.7462,-1,-1,-1
255,36,799.77,430.64,133.83,446.18,0.7032,-1,-1,-1
255,34,1102.79,437.65,47.50,117.65,0.3306,-1,-1,-1
255,32,512.06,446.10,39.84,114.62,0.3656,-1,-1,-1
255,31,656.91,449.49,64.01,183.22,0.6826,-1,-1,-1
255,23,410.45,471.20,40.45,102.53,0.3801,-1,-1,-1
255,21,925.08,405.06,191.39,637.71,0.8328,-1,-1,-1
255,5,1217.82,427.66,209.13,384.18,0.8621,-1,-1,-1
256,39,730.37,483.50,44.91,115.17,0.3395,-1,-1,-1
256,38,1805.71,394.82,113.67,385.24,0.7645,-1,-1,-1
256,36,806.85,432.39,128.99,449.55,0.7444,-1,-1,-1
256,34,1099.87,436.04,50.92,120.83,0.3241,-1,-1,-1
256,32,510.42,440.32,42.51,121.06,0.4503,-1,-1,-1
256,31,657.84,450.47,68.88,183.45,0.7103,-1,-1,-1
256,23,408.38,475.13,41.66,99.36,0.3763,-1,-1,-1
256,21,928.30,408.40,195.79,630.85,0.8421,-1,-1,-1
256,5,1223.20,428.29,207.46,385.61,0.8679,-1,-1,-1
257,39,730.64,484.28,44.37,113.44,0.3060,-1,-1,-1
257,38,1811.75,394.67,107.79,386.17,0.7880,-1,-1,-1
257,36,810.08,433.74,128.25,460.91,0.7060,-1,-1,-1
257,34,1101.45,435.42,49.81,121.24,0.3593,-1,-1,-1
257,32,509.96,440.20,42.54,120.76,0.4334,-1,-1,-1
257,31,657.73,452.60,71.51,182.30,0.7086,-1,-1,-1
257,23,407.54,474.59,42.41,100.89,0.3681,-1,-1,-1
257,21,929.95,407.76,189.12,633.56,0.8272,-1,-1,-1
257,5,1228.20,428.94,206.31,385.37,0.8663,-1,-1,-1
258,38,1806.29,397.41,112.38,381.91,0.7381,-1,-1,-1
258,36,793.34,433.16,145.52,473.45,0.6284,-1,-1,-1
258,34,1101.12,434.00,52.52,122.36,0.3991,-1,-1,-1
258,31,659.23,447.98,72.22,191.91,0.7454,-1,-1,-1
258,21,935.05,397.83,185.22,642.84,0.8026,-1,-1,-1
258,5,1240.73,427.54,194.91,385.42,0.8651,-1,-1,-1
259,38,1781.59,400.81,137.00,375.43,0.7976,-1,-1,-1
259,36,810.21,432.04,127.47,473.87,0.6528,-1,-1,-1
259,34,1101.65,432.40,52.95,123.72,0.4000,-1,-1,-1
259,31,659.52,450.46,73.40,187.70,0.7307,-1,-1,-1
259,21,934.32,394.81,182.77,647.37,0.7606,-1,-1,-1
259,5,1251.12,427.36,184.57,385.34,0.8004,-1,-1,-1
260,38,1748.28,402.43,170.96,374.39,0.7756,-1,-1,-1
260,36,812.87,432.58,128.02,477.75,0.5791,-1,-1,-1
260,31,662.76,452.35,70.32,184.78,0.7028,-1,-1,-1
260,23,404.58,472.56,44.79,102.93,0.3154,-1,-1,-1
260,21,937.17,396.10,177.15,643.92,0.7713,-1,-1,-1
260,5,1262.23,426.04,175.41,386.84,0.7872,-1,-1,-1
261,38,1709.10,398.59,210.30,380.10,0.7868,-1,-1,-1
261,36,778.68,442.88,156.28,472.71,0.5593,-1,-1,-1
261,32,505.71,443.48,45.92,117.13,0.3154,-1,-1,-1
261,31,663.51,450.87,70.30,188.92,0.7249,-1,-1,-1
261,21,939.36,400.19,176.64,640.79,0.7815,-1,-1,-1
261,5,1278.28,426.35,159.07,386.80,0.7394,-1,-1,-1
262,38,1681.46,413.95,236.29,365.49,0.8118,-1,-1,-1
262,36,820.15,433.57,126.71,480.87,0.6393,-1,-1,-1
262,34,1103.92,435.35,56.51,120.96,0.3308,-1,-1,-1
262,32,505.25,438.86,46.32,121.57,0.4139,-1,-1,-1
262,31,663.99,450.57,70.16,189.58,0.6880,-1,-1,-1
262,23,401.00,470.70,48.70,97.61,0.3281,-1,-1,-1
262,21,939.39,396.14,175.79,645.45,0.7996,-1,-1,-1
262,5,1306.47,424.26,135.14,391.56,0.7774,-1,-1,-1
263,38,1668.91,424.50,249.51,353.80,0.8338,-1,-1,-1
263,36,821.15,433.75,125.40,481.73,0.6634,-1,-1,-1
263,34,1106.72,437.79,53.54,117.82,0.3363,-1,-1,-1
263,32,503.08,438.80,47.89,121.90,0.4045,-1,-1,-1
263,31,664.10,452.97,72.46,185.89,0.6493,-1,-1,-1
263,28,1294.40,429.62,46.02,120.84,0.4681,-1,-1,-1
263,23,401.16,470.71,48.82,96.46,0.3306,-1,-1,-1
263,21,942.73,396.25,176.15,645.16,0.8203,-1,-1,-1
263,5,1315.31,424.53,136.62,391.55,0.7907,-1,-1,-1
264,38,1663.23,425.98,252.79,352.52,0.8500,-1,-1,-1
264,36,823.68,433.42,119.63,481.34,0.6325,-1,-1,-1
264,32,504.63,439.76,47.31,120.77,0.4164,-1,-1,-1
264,31,666.02,452.64,73.53,186.63,0.6317,-1,-1,-1
264,28,1297.77,432.55,41.96,117.93,0.3474,-1,-1,-1
264,23,402.62,468.39,44.58,99.82,0.3457,-1,-1,-1
264,21,944.77,399.58,181.62,641.20,0.8215,-1,-1,-1
264,5,1331.29,420.43,127.20,397.65,0.8137,-1,-1,-1
265,38,1660.52,427.53,245.40,349.85,0.8360,-1,-1,-1
265,36,824.79,433.03,120.50,483.27,0.5963,-1,-1,-1
265,34,1110.46,437.77,50.80,119.59,0.3257,-1,-1,-1
265,32,504.87,438.82,47.43,121.63,0.4094,-1,-1,-1
265,31,669.41,452.11,73.04,187.02,0.6308,-1,-1,-1
265,28,1298.64,434.86,46.42,113.35,0.3183,-1,-1,-1
265,23,401.01,467.90,48.74,102.83,0.3569,-1,-1,-1
265,21,946.06,402.17,183.55,639.79,0.8286,-1,-1,-1
265,5,1340.61,422.02,120.52,398.44,0.8056,-1,-1,-1
266,38,1658.45,413.55,233.70,360.99,0.8503,-1,-1,-1
266,36,825.11,431.71,120.48,485.22,0.6313,-1,-1,-1
266,34,1110.57,437.74,52.06,120.91,0.4104,-1,-1,-1
266,32,505.26,438.72,47.40,121.80,0.4104,-1,-1,-1
266,31,674.64,454.15,70.29,184.49,0.5930,-1,-1,-1
266,23,401.94,467.29,47.60,106.74,0.3041,-1,-1,-1
266,21,948.48,403.02,176.85,638.72,0.8176,-1,-1,-1
266,5,1346.31,422.26,123.27,404.95,0.8193,-1,-1,-1
267,38,1657.00,418.72,218.04,347.38,0.8300,-1,-1,-1
267,36,824.77,428.11,120.19,491.01,0.7041,-1,-1,-1
267,34,1115.30,438.61,47.51,118.80,0.3499,-1,-1,-1
267,32,505.18,439.05,47.48,121.25,0.4299,-1,-1,-1
267,31,675.09,454.08,70.81,183.16,0.6218,-1,-1,-1
267,23,400.33,464.19,50.04,109.71,0.3753,-1,-1,-1
267,21,950.03,402.50,175.63,639.01,0.8105,-1,-1,-1
267,5,1351.49,418.74,122.63,414.71,0.8201,-1,-1,-1
268,38,1658.69,415.99,187.70,340.20,0.8203,-1,-1,-1
268,36,824.10,429.95,126.12,487.91,0.5945,-1,-1,-1
268,32,506.28,437.68,46.44,123.71,0.4164,-1,-1,-1
268,31,677.30,454.11,68.41,182.85,0.6810,-1,-1,-1
268,23,396.88,463.30,52.70,111.24,0.3047,-1,-1,-1
268,21,950.58,403.90,171.83,638.24,0.8181,-1,-1,-1
268,5,1353.78,424.06,141.15,408.14,0.8309,-1,-1,-1
268,2,1053.82,443.14,100.72,204.81,0.3103,-1,-1,-1
269,38,1657.18,417.76,167.60,338.36,0.8101,-1,-1,-1
269,36,822.16,428.66,126.60,491.75,0.5654,-1,-1,-1
269,34,1121.76,443.75,40.27,112.23,0.3672,-1,-1,-1
269,32,505.28,435.98,47.22,125.08,0.4431,-1,-1,-1
269,31,678.94,453.26,67.04,183.02,0.6683,-1,-1,-1
269,21,950.80,403.56,178.17,639.02,0.8197,-1,-1,-1
269,5,1358.45,424.23,163.22,413.14,0.8576,-1,-1,-1
269,2,1051.38,437.60,103.65,212.54,0.3068,-1,-1,-1
270,38,1657.55,410.41,136.82,343.50,0.8015,-1,-1,-1
270,36,826.01,426.65,135.22,494.05,0.5995,-1,-1,-1
270,32,505.80,436.13,46.79,125.00,0.4103,-1,-1,-1
270,31,681.73,452.14,65.78,186.77,0.6998,-1,-1,-1
270,21,952.49,404.59,172.80,638.51,0.8080,-1,-1,-1
270,5,1361.09,424.24,178.63,414.56,0.8497,-1,-1,-1
270,2,1051.00,429.43,105.43,217.99,0.3154,-1,-1,-1
271,38,1656.82,415.80,109.72,338.12,0.7669,-1,-1,-1
271,36,826.15,426.26,137.30,495.00,0.6076,-1,-1,-1
271,32,507.41,437.85,46.84,123.09,0.3776,-1,-1,-1
271,31,685.55,447.70,65.01,193.41,0.6160,-1,-1,-1
271,21,955.50,405.23,166.04,638.30,0.7717,-1,-1,-1
271,5,1360.18,423.56,196.65,414.34,0.8316,-1,-1,-1
271,2,1059.48,428.38,99.66,216.07,0.3347,-1,-1,-1
272,38,1642.68,416.52,96.61,335.48,0.7026,-1,-1,-1
272,36,829.35,426.81,133.31,493.77,0.6614,-1,-1,-1
272,32,507.22,441.20,47.92,119.82,0.3849,-1,-1,-1
272,31,687.59,445.60,67.12,198.15,0.6513,-1,-1,-1
272,23,394.13,462.09,55.86,112.79,0.3113,-1,-1,-1
272,21,959.99,403.91,158.73,639.13,0.8078,-1,-1,-1
272,5,1360.30,426.03,199.99,415.07,0.8649,-1,-1,-1
273,38,1637.51,430.78,85.32,322.71,0.7103,-1,-1,-1
273,36,830.71,424.11,132.84,495.69,0.6601,-1,-1,-1
273,31,688.07,443.41,67.74,201.68,0.6531,-1,-1,-1
273,23,393.34,464.28,53.29,109.07,0.3625,-1,-1,-1
273,21,963.32,403.08,158.62,640.04,0.8123,-1,-1,-1
273,5,1361.79,427.71,201.20,419.59,0.8805,-1,-1,-1
274,38,1622.79,439.01,96.99,311.57,0.7957,-1,-1,-1
274,36,831.98,424.75,133.81,494.49,0.6800,-1,-1,-1
274,31,688.30,450.29,67.62,190.34,0.5838,-1,-1,-1
274,23,394.18,467.85,51.93,105.11,0.3265,-1,-1,-1
274,21,964.42,403.22,155.47,640.19,0.8158,-1,-1,-1
274,5,1364.26,425.45,204.57,428.14,0.8754,-1,-1,-1
274,2,1068.86,425.53,102.01,224.95,0.3287,-1,-1,-1
275,38,1588.13,438.84,131.81,313.16,0.7846,-1,-1,-1
275,36,832.07,422.52,134.33,495.94,0.7002,-1,-1,-1
275,31,692.19,449.31,73.82,193.60,0.5685,-1,-1,-1
275,23,392.72,464.89,55.76,108.45,0.3167,-1,-1,-1
275,21,965.80,404.78,153.68,639.08,0.7983,-1,-1,-1
275,5,1369.17,424.11,202.45,430.25,0.8780,-1,-1,-1
275,2,1067.63,425.51,104.25,225.06,0.4189,-1,-1,-1
276,38,1567.36,437.73,150.07,316.52,0.8035,-1,-1,-1
276,36,829.92,423.75,131.31,494.86,0.7021,-1,-1,-1
276,31,698.45,449.34,66.55,192.06,0.5449,-1,-1,-1
276,28,1304.63,427.83,57.06,123.13,0.4031,-1,-1,-1
276,21,967.34,401.13,155.66,642.30,0.8142,-1,-1,-1
276,5,1375.25,425.30,194.98,429.05,0.8333,-1,-1,-1
276,2,1071.53,422.71,101.72,229.58,0.4046,-1,-1,-1
277,38,1551.42,417.68,165.42,336.15,0.8513,-1,-1,-1
277,36,827.02,423.70,131.15,495.43,0.6845,-1,-1,-1
277,31,694.65,453.30,65.17,191.61,0.4532,-1,-1,-1
277,21,971.05,403.73,156.64,640.44,0.8281,-1,-1,-1
277,5,1378.88,425.52,192.48,429.23,0.8147,-1,-1,-1
277,2,1077.58,426.86,96.59,225.76,0.3676,-1,-1,-1
278,38,1536.78,459.98,179.73,290.28,0.8507,-1,-1,-1
278,36,830.43,423.22,129.92,495.54,0.7099,-1,-1,-1
278,31,705.68,451.60,69.24,193.58,0.4961,-1,-1,-1
278,21,970.13,401.44,160.44,643.40,0.8239,-1,-1,-1
278,5,1388.30,425.84,208.34,425.69,0.8073,-1,-1,-1
279,38,1535.48,420.66,178.28,328.65,0.8376,-1,-1,-1
279,36,828.28,420.67,132.73,498.64,0.7356,-1,-1,-1
279,32,503.77,457.35,44.01,101.68,0.3372,-1,-1,-1
279,31,708.62,452.36,76.62,192.45,0.4307,-1,-1,-1
279,23,388.30,460.52,59.58,113.17,0.3212,-1,-1,-1
279,21,974.18,401.01,158.97,644.75,0.8244,-1,-1,-1
279,5,1446.22,431.45,139.60,417.96,0.5474,-1,-1,-1
280,38,1557.45,451.28,148.67,293.17,0.7798,-1,-1,-1
280,36,825.13,419.45,136.83,499.70,0.7231,-1,-1,-1
280,32,503.05,457.48,45.41,101.41,0.3202,-1,-1,-1
280,31,712.89,452.10,75.77,193.32,0.5381,-1,-1,-1
280,23,387.31,461.33,56.77,114.00,0.3620,-1,-1,-1
280,21,975.26,401.19,164.79,643.17,0.8128,-1,-1,-1
280,5,1452.10,428.44,137.24,422.11,0.7809,-1,-1,-1
281,42,793.17,449.92,35.52,86.51,0.3179,-1,-1,-1
281,38,1554.15,414.29,139.60,335.31,0.6383,-1,-1,-1
281,36,826.74,420.22,144.68,498.85,0.7255,-1,-1,-1
281,32,503.32,455.62,45.49,102.64,0.3043,-1,-1,-1
281,31,714.77,456.36,76.74,190.46,0.6095,-1,-1,-1
281,23,387.14,460.90,60.30,112.63,0.3627,-1,-1,-1
281,21,977.49,398.25,167.03,645.56,0.8157,-1,-1,-1
281,5,1458.22,428.31,122.99,421.10,0.7883,-1,-1,-1
282,38,1546.70,419.18,127.88,321.94,0.5455,-1,-1,-1
282,36,826.02,419.47,153.79,497.18,0.7456,-1,-1,-1
282,32,504.57,454.56,43.80,104.56,0.3270,-1,-1,-1
282,31,713.22,459.72,81.79,184.76,0.5087,-1,-1,-1
282,23,385.65,463.93,51.84,110.88,0.3588,-1,-1,-1
282,21,978.75,400.43,169.87,643.30,0.7954,-1,-1,-1
282,5,1466.39,435.06,122.01,416.19,0.7364,-1,-1,-1
283,36,825.21,421.05,169.04,496.82,0.7567,-1,-1,-1
283,32,504.11,455.54,43.41,103.76,0.3480,-1,-1,-1
283,31,716.06,458.59,79.81,185.38,0.6083,-1,-1,-1
283,23,385.69,463.49,51.93,111.94,0.4533,-1,-1,-1
283,21,983.31,399.44,168.66,644.32,0.7813,-1,-1,-1
283,5,1470.24,431.41,143.75,422.09,0.7704,-1,-1,-1
284,36,824.90,421.03,180.01,498.53,0.7645,-1,-1,-1
284,32,505.36,456.59,41.61,103.49,0.3518,-1,-1,-1
284,31,717.12,457.19,80.15,187.60,0.6897,-1,-1,-1
284,28,1345.33,443.90,34.37,102.13,0.3799,-1,-1,-1
284,23,383.81,466.70,57.29,108.51,0.4321,-1,-1,-1
284,21,991.66,401.44,156.49,641.15,0.7639,-1,-1,-1
284,5,1478.13,427.89,147.72,423.33,0.7981,-1,-1,-1
285,36,825.93,428.41,185.57,495.56,0.7774,-1,-1,-1
285,32,504.52,456.37,42.42,103.80,0.3971,-1,-1,-1
285,31,715.42,455.25,83.61,189.30,0.7342,-1,-1,-1
285,28,1346.23,444.37,36.62,102.15,0.4819,-1,-1,-1
285,23,381.58,467.40,56.48,107.56,0.4211,-1,-1,-1
285,21,992.85,404.67,154.99,638.31,0.7923,-1,-1,-1
285,5,1487.01,436.04,142.09,416.05,0.7758,-1,-1,-1
286,36,825.76,425.14,190.55,499.03,0.7843,-1,-1,-1
286,32,504.48,457.19,42.22,102.90,0.3725,-1,-1,-1
286,31,715.67,453.79,87.32,190.82,0.7743,-1,-1,-1
286,28,1349.54,442.67,35.85,103.27,0.4343,-1,-1,-1
286,23,380.52,468.75,54.37,106.00,0.3749,-1,-1,-1
286,21,995.10,406.67,154.06,636.76,0.7906,-1,-1,-1
286,5,1494.90,434.43,157.91,417.29,0.8168,-1,-1,-1
287,44,1477.92,442.00,59.64,193.65,0.5657,-1,-1,-1
287,36,829.67,420.82,191.32,500.53,0.8053,-1,-1,-1
287,32,504.56,457.13,41.89,103.45,0.3371,-1,-1,-1
287,31,718.37,454.96,84.59,188.81,0.7627,-1,-1,-1
287,28,1351.00,444.11,34.84,104.56,0.4865,-1,-1,-1
287,23,380.64,469.97,50.09,103.92,0.3052,-1,-1,-1
287,21,994.45,406.65,156.52,636.94,0.7841,-1,-1,-1
287,5,1496.44,429.67,186.89,422.70,0.8299,-1,-1,-1
288,36,830.81,421.06,191.51,500.47,0.8140,-1,-1,-1
288,32,504.81,456.01,41.40,104.87,0.3750,-1,-1,-1
288,31,721.85,446.59,81.35,195.99,0.7396,-1,-1,-1
288,23,381.44,470.83,47.48,103.82,0.3560,-1,-1,-1
288,21,996.75,406.51,154.16,637.82,0.7845,-1,-1,-1
288,5,1500.40,429.15,213.26,428.33,0.8567,-1,-1,-1
289,38,1476.31,414.98,105.66,308.56,0.3407,-1,-1,-1
289,36,836.25,423.82,186.20,496.23,0.8089,-1,-1,-1
289,32,506.42,455.98,39.93,104.68,0.3565,-1,-1,-1
289,31,726.35,446.39,79.92,197.59,0.6597,-1,-1,-1
289,28,1353.56,442.08,42.12,105.64,0.3069,-1,-1,-1
289,21,998.88,408.24,152.68,635.26,0.7846,-1,-1,-1
289,5,1501.97,438.13,228.50,421.35,0.8817,-1,-1,-1
290,38,1432.54,415.39,140.81,309.38,0.4380,-1,-1,-1
290,36,841.03,417.26,180.91,503.67,0.8087,-1,-1,-1
290,32,506.33,456.44,38.71,102.03,0.3480,-1,-1,-1
290,31,730.73,449.07,79.40,194.78,0.6345,-1,-1,-1
290,21,1002.44,404.71,151.16,639.13,0.8122,-1,-1,-1
290,5,1500.74,436.28,242.12,429.92,0.8746,-1,-1,-1
291,45,678.15,479.71,52.58,124.67,0.3435,-1,-1,-1
291,38,1414.35,425.24,153.95,292.48,0.6329,-1,-1,-1
291,36,832.42,421.48,190.70,500.34,0.8189,-1,-1,-1
291,31,733.86,455.20,77.86,190.63,0.6253,-1,-1,-1
291,28,1357.68,442.35,45.72,105.24,0.3009,-1,-1,-1
291,21,1003.17,402.96,154.66,639.79,0.7856,-1,-1,-1
291,5,1498.52,433.73,254.39,435.57,0.8359,-1,-1,-1
292,38,1401.50,429.44,158.35,314.82,0.3366,-1,-1,-1
292,36,834.66,422.94,189.14,496.84,0.8121,-1,-1,-1
292,31,744.00,452.33,66.88,193.46,0.6021,-1,-1,-1
292,21,1002.09,403.62,156.24,638.63,0.7559,-1,-1,-1
292,5,1497.50,435.56,255.35,438.01,0.8560,-1,-1,-1
293,38,1401.72,429.97,130.08,278.59,0.7028,-1,-1,-1
293,36,841.04,417.02,181.88,504.18,0.8220,-1,-1,-1
293,34,1156.38,434.19,42.56,116.69,0.3102,-1,-1,-1
293,32,504.92,454.23,40.44,105.16,0.3594,-1,-1,-1
293,31,745.00,449.17,68.34,197.90,0.6662,-1,-1,-1
293,21,1006.81,404.69,155.28,637.59,0.8020,-1,-1,-1
293,5,1498.45,437.01,260.57,442.43,0.8686,-1,-1,-1
294,45,681.31,484.09,50.48,121.96,0.3562,-1,-1,-1
294,44,1530.17,437.56,70.02,218.89,0.4481,-1,-1,-1
294,38,1399.23,429.61,137.94,280.72,0.7576,-1,-1,-1
294,36,843.11,414.22,180.73,507.00,0.8318,-1,-1,-1
294,34,1156.77,436.07,42.67,114.95,0.3384,-1,-1,-1
294,32,504.68,458.08,40.43,100.46,0.3396,-1,-1,-1
294,31,747.11,452.33,63.27,194.07,0.6552,-1,-1,-1
294,21,1007.69,402.43,154.88,641.53,0.8147,-1,-1,-1
294,5,1499.47,435.21,265.15,445.80,0.8660,-1,-1,-1
295,44,1538.16,431.45,69.54,219.93,0.4276,-1,-1,-1
295,38,1393.92,428.92,152.18,281.60,0.7587,-1,-1,-1
295,36,845.91,412.72,178.50,507.71,0.8263,-1,-1,-1
295,34,1156.79,437.33,45.36,113.86,0.3221,-1,-1,-1
295,31,746.68,451.84,71.53,196.59,0.6376,-1,-1,-1
295,21,1009.23,402.98,151.12,640.52,0.8107,-1,-1,-1
295,5,1499.19,430.03,265.67,448.33,0.8549,-1,-1,-1
296,44,1544.40,430.93,78.61,220.91,0.3584,-1,-1,-1
296,38,1397.98,427.32,141.79,283.05,0.7694,-1,-1,-1
296,36,849.62,412.85,175.30,508.44,0.8370,-1,-1,-1
296,34,1156.39,436.58,46.66,114.71,0.3720,-1,-1,-1
296,31,750.55,449.12,76.71,196.81,0.6583,-1,-1,-1
296,21,1008.23,403.99,156.10,638.64,0.8181,-1,-1,-1
296,5,1513.45,429.09,249.25,450.23,0.8341,-1,-1,-1
297,45,679.61,492.02,51.23,114.39,0.3195,-1,-1,-1
297,44,1554.04,441.65,78.00,212.70,0.4018,-1,-1,-1
297,38,1401.87,434.26,133.36,276.65,0.7833,-1,-1,-1
297,36,853.96,408.85,170.86,512.49,0.8351,-1,-1,-1
297,34,1157.40,436.90,46.85,115.96,0.3653,-1,-1,-1
297,31,759.14,447.79,70.05,200.22,0.7291,-1,-1,-1
297,21,1010.96,405.14,155.11,636.81,0.8149,-1,-1,-1
297,5,1532.70,430.02,227.93,448.61,0.7895,-1,-1,-1
298,44,1564.24,429.57,77.01,216.78,0.3779,-1,-1,-1
298,38,1399.12,441.12,121.39,267.06,0.7831,-1,-1,-1
298,36,855.47,410.74,169.62,512.48,0.8060,-1,-1,-1
298,34,1157.28,436.48,48.44,117.11,0.4044,-1,-1,-1
298,32,506.52,455.05,39.52,104.75,0.3013,-1,-1,-1
298,31,756.33,447.34,72.15,200.00,0.7156,-1,-1,-1
298,21,1009.61,406.07,158.57,635.56,0.8085,-1,-1,-1
298,5,1544.33,431.36,219.09,445.03,0.7482,-1,-1,-1
299,45,682.47,487.46,45.86,116.91,0.3248,-1,-1,-1
299,44,1572.22,420.89,90.44,227.98,0.3315,-1,-1,-1
299,38,1396.86,450.82,106.63,256.83,0.7392,-1,-1,-1
299,36,869.61,415.80,155.70,512.15,0.7731,-1,-1,-1
299,31,762.77,452.22,70.59,198.27,0.7053,-1,-1,-1
299,21,1009.82,404.94,161.96,635.10,0.8110,-1,-1,-1
299,5,1558.08,423.36,215.68,456.85,0.7704,-1,-1,-1
300,45,683.34,496.26,46.13,109.04,0.3332,-1,-1,-1
300,44,1580.08,426.07,81.20,222.89,0.4268,-1,-1,-1
300,38,1384.97,421.31,99.57,285.88,0.7877,-1,-1,-1
300,36,878.68,419.79,144.25,513.34,0.7726,-1,-1,-1
300,32,505.52,456.73,39.32,102.80,0.3015,-1,-1,-1
300,31,765.05,451.09,70.57,198.65,0.7139,-1,-1,-1
300,23,379.06,469.80,44.45,103.85,0.3174,-1,-1,-1
300,21,1011.84,405.32,162.60,630.80,0.8217,-1,-1,-1
300,5,1580.26,422.36,184.45,457.47,0.6959,-1,-1,-1
301,46,0.00,610.72,111.33,250.10,0.3010,-1,-1,-1
301,44,1582.76,426.32,88.29,221.74,0.3789,-1,-1,-1
301,38,1381.90,449.20,84.49,257.55,0.8124,-1,-1,-1
301,36,886.28,419.37,135.85,523.50,0.7650,-1,-1,-1
301,32,506.25,458.41,37.19,101.05,0.3099,-1,-1,-1
301,31,769.95,449.53,67.16,199.98,0.7476,-1,-1,-1
301,23,378.99,467.89,44.64,105.99,0.3902,-1,-1,-1
301,21,1009.70,404.77,160.74,628.72,0.8169,-1,-1,-1
301,5,1613.81,421.87,176.02,456.42,0.7294,-1,-1,-1
302,46,0.00,682.09,115.54,176.76,0.5671,-1,-1,-1
302,44,1588.16,421.45,96.32,229.15,0.3662,-1,-1,-1
302,38,1371.12,454.33,86.34,253.57,0.8322,-1,-1,-1
302,36,889.42,419.29,133.76,529.81,0.7534,-1,-1,-1
302,32,506.90,460.22,35.90,98.58,0.3998,-1,-1,-1
302,31,770.17,456.37,72.86,194.85,0.7885,-1,-1,-1
302,23,379.81,468.82,43.89,104.28,0.4012,-1,-1,-1
302,21,1006.81,406.33,165.67,623.69,0.8146,-1,-1,-1
302,5,1632.96,414.97,158.73,465.39,0.7632,-1,-1,-1
303,46,0.21,648.85,116.90,209.41,0.6844,-1,-1,-1
303,44,1594.35,418.61,92.98,229.92,0.3900,-1,-1,-1
303,38,1357.82,419.86,91.13,286.14,0.7919,-1,-1,-1
303,36,872.95,421.16,150.98,528.05,0.7567,-1,-1,-1
303,32,506.18,459.32,36.61,100.54,0.4127,-1,-1,-1
303,31,770.98,454.00,72.30,198.14,0.7770,-1,-1,-1
303,23,378.84,465.69,44.73,107.83,0.4224,-1,-1,-1
303,21,1012.03,404.65,162.27,621.40,0.8100,-1,-1,-1
303,5,1648.49,408.69,149.76,480.87,0.7716,-1,-1,-1
304,46,0.06,552.12,119.19,306.00,0.7201,-1,-1,-1
304,44,1603.74,419.77,91.58,230.03,0.3350,-1,-1,-1
304,38,1343.36,420.45,100.02,285.69,0.7747,-1,-1,-1
304,36,866.26,419.96,159.05,530.93,0.7953,-1,-1,-1
304,34,1178.38,439.02,40.48,111.25,0.3284,-1,-1,-1
304,32,505.30,458.86,38.36,102.01,0.4884,-1,-1,-1
304,31,773.52,453.76,75.97,199.08,0.7692,-1,-1,-1
304,23,378.50,466.63,44.79,106.83,0.3868,-1,-1,-1
304,21,1012.66,403.83,171.14,623.34,0.8100,-1,-1,-1
304,5,1660.29,410.49,156.53,489.96,0.7762,-1,-1,-1
305,47,739.33,479.16,40.76,118.62,0.3207,-1,-1,-1
305,46,0.49,491.79,117.36,366.64,0.6235,-1,-1,-1
305,44,1612.31,408.56,92.94,242.61,0.3236,-1,-1,-1
305,38,1336.31,425.42,103.96,280.48,0.7662,-1,-1,-1
305,36,873.82,420.91,151.07,530.06,0.7790,-1,-1,-1
305,34,1183.89,439.58,37.59,109.55,0.3835,-1,-1,-1
305,32,505.69,457.28,37.37,103.31,0.4554,-1,-1,-1
305,31,774.19,450.00,76.61,205.16,0.7745,-1,-1,-1
305,23,377.64,466.38,45.80,107.33,0.3849,-1,-1,-1
305,21,1012.29,404.28,184.87,620.18,0.7974,-1,-1,-1
305,5,1668.06,415.04,152.00,492.34,0.7422,-1,-1,-1
306,47,737.77,481.00,42.98,116.83,0.3089,-1,-1,-1
306,46,0.05,470.72,123.04,389.88,0.7374,-1,-1,-1
306,44,1613.99,412.65,106.99,366.26,0.3464,-1,-1,-1
306,38,1319.00,440.16,121.12,262.63,0.8031,-1,-1,-1
306,36,874.91,420.01,151.14,531.46,0.7988,-1,-1,-1
306,34,1183.35,441.89,41.19,107.35,0.5475,-1,-1,-1
306,32,503.95,457.41,40.10,103.59,0.4757,-1,-1,-1
306,31,776.13,446.98,76.11,208.21,0.7658,-1,-1,-1
306,23,377.29,466.05,46.55,108.07,0.3833,-1,-1,-1
306,21,1014.72,405.07,197.48,615.73,0.8195,-1,-1,-1
306,5,1669.81,417.92,176.81,494.68,0.8635,-1,-1,-1
307,47,732.49,481.71,44.69,113.04,0.3359,-1,-1,-1
307,46,0.40,414.04,122.70,447.42,0.7493,-1,-1,-1
307,44,1612.68,408.94,119.39,400.47,0.5688,-1,-1,-1
307,38,1310.39,450.77,129.96,249.82,0.8039,-1,-1,-1
307,36,872.08,419.61,154.38,531.59,0.8147,-1,-1,-1
307,34,1184.76,442.69,41.00,105.73,0.5622,-1,-1,-1
307,32,503.89,461.61,38.47,99.40,0.4179,-1,-1,-1
307,31,779.56,452.21,72.86,201.57,0.7219,-1,-1,-1
307,23,378.90,466.88,44.92,106.98,0.3605,-1,-1,-1
307,21,1016.61,401.87,204.47,617.93,0.8297,-1,-1,-1
307,5,1675.01,413.59,217.40,502.35,0.8523,-1,-1,-1
308,47,731.55,478.45,46.90,117.37,0.3389,-1,-1,-1
308,46,0.45,406.17,123.38,454.66,0.7872,-1,-1,-1
308,44,1605.01,402.10,132.86,403.86,0.6368,-1,-1,-1
308,38,1301.21,431.97,136.48,268.29,0.8114,-1,-1,-1
308,36,874.19,420.41,152.78,531.05,0.8196,-1,-1,-1
308,34,1186.31,442.35,43.82,105.93,0.4958,-1,-1,-1
308,32,502.20,462.47,40.82,98.71,0.4128,-1,-1,-1
308,31,782.18,449.37,71.42,203.72,0.7512,-1,-1,-1
308,23,377.76,467.04,47.18,106.92,0.3478,-1,-1,-1
308,21,1016.17,401.33,214.81,616.20,0.8433,-1,-1,-1
308,5,1674.36,418.67,238.27,497.53,0.8351,-1,-1,-1
309,47,732.02,477.62,49.88,119.20,0.3718,-1,-1,-1
309,46,0.48,399.66,123.55,461.41,0.8111,-1,-1,-1
309,44,1609.54,406.29,136.99,401.47,0.5926,-1,-1,-1
309,38,1295.25,431.36,139.39,269.92,0.8018,-1,-1,-1
309,36,872.42,421.39,154.00,529.16,0.8313,-1,-1,-1
309,34,1189.49,443.63,39.79,103.93,0.4223,-1,-1,-1
309,32,500.81,461.13,42.21,99.80,0.4336,-1,-1,-1
309,31,790.76,446.64,66.76,208.14,0.7213,-1,-1,-1
309,23,378.32,465.20,45.93,108.31,0.3292,-1,-1,-1
309,21,1016.56,399.21,223.61,616.83,0.8482,-1,-1,-1
309,5,1673.55,418.07,240.02,502.51,0.8586,-1,-1,-1
310,47,732.76,480.50,49.66,117.59,0.3745,-1,-1,-1
310,46,0.61,398.13,123.64,462.59,0.8050,-1,-1,-1
310,44,1617.08,409.39,139.46,399.86,0.5079,-1,-1,-1
310,38,1290.62,429.00,138.40,270.97,0.7629,-1,-1,-1
310,36,874.59,421.83,151.30,529.13,0.8078,-1,-1,-1
310,34,1190.44,445.44,41.61,102.86,0.4922,-1,-1,-1
310,32,499.23,459.88,43.38,101.23,0.4624,-1,-1,-1
310,31,795.13,444.62,63.93,210.39,0.7222,-1,-1,-1
310,21,1017.43,400.05,229.65,615.17,0.8572,-1,-1,-1
310,5,1670.61,418.22,248.07,510.80,0.8810,-1,-1,-1
311,47,732.62,479.42,51.35,119.27,0.4493,-1,-1,-1
311,46,0.24,394.73,120.08,462.43,0.8183,-1,-1,-1
311,44,1647.75,409.11,115.10,406.66,0.4775,-1,-1,-1
311,38,1289.57,432.29,126.26,262.82,0.7591,-1,-1,-1
311,36,873.21,420.59,153.24,530.35,0.8185,-1,-1,-1
311,34,1190.10,446.64,41.59,100.84,0.5117,-1,-1,-1
311,32,499.19,455.63,45.29,105.02,0.4798,-1,-1,-1
311,31,798.74,444.57,63.92,211.24,0.7320,-1,-1,-1
311,21,1016.06,402.66,231.70,612.63,0.8585,-1,-1,-1
311,5,1668.67,419.70,250.79,514.69,0.8750,-1,-1,-1
312,47,732.24,479.93,52.61,118.62,0.4648,-1,-1,-1
312,46,0.21,392.40,127.23,467.54,0.8304,-1,-1,-1
312,44,1619.40,411.67,151.92,404.83,0.5090,-1,-1,-1
312,38,1279.89,430.05,117.17,260.01,0.7647,-1,-1,-1
312,36,870.94,420.19,156.23,531.47,0.8328,-1,-1,-1
312,34,1191.42,442.33,40.74,107.25,0.4683,-1,-1,-1
312,32,498.76,455.09,45.38,106.14,0.4224,-1,-1,-1
312,31,799.39,448.24,67.37,208.06,0.7321,-1,-1,-1
312,21,1020.15,403.93,227.14,611.30,0.8613,-1,-1,-1
312,5,1671.12,420.25,248.49,514.61,0.8619,-1,-1,-1
313,47,732.61,478.62,51.74,118.90,0.4908,-1,-1,-1
313,46,1.42,393.03,141.20,467.54,0.8574,-1,-1,-1
313,44,1618.40,413.34,166.77,398.54,0.4769,-1,-1,-1
313,38,1274.63,432.65,108.18,256.44,0.7861,-1,-1,-1
313,36,869.91,419.52,157.44,532.43,0.8133,-1,-1,-1
313,34,1191.08,440.22,43.82,110.80,0.4890,-1,-1,-1
313,32,498.42,458.24,44.89,103.45,0.3888,-1,-1,-1
313,31,799.71,445.29,76.73,211.72,0.7278,-1,-1,-1
313,21,1020.02,402.66,228.12,612.64,0.8614,-1,-1,-1
313,5,1677.78,422.26,241.15,514.46,0.8693,-1,-1,-1
314,47,733.44,482.59,49.47,115.13,0.4094,-1,-1,-1
314,46,8.00,394.62,154.77,462.91,0.8540,-1,-1,-1
314,44,1624.51,415.60,167.34,394.38,0.3581,-1,-1,-1
314,38,1277.40,427.04,90.53,261.67,0.8066,-1,-1,-1
314,36,868.94,418.99,159.49,533.23,0.8200,-1,-1,-1
314,34,1191.80,438.77,44.93,112.78,0.5536,-1,-1,-1
314,32,496.79,455.84,46.53,106.11,0.4152,-1,-1,-1
314,31,801.60,445.61,76.42,211.48,0.7230,-1,-1,-1
314,21,1022.31,402.36,224.80,611.93,0.8651,-1,-1,-1
314,5,1688.47,419.03,230.27,518.10,0.8702,-1,-1,-1
315,47,731.64,480.63,50.50,117.21,0.3637,-1,-1,-1
315,46,17.05,398.38,185.33,463.11,0.8670,-1,-1,-1
315,44,1628.86,419.53,219.76,468.44,0.4210,-1,-1,-1
315,38,1274.44,426.88,82.33,260.56,0.7805,-1,-1,-1
315,36,867.79,417.05,162.16,534.91,0.8149,-1,-1,-1
315,34,1193.45,434.27,42.84,116.66,0.5376,-1,-1,-1
315,32,497.57,454.00,44.70,106.87,0.4378,-1,-1,-1
315,31,805.03,443.33,77.74,214.43,0.7223,-1,-1,-1
315,23,377.41,462.93,44.83,111.07,0.3025,-1,-1,-1
315,21,1029.19,399.42,218.28,616.24,0.8600,-1,-1,-1
315,5,1776.60,422.28,142.44,515.86,0.7127,-1,-1,-1
316,47,730.74,481.19,51.32,115.89,0.3195,-1,-1,-1
316,46,18.66,406.15,221.89,456.48,0.8803,-1,-1,-1
316,44,1640.42,413.94,214.67,475.52,0.6290,-1,-1,-1
316,38,1272.98,428.35,73.22,261.89,0.7537,-1,-1,-1
316,36,866.79,415.67,161.11,536.28,0.8044,-1,-1,-1
316,34,1195.00,436.19,45.35,114.77,0.6062,-1,-1,-1
316,32,498.04,453.05,43.94,108.23,0.4586,-1,-1,-1
316,31,804.96,444.41,79.67,214.89,0.6920,-1,-1,-1
316,21,1034.59,401.67,211.02,611.98,0.8604,-1,-1,-1
316,5,1788.67,416.52,130.51,518.65,0.7920,-1,-1,-1
317,47,731.69,481.93,50.46,115.52,0.3408,-1,-1,-1
317,46,17.96,403.13,250.29,459.15,0.8819,-1,-1,-1
317,44,1648.90,408.72,198.47,471.80,0.5928,-1,-1,-1
317,38,1265.35,421.72,75.86,264.87,0.7733,-1,-1,-1
317,36,865.33,417.70,166.38,533.56,0.8188,-1,-1,-1
317,34,1196.23,437.67,43.75,113.38,0.5818,-1,-1,-1
317,32,498.05,451.31,42.80,110.20,0.4665,-1,-1,-1
317,31,806.94,443.76,68.24,216.93,0.6833,-1,-1,-1
317,23,378.23,463.89,44.94,111.25,0.3883,-1,-1,-1
317,21,1036.64,399.85,209.57,614.73,0.8568,-1,-1,-1
317,5,1799.83,415.78,119.89,517.41,0.7080,-1,-1,-1
318,47,730.58,481.45,51.17,115.74,0.3319,-1,-1,-1
318,46,16.91,402.72,274.26,460.76,0.9010,-1,-1,-1
318,44,1686.41,408.91,154.79,426.78,0.3689,-1,-1,-1
318,38,1257.43,429.62,80.67,257.09,0.7974,-1,-1,-1
318,36,868.08,417.12,164.84,534.72,0.8160,-1,-1,-1
318,34,1199.07,437.67,44.96,111.69,0.5601,-1,-1,-1
318,32,497.23,453.47,42.22,107.67,0.4918,-1,-1,-1
318,31,807.89,443.84,69.27,216.32,0.6695,-1,-1,-1
318,23,377.15,463.11,45.91,110.78,0.3310,-1,-1,-1
318,21,1039.56,400.05,207.80,613.35,0.8527,-1,-1,-1
318,5,1783.38,421.88,135.06,525.85,0.6348,-1,-1,-1
319,46,17.55,401.11,282.54,462.64,0.8975,-1,-1,-1
319,44,1718.64,401.32,131.41,444.04,0.4389,-1,-1,-1
319,38,1243.95,427.84,93.66,259.60,0.7733,-1,-1,-1
319,36,866.37,416.18,166.71,535.61,0.8182,-1,-1,-1
319,34,1201.13,439.60,44.63,109.01,0.5848,-1,-1,-1
319,32,496.64,454.19,41.28,107.23,0.4819,-1,-1,-1
319,31,814.49,444.88,70.59,213.82,0.6716,-1,-1,-1
319,23,377.27,462.80,46.29,111.45,0.3382,-1,-1,-1
319,21,1041.43,400.54,206.02,611.78,0.8538,-1,-1,-1
319,5,1813.59,415.41,105.35,525.02,0.6739,-1,-1,-1
320,46,20.41,403.97,287.82,457.87,0.8933,-1,-1,-1
320,44,1705.40,397.46,150.67,458.79,0.5097,-1,-1,-1
320,38,1230.86,436.84,107.58,252.02,0.7425,-1,-1,-1
320,36,865.62,416.61,169.51,534.35,0.8259,-1,-1,-1
320,34,1203.15,441.23,43.99,107.30,0.4242,-1,-1,-1
320,32,496.49,450.11,40.92,110.95,0.4495,-1,-1,-1
320,31,816.18,445.43,73.00,213.82,0.6271,-1,-1,-1
320,28,1437.68,434.60,41.13,114.62,0.4442,-1,-1,-1
320,21,1045.55,401.68,201.19,610.64,0.8578,-1,-1,-1
320,5,1830.66,418.04,88.66,521.89,0.7309,-1,-1,-1
321,46,22.06,403.66,289.60,457.44,0.8874,-1,-1,-1
321,44,1716.54,401.30,146.08,440.28,0.5447,-1,-1,-1
321,38,1234.76,435.32,104.05,251.81,0.7710,-1,-1,-1
321,36,868.26,417.42,164.76,533.88,0.8209,-1,-1,-1
321,34,1206.86,443.34,41.27,94.95,0.3217,-1,-1,-1
321,32,495.23,447.99,40.28,112.99,0.4154,-1,-1,-1
321,31,818.71,448.49,68.69,210.25,0.6440,-1,-1,-1
321,28,1437.87,435.43,43.72,114.23,0.5423,-1,-1,-1
321,21,1047.71,400.65,199.11,611.75,0.8622,-1,-1,-1
321,5,1844.94,429.42,74.40,511.46,0.7349,-1,-1,-1
322,46,24.97,405.15,295.40,447.32,0.8864,-1,-1,-1
322,44,1731.77,394.05,141.48,449.94,0.5505,-1,-1,-1
322,38,1231.90,443.50,106.31,242.27,0.7587,-1,-1,-1
322,36,868.64,416.68,163.01,534.68,0.8248,-1,-1,-1
322,32,493.13,446.03,42.41,115.35,0.4478,-1,-1,-1
322,31,819.69,448.99,71.48,210.39,0.6701,-1,-1,-1
322,28,1436.84,434.64,46.19,114.72,0.5468,-1,-1,-1
322,23,376.52,462.52,46.79,111.68,0.3777,-1,-1,-1
322,21,1048.77,404.34,197.51,609.02,0.8587,-1,-1,-1
322,5,1855.97,428.09,63.35,511.81,0.6971,-1,-1,-1
323,46,25.75,407.57,299.06,443.79,0.8896,-1,-1,-1
323,44,1738.42,392.86,142.52,449.61,0.6868,-1,-1,-1
323,38,1231.84,440.94,101.09,243.68,0.7668,-1,-1,-1
323,36,870.73,415.49,165.16,535.86,0.8173,-1,-1,-1
323,32,492.82,446.22,43.00,114.72,0.4654,-1,-1,-1
323,31,820.42,453.26,74.36,205.72,0.6409,-1,-1,-1
323,28,1436.94,438.62,51.28,110.09,0.4974,-1,-1,-1
323,23,376.56,463.04,46.58,111.43,0.4024,-1,-1,-1
323,21,1051.19,402.15,194.60,610.07,0.8646,-1,-1,-1
323,5,1859.77,467.32,59.54,474.94,0.6176,-1,-1,-1
324,46,32.79,408.06,293.15,438.94,0.8971,-1,-1,-1
324,44,1749.76,392.94,141.16,453.19,0.6027,-1,-1,-1
324,38,1222.73,437.57,103.79,247.75,0.7489,-1,-1,-1
324,36,872.53,416.10,164.27,535.41,0.8081,-1,-1,-1
324,32,491.85,446.87,43.10,114.23,0.4749,-1,-1,-1
324,31,820.67,457.32,74.64,201.10,0.6238,-1,-1,-1
324,28,1440.24,441.04,51.81,107.76,0.5523,-1,-1,-1
324,23,376.58,464.25,46.06,110.33,0.4084,-1,-1,-1
324,21,1054.99,399.41,191.15,613.17,0.8562,-1,-1,-1
324,5,1858.19,432.11,61.18,510.39,0.5789,-1,-1,-1
325,46,43.08,406.38,283.90,441.10,0.9014,-1,-1,-1
325,44,1758.93,391.97,157.97,471.60,0.5504,-1,-1,-1
325,38,1218.50,444.42,101.89,240.11,0.6803,-1,-1,-1
325,36,874.52,415.39,162.46,535.98,0.8057,-1,-1,-1
325,32,491.92,447.05,42.09,115.46,0.4747,-1,-1,-1
325,31,826.40,442.67,76.81,219.56,0.4446,-1,-1,-1
325,28,1445.12,439.42,50.73,108.61,0.5733,-1,-1,-1
325,23,375.99,464.34,47.65,110.48,0.4271,-1,-1,-1
325,21,1056.41,398.03,190.87,614.50,0.8535,-1,-1,-1
325,5,1862.97,397.91,56.46,542.91,0.5327,-1,-1,-1
326,46,60.32,406.54,266.60,436.99,0.8902,-1,-1,-1
326,44,1764.37,394.73,155.03,504.95,0.6152,-1,-1,-1
326,38,1212.74,455.81,96.46,224.52,0.5428,-1,-1,-1
326,36,875.85,415.82,161.74,535.87,0.7933,-1,-1,-1
326,32,490.29,445.55,44.25,116.30,0.4507,-1,-1,-1
326,31,828.54,439.81,81.76,223.84,0.3749,-1,-1,-1
326,28,1447.16,441.61,49.72,107.04,0.5908,-1,-1,-1
326,23,376.80,465.97,46.83,109.38,0.4041,-1,-1,-1
326,21,1057.20,398.48,191.08,614.49,0.8586,-1,-1,-1
326,5,1860.14,407.87,59.23,535.37,0.3076,-1,-1,-1
327,49,847.27,443.65,60.65,136.07,0.3476,-1,-1,-1
327,46,86.51,403.71,240.01,435.60,0.8740,-1,-1,-1
327,44,1768.76,392.24,150.70,539.05,0.7191,-1,-1,-1
327,38,1207.42,432.44,62.60,191.51,0.4026,-1,-1,-1
327,36,880.01,417.23,157.20,534.25,0.7847,-1,-1,-1
327,32,489.72,445.45,43.44,115.98,0.5024,-1,-1,-1
327,28,1448.14,441.47,53.25,106.85,0.5938,-1,-1,-1
327,23,376.27,466.81,48.07,108.12,0.4017,-1,-1,-1
327,21,1057.59,395.65,190.73,618.03,0.8637,-1,-1,-1
328,47,733.77,484.87,48.87,112.40,0.3384,-1,-1,-1
328,46,105.56,392.38,221.84,438.36,0.8826,-1,-1,-1
328,44,1768.53,387.91,150.92,551.21,0.7892,-1,-1,-1
328,38,1202.55,444.28,81.24,227.98,0.3381,-1,-1,-1
328,36,879.85,415.65,157.41,536.27,0.7551,-1,-1,-1
328,32,489.94,451.09,41.20,110.64,0.3987,-1,-1,-1
328,31,855.84,445.38,55.35,129.12,0.3225,-1,-1,-1
328,28,1453.66,442.50,45.33,105.27,0.6210,-1,-1,-1
328,23,377.46,467.18,47.38,108.62,0.4554,-1,-1,-1
328,21,1057.31,396.01,192.67,617.92,0.8601,-1,-1,-1
329,47,733.52,484.34,49.29,113.79,0.3478,-1,-1,-1
329,46,127.58,393.50,198.39,431.75,0.8312,-1,-1,-1
329,44,1765.65,396.34,153.84,541.47,0.8197,-1,-1,-1
329,36,873.72,418.29,164.41,535.73,0.7763,-1,-1,-1
329,32,489.92,453.91,42.16,108.02,0.3901,-1,-1,-1
329,28,1457.95,441.31,40.23,104.13,0.5395,-1,-1,-1
329,23,377.36,467.11,47.41,107.75,0.4088,-1,-1,-1
329,21,1057.46,399.52,192.42,615.02,0.8602,-1,-1,-1
330,47,735.36,485.00,47.01,112.26,0.3622,-1,-1,-1
330,46,151.58,401.65,172.81,422.48,0.8069,-1,-1,-1
330,44,1766.29,397.43,153.24,532.32,0.7416,-1,-1,-1
330,36,867.91,419.81,172.31,533.18,0.8044,-1,-1,-1
330,32,488.90,452.65,42.77,109.25,0.4431,-1,-1,-1
330,28,1460.68,441.04,38.49,103.55,0.4592,-1,-1,-1
330,23,377.72,466.48,46.71,107.51,0.4273,-1,-1,-1
330,21,1057.57,396.34,191.99,618.29,0.8641,-1,-1,-1
331,47,734.64,483.41,47.21,114.62,0.3463,-1,-1,-1
331,46,178.17,394.54,148.67,429.47,0.7993,-1,-1,-1
331,44,1766.95,391.25,152.45,458.54,0.7398,-1,-1,-1
331,36,868.81,420.37,172.40,532.28,0.8023,-1,-1,-1
331,32,487.86,453.18,43.11,108.92,0.3922,-1,-1,-1
331,28,1464.47,440.40,37.32,105.47,0.5808,-1,-1,-1
331,23,377.12,465.25,47.44,108.86,0.4202,-1,-1,-1
331,21,1057.90,395.44,194.04,618.95,0.8650,-1,-1,-1
332,50,0.14,597.55,87.16,195.07,0.4903,-1,-1,-1
332,47,736.62,484.40,46.35,113.47,0.3066,-1,-1,-1
332,46,204.41,393.61,134.01,430.86,0.7744,-1,-1,-1
332,44,1768.21,394.62,151.52,458.30,0.7844,-1,-1,-1
332,36,871.73,420.24,174.68,532.33,0.8234,-1,-1,-1
332,32,489.14,450.52,41.15,111.76,0.4044,-1,-1,-1
332,28,1467.08,439.76,40.53,107.08,0.5811,-1,-1,-1
332,23,377.71,462.41,47.18,113.70,0.4429,-1,-1,-1
332,21,1058.77,396.89,194.13,618.74,0.8638,-1,-1,-1
333,50,0.13,591.05,115.41,197.93,0.3759,-1,-1,-1
333,47,738.77,481.42,45.11,117.11,0.3101,-1,-1,-1
333,46,218.18,391.17,135.22,433.19,0.7502,-1,-1,-1
333,44,1768.12,394.25,151.56,460.94,0.7827,-1,-1,-1
333,36,871.98,419.40,176.10,533.31,0.8293,-1,-1,-1
333,32,491.07,453.18,39.71,108.54,0.3879,-1,-1,-1
333,28,1471.48,440.29,38.54,104.01,0.5665,-1,-1,-1
333,21,1059.56,397.47,195.47,617.61,0.8717,-1,-1,-1
334,50,0.00,451.91,133.34,339.94,0.6668,-1,-1,-1
334,47,739.04,482.41,45.84,116.28,0.3443,-1,-1,-1
334,46,222.76,404.93,148.28,418.38,0.7156,-1,-1,-1
334,44,1776.12,392.02,143.49,462.43,0.6609,-1,-1,-1
334,36,872.67,420.21,176.73,532.40,0.8306,-1,-1,-1
334,32,491.20,453.37,39.09,108.34,0.3500,-1,-1,-1
334,28,1472.31,440.24,37.30,106.53,0.4882,-1,-1,-1
334,21,1060.88,396.63,193.12,618.62,0.8760,-1,-1,-1
335,50,0.38,459.64,142.55,323.99,0.6938,-1,-1,-1
335,47,738.85,481.20,45.57,118.48,0.3814,-1,-1,-1
335,46,191.49,423.54,197.45,399.12,0.7263,-1,-1,-1
335,44,1781.67,408.60,138.12,449.19,0.6193,-1,-1,-1
335,36,872.93,419.17,177.32,533.25,0.8365,-1,-1,-1
335,32,490.30,448.28,40.45,114.42,0.4439,-1,-1,-1
335,28,1473.81,438.27,38.86,107.18,0.5401,-1,-1,-1
335,21,1061.28,396.90,191.33,617.03,0.8785,-1,-1,-1
336,50,0.33,443.16,146.43,345.36,0.8054,-1,-1,-1
336,47,736.66,483.42,47.23,115.26,0.3294,-1,-1,-1
336,46,205.71,414.90,195.61,404.30,0.6272,-1,-1,-1
336,44,1791.42,442.02,128.41,417.64,0.5101,-1,-1,-1
336,36,873.65,420.87,174.00,531.70,0.8423,-1,-1,-1
336,32,488.83,446.97,40.40,113.71,0.4382,-1,-1,-1
336,28,1475.28,437.83,37.20,106.79,0.5231,-1,-1,-1
336,21,1060.08,396.75,192.79,617.44,0.8792,-1,-1,-1
337,50,0.40,442.70,149.83,343.62,0.8231,-1,-1,-1
337,47,735.07,483.18,47.51,117.23,0.3868,-1,-1,-1
337,46,225.29,429.33,196.65,395.62,0.7155,-1,-1,-1
337,44,1807.84,438.05,111.54,420.49,0.3927,-1,-1,-1
337,36,874.55,419.22,173.44,533.39,0.8339,-1,-1,-1
337,28,1475.56,436.04,40.12,110.25,0.5354,-1,-1,-1
337,21,1060.63,397.39,195.26,617.52,0.8804,-1,-1,-1
338,50,0.44,449.54,148.71,335.94,0.8322,-1,-1,-1
338,47,734.87,483.64,47.70,116.55,0.3662,-1,-1,-1
338,46,228.23,440.35,216.66,383.41,0.7957,-1,-1,-1
338,44,1826.04,701.57,93.31,152.44,0.3539,-1,-1,-1
338,36,875.23,418.16,176.08,535.06,0.8205,-1,-1,-1
338,28,1479.26,436.08,41.46,109.67,0.5945,-1,-1,-1
338,21,1061.01,397.37,196.39,617.00,0.8736,-1,-1,-1
339,50,0.44,445.91,150.10,339.15,0.8344,-1,-1,-1
339,47,737.04,485.42,45.38,113.87,0.4451,-1,-1,-1
339,46,236.10,404.71,216.13,418.23,0.8189,-1,-1,-1
339,38,1207.84,447.23,87.14,232.16,0.3043,-1,-1,-1
339,36,875.65,418.27,172.23,535.08,0.8224,-1,-1,-1
339,28,1481.76,437.51,42.18,108.40,0.5214,-1,-1,-1
339,21,1062.52,396.46,192.54,617.64,0.8826,-1,-1,-1
340,52,679.77,491.62,49.30,112.63,0.3510,-1,-1,-1
340,50,0.45,442.50,148.33,343.99,0.8388,-1,-1,-1
340,47,736.94,485.03,44.88,113.96,0.4510,-1,-1,-1
340,46,232.58,405.70,227.37,417.94,0.8486,-1,-1,-1
340,36,877.51,418.18,169.13,534.88,0.8207,-1,-1,-1
340,28,1484.32,436.91,40.78,109.54,0.4274,-1,-1,-1
340,21,1062.63,398.98,194.78,614.78,0.8842,-1,-1,-1
341,52,679.06,492.08,49.36,111.48,0.3512,-1,-1,-1
341,50,0.10,436.29,150.45,348.65,0.8458,-1,-1,-1
341,47,736.28,483.34,45.06,115.75,0.4481,-1,-1,-1
341,46,239.37,431.18,219.88,391.13,0.8178,-1,-1,-1
341,36,878.45,417.92,168.48,534.63,0.8211,-1,-1,-1
341,21,1063.89,403.18,194.14,610.76,0.8853,-1,-1,-1
342,52,679.11,489.39,50.43,114.77,0.3736,-1,-1,-1
342,50,0.74,441.68,151.38,342.99,0.8342,-1,-1,-1
342,47,738.30,483.49,43.41,114.98,0.4751,-1,-1,-1
342,46,239.85,433.71,222.93,387.32,0.8159,-1,-1,-1
342,36,882.66,423.41,172.44,529.08,0.8177,-1,-1,-1
342,21,1065.59,400.20,197.01,613.23,0.8777,-1,-1,-1
343,52,676.75,489.08,54.09,113.40,0.3016,-1,-1,-1
343,50,0.40,433.54,151.07,356.48,0.7921,-1,-1,-1
343,47,738.22,485.31,45.18,113.33,0.4102,-1,-1,-1
343,46,242.45,431.38,218.74,388.66,0.8163,-1,-1,-1
343,36,885.03,423.35,168.56,529.26,0.8164,-1,-1,-1
343,21,1065.29,400.91,193.64,612.67,0.8819,-1,-1,-1
344,52,676.50,488.09,54.94,115.94,0.3688,-1,-1,-1
344,50,9.80,436.44,141.34,349.93,0.7776,-1,-1,-1
344,47,736.75,485.05,46.70,114.62,0.4690,-1,-1,-1
344,46,245.47,412.53,215.19,405.43,0.8107,-1,-1,-1
344,36,887.04,424.42,167.59,527.95,0.8186,-1,-1,-1
344,21,1066.08,399.56,195.04,614.31,0.8784,-1,-1,-1
345,52,678.72,490.09,52.98,114.22,0.3220,-1,-1,-1
345,50,13.16,433.93,140.16,354.21,0.8136,-1,-1,-1
345,47,734.12,483.70,49.79,114.89,0.3778,-1,-1,-1
345,46,249.07,407.25,210.54,409.99,0.8543,-1,-1,-1
345,38,1195.26,409.99,113.28,273.10,0.3104,-1,-1,-1
345,36,889.52,424.17,164.30,527.69,0.8060,-1,-1,-1
345,21,1066.18,401.16,198.91,611.84,0.8807,-1,-1,-1
346,52,676.14,492.85,54.69,112.48,0.3181,-1,-1,-1
346,50,38.71,437.54,121.54,347.81,0.8019,-1,-1,-1
346,47,733.46,482.88,50.86,116.00,0.4084,-1,-1,-1
346,46,261.80,401.90,197.70,413.64,0.8381,-1,-1,-1
346,36,890.06,424.08,168.39,527.33,0.8131,-1,-1,-1
346,21,1066.74,400.31,196.54,613.60,0.8778,-1,-1,-1
347,52,671.77,488.22,58.65,119.81,0.3347,-1,-1,-1
347,50,53.83,439.86,120.55,342.12,0.8050,-1,-1,-1
347,47,733.56,484.37,50.26,114.72,0.3356,-1,-1,-1
347,46,273.54,402.72,187.69,414.68,0.8133,-1,-1,-1
347,36,891.62,424.20,168.90,526.99,0.8082,-1,-1,-1
347,21,1067.61,403.04,198.75,611.13,0.8741,-1,-1,-1
348,50,53.99,434.93,131.10,348.11,0.6841,-1,-1,-1
348,47,730.80,481.35,54.08,116.60,0.3806,-1,-1,-1
348,46,292.05,408.11,172.14,406.55,0.7898,-1,-1,-1
348,36,896.34,423.11,158.87,527.73,0.8009,-1,-1,-1
348,32,480.66,447.21,48.60,114.63,0.3001,-1,-1,-1
348,21,1067.11,399.25,200.75,614.45,0.8733,-1,-1,-1
349,50,42.02,433.97,151.52,349.47,0.5192,-1,-1,-1
349,46,299.58,400.55,157.89,403.41,0.8059,-1,-1,-1
349,36,899.12,421.98,158.71,529.34,0.8063,-1,-1,-1
349,21,1067.28,402.37,201.48,611.78,0.8727,-1,-1,-1
350,50,75.67,437.03,139.28,346.63,0.7810,-1,-1,-1
350,46,317.01,397.59,142.27,406.57,0.8006,-1,-1,-1
350,36,898.87,421.40,163.64,529.89,0.8087,-1,-1,-1
350,32,474.66,444.01,53.71,117.97,0.4960,-1,-1,-1
350,21,1066.60,399.63,201.26,614.00,0.8741,-1,-1,-1
351,53,0.46,494.82,53.17,359.77,0.5297,-1,-1,-1
351,50,69.04,438.37,177.85,345.01,0.8100,-1,-1,-1
351,46,343.72,389.95,117.82,408.50,0.7794,-1,-1,-1
351,36,898.88,421.73,164.05,528.84,0.8005,-1,-1,-1
351,32,476.76,446.96,50.85,114.77,0.4336,-1,-1,-1
351,21,1066.71,399.68,198.79,614.23,0.8754,-1,-1,-1
352,53,0.27,506.71,61.88,348.98,0.5708,-1,-1,-1
352,50,71.54,436.15,193.77,345.63,0.8394,-1,-1,-1
352,46,359.24,396.82,110.98,401.24,0.7256,-1,-1,-1
352,36,900.07,422.62,163.51,527.35,0.7984,-1,-1,-1
352,32,477.06,445.49,50.62,115.83,0.4016,-1,-1,-1
352,21,1066.02,400.73,201.79,613.43,0.8788,-1,-1,-1
353,53,0.31,507.10,72.93,349.33,0.6886,-1,-1,-1
353,50,79.16,434.92,203.79,347.89,0.8505,-1,-1,-1
353,47,737.61,486.18,43.56,112.88,0.3161,-1,-1,-1
353,46,369.73,416.53,111.40,383.65,0.5818,-1,-1,-1
353,36,900.44,421.20,161.55,527.69,0.8015,-1,-1,-1
353,21,1065.36,400.15,200.87,614.23,0.8772,-1,-1,-1
354,53,0.50,498.78,81.67,354.56,0.6864,-1,-1,-1
354,50,83.80,435.97,208.15,346.51,0.8236,-1,-1,-1
354,47,734.59,485.45,48.09,112.51,0.3231,-1,-1,-1
354,46,365.06,398.90,126.25,402.35,0.5872,-1,-1,-1
354,36,901.22,421.94,165.01,527.71,0.7946,-1,-1,-1
354,21,1065.45,399.04,201.51,615.38,0.8736,-1,-1,-1
355,53,0.39,466.85,111.19,385.99,0.7159,-1,-1,-1
355,50,86.06,439.62,208.94,336.97,0.8582,-1,-1,-1
355,47,736.32,484.84,45.06,113.14,0.3868,-1,-1,-1
355,46,344.78,392.02,160.33,404.60,0.5678,-1,-1,-1
355,36,901.47,421.90,165.38,526.10,0.7722,-1,-1,-1
355,21,1066.19,400.62,198.73,613.35,0.8756,-1,-1,-1
356,53,0.35,450.42,152.88,402.38,0.8013,-1,-1,-1
356,50,100.49,439.06,195.85,332.46,0.8341,-1,-1,-1
356,47,739.30,486.85,41.68,112.06,0.4018,-1,-1,-1
356,46,351.16,402.77,167.18,395.75,0.6160,-1,-1,-1
356,36,903.67,421.96,159.94,524.05,0.7563,-1,-1,-1
356,21,1066.06,401.60,198.46,613.48,0.8681,-1,-1,-1
357,53,0.40,451.21,180.88,407.07,0.8446,-1,-1,-1
357,52,679.90,479.17,55.63,121.85,0.3066,-1,-1,-1
357,50,114.11,437.29,183.27,330.28,0.8121,-1,-1,-1
357,46,359.28,405.47,189.43,395.25,0.6806,-1,-1,-1
357,36,904.53,421.68,157.45,522.65,0.7651,-1,-1,-1
357,21,1066.20,399.38,204.50,615.54,0.8534,-1,-1,-1
358,54,1053.81,435.95,62.13,208.59,0.5519,-1,-1,-1
358,53,0.22,452.97,205.65,402.94,0.8562,-1,-1,-1
358,50,128.15,437.55,168.66,329.95,0.8110,-1,-1,-1
358,47,735.90,483.96,45.66,115.82,0.3777,-1,-1,-1
358,46,393.01,400.62,173.78,396.08,0.6522,-1,-1,-1
358,36,904.09,418.90,158.29,524.87,0.7857,-1,-1,-1
358,21,1066.90,400.41,204.15,614.39,0.8522,-1,-1,-1
359,54,1043.78,428.24,66.50,214.75,0.4369,-1,-1,-1
359,53,0.00,445.81,208.27,408.61,0.8451,-1,-1,-1
359,50,134.81,435.12,162.50,332.65,0.8211,-1,-1,-1
359,47,735.70,483.16,46.48,116.71,0.3854,-1,-1,-1
359,46,394.95,407.34,185.28,392.35,0.8124,-1,-1,-1
359,36,907.55,419.54,154.92,523.99,0.7900,-1,-1,-1
359,21,1067.21,399.14,205.27,615.38,0.8521,-1,-1,-1
360,53,0.16,446.90,215.76,407.03,0.8747,-1,-1,-1
360,50,145.66,436.36,153.64,326.81,0.7774,-1,-1,-1
360,47,737.70,487.54,44.25,112.43,0.3582,-1,-1,-1
360,46,398.30,411.23,191.15,387.22,0.8068,-1,-1,-1
360,36,908.81,420.16,158.87,522.75,0.7899,-1,-1,-1
360,21,1066.94,401.09,207.66,613.81,0.8503,-1,-1,-1
361,53,0.08,443.94,221.07,408.88,0.8764,-1,-1,-1
361,50,171.02,435.40,129.11,328.46,0.7516,-1,-1,-1
361,46,395.49,405.19,203.16,393.21,0.8433,-1,-1,-1
361,36,908.98,419.16,158.71,519.56,0.7993,-1,-1,-1
361,21,1066.97,402.39,209.30,612.26,0.8538,-1,-1,-1
362,53,0.00,445.62,232.38,409.48,0.8542,-1,-1,-1
362,50,174.44,440.31,123.24,324.89,0.6718,-1,-1,-1
362,46,394.70,406.54,204.29,392.74,0.8476,-1,-1,-1
362,36,909.23,416.60,161.27,519.96,0.8060,-1,-1,-1
362,21,1068.37,402.30,209.03,612.64,0.8602,-1,-1,-1
363,53,0.00,446.90,230.28,406.12,0.8442,-1,-1,-1
363,50,182.88,438.05,114.58,328.09,0.7533,-1,-1,-1
363,47,732.36,482.21,48.27,116.20,0.3875,-1,-1,-1
363,46,390.52,411.49,209.51,386.87,0.8394,-1,-1,-1
363,36,913.58,419.79,161.75,516.70,0.8019,-1,-1,-1
363,28,1541.04,426.08,40.83,118.56,0.3506,-1,-1,-1
363,21,1068.12,401.57,209.04,613.01,0.8536,-1,-1,-1
364,53,0.00,440.15,229.52,409.33,0.8533,-1,-1,-1
364,50,197.02,442.81,101.37,321.76,0.7325,-1,-1,-1
364,47,732.83,482.93,48.12,116.08,0.4328,-1,-1,-1
364,46,394.00,415.69,204.80,383.08,0.8503,-1,-1,-1
364,36,914.93,412.52,160.38,521.90,0.8269,-1,-1,-1
364,28,1543.08,426.36,40.60,118.33,0.3538,-1,-1,-1
364,21,1068.15,401.38,211.05,613.35,0.8541,-1,-1,-1
365,53,1.97,442.00,233.28,410.34,0.8605,-1,-1,-1
365,50,202.33,437.35,103.30,327.86,0.7411,-1,-1,-1
365,47,733.71,481.34,47.79,118.28,0.4254,-1,-1,-1
365,46,393.20,412.36,205.28,385.62,0.8574,-1,-1,-1
365,36,916.78,412.70,160.05,521.87,0.8190,-1,-1,-1
365,21,1068.08,402.91,209.96,611.16,0.8522,-1,-1,-1
366,53,3.87,442.81,232.03,406.13,0.8590,-1,-1,-1
366,50,207.59,435.25,104.62,329.29,0.7747,-1,-1,-1
366,47,733.21,482.26,46.23,116.45,0.4094,-1,-1,-1
366,46,396.56,410.96,202.42,381.88,0.8220,-1,-1,-1
366,36,919.47,412.01,159.93,523.54,0.8291,-1,-1,-1
366,21,1068.20,399.49,209.09,615.49,0.8472,-1,-1,-1
367,53,30.94,441.88,204.36,394.05,0.7861,-1,-1,-1
367,50,218.63,436.59,108.32,327.62,0.7566,-1,-1,-1
367,47,731.95,481.50,46.51,117.16,0.4554,-1,-1,-1
367,46,399.12,404.25,195.07,387.03,0.8418,-1,-1,-1
367,36,922.78,410.40,157.03,525.47,0.8253,-1,-1,-1
367,21,1068.56,401.23,212.46,613.82,0.8218,-1,-1,-1
368,53,55.81,435.99,175.29,390.83,0.7830,-1,-1,-1
368,50,227.55,438.43,122.98,326.64,0.7359,-1,-1,-1
368,47,731.16,481.88,47.49,116.62,0.4662,-1,-1,-1
368,46,401.61,394.61,190.55,393.70,0.8463,-1,-1,-1
368,36,924.95,409.63,155.62,525.68,0.8198,-1,-1,-1
368,21,1068.20,398.71,220.28,616.32,0.7877,-1,-1,-1
369,53,88.02,432.93,145.32,392.16,0.7696,-1,-1,-1
369,50,233.75,434.08,140.01,330.45,0.8104,-1,-1,-1
369,47,731.50,482.60,47.53,115.90,0.4196,-1,-1,-1
369,46,408.50,395.92,182.56,393.07,0.8536,-1,-1,-1
369,36,926.02,415.83,155.37,517.11,0.8220,-1,-1,-1
369,21,1069.27,400.54,223.24,614.56,0.7462,-1,-1,-1
370,53,114.83,436.14,121.38,385.97,0.8105,-1,-1,-1
370,50,239.76,431.72,155.16,331.65,0.8301,-1,-1,-1
370,47,730.86,480.64,47.53,117.86,0.4005,-1,-1,-1
370,46,415.71,408.85,175.32,381.92,0.8351,-1,-1,-1
370,36,929.44,416.75,157.52,519.94,0.8016,-1,-1,-1
370,21,1068.87,397.07,220.04,617.80,0.7952,-1,-1,-1
371,53,132.16,441.61,119.76,379.02,0.7981,-1,-1,-1
371,50,241.04,432.23,166.07,330.60,0.8392,-1,-1,-1
371,47,729.96,481.50,48.57,118.02,0.3850,-1,-1,-1
371,46,430.32,401.24,163.96,387.82,0.8320,-1,-1,-1
371,36,933.34,415.69,155.41,521.16,0.7965,-1,-1,-1
371,21,1069.78,398.05,211.24,616.43,0.7178,-1,-1,-1
372,53,136.03,438.10,122.46,382.74,0.7601,-1,-1,-1
372,50,240.63,435.69,171.07,325.82,0.8179,-1,-1,-1
372,47,731.06,482.43,46.20,116.08,0.3729,-1,-1,-1
372,46,442.34,426.53,150.41,352.38,0.7975,-1,-1,-1
372,36,935.72,415.64,154.71,520.85,0.7960,-1,-1,-1
372,21,1070.58,397.35,216.00,616.62,0.8190,-1,-1,-1
373,55,0.00,490.02,46.43,318.21,0.6281,-1,-1,-1
373,53,146.01,434.57,147.73,384.51,0.8089,-1,-1,-1
373,50,253.18,436.02,160.51,318.68,0.8034,-1,-1,-1
373,47,731.93,482.84,47.04,114.41,0.3945,-1,-1,-1
373,46,462.04,399.68,142.28,375.32,0.8000,-1,-1,-1
373,36,938.01,416.55,154.58,521.29,0.7950,-1,-1,-1
373,21,1070.69,397.24,219.28,617.32,0.8387,-1,-1,-1
374,55,0.32,491.46,50.95,317.16,0.7026,-1,-1,-1
374,53,154.97,431.11,148.21,386.68,0.7264,-1,-1,-1
374,50,266.72,443.09,152.50,300.57,0.7789,-1,-1,-1
374,47,732.85,479.80,47.65,118.54,0.3961,-1,-1,-1
374,46,473.32,400.52,138.92,371.06,0.7724,-1,-1,-1
374,36,943.78,417.04,150.96,519.37,0.7884,-1,-1,-1
374,21,1071.53,398.24,217.97,616.05,0.8098,-1,-1,-1
375,55,0.30,486.14,60.02,326.55,0.6592,-1,-1,-1
375,53,157.38,434.51,178.48,382.63,0.8168,-1,-1,-1
375,50,279.41,453.38,140.37,294.28,0.7425,-1,-1,-1
375,47,733.40,480.02,47.50,118.90,0.3846,-1,-1,-1
375,46,482.55,409.23,142.77,362.15,0.7128,-1,-1,-1
375,36,941.52,412.83,153.34,522.01,0.7756,-1,-1,-1
375,21,1071.24,400.21,219.22,613.35,0.7954,-1,-1,-1
376,55,0.22,480.09,73.30,331.93,0.7803,-1,-1,-1
376,53,153.78,438.43,195.89,378.36,0.7681,-1,-1,-1
376,50,275.08,434.55,146.88,313.83,0.7423,-1,-1,-1
376,47,730.63,478.98,49.10,120.25,0.3214,-1,-1,-1
376,46,487.67,403.45,142.61,364.93,0.6939,-1,-1,-1
376,36,944.40,418.18,148.85,521.23,0.7739,-1,-1,-1
376,21,1071.33,399.82,221.68,613.15,0.8087,-1,-1,-1
377,55,0.22,440.80,106.27,368.02,0.7789,-1,-1,-1
377,53,152.40,441.12,211.74,376.27,0.7974,-1,-1,-1
377,50,283.01,442.35,143.03,306.15,0.7057,-1,-1,-1
377,47,731.46,481.81,47.34,117.94,0.3284,-1,-1,-1
377,46,487.57,398.92,146.39,369.98,0.7358,-1,-1,-1
377,36,946.17,417.60,153.22,521.18,0.7970,-1,-1,-1
377,21,1071.02,400.90,225.66,613.97,0.8123,-1,-1,-1
378,55,0.09,433.84,141.21,375.70,0.8289,-1,-1,-1
378,53,154.67,440.88,212.87,376.35,0.8198,-1,-1,-1
378,50,293.28,440.23,131.95,311.51,0.6757,-1,-1,-1
378,47,731.73,482.75,46.01,114.54,0.3457,-1,-1,-1
378,46,493.22,394.66,150.05,376.73,0.7880,-1,-1,-1
378,36,945.50,411.20,157.61,523.62,0.7802,-1,-1,-1
378,21,1071.71,398.66,222.31,616.43,0.7752,-1,-1,-1
379,55,0.15,433.43,139.41,373.95,0.8210,-1,-1,-1
379,53,154.53,442.22,215.32,374.61,0.8247,-1,-1,-1
379,52,691.29,479.60,42.22,106.69,0.3110,-1,-1,-1
379,50,314.31,438.86,110.83,310.03,0.6841,-1,-1,-1
379,47,731.92,482.00,44.79,116.15,0.3895,-1,-1,-1
379,46,499.89,397.44,163.75,374.27,0.7933,-1,-1,-1
379,36,945.26,410.44,157.24,524.27,0.8144,-1,-1,-1
379,21,1070.92,396.26,221.10,617.78,0.8307,-1,-1,-1
380,55,0.41,432.18,162.69,374.44,0.7753,-1,-1,-1
380,53,157.54,444.05,220.95,370.58,0.8376,-1,-1,-1
380,50,323.55,447.10,97.31,305.49,0.6351,-1,-1,-1
380,47,731.12,479.92,43.35,117.21,0.3587,-1,-1,-1
380,46,504.72,400.16,166.47,371.28,0.6394,-1,-1,-1
380,36,946.23,406.06,160.28,527.66,0.8113,-1,-1,-1
380,21,1071.74,394.90,220.23,619.14,0.8255,-1,-1,-1
381,55,0.53,441.77,172.46,364.77,0.7523,-1,-1,-1
381,53,153.55,444.77,226.09,365.68,0.8610,-1,-1,-1
381,50,322.52,440.94,98.46,311.89,0.7057,-1,-1,-1
381,47,730.47,479.35,47.80,119.63,0.3083,-1,-1,-1
381,46,517.95,409.55,142.22,362.33,0.5864,-1,-1,-1
381,36,955.29,413.58,153.03,525.83,0.7699,-1,-1,-1
381,21,1072.33,393.32,215.21,621.17,0.7992,-1,-1,-1
382,55,0.16,440.39,177.53,365.16,0.8045,-1,-1,-1
382,53,163.86,442.22,214.41,368.22,0.8295,-1,-1,-1
382,52,691.12,471.50,44.58,117.91,0.3278,-1,-1,-1
382,50,335.09,442.00,96.02,306.60,0.6878,-1,-1,-1
382,47,730.62,479.13,49.90,121.27,0.3573,-1,-1,-1
382,46,537.44,405.60,135.90,364.28,0.6057,-1,-1,-1
382,36,951.48,416.31,159.58,518.40,0.7518,-1,-1,-1
382,21,1073.68,398.58,221.23,616.24,0.8144,-1,-1,-1
383,55,0.03,439.37,190.74,365.60,0.8582,-1,-1,-1
383,53,187.87,442.08,191.46,367.65,0.7935,-1,-1,-1
383,52,690.74,463.61,44.54,125.89,0.3417,-1,-1,-1
383,50,346.07,444.67,99.32,299.45,0.5557,-1,-1,-1
383,47,730.27,477.32,52.23,122.56,0.3670,-1,-1,-1
383,46,524.91,414.29,156.01,356.19,0.6916,-1,-1,-1
383,36,954.09,417.33,156.17,522.10,0.6962,-1,-1,-1
383,21,1073.41,397.62,220.40,617.35,0.8288,-1,-1,-1
384,55,0.44,434.27,198.62,372.39,0.8756,-1,-1,-1
384,53,197.93,434.79,181.50,374.86,0.7938,-1,-1,-1
384,52,686.93,466.60,47.87,125.30,0.3557,-1,-1,-1
384,50,365.02,457.54,91.46,286.23,0.6045,-1,-1,-1
384,47,730.02,474.98,50.43,126.13,0.4519,-1,-1,-1
384,46,528.62,406.82,156.99,363.42,0.7506,-1,-1,-1
384,36,955.72,416.51,151.93,523.37,0.7106,-1,-1,-1
384,21,1073.87,397.07,220.03,617.93,0.8328,-1,-1,-1
385,55,0.37,437.72,210.05,368.81,0.8629,-1,-1,-1
385,53,214.75,432.88,165.83,369.12,0.8060,-1,-1,-1
385,52,686.87,468.52,47.41,126.59,0.3845,-1,-1,-1
385,50,362.97,438.33,98.96,305.23,0.7056,-1,-1,-1
385,47,730.57,472.01,49.53,128.97,0.5479,-1,-1,-1
385,46,534.44,407.88,154.30,362.61,0.7874,-1,-1,-1
385,36,958.20,416.42,149.22,524.20,0.7201,-1,-1,-1
385,21,1074.13,397.19,218.65,617.81,0.7877,-1,-1,-1
386,55,0.00,434.43,208.63,373.83,0.8359,-1,-1,-1
386,53,235.05,436.04,143.57,364.47,0.7921,-1,-1,-1
386,52,690.90,468.64,42.48,125.93,0.3452,-1,-1,-1
386,50,366.58,437.80,118.70,307.89,0.7071,-1,-1,-1
386,47,731.07,470.25,48.59,130.17,0.5290,-1,-1,-1
386,46,539.53,405.37,154.08,364.27,0.8329,-1,-1,-1
386,36,960.76,414.14,149.19,527.73,0.7416,-1,-1,-1
386,21,1073.72,397.54,220.62,616.99,0.7060,-1,-1,-1
387,55,2.47,434.65,204.81,370.82,0.8367,-1,-1,-1
387,53,259.29,430.07,119.82,368.62,0.5758,-1,-1,-1
387,52,691.33,474.61,42.45,116.15,0.3117,-1,-1,-1
387,50,365.78,438.25,148.26,309.19,0.8056,-1,-1,-1
387,47,731.36,471.21,48.31,129.25,0.5301,-1,-1,-1
387,46,541.36,407.42,150.28,359.90,0.8455,-1,-1,-1
387,36,959.49,417.04,148.21,523.28,0.7225,-1,-1,-1
387,21,1073.37,397.74,220.45,616.47,0.7757,-1,-1,-1
388,55,14.66,433.31,191.99,370.01,0.8071,-1,-1,-1
388,53,279.02,434.44,100.27,362.32,0.6753,-1,-1,-1
388,52,691.91,473.32,42.25,120.54,0.3500,-1,-1,-1
388,50,366.77,440.63,159.43,308.21,0.7892,-1,-1,-1
388,47,730.53,468.74,48.63,133.95,0.4964,-1,-1,-1
388,46,545.42,405.20,146.62,358.23,0.8252,-1,-1,-1
388,36,960.43,417.93,144.14,522.36,0.7216,-1,-1,-1
388,21,1055.55,396.98,255.27,618.40,0.7372,-1,-1,-1
389,55,25.69,423.34,182.49,374.81,0.7874,-1,-1,-1
389,53,285.02,428.06,101.84,371.55,0.6786,-1,-1,-1
389,52,692.20,475.61,40.58,116.04,0.3357,-1,-1,-1
389,50,362.26,441.98,172.20,302.62,0.8016,-1,-1,-1
389,47,730.47,472.62,48.63,129.33,0.5033,-1,-1,-1
389,46,548.14,408.95,145.04,354.43,0.8064,-1,-1,-1
389,36,963.14,418.20,138.02,521.98,0.7017,-1,-1,-1
389,21,1054.50,397.54,312.22,617.35,0.7262,-1,-1,-1
390,57,919.73,435.98,68.25,153.44,0.4018,-1,-1,-1
390,55,37.51,429.46,174.57,367.86,0.7948,-1,-1,-1
390,53,280.33,436.16,114.89,362.70,0.5260,-1,-1,-1
390,50,368.11,440.99,172.12,302.78,0.8139,-1,-1,-1
390,47,729.72,474.23,50.32,129.89,0.4865,-1,-1,-1
390,46,555.19,410.07,139.04,351.47,0.8007,-1,-1,-1
390,36,966.11,417.94,134.43,523.79,0.6751,-1,-1,-1
390,21,1058.53,397.12,308.47,618.75,0.7742,-1,-1,-1
391,57,917.39,434.86,67.83,154.41,0.3720,-1,-1,-1
391,55,43.31,430.12,169.15,367.92,0.7605,-1,-1,-1
391,53,301.50,439.02,102.96,360.82,0.5330,-1,-1,-1
391,52,689.99,477.79,41.21,110.86,0.3291,-1,-1,-1
391,50,377.70,441.26,163.73,298.89,0.7847,-1,-1,-1
391,47,728.41,471.08,51.33,132.21,0.4435,-1,-1,-1
391,46,561.03,412.42,133.34,352.25,0.8018,-1,-1,-1
391,36,974.49,416.14,125.42,529.85,0.6590,-1,-1,-1
391,21,1052.99,397.05,315.40,618.42,0.7778,-1,-1,-1
392,57,926.14,434.79,55.73,156.41,0.5648,-1,-1,-1
392,55,56.06,434.78,158.79,360.61,0.7637,-1,-1,-1
392,53,307.58,437.79,125.18,362.36,0.6567,-1,-1,-1
392,50,392.21,439.03,149.83,298.92,0.7245,-1,-1,-1
392,47,727.83,467.47,52.02,134.99,0.4473,-1,-1,-1
392,46,569.53,407.46,126.34,359.19,0.7869,-1,-1,-1
392,36,980.44,410.82,122.16,527.93,0.6500,-1,-1,-1
392,21,1052.32,398.23,310.53,617.99,0.7845,-1,-1,-1
393,57,924.63,437.81,54.96,164.24,0.6499,-1,-1,-1
393,55,87.72,429.34,132.54,366.02,0.6330,-1,-1,-1
393,53,309.01,441.53,151.15,358.73,0.7908,-1,-1,-1
393,52,684.35,470.80,43.71,120.71,0.3081,-1,-1,-1
393,50,400.94,439.79,141.33,296.27,0.7274,-1,-1,-1
393,47,727.85,467.25,52.35,134.88,0.5302,-1,-1,-1
393,46,577.22,415.21,119.14,338.36,0.7914,-1,-1,-1
393,36,966.27,419.08,134.89,523.86,0.6501,-1,-1,-1
393,21,1049.06,398.45,313.73,618.24,0.8134,-1,-1,-1
394,57,921.60,438.55,56.25,165.19,0.6389,-1,-1,-1
394,55,65.50,429.35,165.54,366.96,0.7570,-1,-1,-1
394,53,309.73,444.53,153.82,356.72,0.7241,-1,-1,-1
394,50,413.21,444.34,131.89,291.12,0.7292,-1,-1,-1
394,47,726.11,476.95,52.81,126.61,0.5980,-1,-1,-1
394,46,583.01,411.83,113.34,340.44,0.7606,-1,-1,-1
394,36,983.76,411.98,116.16,525.77,0.6298,-1,-1,-1
394,21,1056.18,398.12,266.47,617.06,0.6771,-1,-1,-1
395,57,919.45,439.76,54.71,162.70,0.5962,-1,-1,-1
395,55,70.39,431.81,165.01,364.95,0.7789,-1,-1,-1
395,53,309.49,444.07,160.17,357.52,0.7475,-1,-1,-1
395,50,423.09,440.42,121.45,295.15,0.7396,-1,-1,-1
395,47,724.56,469.99,53.78,136.30,0.6130,-1,-1,-1
395,46,587.65,413.82,111.59,335.22,0.7668,-1,-1,-1
395,36,986.70,412.95,111.99,523.96,0.6579,-1,-1,-1
395,21,1056.47,396.60,263.30,618.80,0.7000,-1,-1,-1
396,57,917.59,442.61,54.56,168.37,0.6768,-1,-1,-1
396,55,112.07,447.78,128.41,347.32,0.5854,-1,-1,-1
396,53,307.61,442.12,176.76,356.65,0.7601,-1,-1,-1
396,50,436.28,444.39,108.76,287.26,0.6563,-1,-1,-1
396,47,721.57,463.67,57.58,146.71,0.5792,-1,-1,-1
396,46,591.10,427.59,114.30,316.36,0.7561,-1,-1,-1
396,36,983.53,413.92,114.94,523.27,0.6218,-1,-1,-1
396,21,1058.41,399.13,301.85,617.79,0.7612,-1,-1,-1
397,57,914.91,442.71,56.04,166.65,0.6400,-1,-1,-1
397,55,135.60,433.98,116.65,363.14,0.6219,-1,-1,-1
397,53,308.39,429.97,174.77,368.53,0.7633,-1,-1,-1
397,50,450.02,477.25,93.19,252.46,0.5730,-1,-1,-1
397,47,719.79,463.81,58.35,145.42,0.5765,-1,-1,-1
397,46,595.41,417.12,114.49,328.01,0.7488,-1,-1,-1
397,36,984.52,413.81,113.89,524.45,0.6774,-1,-1,-1
397,21,1062.86,398.56,242.90,618.96,0.7906,-1,-1,-1
398,57,916.25,444.35,55.68,161.17,0.4854,-1,-1,-1
398,55,136.75,436.43,127.21,360.04,0.7496,-1,-1,-1
398,53,310.83,437.87,180.18,358.19,0.8204,-1,-1,-1
398,50,445.05,432.65,100.44,299.39,0.7328,-1,-1,-1
398,47,720.33,460.87,56.79,147.98,0.5430,-1,-1,-1
398,46,598.69,424.53,120.28,318.38,0.7559,-1,-1,-1
398,36,969.36,416.19,129.82,524.79,0.6354,-1,-1,-1
398,21,1065.35,399.27,239.72,619.24,0.8380,-1,-1,-1
399,57,913.71,436.17,57.63,174.76,0.5827,-1,-1,-1
399,55,133.23,432.37,164.48,362.29,0.7641,-1,-1,-1
399,53,315.12,438.51,173.23,358.58,0.8309,-1,-1,-1
399,50,467.13,441.41,80.97,290.90,0.6275,-1,-1,-1
399,47,720.05,464.68,54.67,144.16,0.5361,-1,-1,-1
399,46,605.00,429.17,126.63,310.87,0.7882,-1,-1,-1
399,36,967.76,415.48,132.91,525.27,0.6614,-1,-1,-1
399,21,1066.31,400.83,239.29,617.26,0.8375,-1,-1,-1
400,57,910.63,438.31,56.15,169.69,0.5659,-1,-1,-1
400,55,137.29,433.22,179.47,360.46,0.7803,-1,-1,-1
400,53,313.34,434.80,176.27,360.94,0.8428,-1,-1,-1
400,50,470.87,438.79,82.35,290.77,0.7307,-1,-1,-1
400,47,717.90,470.98,50.31,136.51,0.4776,-1,-1,-1
400,46,605.88,421.21,136.48,319.77,0.7794,-1,-1,-1
400,36,967.90,413.55,131.48,527.36,0.6565,-1,-1,-1
400,21,1068.52,400.29,236.32,618.64,0.8528,-1,-1,-1
401,59,1243.83,445.71,45.48,88.59,0.3022,-1,-1,-1
401,57,908.39,437.97,60.83,165.63,0.5768,-1,-1,-1
401,55,138.11,433.54,175.17,360.89,0.8140,-1,-1,-1
401,53,323.16,437.22,167.38,355.15,0.8149,-1,-1,-1
401,50,480.36,445.82,81.79,286.45,0.7209,-1,-1,-1
401,47,715.15,465.02,53.24,147.79,0.4253,-1,-1,-1
401,46,608.25,423.51,151.13,316.89,0.7721,-1,-1,-1
401,36,985.26,410.18,111.64,527.23,0.6369,-1,-1,-1
401,21,1069.60,399.42,235.11,619.71,0.8464,-1,-1,-1
402,57,903.27,438.33,69.99,170.96,0.5297,-1,-1,-1
402,55,141.51,436.91,172.69,355.77,0.8097,-1,-1,-1
402,53,338.84,445.57,151.73,344.95,0.8264,-1,-1,-1
402,50,482.31,452.22,90.73,276.41,0.7226,-1,-1,-1
402,47,715.72,462.50,54.21,147.47,0.4926,-1,-1,-1
402,46,616.07,413.26,154.65,327.42,0.8021,-1,-1,-1
402,36,985.65,410.61,111.27,527.17,0.6261,-1,-1,-1
402,21,1071.96,399.17,230.60,620.19,0.8370,-1,-1,-1
403,57,901.19,442.43,76.23,168.19,0.3596,-1,-1,-1
403,55,140.28,440.64,187.19,352.62,0.8039,-1,-1,-1
403,53,349.69,451.63,142.84,330.03,0.7465,-1,-1,-1
403,50,487.19,444.08,101.61,285.38,0.6044,-1,-1,-1
403,47,716.08,465.19,53.72,144.99,0.4663,-1,-1,-1
403,46,618.61,408.02,160.84,334.84,0.8362,-1,-1,-1
403,36,964.23,417.63,135.61,523.50,0.6182,-1,-1,-1
403,21,1075.68,399.71,226.37,619.29,0.8374,-1,-1,-1
404,59,1243.22,444.28,35.19,90.42,0.3165,-1,-1,-1
404,57,897.57,449.50,51.90,160.95,0.5255,-1,-1,-1
404,55,150.30,438.48,181.43,350.54,0.8273,-1,-1,-1
404,53,359.22,440.89,136.83,342.92,0.7213,-1,-1,-1
404,50,488.17,438.63,126.60,288.62,0.6404,-1,-1,-1
404,47,715.66,462.94,51.99,148.41,0.4497,-1,-1,-1
404,46,623.72,406.65,165.36,337.19,0.8022,-1,-1,-1
404,36,963.38,417.68,135.55,524.67,0.6687,-1,-1,-1
404,21,1076.83,399.83,226.07,620.63,0.8293,-1,-1,-1
405,57,895.15,454.89,51.73,155.23,0.4055,-1,-1,-1
405,55,154.30,436.25,174.19,351.31,0.8182,-1,-1,-1
405,53,383.73,434.95,110.50,341.32,0.7012,-1,-1,-1
405,50,494.48,446.11,127.14,282.05,0.6790,-1,-1,-1
405,47,716.88,469.13,50.92,142.70,0.3763,-1,-1,-1
405,46,627.32,418.11,166.50,326.52,0.7875,-1,-1,-1
405,36,963.62,416.31,135.47,525.56,0.6856,-1,-1,-1
405,21,1078.46,400.56,209.60,618.45,0.8328,-1,-1,-1
406,57,892.24,455.15,54.07,152.63,0.3649,-1,-1,-1
406,55,159.18,435.63,168.52,353.40,0.8076,-1,-1,-1
406,53,399.46,433.35,98.55,337.69,0.7057,-1,-1,-1
406,50,498.61,449.58,122.87,277.88,0.6744,-1,-1,-1
406,46,632.21,424.14,165.23,319.35,0.7930,-1,-1,-1
406,36,960.97,415.67,137.64,525.98,0.6971,-1,-1,-1
406,21,1076.08,398.71,209.05,621.31,0.8325,-1,-1,-1
407,59,1243.47,444.29,34.08,95.12,0.3275,-1,-1,-1
407,57,887.91,459.07,56.14,148.84,0.3129,-1,-1,-1
407,55,174.88,432.49,158.55,356.82,0.8026,-1,-1,-1
407,53,412.06,434.73,91.97,335.68,0.6730,-1,-1,-1
407,50,491.73,445.54,140.10,286.65,0.7084,-1,-1,-1
407,46,635.72,414.22,160.27,329.90,0.8541,-1,-1,-1
407,36,957.53,418.40,139.65,522.73,0.7252,-1,-1,-1
407,21,1075.67,395.96,203.08,622.85,0.8346,-1,-1,-1
408,57,877.44,454.06,64.00,156.13,0.4983,-1,-1,-1
408,55,188.99,433.54,146.76,350.57,0.7955,-1,-1,-1
408,53,403.68,433.60,106.00,337.26,0.6180,-1,-1,-1
408,50,499.78,437.77,140.05,292.18,0.7524,-1,-1,-1
408,46,641.40,419.78,156.01,325.34,0.8466,-1,-1,-1
408,36,960.06,417.06,137.94,523.86,0.7100,-1,-1,-1
408,21,1072.16,398.01,202.99,622.30,0.8385,-1,-1,-1
409,60,1827.11,463.55,81.05,187.35,0.3068,-1,-1,-1
409,59,1241.98,446.03,34.52,96.08,0.3696,-1,-1,-1
409,57,874.68,443.42,65.34,167.40,0.6134,-1,-1,-1
409,55,206.01,437.24,131.59,332.74,0.7232,-1,-1,-1
409,53,393.15,439.23,125.29,330.46,0.6158,-1,-1,-1
409,50,496.78,435.10,144.13,295.31,0.7531,-1,-1,-1
409,46,642.80,417.63,155.46,326.96,0.8314,-1,-1,-1
409,36,959.63,416.76,140.45,523.47,0.7043,-1,-1,-1
409,21,1073.44,399.59,198.94,619.35,0.8396,-1,-1,-1
410,59,1242.21,444.59,32.83,95.37,0.3120,-1,-1,-1
410,57,875.90,445.52,61.21,165.58,0.5701,-1,-1,-1
410,55,227.59,435.35,117.91,336.35,0.6605,-1,-1,-1
410,53,421.93,439.40,115.39,331.67,0.5810,-1,-1,-1
410,50,514.25,440.47,126.55,280.47,0.7308,-1,-1,-1
410,46,644.30,410.01,155.53,334.78,0.8197,-1,-1,-1
410,36,960.06,419.77,137.95,519.95,0.7095,-1,-1,-1
410,21,1072.92,397.86,190.89,621.13,0.8459,-1,-1,-1
411,59,1240.11,444.57,34.95,88.06,0.3015,-1,-1,-1
411,57,875.75,440.67,61.86,170.37,0.5405,-1,-1,-1
411,55,253.76,424.89,100.13,344.65,0.5464,-1,-1,-1
411,53,423.77,435.58,140.61,331.70,0.6693,-1,-1,-1
411,50,523.42,441.62,116.45,281.78,0.6931,-1,-1,-1
411,46,644.09,418.86,155.02,322.87,0.8265,-1,-1,-1
411,36,958.34,421.68,140.33,517.51,0.7181,-1,-1,-1
411,21,1071.54,398.29,185.21,620.62,0.8467,-1,-1,-1
412,59,1239.67,446.07,33.22,85.73,0.3086,-1,-1,-1
412,57,875.23,441.34,56.94,166.63,0.5160,-1,-1,-1
412,55,265.51,426.63,99.36,343.74,0.7140,-1,-1,-1
412,53,414.93,436.07,156.18,332.09,0.6617,-1,-1,-1
412,50,529.77,436.75,112.88,283.99,0.7386,-1,-1,-1
412,46,644.13,402.11,155.61,341.21,0.8270,-1,-1,-1
412,36,963.12,421.82,135.57,518.38,0.6861,-1,-1,-1
412,21,1070.48,400.53,187.14,617.61,0.8433,-1,-1,-1
413,57,876.55,440.00,54.19,167.32,0.4901,-1,-1,-1
413,55,266.89,426.30,109.05,345.69,0.7255,-1,-1,-1
413,53,434.94,434.67,156.60,331.96,0.7118,-1,-1,-1
413,50,553.68,436.21,94.84,283.18,0.6168,-1,-1,-1
413,46,647.27,409.66,152.66,331.27,0.8040,-1,-1,-1
413,36,958.51,421.39,141.61,518.56,0.7356,-1,-1,-1
413,21,1070.90,402.12,186.86,616.57,0.8518,-1,-1,-1
414,57,872.00,440.32,53.09,167.72,0.5951,-1,-1,-1
414,55,269.53,424.35,114.03,348.55,0.6973,-1,-1,-1
414,53,435.61,438.05,159.74,328.48,0.7424,-1,-1,-1
414,50,559.92,438.27,93.11,282.08,0.6543,-1,-1,-1
414,46,654.27,426.26,144.80,314.38,0.8022,-1,-1,-1
414,36,962.67,421.27,136.21,516.43,0.6944,-1,-1,-1
414,21,1064.70,405.31,192.01,613.87,0.8609,-1,-1,-1
415,57,872.26,441.48,49.73,166.49,0.7087,-1,-1,-1
415,55,276.63,434.82,121.37,337.43,0.6670,-1,-1,-1
415,53,432.34,439.44,163.30,327.38,0.7651,-1,-1,-1
415,50,560.77,433.04,91.62,288.97,0.6031,-1,-1,-1
415,46,658.24,426.59,141.63,314.74,0.8065,-1,-1,-1
415,36,964.84,418.89,131.24,519.70,0.7134,-1,-1,-1
415,21,1063.18,409.05,193.84,610.32,0.8578,-1,-1,-1
416,57,869.73,440.37,51.65,165.83,0.6147,-1,-1,-1
416,55,286.72,438.02,115.67,332.33,0.7308,-1,-1,-1
416,53,432.14,442.08,162.15,325.07,0.8113,-1,-1,-1
416,50,571.00,433.99,86.11,286.37,0.7329,-1,-1,-1
416,46,669.54,433.08,130.81,304.67,0.7948,-1,-1,-1
416,36,964.62,418.87,130.82,519.77,0.7053,-1,-1,-1
416,21,1060.49,412.17,198.32,607.60,0.8636,-1,-1,-1
417,57,868.47,438.65,50.89,167.24,0.6314,-1,-1,-1
417,55,285.36,439.10,135.83,329.35,0.5965,-1,-1,-1
417,53,433.48,454.02,162.86,313.39,0.7914,-1,-1,-1
417,50,566.01,436.89,102.01,282.46,0.6753,-1,-1,-1
417,46,678.19,421.08,122.74,312.57,0.8033,-1,-1,-1
417,36,970.17,416.35,126.56,518.08,0.6690,-1,-1,-1
417,21,1062.24,408.25,198.55,612.42,0.8532,-1,-1,-1
418,57,868.07,440.12,48.23,164.15,0.5207,-1,-1,-1
418,55,285.61,434.76,150.43,334.35,0.6845,-1,-1,-1
418,53,436.72,444.13,154.30,321.73,0.8079,-1,-1,-1
418,50,584.60,436.63,93.65,281.79,0.7152,-1,-1,-1
418,46,682.76,407.87,121.14,323.26,0.7850,-1,-1,-1
418,36,968.38,418.42,126.50,520.25,0.6730,-1,-1,-1
418,21,1059.12,403.55,201.77,616.90,0.8571,-1,-1,-1
419,57,865.64,441.35,45.24,163.48,0.5460,-1,-1,-1
419,55,287.33,439.17,162.37,330.39,0.7582,-1,-1,-1
419,53,440.26,435.48,158.75,328.05,0.8021,-1,-1,-1
419,50,588.59,437.62,90.22,279.50,0.7164,-1,-1,-1
419,46,688.85,404.09,120.90,327.22,0.8005,-1,-1,-1
419,36,970.63,420.29,125.48,515.96,0.6840,-1,-1,-1
419,21,1056.02,408.34,207.45,612.02,0.8490,-1,-1,-1
420,61,921.72,444.47,49.68,140.17,0.3275,-1,-1,-1
420,60,1830.97,464.14,68.56,184.88,0.3119,-1,-1,-1
420,55,290.65,443.86,162.83,325.59,0.7818,-1,-1,-1
420,53,449.44,433.97,148.38,329.23,0.7692,-1,-1,-1
420,50,582.98,437.03,100.70,277.36,0.7143,-1,-1,-1
420,46,695.67,408.07,116.25,322.53,0.7801,-1,-1,-1
420,36,970.81,413.37,123.43,524.33,0.5912,-1,-1,-1
420,21,1053.28,409.72,216.80,611.11,0.8393,-1,-1,-1
421,57,857.99,434.05,48.94,171.48,0.4989,-1,-1,-1
421,55,288.26,437.94,168.68,330.72,0.7781,-1,-1,-1
421,53,446.13,433.88,149.39,326.90,0.7421,-1,-1,-1
421,50,587.49,440.14,114.75,277.06,0.7297,-1,-1,-1
421,46,696.65,424.96,109.97,306.15,0.7099,-1,-1,-1
421,36,968.45,410.72,124.37,527.26,0.5960,-1,-1,-1
421,21,1050.34,408.89,216.82,611.86,0.8238,-1,-1,-1
422,63,1157.86,410.17,163.96,495.52,0.5068,-1,-1,-1
422,61,923.20,444.08,48.61,142.78,0.3061,-1,-1,-1
422,57,860.73,441.36,46.99,156.57,0.4726,-1,-1,-1
422,55,289.48,439.36,190.09,327.67,0.8232,-1,-1,-1
422,53,463.18,435.84,127.61,325.27,0.6973,-1,-1,-1
422,50,595.77,441.26,116.73,276.18,0.7147,-1,-1,-1
422,46,701.50,437.99,108.43,288.97,0.6475,-1,-1,-1
422,36,968.32,413.11,124.87,524.67,0.5194,-1,-1,-1
422,21,1046.15,405.73,215.60,615.94,0.8181,-1,-1,-1
423,63,1154.42,412.39,169.69,493.70,0.6562,-1,-1,-1
423,61,923.16,444.64,49.86,142.40,0.4132,-1,-1,-1
423,60,1833.28,466.35,70.97,183.76,0.3241,-1,-1,-1
423,57,856.06,438.79,52.02,161.80,0.5986,-1,-1,-1
423,55,288.94,435.40,187.06,331.02,0.7820,-1,-1,-1
423,53,473.23,438.53,117.92,317.84,0.7150,-1,-1,-1
423,50,602.28,444.31,125.47,271.64,0.7249,-1,-1,-1
423,46,707.35,437.34,105.91,291.20,0.6213,-1,-1,-1
423,36,969.09,418.68,123.10,517.99,0.4224,-1,-1,-1
423,21,1046.49,402.32,218.99,620.23,0.8158,-1,-1,-1
424,63,1150.72,412.42,174.53,499.92,0.5138,-1,-1,-1
424,61,923.32,444.07,48.96,142.08,0.3048,-1,-1,-1
424,57,850.13,438.85,53.56,164.14,0.5306,-1,-1,-1
424,55,301.88,436.81,172.68,327.38,0.7752,-1,-1,-1
424,53,477.35,437.32,120.71,321.19,0.7190,-1,-1,-1
424,50,607.86,443.09,134.03,272.44,0.7741,-1,-1,-1
424,46,710.98,427.98,105.27,302.50,0.6344,-1,-1,-1
424,36,968.92,486.01,120.81,448.57,0.4158,-1,-1,-1
424,21,1049.14,397.82,216.46,627.36,0.7840,-1,-1,-1
425,63,1163.53,412.68,161.59,511.45,0.6051,-1,-1,-1
425,57,850.63,440.52,47.81,157.53,0.5430,-1,-1,-1
425,55,312.60,438.50,163.40,325.09,0.7789,-1,-1,-1
425,53,490.29,439.62,110.31,318.59,0.6390,-1,-1,-1
425,50,609.32,451.50,129.20,264.42,0.7356,-1,-1,-1
425,46,713.26,416.42,118.30,309.58,0.7297,-1,-1,-1
425,36,971.44,489.29,119.04,443.66,0.5232,-1,-1,-1
425,21,1049.73,396.98,203.67,636.99,0.7193,-1,-1,-1
426,63,1164.17,411.14,162.61,517.16,0.5898,-1,-1,-1
426,61,920.18,445.49,51.78,142.68,0.3918,-1,-1,-1
426,57,848.26,438.73,47.05,159.17,0.5964,-1,-1,-1
426,55,324.25,432.58,150.51,331.95,0.7909,-1,-1,-1
426,53,523.13,438.16,91.42,314.90,0.6455,-1,-1,-1
426,50,609.37,448.58,133.22,269.22,0.7206,-1,-1,-1
426,46,713.96,409.20,117.46,316.62,0.7550,-1,-1,-1
426,36,970.93,490.04,119.01,441.08,0.5296,-1,-1,-1
426,21,1051.50,397.61,198.49,640.10,0.7136,-1,-1,-1
427,64,1736.42,337.21,183.42,588.20,0.5297,-1,-1,-1
427,63,1157.70,408.75,174.38,521.98,0.4893,-1,-1,-1
427,57,843.65,436.52,49.72,163.46,0.4927,-1,-1,-1
427,55,332.21,433.66,147.35,324.77,0.7857,-1,-1,-1
427,53,519.10,438.77,94.94,315.18,0.6316,-1,-1,-1
427,50,608.53,450.11,131.06,268.07,0.7150,-1,-1,-1
427,46,720.97,410.41,109.67,316.69,0.7452,-1,-1,-1
427,36,971.97,431.91,120.60,499.72,0.4410,-1,-1,-1
427,21,1056.05,401.64,181.16,637.31,0.6815,-1,-1,-1
428,64,1681.21,329.14,238.45,627.61,0.6095,-1,-1,-1
428,63,1144.35,412.98,183.19,629.85,0.4302,-1,-1,-1
428,57,841.29,443.23,50.39,155.77,0.5171,-1,-1,-1
428,55,351.57,437.92,128.81,314.28,0.7381,-1,-1,-1
428,53,499.63,437.37,117.60,318.98,0.6649,-1,-1,-1
428,50,605.96,446.01,132.85,269.19,0.6943,-1,-1,-1
428,46,723.70,421.56,116.74,306.90,0.7234,-1,-1,-1
428,36,973.15,433.13,121.67,491.75,0.5751,-1,-1,-1
428,21,1060.60,408.66,162.26,613.37,0.6651,-1,-1,-1
429,64,1633.64,324.47,286.31,613.85,0.4651,-1,-1,-1
429,63,1144.71,415.52,183.19,635.39,0.3503,-1,-1,-1
429,55,371.50,438.75,112.80,313.23,0.7167,-1,-1,-1
429,53,497.45,438.92,132.35,316.29,0.6045,-1,-1,-1
429,50,620.95,439.68,116.67,273.77,0.7093,-1,-1,-1
429,46,727.12,437.97,117.49,289.58,0.7136,-1,-1,-1
429,36,974.55,458.65,118.50,474.07,0.5119,-1,-1,-1
429,21,1060.43,401.36,164.19,617.78,0.6599,-1,-1,-1
430,64,1581.40,320.10,338.11,622.87,0.4808,-1,-1,-1
430,63,1148.92,417.13,181.33,634.65,0.3089,-1,-1,-1
430,62,1252.59,424.90,91.24,242.68,0.3141,-1,-1,-1
430,57,840.39,438.30,45.16,155.12,0.3815,-1,-1,-1
430,55,378.07,437.68,107.45,309.21,0.7391,-1,-1,-1
430,53,512.75,437.93,142.65,318.16,0.5809,-1,-1,-1
430,50,638.80,441.64,101.71,271.16,0.6002,-1,-1,-1
430,46,728.37,431.64,121.80,295.77,0.6789,-1,-1,-1
430,36,975.22,442.59,119.49,485.34,0.5744,-1,-1,-1
430,21,1063.55,403.40,164.57,626.18,0.6894,-1,-1,-1
431,64,1536.38,304.86,383.17,713.89,0.7127,-1,-1,-1
431,63,1143.46,417.28,180.17,647.33,0.3020,-1,-1,-1
431,62,1255.91,423.13,94.20,256.75,0.3473,-1,-1,-1
431,57,840.22,440.88,42.50,153.42,0.5894,-1,-1,-1
431,55,383.81,438.13,106.83,306.40,0.7315,-1,-1,-1
431,53,541.19,442.80,128.94,312.22,0.6325,-1,-1,-1
431,50,643.30,442.00,96.19,264.07,0.5390,-1,-1,-1
431,46,725.60,429.09,124.69,298.87,0.6862,-1,-1,-1
431,36,976.25,437.07,121.23,489.60,0.5674,-1,-1,-1
431,21,1066.87,404.85,163.49,632.65,0.6785,-1,-1,-1
432,65,1492.29,301.41,427.57,717.64,0.8262,-1,-1,-1
432,63,1179.25,410.57,145.67,382.90,0.5699,-1,-1,-1
432,62,1262.62,420.39,94.23,256.38,0.4260,-1,-1,-1
432,57,836.54,442.98,46.08,150.44,0.6309,-1,-1,-1
432,55,386.73,440.43,109.26,309.73,0.7039,-1,-1,-1
432,53,546.27,441.35,135.97,314.49,0.6603,-1,-1,-1
432,50,659.07,449.02,78.49,253.82,0.4656,-1,-1,-1
432,46,726.87,421.43,124.94,304.77,0.6500,-1,-1,-1
432,36,977.18,445.54,121.48,483.99,0.5618,-1,-1,-1
432,21,1070.61,408.35,172.53,630.56,0.7298,-1,-1,-1
433,64,1443.67,306.22,476.14,711.56,0.7812,-1,-1,-1
433,63,1184.88,413.45,149.59,385.24,0.6475,-1,-1,-1
433,62,1267.43,417.12,93.39,259.45,0.3078,-1,-1,-1
433,57,834.68,438.14,47.67,156.58,0.6025,-1,-1,-1
433,55,395.15,441.40,110.05,306.25,0.6749,-1,-1,-1
433,53,541.72,443.05,146.50,314.20,0.6804,-1,-1,-1
433,50,666.64,446.22,82.93,257.36,0.4254,-1,-1,-1
433,46,733.22,428.47,120.44,296.26,0.6890,-1,-1,-1
433,36,979.42,422.66,128.46,505.71,0.5648,-1,-1,-1
433,21,1075.19,409.75,166.02,609.14,0.7190,-1,-1,-1
434,64,1399.84,304.56,494.25,706.76,0.7402,-1,-1,-1
434,63,1191.20,406.25,124.06,320.50,0.4598,-1,-1,-1
434,62,1271.57,418.93,94.10,298.74,0.3890,-1,-1,-1
434,55,402.85,440.69,108.19,306.63,0.6780,-1,-1,-1
434,53,546.42,446.35,141.16,310.32,0.7808,-1,-1,-1
434,50,668.19,449.71,87.06,253.50,0.4118,-1,-1,-1
434,46,738.78,416.26,116.00,309.80,0.6974,-1,-1,-1
434,36,982.30,422.53,136.51,519.63,0.6454,-1,-1,-1
434,21,1076.47,400.65,156.05,528.88,0.4757,-1,-1,-1
435,64,1362.12,309.37,451.82,696.60,0.4196,-1,-1,-1
435,63,1194.04,404.60,126.76,302.14,0.6141,-1,-1,-1
435,62,1278.14,419.04,93.37,298.55,0.5583,-1,-1,-1
435,55,414.49,436.26,106.72,312.64,0.7632,-1,-1,-1
435,53,546.23,444.57,145.86,311.97,0.7973,-1,-1,-1
435,50,687.27,431.99,76.60,272.82,0.5281,-1,-1,-1
435,46,744.81,423.85,109.86,300.13,0.6921,-1,-1,-1
435,36,984.93,417.77,137.81,485.39,0.7034,-1,-1,-1
435,21,1083.97,405.24,163.11,389.80,0.6218,-1,-1,-1
436,64,1303.63,313.29,447.51,696.70,0.8391,-1,-1,-1
436,63,1188.82,410.30,137.59,393.48,0.5846,-1,-1,-1
436,55,414.95,436.87,112.18,311.85,0.7577,-1,-1,-1
436,53,543.99,440.61,149.07,315.71,0.7819,-1,-1,-1
436,50,698.02,437.12,76.16,273.05,0.4706,-1,-1,-1
436,46,753.18,425.54,102.63,294.86,0.6587,-1,-1,-1
436,36,999.20,419.99,131.45,383.32,0.6308,-1,-1,-1
436,21,1088.75,412.03,164.87,414.19,0.6527,-1,-1,-1
437,64,1198.89,322.17,483.73,696.97,0.8074,-1,-1,-1
437,63,1201.11,404.57,133.31,305.84,0.5317,-1,-1,-1
437,55,414.89,439.24,119.68,312.67,0.7785,-1,-1,-1
437,53,546.26,439.57,147.98,318.19,0.7817,-1,-1,-1
437,50,707.66,430.50,75.77,279.38,0.4958,-1,-1,-1
437,46,758.34,413.03,98.03,305.91,0.5656,-1,-1,-1
437,36,999.02,421.20,135.49,398.98,0.6794,-1,-1,-1
437,21,1095.86,401.59,157.61,441.26,0.6934,-1,-1,-1
438,64,1199.57,331.12,410.45,695.68,0.7261,-1,-1,-1
438,55,419.14,432.31,121.57,318.53,0.8063,-1,-1,-1
438,53,547.32,442.39,148.72,310.43,0.7833,-1,-1,-1
438,50,707.89,429.77,86.05,280.56,0.5464,-1,-1,-1
438,46,771.28,414.55,87.74,304.36,0.5399,-1,-1,-1
438,36,1001.40,424.19,135.22,410.34,0.6851,-1,-1,-1
438,21,1099.99,393.25,157.69,459.74,0.8134,-1,-1,-1
439,65,1832.52,465.83,68.62,181.30,0.3627,-1,-1,-1
439,64,1156.47,336.63,391.16,698.09,0.7738,-1,-1,-1
439,55,422.41,440.68,126.28,306.17,0.7597,-1,-1,-1
439,53,550.21,438.96,147.02,315.20,0.7897,-1,-1,-1
439,50,708.32,438.07,88.71,273.87,0.4631,-1,-1,-1
439,46,771.72,438.34,89.49,279.54,0.5399,-1,-1,-1
439,36,998.47,422.03,141.59,429.95,0.7031,-1,-1,-1
439,21,1101.34,431.66,153.44,427.44,0.5200,-1,-1,-1
440,64,1098.58,356.47,382.53,674.51,0.7385,-1,-1,-1
440,60,1832.87,466.19,64.18,179.48,0.4016,-1,-1,-1
440,55,427.85,438.37,124.52,305.04,0.7012,-1,-1,-1
440,53,550.69,441.36,147.09,313.18,0.7787,-1,-1,-1
440,50,709.34,439.30,85.97,271.79,0.5185,-1,-1,-1
440,46,772.26,443.07,89.04,273.59,0.5876,-1,-1,-1
440,36,997.70,424.74,148.84,445.08,0.7794,-1,-1,-1
441,64,1045.43,360.02,365.78,668.16,0.7502,-1,-1,-1
441,62,1314.43,427.44,138.16,324.57,0.7004,-1,-1,-1
441,60,1833.61,466.29,69.98,182.58,0.3999,-1,-1,-1
441,55,437.08,438.99,115.15,301.52,0.6945,-1,-1,-1
441,53,551.75,441.18,145.80,312.49,0.7495,-1,-1,-1
441,50,710.48,448.79,101.00,262.79,0.5608,-1,-1,-1
441,46,776.02,433.89,86.80,277.32,0.5722,-1,-1,-1
441,36,999.33,436.29,135.76,394.63,0.4463,-1,-1,-1
442,64,1002.94,366.31,352.06,652.28,0.7934,-1,-1,-1
442,62,1304.57,432.44,154.36,325.08,0.7323,-1,-1,-1
442,60,1834.31,465.79,66.33,182.21,0.3562,-1,-1,-1
442,55,443.57,436.83,107.15,310.61,0.6985,-1,-1,-1
442,53,562.55,439.14,136.30,309.62,0.7671,-1,-1,-1
442,50,710.51,449.02,117.83,263.29,0.5509,-1,-1,-1
442,46,777.54,427.65,89.30,281.92,0.5486,-1,-1,-1
443,64,960.19,362.54,344.30,651.30,0.8090,-1,-1,-1
443,63,1231.15,429.30,121.68,406.18,0.6263,-1,-1,-1
443,62,1311.99,431.91,148.35,326.80,0.6962,-1,-1,-1
443,55,450.88,441.32,104.43,301.00,0.7198,-1,-1,-1
443,53,568.62,437.79,131.58,311.43,0.7965,-1,-1,-1
443,50,709.34,442.45,116.56,268.76,0.5487,-1,-1,-1
443,46,784.90,427.06,81.04,284.15,0.6363,-1,-1,-1
444,64,918.11,361.23,331.94,650.48,0.8144,-1,-1,-1
444,63,1236.10,431.66,120.82,414.64,0.5230,-1,-1,-1
444,62,1314.68,432.78,144.28,330.18,0.6649,-1,-1,-1
444,60,1834.74,466.86,68.72,181.53,0.3260,-1,-1,-1
444,55,463.46,434.73,97.36,305.39,0.7627,-1,-1,-1
444,53,582.43,436.76,117.78,307.58,0.7457,-1,-1,-1
444,50,709.07,443.11,133.57,267.79,0.5969,-1,-1,-1
444,46,786.91,431.99,86.27,279.25,0.5137,-1,-1,-1
445,64,877.17,348.28,339.15,660.84,0.7808,-1,-1,-1
445,63,1237.00,430.15,130.39,368.08,0.4094,-1,-1,-1
445,62,1327.12,432.89,132.04,327.73,0.7329,-1,-1,-1
445,55,469.25,433.73,100.62,299.86,0.7620,-1,-1,-1
445,53,589.05,438.33,111.53,306.24,0.7545,-1,-1,-1
445,50,709.76,446.62,93.12,261.41,0.4187,-1,-1,-1
445,46,782.91,439.14,93.28,274.63,0.5027,-1,-1,-1
445,21,1141.81,409.61,209.79,508.84,0.5939,-1,-1,-1
446,64,847.22,340.83,325.41,653.68,0.7818,-1,-1,-1
446,63,1240.75,428.89,126.86,408.63,0.4972,-1,-1,-1
446,62,1335.46,432.03,123.08,328.86,0.7050,-1,-1,-1
446,60,1832.05,469.74,70.74,178.47,0.3498,-1,-1,-1
446,55,469.18,435.01,106.51,291.84,0.7215,-1,-1,-1
446,53,607.95,439.48,93.86,302.49,0.6878,-1,-1,-1
446,50,711.73,453.23,109.76,255.79,0.4560,-1,-1,-1
446,46,791.39,426.20,87.90,285.44,0.5665,-1,-1,-1
446,21,1135.01,428.94,197.03,637.74,0.7608,-1,-1,-1
447,68,587.56,460.22,59.83,192.70,0.3191,-1,-1,-1
447,64,801.47,331.82,335.67,653.95,0.7791,-1,-1,-1
447,63,1235.65,421.23,127.87,420.38,0.3010,-1,-1,-1
447,62,1341.71,430.70,118.83,329.45,0.6710,-1,-1,-1
447,55,473.14,429.77,107.41,296.82,0.6842,-1,-1,-1
447,53,610.90,431.31,96.22,310.89,0.6748,-1,-1,-1
447,50,716.34,451.52,104.02,255.82,0.3903,-1,-1,-1
447,36,1068.74,420.45,115.18,355.28,0.4470,-1,-1,-1
447,21,1133.78,414.18,193.16,654.53,0.7876,-1,-1,-1
448,70,297.06,509.50,86.07,132.75,0.3313,-1,-1,-1
448,64,769.62,332.09,335.22,642.33,0.7764,-1,-1,-1
448,63,1244.07,422.14,125.84,353.30,0.3707,-1,-1,-1
448,62,1346.51,419.87,117.80,343.09,0.7803,-1,-1,-1
448,55,484.09,435.96,102.01,280.56,0.5837,-1,-1,-1
448,53,602.17,435.32,109.44,309.24,0.6110,-1,-1,-1
448,50,726.02,442.43,130.50,266.78,0.4134,-1,-1,-1
448,36,1054.21,421.58,134.88,516.71,0.5333,-1,-1,-1
448,21,1138.41,421.61,196.49,647.71,0.7741,-1,-1,-1
449,70,287.56,506.18,91.35,140.95,0.3287,-1,-1,-1
449,64,732.52,332.21,333.92,646.79,0.7325,-1,-1,-1
449,63,1245.18,418.30,122.14,324.63,0.5114,-1,-1,-1
449,62,1349.91,420.92,114.58,340.34,0.7499,-1,-1,-1
449,60,1830.79,469.52,73.35,179.50,0.3385,-1,-1,-1
449,55,483.46,438.27,107.34,282.93,0.7027,-1,-1,-1
449,53,633.01,435.15,89.64,307.73,0.5933,-1,-1,-1
449,36,1030.85,420.61,157.03,535.19,0.8014,-1,-1,-1
449,21,1142.69,427.57,188.30,638.42,0.7308,-1,-1,-1
450,70,282.93,522.28,88.49,125.27,0.3504,-1,-1,-1
450,69,416.00,473.68,38.93,98.65,0.3013,-1,-1,-1
450,64,699.20,337.78,330.09,630.30,0.7554,-1,-1,-1
450,62,1352.13,420.81,119.88,339.90,0.7539,-1,-1,-1
450,60,1832.11,467.95,75.44,180.64,0.3340,-1,-1,-1
450,55,484.66,435.32,107.49,287.50,0.6994,-1,-1,-1
450,53,636.57,435.07,86.38,301.24,0.6590,-1,-1,-1
450,36,1033.90,413.64,159.56,548.70,0.7720,-1,-1,-1
450,21,1142.98,419.49,218.95,643.30,0.8143,-1,-1,-1
451,64,662.90,341.92,334.98,641.06,0.7167,-1,-1,-1
451,62,1351.36,417.46,127.06,346.80,0.7263,-1,-1,-1
451,55,488.59,433.66,124.88,292.19,0.6379,-1,-1,-1
451,53,645.78,439.81,79.90,299.29,0.6660,-1,-1,-1
451,36,1036.36,411.90,159.33,550.51,0.7848,-1,-1,-1
451,21,1130.55,418.27,268.36,648.26,0.8218,-1,-1,-1
452,64,640.92,350.81,319.28,634.91,0.7140,-1,-1,-1
452,62,1359.39,417.52,127.81,346.67,0.7839,-1,-1,-1
452,61,919.94,496.52,56.05,89.44,0.3074,-1,-1,-1
452,55,487.62,433.46,131.75,290.92,0.7212,-1,-1,-1
452,36,1041.16,414.75,159.29,546.49,0.7996,-1,-1,-1
452,21,1086.46,415.53,318.49,650.79,0.7161,-1,-1,-1
453,68,619.61,476.36,49.38,161.21,0.3523,-1,-1,-1
453,64,581.95,363.56,359.09,685.70,0.5391,-1,-1,-1
453,62,1366.80,418.06,123.57,345.36,0.8186,-1,-1,-1
453,55,496.82,437.71,123.50,285.35,0.7166,-1,-1,-1
453,36,1048.57,415.34,149.08,542.44,0.7940,-1,-1,-1
453,21,1154.80,416.39,288.32,642.91,0.8064,-1,-1,-1
454,70,250.63,513.32,90.39,122.98,0.3554,-1,-1,-1
454,67,418.23,467.25,39.19,102.56,0.3445,-1,-1,-1
454,64,538.70,372.83,369.95,650.53,0.6761,-1,-1,-1
454,62,1369.54,417.90,126.41,349.65,0.8185,-1,-1,-1
454,55,506.37,438.26,103.41,284.05,0.7768,-1,-1,-1
454,46,820.96,423.32,69.02,270.31,0.4524,-1,-1,-1
454,36,1048.32,416.34,155.95,537.70,0.7732,-1,-1,-1
454,21,1148.58,408.14,303.01,661.73,0.7958,-1,-1,-1
455,70,242.20,518.22,91.11,123.19,0.5262,-1,-1,-1
455,67,417.38,466.68,40.19,104.06,0.3154,-1,-1,-1
455,64,497.42,391.27,372.56,617.93,0.6355,-1,-1,-1
455,62,1371.96,419.05,129.73,348.70,0.8235,-1,-1,-1
455,55,515.94,455.04,86.29,260.99,0.6617,-1,-1,-1
455,46,819.83,420.52,76.88,288.43,0.6186,-1,-1,-1
455,36,1052.86,419.29,173.71,542.05,0.7694,-1,-1,-1
455,21,1150.10,421.69,299.31,654.24,0.7103,-1,-1,-1
456,67,415.94,468.40,41.50,103.75,0.3586,-1,-1,-1
456,64,460.93,393.32,377.93,655.11,0.7101,-1,-1,-1
456,62,1375.66,420.21,131.97,354.16,0.8206,-1,-1,-1
456,46,809.97,419.99,91.94,289.93,0.5994,-1,-1,-1
456,36,1056.75,421.17,169.09,539.63,0.7770,-1,-1,-1
456,21,1150.40,424.78,307.87,652.28,0.7526,-1,-1,-1
457,70,228.65,513.94,93.90,114.71,0.3940,-1,-1,-1
457,67,415.68,471.53,42.71,100.20,0.3422,-1,-1,-1
457,64,407.11,395.14,383.79,645.14,0.6782,-1,-1,-1
457,62,1378.14,420.81,136.20,358.29,0.8461,-1,-1,-1
457,53,687.93,441.04,69.49,212.45,0.3443,-1,-1,-1
457,46,804.93,411.02,100.09,298.00,0.6822,-1,-1,-1
457,36,1062.31,421.07,164.33,541.11,0.8057,-1,-1,-1
457,21,1151.73,411.35,286.53,663.42,0.8215,-1,-1,-1
458,70,219.32,518.87,93.97,118.46,0.4046,-1,-1,-1
458,64,377.78,391.16,393.11,677.01,0.7577,-1,-1,-1
458,62,1387.68,422.22,133.75,359.10,0.8286,-1,-1,-1
458,53,686.90,441.66,86.37,288.70,0.4967,-1,-1,-1
458,50,808.36,416.91,97.96,290.85,0.6733,-1,-1,-1
458,36,1070.55,419.09,157.37,537.87,0.8052,-1,-1,-1
458,21,1152.57,415.41,302.08,659.00,0.8403,-1,-1,-1
459,72,381.04,467.57,46.57,105.37,0.3061,-1,-1,-1
459,70,208.59,521.69,96.58,125.92,0.3796,-1,-1,-1
459,64,343.05,386.35,395.59,686.43,0.8429,-1,-1,-1
459,62,1392.19,424.28,148.66,361.32,0.8361,-1,-1,-1
459,53,684.76,443.46,114.76,290.91,0.4897,-1,-1,-1
459,50,820.69,421.61,81.96,281.62,0.5964,-1,-1,-1
459,36,1077.84,418.41,154.90,544.86,0.7695,-1,-1,-1
459,21,1154.68,415.18,316.18,660.12,0.8347,-1,-1,-1
460,70,202.01,521.70,95.02,114.56,0.4020,-1,-1,-1
460,64,304.10,385.84,408.20,675.23,0.6813,-1,-1,-1
460,62,1398.31,424.07,162.31,363.39,0.8448,-1,-1,-1
460,53,668.02,440.63,133.00,294.88,0.6883,-1,-1,-1
460,50,822.25,423.94,87.84,276.99,0.5387,-1,-1,-1
460,36,1088.83,419.04,149.63,546.15,0.7160,-1,-1,-1
460,21,1159.18,412.09,306.10,660.87,0.8424,-1,-1,-1
461,64,280.96,367.45,401.87,707.62,0.8020,-1,-1,-1
461,62,1401.12,425.79,166.22,364.54,0.8553,-1,-1,-1
461,55,550.55,436.80,103.00,273.30,0.3216,-1,-1,-1
461,53,650.30,439.46,152.08,298.41,0.7445,-1,-1,-1
461,50,816.76,414.16,101.13,287.12,0.5822,-1,-1,-1
461,36,1101.42,423.33,150.75,553.13,0.7144,-1,-1,-1
461,21,1160.59,410.63,306.52,665.88,0.8619,-1,-1,-1
462,64,257.55,367.53,390.47,705.31,0.7669,-1,-1,-1
462,62,1402.74,426.00,167.32,365.82,0.8152,-1,-1,-1
462,55,564.86,434.03,88.18,276.43,0.5542,-1,-1,-1
462,53,666.20,440.10,132.06,297.19,0.6930,-1,-1,-1
462,50,810.01,411.96,105.42,291.36,0.6093,-1,-1,-1
462,36,1097.54,419.32,160.65,555.16,0.7319,-1,-1,-1
462,21,1157.01,403.34,312.47,671.30,0.8665,-1,-1,-1
463,64,260.53,360.71,373.51,711.16,0.7795,-1,-1,-1
463,62,1404.37,431.70,171.61,366.28,0.8299,-1,-1,-1
463,57,774.42,446.72,46.98,141.02,0.4060,-1,-1,-1
463,55,566.36,432.65,93.53,276.76,0.7023,-1,-1,-1
463,53,675.43,439.21,116.53,295.56,0.6768,-1,-1,-1
463,50,808.69,411.27,112.48,291.21,0.5966,-1,-1,-1
463,36,1102.37,415.56,157.29,556.13,0.7728,-1,-1,-1
463,21,1161.77,402.76,306.57,672.41,0.8028,-1,-1,-1
464,64,227.71,357.43,386.21,713.06,0.8127,-1,-1,-1
464,62,1415.57,425.31,161.37,374.35,0.8498,-1,-1,-1
464,57,773.91,445.77,46.98,140.12,0.5096,-1,-1,-1
464,55,572.70,432.68,91.71,274.22,0.6955,-1,-1,-1
464,53,684.59,438.63,110.63,291.07,0.6808,-1,-1,-1
464,46,809.27,412.47,116.53,291.80,0.6319,-1,-1,-1
464,36,1104.06,411.48,164.60,564.77,0.7788,-1,-1,-1
464,21,1169.67,401.76,297.60,671.88,0.7970,-1,-1,-1
465,74,517.98,445.41,70.22,206.98,0.4168,-1,-1,-1
465,64,200.90,362.48,397.04,704.46,0.7816,-1,-1,-1
465,62,1423.74,422.38,153.11,379.50,0.8425,-1,-1,-1
465,55,563.92,430.83,104.01,276.54,0.6809,-1,-1,-1
465,53,687.48,439.18,110.86,291.55,0.6241,-1,-1,-1
465,46,822.21,413.13,103.39,290.68,0.6263,-1,-1,-1
465,36,1108.01,417.71,157.91,556.96,0.7699,-1,-1,-1
465,21,1190.61,402.58,276.22,674.38,0.8342,-1,-1,-1
466,74,511.45,449.38,76.34,189.74,0.3988,-1,-1,-1
466,64,156.30,368.40,401.45,702.77,0.7489,-1,-1,-1
466,62,1435.97,419.60,140.51,383.34,0.8450,-1,-1,-1
466,55,561.00,430.31,109.17,278.16,0.6879,-1,-1,-1
466,53,712.74,438.49,104.28,291.37,0.6405,-1,-1,-1
466,46,825.46,408.65,104.35,296.49,0.6718,-1,-1,-1
466,36,1105.57,422.09,167.92,549.60,0.7764,-1,-1,-1
466,21,1200.11,403.31,268.40,672.26,0.8168,-1,-1,-1
467,74,499.92,458.10,80.24,180.32,0.3581,-1,-1,-1
467,64,133.88,371.86,402.30,699.08,0.8542,-1,-1,-1
467,62,1452.28,420.10,129.81,384.48,0.8018,-1,-1,-1
467,55,569.89,428.36,101.22,279.87,0.6872,-1,-1,-1
467,53,724.13,440.73,92.07,290.55,0.6692,-1,-1,-1
467,46,830.23,407.40,96.69,297.74,0.6768,-1,-1,-1
467,36,1107.69,428.36,174.24,545.02,0.7268,-1,-1,-1
467,21,1223.97,405.72,252.78,660.09,0.7362,-1,-1,-1
468,67,420.47,493.11,68.32,110.35,0.3118,-1,-1,-1
468,64,123.55,373.93,383.69,699.22,0.8187,-1,-1,-1
468,62,1462.02,413.40,130.25,388.87,0.8166,-1,-1,-1
468,55,573.42,434.98,96.26,268.29,0.7035,-1,-1,-1
468,53,709.35,439.00,102.92,292.66,0.6049,-1,-1,-1
468,46,831.98,406.95,95.27,297.62,0.6697,-1,-1,-1
468,36,1113.22,422.16,178.12,566.24,0.7789,-1,-1,-1
468,21,1246.50,406.32,238.10,646.28,0.6435,-1,-1,-1
469,74,492.74,457.55,82.15,193.89,0.3635,-1,-1,-1
469,67,419.34,493.76,64.85,122.92,0.3305,-1,-1,-1
469,64,78.42,383.86,386.29,681.48,0.7296,-1,-1,-1
469,62,1473.48,413.04,120.14,390.03,0.7872,-1,-1,-1
469,55,576.70,437.54,96.12,266.60,0.7115,-1,-1,-1
469,53,709.07,436.33,108.18,295.15,0.6250,-1,-1,-1
469,46,834.85,407.56,91.65,297.77,0.6870,-1,-1,-1
469,36,1117.07,421.43,171.28,577.92,0.7743,-1,-1,-1
469,21,1256.00,402.29,244.01,669.77,0.7934,-1,-1,-1
470,74,488.89,475.10,73.12,169.23,0.3059,-1,-1,-1
470,67,413.64,492.97,66.83,108.86,0.3371,-1,-1,-1
470,64,51.27,393.55,394.19,673.13,0.7838,-1,-1,-1
470,62,1481.86,411.30,119.16,389.59,0.8234,-1,-1,-1
470,55,580.26,440.48,93.68,266.63,0.7093,-1,-1,-1
470,53,712.05,437.29,124.56,291.55,0.6064,-1,-1,-1
470,46,832.52,408.82,92.77,298.34,0.7190,-1,-1,-1
470,36,1124.67,421.61,179.67,585.63,0.7598,-1,-1,-1
470,21,1274.06,407.44,234.91,666.54,0.6423,-1,-1,-1
471,67,409.72,492.23,67.72,133.88,0.3689,-1,-1,-1
471,64,20.89,398.19,416.36,670.38,0.8302,-1,-1,-1
471,62,1489.53,409.54,116.45,391.97,0.8152,-1,-1,-1
471,55,581.54,449.51,94.52,260.15,0.6993,-1,-1,-1
471,53,738.93,431.14,114.48,301.02,0.5846,-1,-1,-1
471,46,838.41,415.80,89.41,289.04,0.7530,-1,-1,-1
471,36,1131.45,421.55,169.63,586.97,0.7716,-1,-1,-1
471,21,1293.11,399.58,204.81,674.25,0.5582,-1,-1,-1
472,74,485.26,471.60,62.65,167.34,0.3564,-1,-1,-1
472,67,409.34,485.45,61.07,138.90,0.3855,-1,-1,-1
472,64,3.94,403.76,391.87,660.75,0.7824,-1,-1,-1
472,62,1493.32,409.09,119.66,395.23,0.8316,-1,-1,-1
472,55,584.43,445.77,96.88,262.45,0.7330,-1,-1,-1
472,53,740.70,432.54,119.33,298.77,0.6446,-1,-1,-1
472,46,838.14,412.87,89.37,291.69,0.7328,-1,-1,-1
472,36,1133.73,416.59,181.18,593.16,0.8034,-1,-1,-1
472,21,1285.68,397.85,208.57,673.30,0.6538,-1,-1,-1
473,74,467.61,474.14,75.47,177.59,0.3428,-1,-1,-1
473,67,410.69,488.86,52.28,123.49,0.3497,-1,-1,-1
473,64,0.54,403.24,391.46,663.55,0.6331,-1,-1,-1
473,62,1499.40,410.85,120.04,390.21,0.8031,-1,-1,-1
473,55,587.17,439.56,98.26,268.88,0.7316,-1,-1,-1
473,53,741.56,436.79,118.01,293.34,0.6691,-1,-1,-1
473,46,840.43,417.81,90.11,287.60,0.6985,-1,-1,-1
473,36,1138.91,423.30,167.05,585.72,0.7926,-1,-1,-1
473,21,1314.79,399.74,202.24,665.78,0.6615,-1,-1,-1
474,74,447.38,474.68,97.12,185.27,0.4079,-1,-1,-1
474,64,0.07,399.94,349.73,673.64,0.5951,-1,-1,-1
474,62,1501.85,411.45,127.15,390.14,0.7797,-1,-1,-1
474,55,589.62,439.40,98.68,268.60,0.7393,-1,-1,-1
474,53,739.29,439.45,119.08,289.77,0.6527,-1,-1,-1
474,46,838.11,413.65,85.04,290.55,0.6222,-1,-1,-1
474,36,1144.28,422.15,164.36,587.04,0.8007,-1,-1,-1
474,21,1324.46,400.24,205.26,663.98,0.7212,-1,-1,-1
475,74,457.80,475.28,82.85,188.35,0.3744,-1,-1,-1
475,64,0.00,397.63,339.36,676.36,0.7482,-1,-1,-1
475,62,1507.28,410.20,134.42,392.67,0.7777,-1,-1,-1
475,55,592.30,442.84,98.77,264.63,0.7416,-1,-1,-1
475,53,741.88,436.38,117.11,294.19,0.6513,-1,-1,-1
475,46,847.85,416.35,93.38,286.82,0.5109,-1,-1,-1
475,36,1146.95,422.04,167.51,587.96,0.8164,-1,-1,-1
475,21,1321.49,401.70,210.16,665.53,0.7507,-1,-1,-1
476,74,440.77,478.89,89.91,181.97,0.5479,-1,-1,-1
476,64,0.12,394.01,219.99,680.65,0.6779,-1,-1,-1
476,62,1512.63,412.30,153.59,392.59,0.7602,-1,-1,-1
476,55,595.30,445.79,101.82,260.02,0.7923,-1,-1,-1
476,53,741.95,436.75,117.33,294.29,0.7015,-1,-1,-1
476,46,846.33,417.15,79.82,287.41,0.5587,-1,-1,-1
476,36,1148.70,421.20,167.46,588.76,0.8137,-1,-1,-1
476,21,1324.66,396.23,218.63,676.71,0.6737,-1,-1,-1
477,74,430.58,472.79,93.09,189.43,0.4177,-1,-1,-1
477,64,0.54,388.84,295.95,682.38,0.7838,-1,-1,-1
477,62,1515.31,410.99,176.35,401.25,0.8324,-1,-1,-1
477,55,600.86,444.67,99.82,260.89,0.7704,-1,-1,-1
477,53,744.26,438.05,114.91,293.07,0.7029,-1,-1,-1
477,46,846.52,416.96,74.63,284.58,0.5532,-1,-1,-1
477,36,1150.55,421.02,172.49,589.49,0.8250,-1,-1,-1
477,21,1333.66,396.63,193.46,660.45,0.3966,-1,-1,-1
478,78,1308.14,420.61,86.47,507.77,0.4051,-1,-1,-1
478,74,420.76,474.13,98.75,190.76,0.4567,-1,-1,-1
478,64,0.07,382.65,183.89,689.82,0.4847,-1,-1,-1
478,62,1523.57,407.05,187.39,402.23,0.8257,-1,-1,-1
478,55,614.63,445.65,90.50,257.85,0.6860,-1,-1,-1
478,53,746.36,437.42,111.62,295.25,0.6313,-1,-1,-1
478,50,848.48,414.91,75.31,286.84,0.4892,-1,-1,-1
478,46,852.49,427.64,143.96,269.16,0.3464,-1,-1,-1
478,36,1158.49,420.99,167.96,589.38,0.8187,-1,-1,-1
478,21,1335.41,399.07,205.32,657.85,0.6572,-1,-1,-1
479,78,1318.24,412.02,96.76,534.09,0.4337,-1,-1,-1
479,75,0.96,382.35,257.57,687.63,0.7246,-1,-1,-1
479,62,1529.59,410.45,198.89,405.13,0.8492,-1,-1,-1
479,55,606.36,443.64,104.46,259.43,0.6575,-1,-1,-1
479,53,757.41,439.07,103.09,293.17,0.6149,-1,-1,-1
479,50,851.22,413.47,68.78,286.08,0.5193,-1,-1,-1
479,46,897.94,435.76,105.15,254.00,0.4879,-1,-1,-1
479,36,1162.38,419.79,167.87,590.07,0.8015,-1,-1,-1
479,21,1343.77,398.44,218.57,674.17,0.7606,-1,-1,-1
480,78,1324.98,411.22,92.58,543.20,0.4464,-1,-1,-1
480,74,413.53,479.55,90.60,180.62,0.3089,-1,-1,-1
480,64,0.55,392.81,140.81,681.64,0.4759,-1,-1,-1
480,62,1536.30,414.78,199.84,409.58,0.8576,-1,-1,-1
480,55,621.17,436.40,88.11,264.06,0.6056,-1,-1,-1
480,53,765.15,436.74,97.59,291.28,0.6541,-1,-1,-1
480,50,851.34,412.25,70.16,287.55,0.5701,-1,-1,-1
480,46,898.97,437.64,107.11,247.43,0.5523,-1,-1,-1
480,36,1168.62,420.70,164.66,588.43,0.8058,-1,-1,-1
480,21,1345.10,403.57,234.66,670.86,0.8130,-1,-1,-1
481,78,1328.26,407.06,89.34,555.40,0.3926,-1,-1,-1
481,75,0.68,415.00,219.25,657.61,0.7644,-1,-1,-1
481,74,407.22,478.50,83.22,185.10,0.5193,-1,-1,-1
481,72,358.83,480.86,63.35,138.14,0.3074,-1,-1,-1
481,62,1541.28,420.36,202.98,405.37,0.8476,-1,-1,-1
481,55,627.03,434.54,92.50,264.58,0.6025,-1,-1,-1
481,53,774.99,440.37,94.75,283.14,0.6126,-1,-1,-1
481,50,852.72,413.32,67.65,285.94,0.5480,-1,-1,-1
481,46,901.82,440.25,104.06,243.30,0.6320,-1,-1,-1
481,36,1172.92,418.98,164.50,589.84,0.8081,-1,-1,-1
481,21,1345.41,397.80,253.01,680.44,0.8316,-1,-1,-1
482,81,1091.33,438.50,56.36,156.27,0.3358,-1,-1,-1
482,78,1329.35,406.78,99.21,545.14,0.3443,-1,-1,-1
482,75,0.47,474.91,200.57,597.16,0.7683,-1,-1,-1
482,74,405.75,476.55,82.87,193.91,0.4562,-1,-1,-1
482,72,359.24,477.63,73.31,194.64,0.3016,-1,-1,-1
482,62,1546.82,418.81,203.95,409.88,0.8333,-1,-1,-1
482,55,632.29,434.10,87.20,266.42,0.5771,-1,-1,-1
482,53,781.69,438.13,90.96,283.37,0.5799,-1,-1,-1
482,50,853.89,413.34,66.89,283.39,0.5302,-1,-1,-1
482,46,904.74,443.56,102.61,239.43,0.6764,-1,-1,-1
482,36,1176.70,418.97,163.41,593.38,0.7925,-1,-1,-1
482,21,1352.78,395.72,258.74,681.85,0.8511,-1,-1,-1
483,78,1330.82,399.97,104.73,559.10,0.4044,-1,-1,-1
483,75,0.32,519.46,183.30,551.11,0.7445,-1,-1,-1
483,74,398.96,475.31,90.42,193.50,0.4750,-1,-1,-1
483,62,1555.29,418.14,192.82,413.86,0.8255,-1,-1,-1
483,55,628.00,433.31,98.11,263.84,0.6164,-1,-1,-1
483,53,795.16,436.13,78.62,290.12,0.6331,-1,-1,-1
483,50,855.21,416.11,67.80,284.11,0.5265,-1,-1,-1
483,46,908.12,445.49,97.67,237.55,0.6632,-1,-1,-1
483,36,1183.83,418.39,161.06,592.66,0.7927,-1,-1,-1
483,21,1356.84,393.82,266.07,682.20,0.8280,-1,-1,-1
484,82,561.34,444.32,35.04,87.45,0.3123,-1,-1,-1
484,81,1091.87,435.83,59.15,158.45,0.3123,-1,-1,-1
484,78,1335.66,409.00,99.31,552.76,0.4303,-1,-1,-1
484,75,0.64,557.77,161.25,409.97,0.3884,-1,-1,-1
484,74,379.75,474.97,107.53,195.77,0.4637,-1,-1,-1
484,62,1563.35,415.12,188.09,420.75,0.8215,-1,-1,-1
484,55,631.53,435.90,102.84,260.85,0.6555,-1,-1,-1
484,53,796.73,438.08,77.48,290.79,0.6599,-1,-1,-1
484,50,859.73,434.93,65.07,264.68,0.5164,-1,-1,-1
484,46,911.02,444.98,95.07,239.25,0.6515,-1,-1,-1
484,36,1188.83,417.29,161.24,594.80,0.7879,-1,-1,-1
484,21,1357.31,393.79,275.03,684.00,0.8716,-1,-1,-1
485,82,562.02,445.24,34.29,86.14,0.3391,-1,-1,-1
485,78,1337.59,424.23,100.15,534.16,0.5508,-1,-1,-1
485,75,0.39,565.73,142.98,509.06,0.4235,-1,-1,-1
485,74,362.54,477.11,114.88,199.48,0.3483,-1,-1,-1
485,62,1575.42,409.23,178.49,428.44,0.8339,-1,-1,-1
485,55,629.89,434.79,115.16,262.17,0.6877,-1,-1,-1
485,53,799.77,439.00,86.51,285.24,0.6580,-1,-1,-1
485,50,861.93,423.03,59.70,272.07,0.4660,-1,-1,-1
485,46,911.72,440.09,95.78,242.09,0.6780,-1,-1,-1
485,36,1193.84,420.74,163.79,592.11,0.7822,-1,-1,-1
485,21,1357.80,396.40,279.40,679.95,0.8565,-1,-1,-1
486,82,563.44,447.23,33.20,84.74,0.3081,-1,-1,-1
486,81,1091.37,433.51,61.98,159.99,0.3657,-1,-1,-1
486,78,1338.08,414.18,106.43,550.26,0.6090,-1,-1,-1
486,75,0.55,579.38,113.57,406.22,0.5677,-1,-1,-1
486,74,354.01,479.10,105.01,190.36,0.3272,-1,-1,-1
486,62,1583.10,412.59,174.08,426.74,0.8356,-1,-1,-1
486,55,631.26,434.50,121.62,262.82,0.7144,-1,-1,-1
486,53,799.52,438.51,101.82,285.92,0.5762,-1,-1,-1
486,50,864.90,431.80,59.59,242.67,0.3565,-1,-1,-1
486,46,910.21,440.81,95.56,240.82,0.6939,-1,-1,-1
486,36,1198.76,420.16,163.85,591.89,0.7762,-1,-1,-1
486,21,1356.99,397.35,284.05,678.53,0.8408,-1,-1,-1
487,82,564.50,445.98,32.93,84.86,0.3233,-1,-1,-1
487,81,1094.19,433.36,61.42,159.30,0.3218,-1,-1,-1
487,78,1346.60,412.15,102.79,524.26,0.5807,-1,-1,-1
487,75,0.28,537.50,91.74,446.32,0.4663,-1,-1,-1
487,74,355.83,477.66,104.42,198.55,0.4732,-1,-1,-1
487,62,1589.75,417.12,165.17,422.30,0.7892,-1,-1,-1
487,55,631.83,435.81,128.05,261.07,0.6702,-1,-1,-1
487,53,801.87,437.37,92.35,285.44,0.4917,-1,-1,-1
487,50,862.42,428.39,63.02,266.25,0.4199,-1,-1,-1
487,46,917.49,441.51,90.78,241.06,0.6623,-1,-1,-1
487,36,1200.15,418.77,181.93,593.87,0.7764,-1,-1,-1
487,21,1359.14,396.46,280.98,679.13,0.8438,-1,-1,-1
488,78,1349.27,418.78,106.56,504.93,0.5103,-1,-1,-1
488,75,0.36,656.68,70.04,303.64,0.5588,-1,-1,-1
488,74,350.04,474.34,104.34,203.86,0.4939,-1,-1,-1
488,70,0.34,530.98,70.82,127.76,0.4478,-1,-1,-1
488,62,1598.83,419.31,162.10,419.48,0.7659,-1,-1,-1
488,55,635.14,435.46,125.56,261.16,0.6726,-1,-1,-1
488,53,803.63,432.54,126.88,293.24,0.5849,-1,-1,-1
488,46,920.38,450.11,88.65,231.90,0.5535,-1,-1,-1
488,36,1201.34,419.77,183.85,592.08,0.7843,-1,-1,-1
488,21,1358.82,401.22,288.48,674.87,0.8192,-1,-1,-1
489,78,1350.27,423.49,111.19,471.24,0.5548,-1,-1,-1
489,74,339.45,451.81,98.46,228.53,0.5008,-1,-1,-1
489,70,0.10,535.55,63.30,130.81,0.5443,-1,-1,-1
489,62,1608.40,412.42,153.37,430.26,0.7451,-1,-1,-1
489,57,732.86,445.37,40.11,128.76,0.3433,-1,-1,-1
489,55,641.42,436.37,123.09,259.78,0.6958,-1,-1,-1
489,53,804.64,431.42,133.82,293.37,0.5714,-1,-1,-1
489,46,922.82,437.74,88.80,243.69,0.6098,-1,-1,-1
489,36,1204.67,412.84,186.62,596.09,0.8260,-1,-1,-1
489,21,1360.20,392.65,289.63,679.32,0.7879,-1,-1,-1
490,78,1355.29,419.37,113.40,476.77,0.6114,-1,-1,-1
490,74,331.39,461.54,95.62,218.94,0.5011,-1,-1,-1
490,70,0.06,544.35,50.15,107.50,0.3632,-1,-1,-1
490,62,1615.88,411.55,146.97,432.56,0.7320,-1,-1,-1
490,55,642.66,435.13,122.80,263.25,0.7903,-1,-1,-1
490,53,804.29,437.09,136.42,287.76,0.5798,-1,-1,-1
490,46,935.64,439.04,76.77,241.01,0.6163,-1,-1,-1
490,36,1203.56,417.80,187.93,594.10,0.8008,-1,-1,-1
490,21,1366.90,397.67,262.79,674.38,0.7455,-1,-1,-1
491,82,564.80,440.90,33.35,88.90,0.3418,-1,-1,-1
491,78,1362.82,418.07,113.73,474.77,0.5504,-1,-1,-1
491,74,319.54,494.61,103.47,187.31,0.4786,-1,-1,-1
491,67,417.54,474.87,47.00,93.76,0.3072,-1,-1,-1
491,62,1619.54,408.79,127.26,431.72,0.7350,-1,-1,-1
491,57,722.26,444.04,49.21,132.30,0.3697,-1,-1,-1
491,55,647.22,434.89,120.27,264.87,0.7890,-1,-1,-1
491,53,806.75,437.00,136.34,287.91,0.5244,-1,-1,-1
491,46,947.44,435.96,69.22,242.20,0.5934,-1,-1,-1
491,36,1204.72,418.00,187.31,594.27,0.8076,-1,-1,-1
491,21,1368.22,400.65,253.03,668.30,0.6712,-1,-1,-1
492,82,566.06,440.47,32.26,89.98,0.3620,-1,-1,-1
492,78,1367.77,411.29,122.21,470.35,0.5253,-1,-1,-1
492,74,316.07,481.91,95.51,200.96,0.5228,-1,-1,-1
492,70,0.06,560.49,34.26,88.22,0.3579,-1,-1,-1
492,67,417.14,475.57,45.64,94.76,0.4004,-1,-1,-1
492,62,1632.94,410.39,116.46,437.94,0.7096,-1,-1,-1
492,57,724.32,444.50,46.15,131.87,0.3467,-1,-1,-1
492,55,647.25,432.72,123.35,268.50,0.7641,-1,-1,-1
492,53,806.55,444.79,141.27,280.52,0.6688,-1,-1,-1
492,46,953.37,436.96,74.15,241.84,0.6237,-1,-1,-1
492,36,1204.36,412.88,196.06,596.83,0.8155,-1,-1,-1
492,21,1373.04,392.79,316.33,667.43,0.4264,-1,-1,-1
493,82,563.45,438.65,35.61,93.14,0.3300,-1,-1,-1
493,78,1373.78,409.94,120.76,497.77,0.5386,-1,-1,-1
493,74,305.80,488.23,102.60,190.44,0.4884,-1,-1,-1
493,67,415.43,475.17,49.25,95.16,0.3276,-1,-1,-1
493,62,1635.44,410.53,123.19,432.80,0.6395,-1,-1,-1
493,57,728.92,444.21,40.76,129.45,0.3709,-1,-1,-1
493,55,651.43,442.50,118.55,259.97,0.7730,-1,-1,-1
493,53,808.70,446.34,141.05,277.75,0.6876,-1,-1,-1
493,46,957.05,440.47,75.50,239.46,0.7060,-1,-1,-1
493,36,1205.20,417.81,198.82,592.41,0.8292,-1,-1,-1
493,21,1373.04,388.52,235.62,672.06,0.4741,-1,-1,-1
494,82,564.63,439.87,34.66,92.20,0.3095,-1,-1,-1
494,78,1378.78,407.49,122.51,531.83,0.6169,-1,-1,-1
494,74,302.38,474.79,104.77,204.16,0.3780,-1,-1,-1
494,62,1634.17,410.60,135.00,396.90,0.6716,-1,-1,-1
494,55,654.07,442.28,118.36,259.77,0.7826,-1,-1,-1
494,53,809.22,445.59,142.98,280.13,0.7109,-1,-1,-1
494,46,955.70,441.86,79.98,238.67,0.6561,-1,-1,-1
494,36,1205.41,421.50,207.33,588.79,0.8280,-1,-1,-1
494,21,1377.81,388.19,295.19,659.86,0.4988,-1,-1,-1
495,82,564.34,441.56,35.32,92.22,0.3225,-1,-1,-1
495,78,1377.02,406.74,125.87,558.22,0.5717,-1,-1,-1
495,74,295.62,471.22,98.42,222.04,0.3150,-1,-1,-1
495,62,1635.58,405.49,168.02,457.61,0.6932,-1,-1,-1
495,55,653.75,436.79,117.40,264.87,0.7627,-1,-1,-1
495,53,818.73,442.40,133.73,282.32,0.6824,-1,-1,-1
495,46,959.88,441.81,91.40,239.86,0.6628,-1,-1,-1
495,36,1206.50,421.62,214.35,589.91,0.8143,-1,-1,-1
495,21,1377.67,383.14,283.58,665.72,0.4456,-1,-1,-1
496,82,567.36,441.86,32.93,91.45,0.3872,-1,-1,-1
496,78,1382.23,413.31,129.85,563.90,0.6477,-1,-1,-1
496,74,293.27,457.27,87.78,228.33,0.3579,-1,-1,-1
496,62,1640.64,403.89,176.69,402.62,0.4881,-1,-1,-1
496,55,656.61,437.62,114.54,264.19,0.7865,-1,-1,-1
496,53,821.90,440.60,132.11,286.30,0.7016,-1,-1,-1
496,46,958.11,443.05,106.61,239.11,0.7291,-1,-1,-1
496,36,1206.90,419.88,220.85,591.97,0.8325,-1,-1,-1
496,21,1391.36,374.35,275.73,695.33,0.5690,-1,-1,-1
497,82,567.32,442.32,32.78,90.74,0.3683,-1,-1,-1
497,78,1391.28,418.95,129.77,459.88,0.6544,-1,-1,-1
497,74,252.84,471.23,117.54,222.51,0.4463,-1,-1,-1
497,62,1645.26,406.31,154.02,472.41,0.8000,-1,-1,-1
497,55,664.44,433.43,106.02,268.76,0.7760,-1,-1,-1
497,53,830.54,442.82,123.57,285.76,0.7342,-1,-1,-1
497,46,962.22,441.96,113.09,240.24,0.7283,-1,-1,-1
497,36,1208.40,420.43,223.78,590.36,0.8528,-1,-1,-1
497,21,1397.36,378.40,291.71,695.74,0.6532,-1,-1,-1
498,82,566.94,441.29,33.72,92.31,0.3906,-1,-1,-1
498,78,1391.32,412.16,137.26,530.65,0.6514,-1,-1,-1
498,74,258.04,478.83,111.65,222.17,0.4575,-1,-1,-1
498,62,1651.62,410.65,158.93,465.67,0.7419,-1,-1,-1
498,55,670.74,431.98,98.84,270.22,0.7722,-1,-1,-1
498,53,840.46,444.06,114.27,282.41,0.6808,-1,-1,-1
498,46,967.51,439.55,114.46,242.70,0.7380,-1,-1,-1
498,36,1213.83,417.09,220.88,594.16,0.8473,-1,-1,-1
498,21,1414.88,377.45,273.82,693.51,0.6500,-1,-1,-1
499,82,567.25,442.37,32.34,91.31,0.3970,-1,-1,-1
499,78,1391.98,405.37,145.68,537.21,0.6556,-1,-1,-1
499,74,243.68,483.69,110.16,217.14,0.5501,-1,-1,-1
499,62,1653.11,406.16,206.23,470.05,0.8519,-1,-1,-1
499,55,673.44,436.73,96.85,263.94,0.7668,-1,-1,-1
499,53,855.59,442.91,100.14,285.50,0.6998,-1,-1,-1
499,46,969.34,440.67,120.74,242.57,0.6975,-1,-1,-1
499,36,1222.52,414.50,210.39,597.75,0.8361,-1,-1,-1
499,21,1426.01,379.19,267.76,692.69,0.6668,-1,-1,-1
500,82,568.69,442.72,31.71,90.73,0.3358,-1,-1,-1
500,78,1386.98,410.01,158.52,550.19,0.6763,-1,-1,-1
500,74,238.23,481.40,99.63,223.11,0.6089,-1,-1,-1
500,62,1661.81,412.96,212.43,472.88,0.8425,-1,-1,-1
500,55,675.71,433.26,95.71,267.52,0.7471,-1,-1,-1
500,53,855.84,438.24,102.08,287.79,0.6592,-1,-1,-1
500,46,968.99,443.98,119.60,239.22,0.6806,-1,-1,-1
500,36,1231.07,417.13,205.27,595.64,0.7887,-1,-1,-1
500,21,1451.20,378.81,258.17,691.85,0.5812,-1,-1,-1
501,82,571.69,446.01,28.97,87.81,0.3178,-1,-1,-1
501,78,1394.35,413.44,151.24,541.31,0.6842,-1,-1,-1
501,74,225.67,480.94,108.36,221.10,0.6273,-1,-1,-1
501,62,1674.75,417.81,222.84,469.58,0.8533,-1,-1,-1
501,55,683.29,433.77,89.72,265.89,0.6852,-1,-1,-1
501,53,858.12,437.49,103.21,287.94,0.6992,-1,-1,-1
501,46,967.69,454.98,118.92,227.85,0.7068,-1,-1,-1
501,36,1243.63,414.27,197.87,599.29,0.7918,-1,-1,-1
501,21,1489.41,374.35,218.17,569.38,0.6101,-1,-1,-1
502,82,572.38,450.74,28.08,82.21,0.3033,-1,-1,-1
502,78,1386.73,405.47,164.57,558.90,0.7131,-1,-1,-1
502,74,218.13,484.32,115.14,217.09,0.6017,-1,-1,-1
502,62,1686.38,415.09,213.48,473.91,0.8443,-1,-1,-1
502,55,693.83,436.35,81.12,262.19,0.6774,-1,-1,-1
502,53,860.65,440.53,104.90,285.82,0.6557,-1,-1,-1
502,46,972.02,450.70,114.18,232.11,0.7335,-1,-1,-1
502,36,1257.32,415.26,192.28,599.81,0.7968,-1,-1,-1
502,21,1499.57,377.49,224.52,687.83,0.6182,-1,-1,-1
503,83,0.18,918.05,107.55,161.86,0.4087,-1,-1,-1
503,82,571.88,446.66,28.67,87.77,0.3504,-1,-1,-1
503,78,1382.70,411.82,171.89,554.27,0.6208,-1,-1,-1
503,75,0.28,655.97,102.66,417.85,0.5361,-1,-1,-1
503,74,203.94,480.35,120.82,235.11,0.5348,-1,-1,-1
503,62,1693.23,412.05,211.93,482.99,0.8553,-1,-1,-1
503,55,690.02,434.32,88.78,265.89,0.6960,-1,-1,-1
503,53,867.34,440.43,105.82,285.26,0.6732,-1,-1,-1
503,46,981.40,446.30,106.07,236.47,0.7195,-1,-1,-1
503,36,1285.32,409.99,170.30,607.90,0.7671,-1,-1,-1
503,21,1509.02,373.88,216.36,692.19,0.7258,-1,-1,-1
504,83,0.71,933.27,88.24,144.90,0.3491,-1,-1,-1
504,82,571.64,446.67,28.71,88.21,0.4045,-1,-1,-1
504,78,1391.13,411.09,167.93,554.56,0.6971,-1,-1,-1
504,74,190.09,481.82,118.25,236.44,0.6457,-1,-1,-1
504,62,1698.42,410.13,217.39,496.89,0.8657,-1,-1,-1
504,55,692.67,435.69,87.91,265.09,0.6867,-1,-1,-1
504,53,873.75,440.64,106.83,284.22,0.5696,-1,-1,-1
504,50,861.43,416.73,61.37,293.96,0.3590,-1,-1,-1
504,46,991.80,447.62,93.43,235.20,0.6596,-1,-1,-1
504,36,1296.46,412.63,164.99,607.28,0.8042,-1,-1,-1
504,21,1517.20,372.85,218.00,694.38,0.7005,-1,-1,-1
505,82,571.52,449.52,28.62,85.14,0.4049,-1,-1,-1
505,78,1405.95,426.53,158.38,541.81,0.6621,-1,-1,-1
505,74,181.57,482.29,111.00,235.20,0.6028,-1,-1,-1
505,62,1710.46,406.93,206.44,502.60,0.8850,-1,-1,-1
505,55,692.59,437.41,91.91,264.16,0.7825,-1,-1,-1
505,53,884.04,444.06,118.04,279.42,0.5831,-1,-1,-1
505,50,867.41,427.27,61.97,279.60,0.4613,-1,-1,-1
505,46,1003.05,456.65,81.89,226.63,0.6442,-1,-1,-1
505,36,1302.86,410.35,165.20,615.93,0.8282,-1,-1,-1
505,21,1522.76,373.70,223.07,700.83,0.7682,-1,-1,-1
506,82,571.43,447.75,29.31,86.05,0.4106,-1,-1,-1
506,78,1444.74,423.67,122.55,526.80,0.7062,-1,-1,-1
506,74,166.35,484.55,113.56,232.24,0.6548,-1,-1,-1
506,62,1719.79,401.49,198.69,508.07,0.8853,-1,-1,-1
506,55,699.68,434.70,90.97,267.44,0.7433,-1,-1,-1
506,53,897.10,452.07,119.78,270.16,0.6529,-1,-1,-1
506,50,869.10,412.90,69.98,289.40,0.5857,-1,-1,-1
506,46,1012.95,461.23,75.71,221.13,0.6264,-1,-1,-1
506,36,1308.31,412.06,164.86,627.12,0.7937,-1,-1,-1
506,21,1526.46,372.36,219.13,701.50,0.7571,-1,-1,-1
507,82,572.16,446.57,28.72,87.62,0.3941,-1,-1,-1
507,78,1448.05,416.63,121.86,545.07,0.6955,-1,-1,-1
507,74,150.60,481.37,116.76,245.77,0.6778,-1,-1,-1
507,62,1736.75,398.78,181.68,513.13,0.8764,-1,-1,-1
507,55,702.11,435.50,98.23,265.99,0.7236,-1,-1,-1
507,53,899.75,451.19,121.78,270.21,0.6701,-1,-1,-1
507,50,869.41,413.66,68.86,289.12,0.6050,-1,-1,-1
507,46,1017.60,448.95,80.61,232.31,0.5338,-1,-1,-1
507,36,1313.49,412.83,162.48,635.47,0.8118,-1,-1,-1
507,21,1528.78,376.19,222.59,699.52,0.7413,-1,-1,-1
508,82,570.56,446.54,29.59,88.89,0.4386,-1,-1,-1
508,78,1455.20,410.95,119.43,535.19,0.6743,-1,-1,-1
508,74,137.67,483.64,121.91,244.48,0.6708,-1,-1,-1
508,62,1744.62,397.45,173.07,513.05,0.8458,-1,-1,-1
508,55,715.64,435.90,90.36,263.62,0.6847,-1,-1,-1
508,53,898.68,452.61,139.36,269.09,0.7100,-1,-1,-1
508,50,869.08,412.79,69.29,285.29,0.6063,-1,-1,-1
508,46,1027.28,448.44,71.63,231.25,0.5329,-1,-1,-1
508,36,1317.62,416.55,187.91,639.08,0.7756,-1,-1,-1
508,21,1527.31,374.10,231.86,697.15,0.7468,-1,-1,-1
509,82,570.40,446.06,30.27,89.53,0.4298,-1,-1,-1
509,78,1462.18,404.95,121.15,568.74,0.5879,-1,-1,-1
509,74,126.98,477.03,120.06,244.62,0.6710,-1,-1,-1
509,62,1751.99,396.05,166.23,511.55,0.7910,-1,-1,-1
509,55,715.19,439.17,98.55,261.09,0.6718,-1,-1,-1
509,53,899.59,446.76,140.66,277.64,0.7371,-1,-1,-1
509,50,873.91,423.46,64.20,276.99,0.5880,-1,-1,-1
509,46,1032.03,466.39,66.87,212.21,0.4928,-1,-1,-1
509,36,1323.59,413.07,210.28,645.31,0.8279,-1,-1,-1
509,21,1529.15,374.31,225.57,691.86,0.7009,-1,-1,-1
510,82,569.83,445.23,29.99,88.77,0.4345,-1,-1,-1
510,78,1468.47,404.55,121.98,575.12,0.7085,-1,-1,-1
510,74,106.54,476.51,127.76,247.85,0.6633,-1,-1,-1
510,62,1771.42,392.89,147.02,496.06,0.8243,-1,-1,-1
510,55,712.99,435.31,116.01,264.81,0.7043,-1,-1,-1
510,53,899.10,445.41,138.99,280.18,0.7510,-1,-1,-1
510,50,875.00,411.35,66.76,286.38,0.5884,-1,-1,-1
510,46,1035.80,466.86,71.85,207.65,0.4966,-1,-1,-1
510,36,1323.62,413.27,226.90,643.68,0.8407,-1,-1,-1
510,21,1547.69,377.13,244.82,698.58,0.6134,-1,-1,-1
511,82,570.05,446.23,29.77,87.61,0.4676,-1,-1,-1
511,81,1098.50,438.12,62.01,149.45,0.3006,-1,-1,-1
511,78,1474.87,405.78,119.90,551.31,0.6678,-1,-1,-1
511,74,97.96,477.05,126.99,252.18,0.5584,-1,-1,-1
511,62,1779.87,394.61,139.32,492.65,0.8075,-1,-1,-1
511,55,713.96,439.31,116.38,260.50,0.7250,-1,-1,-1
511,53,898.11,446.27,154.79,279.46,0.7626,-1,-1,-1
511,50,874.60,425.55,68.16,269.82,0.4940,-1,-1,-1
511,46,1034.88,459.31,79.52,215.88,0.5460,-1,-1,-1
511,36,1321.81,415.43,240.40,643.97,0.8386,-1,-1,-1
511,21,1541.16,369.01,275.32,706.17,0.7176,-1,-1,-1
512,82,570.72,447.19,29.03,86.72,0.4568,-1,-1,-1
512,81,1095.50,433.04,65.07,156.57,0.4029,-1,-1,-1
512,78,1474.97,409.40,120.27,532.27,0.6393,-1,-1,-1
512,62,1785.67,394.39,133.45,497.29,0.8067,-1,-1,-1
512,55,718.01,436.53,112.47,262.35,0.7390,-1,-1,-1
512,53,898.93,443.28,153.14,282.58,0.7578,-1,-1,-1
512,50,874.32,411.71,74.82,284.19,0.5612,-1,-1,-1
512,46,1038.39,452.96,87.66,224.91,0.6049,-1,-1,-1
512,36,1320.01,419.32,243.53,642.57,0.8451,-1,-1,-1
512,21,1546.99,375.47,229.38,688.76,0.5767,-1,-1,-1
513,82,570.50,445.90,29.35,88.12,0.4768,-1,-1,-1
513,81,1100.33,446.61,54.60,145.54,0.3365,-1,-1,-1
513,78,1478.98,414.51,120.78,555.30,0.6536,-1,-1,-1
513,74,63.87,476.44,141.78,257.78,0.6036,-1,-1,-1
513,62,1804.84,389.92,114.34,512.11,0.7982,-1,-1,-1
513,55,718.83,436.08,118.20,263.55,0.7424,-1,-1,-1
513,53,899.06,443.79,154.89,282.01,0.7505,-1,-1,-1
513,50,875.75,412.59,76.07,284.73,0.5143,-1,-1,-1
513,46,1041.21,443.64,93.43,234.10,0.6050,-1,-1,-1
513,36,1319.92,418.88,249.18,647.31,0.8471,-1,-1,-1
513,21,1550.17,372.36,229.74,585.12,0.4819,-1,-1,-1
514,82,569.80,445.89,29.90,87.37,0.5265,-1,-1,-1
514,81,1100.70,444.24,55.59,146.21,0.3044,-1,-1,-1
514,78,1484.49,417.22,120.29,531.57,0.5940,-1,-1,-1
514,74,48.90,476.35,143.91,258.27,0.6568,-1,-1,-1
514,62,1808.12,390.86,111.33,513.06,0.8036,-1,-1,-1
514,57,693.61,453.87,40.93,120.43,0.3466,-1,-1,-1
514,55,721.79,440.33,113.07,257.05,0.7477,-1,-1,-1
514,53,900.46,444.59,154.60,280.14,0.7014,-1,-1,-1
514,50,878.03,413.18,76.72,284.82,0.5091,-1,-1,-1
514,46,1041.36,444.80,103.68,232.28,0.6223,-1,-1,-1
514,36,1320.18,418.63,250.74,647.60,0.8435,-1,-1,-1
514,21,1557.30,371.55,222.99,581.85,0.5672,-1,-1,-1
515,82,569.41,446.18,30.63,87.79,0.4837,-1,-1,-1
515,78,1488.56,415.26,127.77,518.34,0.5201,-1,-1,-1
515,74,37.21,477.65,145.77,259.39,0.6997,-1,-1,-1
515,62,1819.71,388.73,99.75,518.69,0.7929,-1,-1,-1
515,57,693.63,451.18,38.57,125.50,0.4616,-1,-1,-1
515,55,725.80,439.09,110.91,256.80,0.7253,-1,-1,-1
515,53,902.15,443.08,155.64,280.84,0.7431,-1,-1,-1
515,50,875.73,420.88,74.11,277.22,0.5766,-1,-1,-1
515,46,1044.70,451.43,105.61,226.11,0.6780,-1,-1,-1
515,36,1321.85,417.60,251.62,649.59,0.8440,-1,-1,-1
515,21,1563.46,372.45,251.59,697.13,0.5283,-1,-1,-1
516,82,568.83,445.47,31.73,90.01,0.5029,-1,-1,-1
516,78,1495.50,414.74,129.70,512.61,0.4165,-1,-1,-1
516,74,21.24,478.88,149.37,259.57,0.7054,-1,-1,-1
516,62,1822.35,387.71,96.57,527.70,0.7578,-1,-1,-1
516,57,692.32,449.51,38.25,126.79,0.4896,-1,-1,-1
516,55,731.63,434.78,106.99,260.56,0.7483,-1,-1,-1
516,53,906.38,437.39,151.55,283.63,0.7598,-1,-1,-1
516,50,877.35,418.14,80.26,283.77,0.5690,-1,-1,-1
516,46,1048.67,450.34,97.45,224.97,0.5775,-1,-1,-1
516,36,1321.47,423.14,256.46,646.37,0.8307,-1,-1,-1
516,21,1560.77,375.40,282.83,684.08,0.6064,-1,-1,-1
517,82,567.82,444.21,32.08,91.82,0.4722,-1,-1,-1
517,81,1105.30,440.84,53.43,151.90,0.3435,-1,-1,-1
517,78,1501.50,409.06,131.58,506.00,0.3990,-1,-1,-1
517,74,16.03,495.26,147.19,242.51,0.5800,-1,-1,-1
517,62,1834.18,392.86,85.12,511.18,0.6981,-1,-1,-1
517,57,684.49,445.58,44.44,130.47,0.4908,-1,-1,-1
517,55,735.21,440.20,105.40,254.23,0.7290,-1,-1,-1
517,53,910.29,437.37,146.13,284.82,0.7689,-1,-1,-1
517,50,879.40,425.01,84.29,279.88,0.5797,-1,-1,-1
517,46,1048.69,450.17,101.08,226.33,0.5534,-1,-1,-1
517,36,1322.00,424.61,260.92,644.79,0.8205,-1,-1,-1
517,21,1573.64,378.52,275.91,691.06,0.4329,-1,-1,-1
518,82,570.14,447.01,30.27,87.81,0.4537,-1,-1,-1
518,78,1509.93,411.53,131.26,643.05,0.3616,-1,-1,-1
518,74,3.25,479.85,150.34,259.59,0.6834,-1,-1,-1
518,62,1842.17,395.01,77.14,511.25,0.6629,-1,-1,-1
518,57,681.64,448.95,44.82,124.24,0.4472,-1,-1,-1
518,55,740.89,431.21,99.84,262.02,0.7799,-1,-1,-1
518,53,913.94,434.81,143.20,288.16,0.7866,-1,-1,-1
518,50,878.83,415.88,79.76,288.76,0.6177,-1,-1,-1
518,46,1047.99,461.21,104.14,216.49,0.5708,-1,-1,-1
518,36,1327.25,417.40,262.31,650.44,0.8205,-1,-1,-1
518,21,1576.23,378.25,274.39,691.37,0.4235,-1,-1,-1
519,82,570.82,450.39,29.58,85.18,0.4616,-1,-1,-1
519,78,1516.99,413.41,123.35,644.68,0.4692,-1,-1,-1
519,74,0.66,490.97,145.99,248.63,0.6142,-1,-1,-1
519,62,1852.64,394.06,66.70,487.97,0.5247,-1,-1,-1
519,57,678.53,447.88,45.52,125.82,0.5497,-1,-1,-1
519,55,743.73,432.26,99.96,260.34,0.7721,-1,-1,-1
519,53,917.26,441.49,140.24,278.34,0.6556,-1,-1,-1
519,50,879.69,433.48,78.19,266.39,0.5925,-1,-1,-1
519,46,1049.55,448.27,101.69,229.64,0.5336,-1,-1,-1
519,36,1329.53,420.72,260.71,646.58,0.7951,-1,-1,-1
519,21,1574.63,381.56,314.11,688.34,0.6568,-1,-1,-1
520,82,570.98,449.43,29.53,86.55,0.4256,-1,-1,-1
520,78,1521.91,419.74,131.77,516.27,0.4470,-1,-1,-1
520,74,0.21,479.24,150.28,265.03,0.5351,-1,-1,-1
520,62,1868.19,396.87,51.26,476.65,0.5434,-1,-1,-1
520,57,680.71,448.56,43.54,123.99,0.5479,-1,-1,-1
520,55,750.42,430.10,92.67,260.53,0.7279,-1,-1,-1
520,53,931.30,446.53,132.36,273.36,0.6576,-1,-1,-1
520,50,881.36,435.39,78.20,263.52,0.6392,-1,-1,-1
520,46,1049.64,456.31,101.06,221.00,0.5671,-1,-1,-1
520,36,1334.88,417.71,253.22,649.82,0.7827,-1,-1,-1
520,21,1579.38,380.10,247.06,691.07,0.5518,-1,-1,-1
521,82,571.51,453.73,28.85,80.79,0.4259,-1,-1,-1
521,78,1526.31,419.87,138.54,519.59,0.4988,-1,-1,-1
521,74,0.58,480.02,126.99,269.39,0.4948,-1,-1,-1
521,62,1866.40,389.46,53.00,447.29,0.3687,-1,-1,-1
521,57,680.40,451.28,41.73,122.24,0.5131,-1,-1,-1
521,55,757.53,431.27,87.20,259.35,0.7424,-1,-1,-1
521,53,938.22,445.07,128.02,274.82,0.6325,-1,-1,-1
521,50,881.62,431.67,80.70,268.76,0.6335,-1,-1,-1
521,46,1051.89,437.76,97.90,240.12,0.6208,-1,-1,-1
521,36,1339.85,414.61,244.97,651.97,0.8273,-1,-1,-1
521,21,1577.54,381.08,333.94,683.07,0.6124,-1,-1,-1
522,82,572.60,454.69,28.28,79.89,0.3794,-1,-1,-1
522,78,1530.96,415.82,146.18,538.61,0.4881,-1,-1,-1
522,74,0.18,476.83,105.02,268.70,0.4966,-1,-1,-1
522,57,677.69,448.63,44.14,124.89,0.5587,-1,-1,-1
522,55,767.93,433.65,77.53,254.38,0.7153,-1,-1,-1
522,53,951.21,440.76,118.42,278.69,0.6701,-1,-1,-1
522,50,879.46,431.12,86.04,270.49,0.6422,-1,-1,-1
522,46,1053.88,443.68,96.80,234.20,0.6234,-1,-1,-1
522,36,1345.94,411.96,248.08,654.01,0.8022,-1,-1,-1
522,21,1612.39,377.02,296.88,564.38,0.6272,-1,-1,-1
523,82,572.51,453.74,28.86,81.50,0.4010,-1,-1,-1
523,78,1538.45,411.49,155.52,546.19,0.5178,-1,-1,-1
523,74,0.15,516.11,105.90,240.51,0.3591,-1,-1,-1
523,57,675.16,448.29,45.84,126.32,0.5927,-1,-1,-1
523,55,763.89,433.23,88.51,256.89,0.7168,-1,-1,-1
523,53,952.15,442.44,113.70,278.97,0.6811,-1,-1,-1
523,50,880.72,417.97,91.84,285.67,0.6479,-1,-1,-1
523,46,1054.39,458.18,98.12,219.77,0.6440,-1,-1,-1
523,36,1353.25,412.19,244.29,654.98,0.7309,-1,-1,-1
523,21,1578.41,379.58,341.02,692.53,0.6031,-1,-1,-1
524,82,573.46,453.61,29.57,82.85,0.4091,-1,-1,-1
524,78,1547.64,411.79,149.13,562.89,0.4785,-1,-1,-1
524,57,674.21,448.92,46.22,124.32,0.6099,-1,-1,-1
524,55,767.04,430.71,89.71,259.71,0.7391,-1,-1,-1
524,53,967.55,443.50,101.18,275.84,0.6237,-1,-1,-1
524,50,879.42,417.92,96.07,284.99,0.6635,-1,-1,-1
524,46,1059.45,457.41,94.32,219.90,0.6078,-1,-1,-1
524,36,1366.36,411.29,233.50,654.80,0.7126,-1,-1,-1
524,21,1586.27,373.53,333.62,694.82,0.7973,-1,-1,-1
525,82,573.77,451.45,29.52,82.82,0.4429,-1,-1,-1
525,78,1542.88,408.20,159.50,591.44,0.5920,-1,-1,-1
525,74,1.22,510.23,78.94,232.98,0.3240,-1,-1,-1
525,57,674.69,452.62,43.58,120.02,0.6313,-1,-1,-1
525,55,765.55,430.17,93.56,260.04,0.7484,-1,-1,-1
525,53,971.82,444.51,95.73,275.41,0.6575,-1,-1,-1
525,50,887.75,410.57,92.38,294.79,0.6531,-1,-1,-1
525,46,1060.54,461.23,97.94,217.33,0.6283,-1,-1,-1
525,36,1385.67,411.48,218.11,656.70,0.7219,-1,-1,-1
525,21,1594.90,368.92,324.49,703.07,0.6822,-1,-1,-1
526,86,714.98,450.29,33.73,89.05,0.4110,-1,-1,-1
526,82,573.58,451.06,30.24,82.78,0.4097,-1,-1,-1
526,78,1547.45,409.26,161.25,588.67,0.5765,-1,-1,-1
526,57,670.65,451.08,47.77,120.93,0.5834,-1,-1,-1
526,55,765.89,436.47,98.16,252.99,0.7174,-1,-1,-1
526,53,988.48,445.30,77.18,278.03,0.6581,-1,-1,-1
526,50,897.22,411.43,84.84,295.27,0.6753,-1,-1,-1
526,46,1064.48,462.72,97.74,214.08,0.6342,-1,-1,-1
526,36,1408.68,410.64,200.49,652.22,0.6749,-1,-1,-1
526,21,1598.93,360.16,319.85,710.91,0.8162,-1,-1,-1
527,86,714.90,449.83,33.49,89.30,0.4911,-1,-1,-1
527,84,541.00,455.28,30.96,77.75,0.3010,-1,-1,-1
527,82,573.68,450.93,29.44,82.56,0.4247,-1,-1,-1
527,78,1564.64,409.15,152.90,589.20,0.6799,-1,-1,-1
527,74,0.20,544.32,63.25,132.10,0.3601,-1,-1,-1
527,57,668.84,455.53,48.28,116.52,0.5882,-1,-1,-1
527,55,770.26,436.50,108.81,253.13,0.6895,-1,-1,-1
527,53,994.56,449.53,78.01,273.41,0.7052,-1,-1,-1
527,50,899.45,407.49,84.33,298.49,0.7362,-1,-1,-1
527,46,1070.15,458.68,97.57,216.58,0.6215,-1,-1,-1
527,36,1427.26,414.57,194.15,653.21,0.7507,-1,-1,-1
527,21,1599.79,368.24,318.39,703.17,0.6965,-1,-1,-1
528,86,714.21,451.53,34.70,87.30,0.4950,-1,-1,-1
528,82,573.50,450.37,31.03,84.41,0.4263,-1,-1,-1
528,78,1570.61,411.06,164.40,588.70,0.7151,-1,-1,-1
528,74,0.15,547.52,55.13,109.61,0.3471,-1,-1,-1
528,57,669.25,456.55,46.97,114.12,0.6127,-1,-1,-1
528,55,789.77,437.64,92.11,249.63,0.5981,-1,-1,-1
528,53,995.36,444.90,86.16,280.34,0.7121,-1,-1,-1
528,50,904.85,412.91,78.79,293.49,0.7279,-1,-1,-1
528,46,1077.67,451.67,85.84,223.17,0.6411,-1,-1,-1
528,36,1438.61,411.82,180.23,653.22,0.6916,-1,-1,-1
528,21,1602.56,392.57,317.44,679.09,0.7342,-1,-1,-1
529,86,712.16,450.58,27.75,88.42,0.4923,-1,-1,-1
529,82,573.39,449.89,31.21,84.91,0.4569,-1,-1,-1
529,78,1578.38,412.85,164.25,590.69,0.7308,-1,-1,-1
529,74,0.11,545.41,41.61,112.09,0.3693,-1,-1,-1
529,57,665.33,453.14,54.55,118.28,0.5692,-1,-1,-1
529,55,779.52,435.62,128.91,252.89,0.6294,-1,-1,-1
529,53,999.00,442.08,95.34,279.49,0.7067,-1,-1,-1
529,50,915.30,405.62,71.74,300.42,0.7331,-1,-1,-1
529,46,1086.94,450.17,72.79,223.44,0.5326,-1,-1,-1
529,36,1443.96,413.13,182.86,654.88,0.7813,-1,-1,-1
529,21,1694.01,384.32,224.48,560.75,0.5806,-1,-1,-1
530,86,711.40,449.93,29.60,88.53,0.4386,-1,-1,-1
530,82,573.43,448.68,31.16,86.99,0.4600,-1,-1,-1
530,78,1579.51,412.09,163.55,596.02,0.6780,-1,-1,-1
530,57,663.68,454.85,51.65,115.68,0.5688,-1,-1,-1
530,55,792.03,434.65,111.37,252.37,0.6852,-1,-1,-1
530,53,1002.25,439.21,98.38,279.25,0.7164,-1,-1,-1
530,50,917.66,404.07,71.52,302.20,0.7550,-1,-1,-1
530,46,1093.49,447.56,69.05,227.18,0.5649,-1,-1,-1
530,36,1448.20,414.68,182.07,654.10,0.7930,-1,-1,-1
530,21,1702.86,365.14,216.10,579.72,0.5903,-1,-1,-1
531,86,712.81,450.24,30.57,89.44,0.3999,-1,-1,-1
531,82,572.84,448.31,31.60,88.67,0.4674,-1,-1,-1
531,78,1586.94,414.22,159.89,598.56,0.7199,-1,-1,-1
531,57,663.68,454.38,48.41,113.80,0.5485,-1,-1,-1
531,55,784.22,434.05,116.66,253.56,0.7534,-1,-1,-1
531,53,1006.11,443.82,102.50,274.32,0.7753,-1,-1,-1
531,50,919.26,402.80,72.90,304.10,0.7637,-1,-1,-1
531,46,1092.14,451.80,72.93,225.20,0.5846,-1,-1,-1
531,36,1449.29,413.26,193.84,653.26,0.8098,-1,-1,-1
531,21,1700.71,364.62,218.74,574.81,0.5021,-1,-1,-1
532,86,714.41,450.84,30.62,89.59,0.4135,-1,-1,-1
532,82,571.56,447.98,32.39,89.35,0.4836,-1,-1,-1
532,78,1588.56,409.13,168.40,617.16,0.7540,-1,-1,-1
532,57,664.99,451.51,43.78,118.27,0.5465,-1,-1,-1
532,55,787.57,435.61,117.45,252.17,0.7539,-1,-1,-1
532,53,1007.00,443.95,110.22,274.94,0.8030,-1,-1,-1
532,50,922.28,401.99,75.52,302.48,0.7301,-1,-1,-1
532,46,1096.23,452.81,60.94,223.68,0.5167,-1,-1,-1
532,36,1451.69,412.06,206.42,654.65,0.7968,-1,-1,-1
532,21,1642.02,366.43,277.45,707.86,0.7801,-1,-1,-1
533,86,716.64,452.94,27.68,87.85,0.3789,-1,-1,-1
533,82,572.96,446.64,33.36,90.59,0.3922,-1,-1,-1
533,78,1596.31,406.73,178.78,626.04,0.7712,-1,-1,-1
533,57,664.07,452.03,40.61,118.44,0.5588,-1,-1,-1
533,55,793.78,435.61,111.89,251.84,0.7409,-1,-1,-1
533,53,1002.47,445.72,117.98,272.01,0.7601,-1,-1,-1
533,50,920.88,404.47,82.76,300.45,0.7076,-1,-1,-1
533,46,1098.35,444.93,67.68,234.01,0.5587,-1,-1,-1
533,36,1453.49,411.17,214.09,654.73,0.8244,-1,-1,-1
533,21,1663.02,367.18,256.45,710.73,0.8252,-1,-1,-1
534,86,715.55,452.28,28.07,88.60,0.4161,-1,-1,-1
534,82,575.33,447.58,35.00,89.95,0.4190,-1,-1,-1
534,78,1596.47,412.79,193.69,612.59,0.7506,-1,-1,-1
534,57,661.19,450.47,41.97,118.96,0.6098,-1,-1,-1
534,55,801.00,436.21,114.71,251.39,0.7641,-1,-1,-1
534,53,1005.54,450.61,130.39,268.87,0.7155,-1,-1,-1
534,50,918.89,408.37,88.46,298.69,0.7235,-1,-1,-1
534,46,1093.26,448.11,70.08,229.80,0.5673,-1,-1,-1
534,36,1454.05,410.85,214.54,655.57,0.8335,-1,-1,-1
534,21,1722.92,369.93,197.08,624.32,0.6663,-1,-1,-1
535,86,714.85,451.52,28.45,88.96,0.4227,-1,-1,-1
535,82,575.10,445.14,35.32,92.27,0.4702,-1,-1,-1
535,78,1607.13,409.01,179.91,612.07,0.7676,-1,-1,-1
535,57,660.21,449.55,42.11,120.03,0.6462,-1,-1,-1
535,55,797.21,438.71,121.12,248.68,0.7656,-1,-1,-1
535,53,1006.11,442.71,134.44,280.61,0.6861,-1,-1,-1
535,50,918.44,429.77,96.45,277.44,0.7378,-1,-1,-1
535,46,1099.99,443.82,75.22,232.21,0.4566,-1,-1,-1
535,36,1454.22,412.54,213.16,654.27,0.8322,-1,-1,-1
535,21,1715.31,373.94,204.65,701.16,0.6249,-1,-1,-1
536,86,713.63,449.30,29.27,91.14,0.4320,-1,-1,-1
536,82,576.35,452.87,33.34,85.96,0.3894,-1,-1,-1
536,78,1609.18,408.09,180.33,620.76,0.7377,-1,-1,-1
536,57,659.37,449.64,41.57,118.84,0.5695,-1,-1,-1
536,55,801.04,436.39,116.22,249.60,0.7335,-1,-1,-1
536,53,1004.53,450.22,139.99,270.54,0.7138,-1,-1,-1
536,50,912.81,428.85,103.42,278.34,0.7407,-1,-1,-1
536,46,1104.17,445.75,69.81,227.46,0.3848,-1,-1,-1
536,36,1455.02,413.71,218.14,653.77,0.8186,-1,-1,-1
536,21,1745.62,367.69,174.07,707.00,0.8056,-1,-1,-1
537,86,711.61,449.30,30.56,91.36,0.4630,-1,-1,-1
537,82,579.47,458.50,30.64,79.93,0.3423,-1,-1,-1
537,78,1614.48,407.06,183.56,627.81,0.5622,-1,-1,-1
537,57,658.85,449.84,41.88,119.19,0.6080,-1,-1,-1
537,55,803.81,436.22,114.50,250.52,0.7348,-1,-1,-1
537,53,1004.78,455.15,142.37,265.83,0.6610,-1,-1,-1
537,50,915.57,436.24,103.12,268.79,0.7106,-1,-1,-1
537,46,1109.96,458.58,64.01,215.64,0.4645,-1,-1,-1
537,36,1456.82,414.82,232.32,651.31,0.7854,-1,-1,-1
537,21,1761.00,370.59,158.56,705.17,0.8078,-1,-1,-1
538,86,711.22,448.88,32.29,90.88,0.4798,-1,-1,-1
538,82,579.91,458.36,31.29,80.31,0.3853,-1,-1,-1
538,78,1618.35,409.45,191.49,620.51,0.6291,-1,-1,-1
538,57,657.46,451.47,42.25,118.19,0.5810,-1,-1,-1
538,55,803.87,434.59,117.76,251.74,0.7536,-1,-1,-1
538,53,1009.66,449.56,135.38,271.73,0.7037,-1,-1,-1
538,50,917.55,424.57,104.05,283.60,0.7378,-1,-1,-1
538,46,1105.17,448.73,68.12,228.56,0.4766,-1,-1,-1
538,36,1457.98,413.54,230.33,653.30,0.7970,-1,-1,-1
538,21,1767.12,370.74,152.48,705.97,0.8156,-1,-1,-1
539,86,713.66,449.52,28.52,91.23,0.4762,-1,-1,-1
539,82,579.90,458.44,31.37,79.83,0.3891,-1,-1,-1
539,78,1623.28,408.76,197.45,613.51,0.6961,-1,-1,-1
539,57,656.59,452.19,41.49,117.51,0.5734,-1,-1,-1
539,55,807.86,433.91,115.22,254.61,0.7495,-1,-1,-1
539,53,1010.17,439.56,135.09,281.77,0.7102,-1,-1,-1
539,50,920.60,423.02,102.05,285.10,0.7460,-1,-1,-1
539,46,1114.48,445.52,64.38,231.65,0.4291,-1,-1,-1
539,36,1460.03,412.94,233.65,654.31,0.7980,-1,-1,-1
539,21,1777.03,383.61,142.74,693.86,0.7907,-1,-1,-1
540,86,712.79,449.00,26.85,91.89,0.4969,-1,-1,-1
540,82,577.65,458.17,33.79,80.29,0.4299,-1,-1,-1
540,78,1634.08,408.49,189.29,608.19,0.7275,-1,-1,-1
540,57,655.31,453.51,37.20,115.82,0.6163,-1,-1,-1
540,55,814.20,433.30,109.73,252.80,0.7279,-1,-1,-1
540,53,1011.44,438.99,134.30,283.32,0.6798,-1,-1,-1
540,50,920.04,424.18,107.93,284.16,0.7698,-1,-1,-1
540,46,1110.92,448.30,65.31,229.91,0.3886,-1,-1,-1
540,36,1464.39,414.55,231.93,653.93,0.7923,-1,-1,-1
540,21,1782.36,417.04,137.34,657.51,0.7930,-1,-1,-1
541,86,712.86,449.48,27.29,93.68,0.5286,-1,-1,-1
541,82,577.45,458.41,33.33,80.38,0.3895,-1,-1,-1
541,78,1640.81,406.59,189.34,613.42,0.7708,-1,-1,-1
541,57,655.38,454.02,37.02,116.20,0.5564,-1,-1,-1
541,55,815.26,432.18,111.37,254.67,0.7385,-1,-1,-1
541,53,1023.27,436.20,121.57,286.69,0.6585,-1,-1,-1
541,50,921.56,418.72,123.10,289.50,0.7208,-1,-1,-1
541,46,1116.45,447.85,61.29,230.00,0.4595,-1,-1,-1
541,36,1467.92,411.62,241.34,660.49,0.7713,-1,-1,-1
541,21,1787.31,386.20,132.69,692.19,0.7728,-1,-1,-1
542,86,712.78,449.49,28.06,96.40,0.5136,-1,-1,-1
542,82,578.34,459.15,33.53,79.80,0.4262,-1,-1,-1
542,78,1644.19,405.39,191.04,616.00,0.6296,-1,-1,-1
542,57,655.71,454.74,36.90,114.99,0.5637,-1,-1,-1
542,55,820.52,434.48,107.34,252.56,0.7248,-1,-1,-1
542,53,1030.77,432.88,112.74,288.98,0.6439,-1,-1,-1
542,50,921.52,413.34,123.38,295.99,0.7281,-1,-1,-1
542,46,1118.90,453.93,60.16,221.34,0.5022,-1,-1,-1
542,36,1472.29,410.92,267.74,659.93,0.7628,-1,-1,-1
542,21,1797.36,384.96,122.64,693.77,0.7392,-1,-1,-1
543,86,711.99,449.09,29.32,96.39,0.5185,-1,-1,-1
543,82,577.09,457.88,33.23,80.91,0.3943,-1,-1,-1
543,78,1647.25,403.92,194.71,613.46,0.5379,-1,-1,-1
543,57,655.79,455.73,38.14,114.73,0.5968,-1,-1,-1
543,55,826.43,432.16,101.60,253.81,0.6637,-1,-1,-1
543,53,1047.45,437.66,98.63,282.88,0.5750,-1,-1,-1
543,50,921.11,425.00,118.98,281.55,0.7433,-1,-1,-1
543,46,1122.12,448.01,57.34,226.97,0.3822,-1,-1,-1
543,36,1482.85,411.00,252.99,657.17,0.6021,-1,-1,-1
543,21,1805.62,388.02,114.38,691.84,0.6776,-1,-1,-1
544,86,712.26,448.54,29.07,95.72,0.5113,-1,-1,-1
544,84,544.50,458.92,30.95,77.74,0.3085,-1,-1,-1
544,82,577.44,455.98,33.40,82.04,0.4465,-1,-1,-1
544,78,1649.03,407.05,192.41,590.31,0.4531,-1,-1,-1
544,57,655.10,454.91,39.16,115.12,0.6255,-1,-1,-1
544,55,836.70,433.85,93.31,251.38,0.6829,-1,-1,-1
544,53,1051.26,436.77,97.92,282.79,0.5858,-1,-1,-1
544,50,920.96,435.95,124.32,270.25,0.7076,-1,-1,-1
544,46,1122.55,450.74,60.67,226.84,0.3416,-1,-1,-1
544,36,1498.26,411.31,334.19,657.78,0.5409,-1,-1,-1
544,21,1824.83,383.25,94.49,565.78,0.6721,-1,-1,-1
545,86,711.71,447.92,31.44,97.04,0.5503,-1,-1,-1
545,84,543.79,455.66,30.69,81.07,0.3372,-1,-1,-1
545,82,578.93,454.34,33.41,83.89,0.3947,-1,-1,-1
545,78,1652.22,407.27,192.72,622.56,0.5733,-1,-1,-1
545,57,655.35,452.21,42.46,116.37,0.5942,-1,-1,-1
545,55,847.44,436.23,86.96,245.21,0.6678,-1,-1,-1
545,53,1068.18,434.65,91.85,286.81,0.4626,-1,-1,-1
545,50,925.06,432.68,126.61,274.46,0.6997,-1,-1,-1
545,36,1519.25,410.13,287.92,655.67,0.5707,-1,-1,-1
545,21,1838.40,476.12,80.90,482.05,0.5115,-1,-1,-1
546,86,713.34,448.13,30.05,97.46,0.5189,-1,-1,-1
546,84,543.72,449.14,30.61,87.28,0.3972,-1,-1,-1
546,82,579.35,451.18,33.35,85.86,0.4180,-1,-1,-1
546,78,1658.30,405.99,189.91,627.53,0.5453,-1,-1,-1
546,57,655.58,453.16,39.45,114.89,0.5905,-1,-1,-1
546,55,864.55,433.33,74.45,246.62,0.7014,-1,-1,-1
546,53,1077.01,436.41,80.76,279.83,0.5182,-1,-1,-1
546,50,931.09,432.94,120.43,272.09,0.7098,-1,-1,-1
546,46,1123.91,454.60,66.76,227.30,0.3774,-1,-1,-1
546,36,1534.31,409.72,207.34,656.17,0.5447,-1,-1,-1
546,21,1820.06,478.18,99.43,600.07,0.5891,-1,-1,-1
547,86,713.45,448.50,29.25,96.47,0.5016,-1,-1,-1
547,84,544.60,449.18,30.53,87.12,0.3811,-1,-1,-1
547,82,579.28,452.41,33.81,85.29,0.4720,-1,-1,-1
547,78,1664.97,413.20,187.36,598.07,0.6545,-1,-1,-1
547,57,654.03,454.81,39.88,112.21,0.6225,-1,-1,-1
547,55,868.45,436.30,70.97,243.64,0.6615,-1,-1,-1
547,53,1094.12,435.10,87.38,268.02,0.4562,-1,-1,-1
547,50,937.01,426.82,115.26,279.73,0.6844,-1,-1,-1
547,36,1544.47,407.69,201.13,654.90,0.6398,-1,-1,-1
547,21,1820.83,494.40,98.49,583.96,0.6469,-1,-1,-1
548,86,714.26,448.59,28.47,96.46,0.4947,-1,-1,-1
548,84,545.51,449.84,31.49,86.47,0.4366,-1,-1,-1
548,82,580.06,454.51,33.67,82.49,0.4930,-1,-1,-1
548,78,1668.34,411.88,191.54,600.01,0.7370,-1,-1,-1
548,57,653.76,453.90,36.93,112.26,0.6777,-1,-1,-1
548,55,870.34,434.90,71.22,242.38,0.6323,-1,-1,-1
548,53,1090.60,433.23,94.99,275.94,0.4714,-1,-1,-1
548,50,937.55,426.63,116.78,278.64,0.6609,-1,-1,-1
548,36,1547.97,408.74,193.26,662.18,0.7210,-1,-1,-1
548,21,1829.88,444.23,89.40,635.77,0.5214,-1,-1,-1
549,86,714.73,448.45,29.27,96.67,0.5574,-1,-1,-1
549,84,546.01,447.34,31.62,88.28,0.4116,-1,-1,-1
549,82,580.14,451.46,33.86,86.01,0.4403,-1,-1,-1
549,78,1677.28,413.60,186.74,600.50,0.7193,-1,-1,-1
549,57,652.14,454.65,38.93,109.88,0.6687,-1,-1,-1
549,55,873.71,437.68,73.44,244.05,0.6219,-1,-1,-1
549,53,1081.34,439.27,86.69,282.25,0.4019,-1,-1,-1
549,50,946.40,424.96,107.57,278.64,0.6543,-1,-1,-1
549,36,1549.29,408.69,197.56,654.52,0.7540,-1,-1,-1
549,21,1832.98,417.49,86.25,661.32,0.3137,-1,-1,-1
550,86,714.80,450.71,32.38,95.40,0.5144,-1,-1,-1
550,84,546.76,448.28,31.48,87.22,0.4038,-1,-1,-1
550,82,580.72,453.75,32.88,83.53,0.4525,-1,-1,-1
550,78,1685.37,405.06,193.04,615.04,0.7342,-1,-1,-1
550,57,653.00,455.22,37.22,108.73,0.6711,-1,-1,-1
550,55,874.95,437.93,79.65,244.19,0.6219,-1,-1,-1
550,53,1075.03,435.65,115.00,282.20,0.4614,-1,-1,-1
550,50,957.24,416.84,103.71,285.17,0.6229,-1,-1,-1
550,36,1551.05,409.59,196.02,655.40,0.7731,-1,-1,-1
551,86,714.07,449.75,32.65,95.90,0.5347,-1,-1,-1
551,84,547.72,447.91,30.90,87.59,0.4035,-1,-1,-1
551,82,580.70,454.14,32.92,83.18,0.5141,-1,-1,-1
551,78,1691.15,403.58,192.63,610.77,0.7085,-1,-1,-1
551,57,651.95,455.85,38.28,107.83,0.6459,-1,-1,-1
551,55,877.71,434.65,77.23,248.43,0.6446,-1,-1,-1
551,53,1064.68,438.49,129.25,278.75,0.5119,-1,-1,-1
551,50,963.75,412.56,97.07,288.01,0.6150,-1,-1,-1
551,36,1554.19,410.20,202.17,660.20,0.7703,-1,-1,-1
552,86,714.98,449.60,32.89,96.29,0.5943,-1,-1,-1
552,84,547.36,445.31,31.39,89.69,0.4415,-1,-1,-1
552,82,580.34,452.43,33.52,84.84,0.5238,-1,-1,-1
552,78,1697.00,404.24,189.60,609.04,0.7359,-1,-1,-1
552,57,650.38,455.33,42.15,109.90,0.6135,-1,-1,-1
552,55,884.88,432.14,75.68,251.93,0.6798,-1,-1,-1
552,53,1081.73,436.60,119.21,284.66,0.5009,-1,-1,-1
552,50,973.29,417.48,84.28,280.17,0.6092,-1,-1,-1
552,36,1556.20,410.02,212.70,668.41,0.8020,-1,-1,-1
553,86,715.68,448.71,34.55,96.11,0.5777,-1,-1,-1
553,84,547.04,445.66,30.62,90.23,0.4172,-1,-1,-1
553,82,579.96,452.57,34.03,85.13,0.5205,-1,-1,-1
553,78,1701.70,403.32,199.14,617.30,0.6789,-1,-1,-1
553,57,649.24,455.01,42.92,110.51,0.5778,-1,-1,-1
553,55,885.85,433.06,84.72,249.80,0.7234,-1,-1,-1
553,53,1085.45,436.77,105.43,284.71,0.4999,-1,-1,-1
553,50,987.75,420.49,75.14,273.92,0.6988,-1,-1,-1
553,36,1559.40,409.17,214.87,666.74,0.7906,-1,-1,-1
554,86,715.19,448.11,33.18,95.41,0.5863,-1,-1,-1
554,84,546.52,444.26,30.25,91.67,0.4496,-1,-1,-1
554,82,580.74,448.62,33.24,88.69,0.5267,-1,-1,-1
554,57,646.79,455.20,41.01,109.54,0.4870,-1,-1,-1
554,55,886.05,431.41,89.66,251.88,0.7365,-1,-1,-1
554,53,1078.27,435.33,123.44,285.70,0.5785,-1,-1,-1
554,50,988.29,413.31,80.22,288.92,0.6596,-1,-1,-1
554,36,1559.66,409.80,303.70,659.66,0.5402,-1,-1,-1
555,86,714.02,445.76,33.62,99.34,0.5749,-1,-1,-1
555,84,546.20,444.11,32.21,91.94,0.4765,-1,-1,-1
555,82,581.05,446.61,33.67,90.77,0.5427,-1,-1,-1
555,78,1712.76,401.85,200.69,638.97,0.4120,-1,-1,-1
555,57,645.66,456.78,41.15,107.05,0.4911,-1,-1,-1
555,55,885.96,432.08,89.39,251.39,0.7327,-1,-1,-1
555,53,1077.49,433.91,126.70,287.32,0.5958,-1,-1,-1
555,50,993.48,410.93,79.30,288.95,0.6794,-1,-1,-1
555,36,1560.09,408.53,254.30,661.45,0.6169,-1,-1,-1
556,86,714.72,446.25,33.44,100.26,0.5956,-1,-1,-1
556,84,546.24,441.79,33.26,94.10,0.4542,-1,-1,-1
556,82,581.60,446.07,33.17,91.14,0.5004,-1,-1,-1
556,57,643.80,457.25,42.48,107.16,0.5157,-1,-1,-1
556,55,887.76,433.58,87.35,250.86,0.7682,-1,-1,-1
556,53,1088.13,436.34,119.19,284.08,0.7182,-1,-1,-1
556,50,1000.19,411.40,82.20,288.08,0.7244,-1,-1,-1
556,36,1559.38,406.43,270.82,660.14,0.5703,-1,-1,-1
557,86,713.80,445.97,34.35,101.92,0.6254,-1,-1,-1
557,84,545.86,440.69,33.98,96.65,0.4757,-1,-1,-1
557,82,580.82,446.83,34.14,91.11,0.5239,-1,-1,-1
557,78,1714.22,399.21,201.13,655.07,0.3285,-1,-1,-1
557,57,643.87,457.83,41.26,106.56,0.5426,-1,-1,-1
557,55,890.13,435.75,89.86,248.50,0.7572,-1,-1,-1
557,53,1089.10,438.09,116.77,282.07,0.7477,-1,-1,-1
557,50,992.91,426.13,92.64,269.14,0.6697,-1,-1,-1
557,36,1558.28,407.44,256.27,662.18,0.6842,-1,-1,-1
558,86,712.18,445.16,36.36,102.56,0.6491,-1,-1,-1
558,84,546.54,443.21,34.89,93.70,0.5029,-1,-1,-1
558,82,583.76,452.72,31.95,87.12,0.5485,-1,-1,-1
558,78,1740.22,405.27,178.44,334.93,0.3369,-1,-1,-1
558,57,643.25,460.11,40.48,104.60,0.5470,-1,-1,-1
558,55,890.95,436.30,87.72,247.67,0.7479,-1,-1,-1
558,53,1092.30,437.33,115.46,281.45,0.8019,-1,-1,-1
558,50,986.03,435.64,104.86,260.84,0.7064,-1,-1,-1
558,36,1558.75,404.43,299.87,670.74,0.8042,-1,-1,-1
559,86,712.43,444.88,36.19,101.72,0.6463,-1,-1,-1
559,84,546.52,443.14,33.74,94.06,0.5180,-1,-1,-1
559,82,584.01,453.48,31.77,86.07,0.5584,-1,-1,-1
559,78,1748.37,399.89,170.55,571.11,0.3954,-1,-1,-1
559,57,644.09,462.19,39.37,100.80,0.5366,-1,-1,-1
559,55,889.69,437.26,91.44,246.88,0.7447,-1,-1,-1
559,53,1091.99,433.82,120.22,283.92,0.8025,-1,-1,-1
559,50,991.83,430.49,103.92,266.95,0.6417,-1,-1,-1
559,36,1560.42,405.59,294.99,664.38,0.8006,-1,-1,-1
560,86,713.16,445.19,35.70,101.47,0.6332,-1,-1,-1
560,84,548.02,446.35,31.96,91.08,0.5057,-1,-1,-1
560,82,584.37,454.06,31.41,85.43,0.5232,-1,-1,-1
560,78,1752.18,403.84,167.51,338.12,0.3130,-1,-1,-1
560,57,643.59,460.40,36.65,101.19,0.5576,-1,-1,-1
560,55,889.32,435.17,93.24,247.17,0.7593,-1,-1,-1
560,53,1098.17,436.02,113.66,281.29,0.7140,-1,-1,-1
560,50,998.25,421.37,104.96,275.37,0.6791,-1,-1,-1
560,36,1560.80,403.97,307.34,672.50,0.8598,-1,-1,-1
561,88,1202.91,438.43,45.44,119.66,0.3268,-1,-1,-1
561,86,711.82,446.33,37.52,101.42,0.6255,-1,-1,-1
561,84,548.83,441.63,31.77,95.46,0.5230,-1,-1,-1
561,82,584.23,452.77,31.98,85.85,0.4893,-1,-1,-1
561,78,1744.47,398.18,174.42,551.48,0.3752,-1,-1,-1
561,57,642.32,457.46,35.79,104.18,0.5440,-1,-1,-1
561,55,903.40,435.38,86.32,246.42,0.6552,-1,-1,-1
561,53,1102.48,437.54,108.36,276.90,0.6595,-1,-1,-1
561,50,1000.01,422.81,112.67,274.04,0.6978,-1,-1,-1
561,36,1566.09,402.77,276.68,668.87,0.7235,-1,-1,-1
562,86,714.63,449.63,35.06,97.51,0.5754,-1,-1,-1
562,84,548.62,440.77,33.93,96.46,0.4871,-1,-1,-1
562,82,584.14,452.10,31.92,87.63,0.4991,-1,-1,-1
562,78,1759.42,396.95,159.53,583.23,0.3085,-1,-1,-1
562,57,643.16,458.33,35.23,102.85,0.5041,-1,-1,-1
562,55,910.97,434.76,82.10,245.83,0.6979,-1,-1,-1
562,53,1106.07,439.00,113.94,277.48,0.7008,-1,-1,-1
562,50,999.39,417.56,112.98,278.74,0.6644,-1,-1,-1
562,36,1569.53,406.06,305.12,669.02,0.8116,-1,-1,-1
563,86,714.63,449.30,37.22,98.45,0.5300,-1,-1,-1
563,84,548.44,441.28,34.93,94.88,0.4631,-1,-1,-1
563,82,584.10,453.23,32.93,86.32,0.4495,-1,-1,-1
563,78,1766.78,392.19,152.48,541.65,0.3412,-1,-1,-1
563,57,642.04,457.64,34.22,103.17,0.5257,-1,-1,-1
563,55,911.51,433.77,83.37,250.15,0.7010,-1,-1,-1
563,53,1110.85,440.16,110.08,274.04,0.6919,-1,-1,-1
563,50,997.87,419.30,119.42,277.29,0.6618,-1,-1,-1
563,36,1574.31,405.43,321.51,669.53,0.8046,-1,-1,-1
564,86,715.99,448.88,35.41,98.26,0.5201,-1,-1,-1
564,84,548.29,442.08,34.87,94.03,0.3788,-1,-1,-1
564,82,584.57,454.88,32.07,82.95,0.3949,-1,-1,-1
564,78,1784.34,400.71,135.09,466.33,0.4053,-1,-1,-1
564,57,642.16,457.05,35.10,104.23,0.4948,-1,-1,-1
564,55,914.93,430.38,82.48,251.01,0.6331,-1,-1,-1
564,53,1113.13,433.57,112.77,278.89,0.7000,-1,-1,-1
564,50,1002.32,428.79,116.62,266.16,0.6407,-1,-1,-1
564,36,1583.23,401.57,326.97,668.92,0.8681,-1,-1,-1
565,86,716.57,449.11,35.39,96.97,0.5560,-1,-1,-1
565,84,548.32,442.07,33.99,93.92,0.4273,-1,-1,-1
565,82,584.73,455.62,32.39,82.58,0.3999,-1,-1,-1
565,78,1781.94,391.57,137.15,670.84,0.6218,-1,-1,-1
565,57,642.10,456.04,35.84,105.10,0.5472,-1,-1,-1
565,55,920.82,434.10,78.72,243.49,0.6347,-1,-1,-1
565,53,1118.22,432.04,110.08,280.08,0.6433,-1,-1,-1
565,50,998.75,431.66,123.54,263.06,0.6365,-1,-1,-1
565,36,1589.13,399.52,303.83,667.51,0.7043,-1,-1,-1
566,86,717.31,449.62,35.31,96.92,0.5434,-1,-1,-1
566,84,548.71,442.59,33.84,93.47,0.4304,-1,-1,-1
566,82,585.13,455.60,32.59,83.22,0.4359,-1,-1,-1
566,78,1791.05,391.68,128.31,662.15,0.6383,-1,-1,-1
566,57,641.64,453.95,35.88,107.65,0.5223,-1,-1,-1
566,55,929.07,431.59,86.84,241.23,0.5389,-1,-1,-1
566,53,1125.75,433.22,105.87,282.53,0.5412,-1,-1,-1
566,50,1004.56,437.42,121.30,259.87,0.6645,-1,-1,-1
566,36,1606.82,398.98,300.00,671.49,0.7352,-1,-1,-1
567,86,718.06,448.99,35.33,98.13,0.5409,-1,-1,-1
567,84,548.96,442.52,33.52,93.81,0.4389,-1,-1,-1
567,82,585.55,455.69,32.18,82.71,0.4656,-1,-1,-1
567,78,1797.38,399.27,122.28,635.53,0.6306,-1,-1,-1
567,57,641.37,454.65,34.18,106.43,0.4866,-1,-1,-1
567,55,932.53,429.58,84.18,242.65,0.5113,-1,-1,-1
567,53,1123.03,430.91,110.19,284.48,0.6356,-1,-1,-1
567,50,1005.13,442.54,127.51,255.82,0.6879,-1,-1,-1
567,36,1628.77,400.44,278.39,668.21,0.8360,-1,-1,-1
568,88,1226.90,444.12,38.07,112.84,0.3004,-1,-1,-1
568,86,718.31,448.19,37.68,99.87,0.5148,-1,-1,-1
568,84,548.33,440.46,35.82,96.76,0.4368,-1,-1,-1
568,82,586.14,456.05,32.06,85.01,0.4905,-1,-1,-1
568,78,1800.46,403.84,119.03,656.56,0.6098,-1,-1,-1
568,57,641.47,456.26,32.09,104.21,0.4814,-1,-1,-1
568,55,943.20,432.32,75.62,241.11,0.5359,-1,-1,-1
568,53,1130.26,430.43,108.04,281.70,0.6102,-1,-1,-1
568,50,1003.57,427.39,140.41,272.81,0.6905,-1,-1,-1
568,36,1650.64,400.93,256.92,668.51,0.8227,-1,-1,-1
569,86,718.31,448.36,37.16,100.16,0.5254,-1,-1,-1
569,84,548.48,443.03,35.53,95.05,0.4213,-1,-1,-1
569,82,586.25,455.64,32.33,85.88,0.5302,-1,-1,-1
569,78,1797.74,411.06,121.54,645.15,0.4544,-1,-1,-1
569,57,641.48,455.47,33.70,104.38,0.5251,-1,-1,-1
569,55,941.96,436.46,80.01,230.98,0.6689,-1,-1,-1
569,53,1131.87,431.99,110.53,280.55,0.5296,-1,-1,-1
569,50,1005.93,432.78,139.10,267.72,0.7158,-1,-1,-1
569,36,1657.94,400.90,232.42,673.05,0.8118,-1,-1,-1
570,86,717.95,446.32,37.91,103.14,0.5572,-1,-1,-1
570,84,549.17,443.05,35.54,95.85,0.4404,-1,-1,-1
570,82,586.78,455.74,31.56,85.75,0.5241,-1,-1,-1
570,57,639.72,455.22,32.20,104.48,0.5122,-1,-1,-1
570,55,942.90,434.67,83.00,234.83,0.7109,-1,-1,-1
570,53,1135.24,434.57,119.64,279.60,0.6418,-1,-1,-1
570,50,1006.54,432.95,137.24,267.52,0.7111,-1,-1,-1
570,36,1662.27,402.96,235.02,669.20,0.7783,-1,-1,-1
571,86,717.36,445.45,39.59,102.93,0.6076,-1,-1,-1
571,84,549.88,449.66,35.95,89.61,0.4300,-1,-1,-1
571,82,586.91,455.80,31.56,86.10,0.5260,-1,-1,-1
571,57,638.75,456.81,30.28,104.20,0.4926,-1,-1,-1
571,55,946.80,435.18,79.83,242.53,0.6899,-1,-1,-1
571,53,1145.50,431.93,131.88,282.13,0.5983,-1,-1,-1
571,50,1011.45,425.58,130.81,272.84,0.7014,-1,-1,-1
571,36,1666.64,401.49,253.31,671.81,0.8660,-1,-1,-1
572,89,1110.88,435.02,47.51,140.08,0.3938,-1,-1,-1
572,86,717.39,444.43,40.33,105.12,0.6255,-1,-1,-1
572,84,549.32,439.55,37.65,100.19,0.4581,-1,-1,-1
572,82,586.79,451.09,32.16,90.71,0.4950,-1,-1,-1
572,57,637.42,456.97,32.71,102.45,0.5211,-1,-1,-1
572,55,947.80,435.99,80.66,240.33,0.6853,-1,-1,-1
572,53,1144.10,433.58,136.19,281.90,0.7602,-1,-1,-1
572,50,1012.25,432.10,128.78,266.55,0.6873,-1,-1,-1
572,36,1670.14,402.27,248.30,670.39,0.8702,-1,-1,-1
572,21,1821.84,423.59,97.50,433.73,0.3001,-1,-1,-1
573,89,1110.11,429.28,47.43,147.63,0.3499,-1,-1,-1
573,86,718.27,445.43,40.15,104.68,0.5686,-1,-1,-1
573,84,550.80,453.01,34.34,87.11,0.4047,-1,-1,-1
573,82,585.17,453.71,32.35,88.58,0.4890,-1,-1,-1
573,57,636.61,456.76,30.43,102.57,0.5580,-1,-1,-1
573,55,942.24,434.24,94.29,243.96,0.6388,-1,-1,-1
573,53,1150.46,437.38,137.84,277.89,0.7012,-1,-1,-1
573,50,1016.76,430.24,123.21,265.03,0.6439,-1,-1,-1
573,36,1674.41,402.73,244.71,667.76,0.8860,-1,-1,-1
573,21,1831.93,428.44,87.68,241.41,0.3978,-1,-1,-1
574,89,1112.31,427.75,45.29,150.00,0.3587,-1,-1,-1
574,86,717.81,445.13,40.73,105.17,0.5536,-1,-1,-1
574,84,550.00,450.54,35.77,88.39,0.3877,-1,-1,-1
574,82,584.45,455.36,33.46,87.56,0.3413,-1,-1,-1
574,57,636.34,457.22,30.36,101.28,0.5468,-1,-1,-1
574,55,952.68,434.84,108.05,250.39,0.6141,-1,-1,-1
574,53,1149.47,438.18,141.83,277.52,0.7346,-1,-1,-1
574,50,1034.62,433.41,105.80,262.54,0.5430,-1,-1,-1
574,36,1673.71,398.36,245.71,676.47,0.9004,-1,-1,-1
574,21,1837.01,430.33,82.59,253.15,0.3398,-1,-1,-1
575,86,717.84,445.60,40.30,104.27,0.5796,-1,-1,-1
575,84,550.43,449.79,34.84,88.72,0.3543,-1,-1,-1
575,82,584.45,454.09,33.89,88.82,0.4290,-1,-1,-1
575,57,635.47,455.89,30.85,102.70,0.5661,-1,-1,-1
575,55,955.29,434.32,107.86,248.34,0.5751,-1,-1,-1
575,53,1154.47,439.30,137.79,276.42,0.7003,-1,-1,-1
575,50,1038.90,425.16,101.00,271.35,0.5015,-1,-1,-1
575,36,1674.02,397.66,245.36,677.03,0.9046,-1,-1,-1
575,21,1845.43,431.12,74.07,236.14,0.3095,-1,-1,-1
576,86,719.68,446.36,38.75,104.45,0.6061,-1,-1,-1
576,82,585.66,454.17,32.88,88.69,0.4261,-1,-1,-1
576,57,634.06,456.01,33.91,102.07,0.5207,-1,-1,-1
576,55,955.39,433.97,112.82,248.03,0.6239,-1,-1,-1
576,53,1157.53,437.54,136.10,278.03,0.7313,-1,-1,-1
576,50,1041.78,426.58,98.17,269.49,0.6160,-1,-1,-1
576,36,1673.12,397.22,246.21,677.19,0.8990,-1,-1,-1
576,21,1855.89,431.47,63.86,216.95,0.4447,-1,-1,-1
577,86,719.89,447.42,38.51,103.93,0.5852,-1,-1,-1
577,82,585.15,452.50,33.65,91.02,0.3979,-1,-1,-1
577,57,633.37,452.31,33.63,107.01,0.5256,-1,-1,-1
577,55,957.03,433.99,111.13,246.40,0.6654,-1,-1,-1
577,53,1155.99,436.10,137.53,279.40,0.7444,-1,-1,-1
577,50,1049.58,423.33,90.28,271.44,0.6266,-1,-1,-1
577,36,1672.76,399.19,246.50,676.04,0.9090,-1,-1,-1
578,86,719.85,445.35,38.70,104.01,0.6297,-1,-1,-1
578,84,549.94,450.86,36.83,87.33,0.3216,-1,-1,-1
578,82,584.26,451.12,34.66,92.80,0.3750,-1,-1,-1
578,57,633.28,448.43,33.16,109.91,0.6221,-1,-1,-1
578,55,957.93,440.96,98.47,232.32,0.7225,-1,-1,-1
578,53,1158.52,433.20,130.99,281.34,0.7290,-1,-1,-1
578,50,1051.24,428.08,88.62,264.81,0.6184,-1,-1,-1
578,36,1671.30,399.63,247.92,676.24,0.9062,-1,-1,-1
579,86,720.56,447.29,38.40,104.07,0.5932,-1,-1,-1
579,84,548.65,442.48,38.22,95.55,0.3126,-1,-1,-1
579,82,583.62,448.09,31.70,93.26,0.3513,-1,-1,-1
579,57,632.55,447.95,32.98,110.66,0.5782,-1,-1,-1
579,55,957.83,439.63,100.70,233.25,0.7530,-1,-1,-1
579,53,1158.74,435.19,131.03,278.52,0.6914,-1,-1,-1
579,50,1055.63,434.26,86.13,260.93,0.6589,-1,-1,-1
579,36,1671.37,401.15,247.89,675.46,0.8991,-1,-1,-1
580,86,720.84,447.04,38.14,104.92,0.5719,-1,-1,-1
580,84,549.57,440.50,38.66,97.50,0.3505,-1,-1,-1
580,82,584.80,448.81,30.93,92.22,0.3529,-1,-1,-1
580,57,630.71,450.22,36.90,108.36,0.5583,-1,-1,-1
580,55,958.66,436.21,101.38,238.43,0.7574,-1,-1,-1
580,53,1157.00,442.84,133.89,273.00,0.7501,-1,-1,-1
580,50,1051.96,439.26,90.93,255.52,0.6679,-1,-1,-1
580,36,1671.58,402.76,247.51,674.20,0.9084,-1,-1,-1
581,86,720.98,447.28,38.34,103.84,0.5028,-1,-1,-1
581,84,548.75,434.53,41.14,103.95,0.3654,-1,-1,-1
581,82,584.57,447.08,34.29,96.54,0.3913,-1,-1,-1
581,57,630.91,454.70,36.70,103.49,0.5508,-1,-1,-1
581,55,958.44,434.63,102.76,238.24,0.7612,-1,-1,-1
581,53,1159.03,440.35,134.88,276.65,0.6988,-1,-1,-1
581,50,1054.85,439.30,95.49,255.94,0.6864,-1,-1,-1
581,36,1671.73,402.68,247.39,674.59,0.9082,-1,-1,-1
582,86,721.58,448.15,37.60,102.93,0.4972,-1,-1,-1
582,84,548.27,435.68,39.62,102.13,0.3791,-1,-1,-1
582,82,584.41,446.88,34.23,96.29,0.4204,-1,-1,-1
582,57,631.88,453.32,33.55,104.83,0.5112,-1,-1,-1
582,55,955.91,435.81,113.03,236.73,0.7487,-1,-1,-1
582,53,1190.33,438.99,107.32,275.41,0.6911,-1,-1,-1
582,50,1068.86,437.34,84.69,263.33,0.6228,-1,-1,-1
582,36,1672.15,401.86,246.93,676.55,0.9087,-1,-1,-1
583,86,721.04,445.98,39.21,103.70,0.5281,-1,-1,-1
583,84,549.69,440.11,38.11,97.51,0.4179,-1,-1,-1
583,82,584.58,448.80,33.77,94.45,0.4676,-1,-1,-1
583,57,631.42,454.02,33.89,104.14,0.4543,-1,-1,-1
583,55,964.13,436.19,107.21,235.56,0.7284,-1,-1,-1
583,53,1196.48,439.66,103.43,273.89,0.7224,-1,-1,-1
583,50,1080.08,432.24,75.79,265.45,0.6306,-1,-1,-1
583,36,1673.79,398.10,245.26,680.34,0.9097,-1,-1,-1
584,86,722.25,447.48,37.52,104.41,0.5301,-1,-1,-1
584,84,550.62,439.34,37.26,98.66,0.3975,-1,-1,-1
584,82,585.01,447.95,33.33,95.64,0.4721,-1,-1,-1
584,57,630.47,455.64,35.58,102.79,0.4317,-1,-1,-1
584,55,967.05,437.12,105.96,236.29,0.7421,-1,-1,-1
584,53,1203.36,440.93,97.84,270.92,0.7219,-1,-1,-1
584,50,1084.98,435.82,75.30,260.75,0.6622,-1,-1,-1
584,36,1675.89,393.92,243.25,683.20,0.9116,-1,-1,-1
585,87,664.95,453.12,34.10,101.13,0.3036,-1,-1,-1
585,86,723.00,447.11,37.62,103.05,0.5278,-1,-1,-1
585,84,550.16,438.88,38.55,99.12,0.4328,-1,-1,-1
585,82,585.70,448.28,33.02,94.52,0.4598,-1,-1,-1
585,57,627.53,450.59,37.26,107.30,0.3952,-1,-1,-1
585,55,969.78,436.42,104.26,235.69,0.7611,-1,-1,-1
585,53,1203.59,441.15,101.72,265.43,0.7487,-1,-1,-1
585,50,1087.11,440.49,75.73,255.08,0.6347,-1,-1,-1
585,36,1677.54,394.31,241.67,682.74,0.8981,-1,-1,-1
586,87,665.35,453.64,33.55,100.48,0.3474,-1,-1,-1
586,86,723.63,444.31,37.81,103.82,0.5444,-1,-1,-1
586,84,549.51,441.00,37.39,97.86,0.4360,-1,-1,-1
586,82,584.60,444.28,35.29,99.43,0.4496,-1,-1,-1
586,57,626.41,452.72,37.61,105.02,0.4276,-1,-1,-1
586,55,978.32,442.49,97.92,232.24,0.7689,-1,-1,-1
586,53,1213.09,436.60,101.70,275.10,0.7543,-1,-1,-1
586,50,1088.02,435.12,73.24,262.47,0.6900,-1,-1,-1
586,36,1681.87,392.87,237.75,682.76,0.8962,-1,-1,-1
587,87,665.05,452.46,32.80,101.42,0.3700,-1,-1,-1
587,86,724.36,444.04,37.38,105.18,0.5521,-1,-1,-1
587,84,550.04,441.74,36.96,97.72,0.4675,-1,-1,-1
587,82,584.26,444.50,35.35,98.59,0.4203,-1,-1,-1
587,57,625.09,452.33,38.55,105.58,0.4832,-1,-1,-1
587,55,982.42,444.72,94.71,225.65,0.7384,-1,-1,-1
587,53,1215.69,432.63,100.15,278.53,0.6133,-1,-1,-1
587,50,1089.05,426.32,74.63,271.08,0.7207,-1,-1,-1
587,36,1685.63,388.85,234.00,686.34,0.8696,-1,-1,-1
588,91,1175.74,437.56,66.35,237.19,0.4282,-1,-1,-1
588,87,663.96,451.84,30.27,106.06,0.3581,-1,-1,-1
588,86,726.93,442.32,33.61,107.11,0.5565,-1,-1,-1
588,84,551.57,448.42,35.61,91.68,0.4327,-1,-1,-1
588,82,583.76,446.23,35.99,98.23,0.4148,-1,-1,-1
588,57,625.57,453.51,35.54,103.96,0.5081,-1,-1,-1
588,55,989.52,446.11,88.57,222.41,0.7007,-1,-1,-1
588,53,1212.28,434.73,104.88,278.39,0.7923,-1,-1,-1
588,50,1090.81,420.40,81.09,276.45,0.7357,-1,-1,-1
588,36,1694.90,386.91,224.69,688.52,0.8556,-1,-1,-1
589,91,1185.71,438.78,56.60,234.09,0.3395,-1,-1,-1
589,87,663.73,450.54,31.18,108.52,0.4620,-1,-1,-1
589,86,724.40,443.64,37.26,106.06,0.5503,-1,-1,-1
589,84,551.00,447.47,36.86,93.36,0.4279,-1,-1,-1
589,82,583.17,447.50,37.13,98.39,0.3784,-1,-1,-1
589,57,625.02,451.55,35.47,106.25,0.5817,-1,-1,-1
589,55,998.11,445.96,82.71,223.18,0.7049,-1,-1,-1
589,53,1216.65,434.85,101.25,274.88,0.7782,-1,-1,-1
589,50,1091.74,419.54,90.95,277.25,0.7102,-1,-1,-1
589,36,1703.42,392.24,216.15,680.86,0.7506,-1,-1,-1
590,91,1185.21,437.40,59.12,240.17,0.3696,-1,-1,-1
590,87,663.63,452.03,31.75,107.08,0.4669,-1,-1,-1
590,86,726.72,442.66,34.66,106.95,0.5678,-1,-1,-1
590,84,551.18,447.69,37.40,92.66,0.3681,-1,-1,-1
590,82,584.46,448.88,35.40,97.22,0.3171,-1,-1,-1
590,57,624.40,450.50,34.85,106.76,0.5152,-1,-1,-1
590,55,1007.73,446.98,77.30,221.38,0.7378,-1,-1,-1
590,53,1219.53,433.66,101.78,277.61,0.7844,-1,-1,-1
590,50,1090.76,430.56,89.08,266.79,0.6569,-1,-1,-1
590,36,1715.60,420.84,203.96,653.11,0.7422,-1,-1,-1
591,91,1189.56,434.66,60.65,241.29,0.3281,-1,-1,-1
591,87,663.43,451.89,32.48,107.63,0.5348,-1,-1,-1
591,86,727.72,442.65,32.92,107.19,0.5753,-1,-1,-1
591,84,550.62,443.51,37.76,96.52,0.3394,-1,-1,-1
591,82,585.80,450.30,31.78,92.96,0.3405,-1,-1,-1
591,78,1844.19,497.41,75.15,429.07,0.3982,-1,-1,-1
591,57,624.31,449.16,33.35,108.60,0.5367,-1,-1,-1
591,55,1011.52,443.19,78.85,224.06,0.7133,-1,-1,-1
591,53,1222.57,434.81,105.41,276.54,0.7447,-1,-1,-1
591,50,1089.40,414.89,94.35,281.60,0.6515,-1,-1,-1
591,36,1738.27,486.26,181.21,588.49,0.5609,-1,-1,-1
592,87,662.44,452.22,33.48,107.56,0.5616,-1,-1,-1
592,86,728.26,443.60,31.89,106.78,0.5668,-1,-1,-1
592,84,549.59,443.93,39.03,95.43,0.3230,-1,-1,-1
592,82,585.70,450.52,31.76,92.75,0.3124,-1,-1,-1
592,57,624.37,448.92,34.77,109.27,0.5156,-1,-1,-1
592,55,1011.87,443.24,78.24,222.38,0.7367,-1,-1,-1
592,53,1226.52,438.25,110.72,273.22,0.7289,-1,-1,-1
592,50,1090.09,416.53,107.33,279.99,0.6756,-1,-1,-1
592,36,1759.96,500.10,159.49,572.14,0.6787,-1,-1,-1
593,87,661.40,451.82,34.18,107.76,0.5483,-1,-1,-1
593,86,728.13,443.66,33.19,107.48,0.5411,-1,-1,-1
593,84,550.92,447.46,34.20,91.91,0.3099,-1,-1,-1
593,82,583.82,451.18,32.48,90.25,0.3167,-1,-1,-1
593,57,623.15,449.58,36.58,108.23,0.4957,-1,-1,-1
593,55,1013.23,437.60,80.95,228.92,0.6586,-1,-1,-1
593,53,1231.35,440.47,111.75,273.38,0.7524,-1,-1,-1
593,50,1091.29,412.39,99.99,283.97,0.6912,-1,-1,-1
593,36,1783.07,500.35,136.42,573.20,0.3909,-1,-1,-1
594,91,1190.79,438.25,77.37,240.84,0.3636,-1,-1,-1
594,87,660.09,451.47,35.59,108.96,0.5311,-1,-1,-1
594,86,726.09,445.32,37.34,106.26,0.5131,-1,-1,-1
594,84,549.23,448.68,37.18,90.62,0.3513,-1,-1,-1
594,82,583.94,451.53,32.48,90.33,0.3227,-1,-1,-1
594,57,623.05,448.75,36.32,107.50,0.5039,-1,-1,-1
594,55,1021.66,435.16,76.34,230.67,0.6276,-1,-1,-1
594,53,1234.13,443.07,113.92,269.51,0.7830,-1,-1,-1
594,50,1091.17,412.96,101.31,285.76,0.7000,-1,-1,-1
594,36,1817.51,525.46,101.93,554.54,0.3168,-1,-1,-1
595,91,1188.44,441.89,74.18,237.88,0.4689,-1,-1,-1
595,87,660.79,452.79,34.91,107.90,0.4744,-1,-1,-1
595,86,729.21,443.87,32.18,106.59,0.5406,-1,-1,-1
595,57,622.65,449.61,37.30,106.18,0.5529,-1,-1,-1
595,55,1022.29,436.24,76.35,228.79,0.6711,-1,-1,-1
595,53,1240.10,437.58,111.69,274.81,0.8186,-1,-1,-1
595,50,1094.34,415.06,100.14,281.25,0.7179,-1,-1,-1
596,91,1190.49,442.42,75.84,238.61,0.5263,-1,-1,-1
596,87,661.06,454.50,34.97,106.09,0.4557,-1,-1,-1
596,86,726.14,445.74,37.17,104.89,0.5618,-1,-1,-1
596,82,581.99,449.94,33.91,91.80,0.3121,-1,-1,-1
596,57,623.61,450.72,36.79,103.91,0.5696,-1,-1,-1
596,55,1023.74,442.39,77.50,222.69,0.7104,-1,-1,-1
596,53,1242.13,436.45,113.12,276.52,0.8099,-1,-1,-1
596,50,1095.58,422.32,99.51,276.10,0.7370,-1,-1,-1
597,92,376.51,468.96,48.51,106.75,0.3291,-1,-1,-1
597,91,1191.13,460.93,76.40,221.59,0.5307,-1,-1,-1
597,87,659.52,453.98,38.89,106.67,0.4247,-1,-1,-1
597,86,725.66,445.05,38.47,106.94,0.6071,-1,-1,-1
597,84,550.08,452.52,36.10,87.73,0.3090,-1,-1,-1
597,57,624.28,452.59,34.63,102.50,0.5131,-1,-1,-1
597,55,1025.20,442.63,77.23,223.76,0.7388,-1,-1,-1
597,53,1243.60,437.76,113.07,275.87,0.8036,-1,-1,-1
597,50,1097.46,423.97,96.92,274.09,0.7587,-1,-1,-1
598,92,378.08,467.97,47.81,107.60,0.3425,-1,-1,-1
598,91,1193.41,449.86,75.76,232.88,0.5214,-1,-1,-1
598,87,658.87,456.47,36.39,104.14,0.4312,-1,-1,-1
598,86,725.66,445.54,38.93,107.83,0.5877,-1,-1,-1
598,84,550.37,449.54,34.66,90.23,0.3669,-1,-1,-1
598,82,584.13,451.65,32.21,89.17,0.3397,-1,-1,-1
598,57,624.98,453.84,32.76,101.19,0.4819,-1,-1,-1
598,55,1024.88,441.62,81.23,225.01,0.7390,-1,-1,-1
598,53,1248.02,437.73,110.07,275.49,0.8137,-1,-1,-1
598,50,1098.94,430.18,97.52,267.24,0.7210,-1,-1,-1
599,92,378.31,467.15,47.75,109.49,0.3767,-1,-1,-1
599,91,1189.97,439.11,79.53,243.47,0.5721,-1,-1,-1
599,87,657.35,454.58,40.42,106.22,0.4076,-1,-1,-1
599,86,726.72,446.13,37.15,105.97,0.5701,-1,-1,-1
599,84,551.66,448.79,32.82,91.16,0.3362,-1,-1,-1
599,82,583.53,452.98,34.39,91.02,0.3290,-1,-1,-1
599,57,624.89,454.70,33.47,100.65,0.4795,-1,-1,-1
599,55,1026.53,442.43,88.29,225.07,0.7388,-1,-1,-1
599,53,1252.71,437.05,105.91,275.91,0.7813,-1,-1,-1
599,50,1102.08,431.93,96.55,263.49,0.6999,-1,-1,-1
600,92,379.11,464.52,45.84,112.36,0.3493,-1,-1,-1
600,91,1199.68,449.02,69.62,223.34,0.6017,-1,-1,-1
600,87,657.05,455.77,39.48,104.99,0.3591,-1,-1,-1
600,86,726.51,443.99,36.79,108.84,0.5857,-1,-1,-1
600,84,550.59,452.80,37.24,87.52,0.3194,-1,-1,-1
600,82,583.32,457.60,32.26,83.42,0.3146,-1,-1,-1
600,57,625.11,455.18,33.05,101.09,0.5053,-1,-1,-1
600,55,1027.47,441.60,89.66,223.76,0.7547,-1,-1,-1
600,53,1256.45,437.20,103.63,275.79,0.8175,-1,-1,-1
600,50,1108.37,430.94,92.40,262.99,0.7021,-1,-1,-1
