1,1,118.00,157.54,79.99,171.14,0.8484,-1,-1,-1
1,2,16.01,148.76,74.71,190.85,0.8159,-1,-1,-1
2,1,118.05,154.91,82.14,174.66,0.8474,-1,-1,-1
2,2,17.59,145.32,74.08,194.76,0.8564,-1,-1,-1
3,1,124.61,153.60,68.50,177.40,0.7125,-1,-1,-1
3,2,22.15,137.97,73.92,203.07,0.8289,-1,-1,-1
4,1,129.90,154.12,78.49,179.17,0.8467,-1,-1,-1
4,2,27.46,141.90,72.90,201.17,0.8197,-1,-1,-1
4,3,253.00,193.87,24.96,67.00,0.4797,-1,-1,-1
5,1,136.47,156.85,83.68,180.23,0.8143,-1,-1,-1
5,2,35.33,140.63,73.38,206.92,0.8697,-1,-1,-1
5,3,263.45,198.63,23.50,64.61,0.5432,-1,-1,-1
6,1,141.46,155.47,86.54,183.80,0.8338,-1,-1,-1
6,2,35.64,140.63,78.03,209.30,0.8531,-1,-1,-1
6,3,269.38,198.32,24.89,66.27,0.5848,-1,-1,-1
6,4,222.71,197.99,23.85,67.02,0.6154,-1,-1,-1
6,5,251.17,197.66,21.84,66.03,0.4303,-1,-1,-1
7,1,144.60,152.17,87.77,187.05,0.8595,-1,-1,-1
7,2,38.97,139.17,76.79,210.29,0.8357,-1,-1,-1
7,3,274.25,198.69,25.84,63.72,0.6744,-1,-1,-1
7,4,226.25,197.76,24.82,66.17,0.6563,-1,-1,-1
7,5,256.79,195.94,21.47,62.92,0.6028,-1,-1,-1
8,1,152.13,152.82,88.96,190.20,0.8705,-1,-1,-1
8,2,43.25,140.06,78.10,213.22,0.8246,-1,-1,-1
8,3,281.23,200.90,26.53,64.75,0.5862,-1,-1,-1
8,4,234.53,200.20,24.63,65.57,0.6827,-1,-1,-1
8,5,265.05,198.05,20.57,64.04,0.5556,-1,-1,-1
9,1,156.59,151.65,88.24,193.06,0.8672,-1,-1,-1
9,2,47.22,139.60,77.80,214.06,0.8304,-1,-1,-1
9,3,287.55,200.20,25.69,65.64,0.7195,-1,-1,-1
9,4,240.32,203.04,24.92,63.21,0.5636,-1,-1,-1
9,5,269.92,198.77,22.02,65.88,0.6477,-1,-1,-1
10,1,164.82,148.03,88.02,197.40,0.8699,-1,-1,-1
10,2,50.41,135.28,83.19,219.51,0.8570,-1,-1,-1
10,3,296.14,200.90,25.50,64.97,0.6351,-1,-1,-1
10,4,250.18,198.31,25.26,67.11,0.6476,-1,-1,-1
10,5,278.76,196.91,21.74,66.85,0.4569,-1,-1,-1
11,1,171.09,147.14,88.85,200.44,0.8611,-1,-1,-1
11,2,55.11,135.09,84.92,221.57,0.8677,-1,-1,-1
11,3,305.23,201.13,22.79,64.57,0.6469,-1,-1,-1
11,4,256.10,200.32,22.98,65.04,0.4890,-1,-1,-1
11,5,285.23,197.61,22.88,67.29,0.6966,-1,-1,-1
11,9,143.72,195.55,28.50,69.84,0.5637,-1,-1,-1
12,1,181.90,147.53,91.59,204.67,0.8704,-1,-1,-1
12,2,64.58,131.78,84.47,230.56,0.8809,-1,-1,-1
12,3,316.46,204.78,22.54,63.17,0.5016,-1,-1,-1
12,4,268.83,200.21,24.21,67.49,0.6251,-1,-1,-1
12,9,153.88,197.76,29.55,69.10,0.5749,-1,-1,-1
13,1,184.44,147.19,95.81,208.29,0.8587,-1,-1,-1
13,2,67.92,138.80,85.81,225.84,0.8563,-1,-1,-1
13,3,321.40,197.72,24.35,70.12,0.4617,-1,-1,-1
13,4,275.35,200.27,23.98,67.96,0.5106,-1,-1,-1
13,9,159.07,196.84,30.33,70.55,0.5691,-1,-1,-1
13,5,303.78,203.03,21.15,63.67,0.4761,-1,-1,-1
14,1,197.40,144.95,94.52,211.42,0.8290,-1,-1,-1
14,2,81.53,130.67,82.70,235.26,0.8715,-1,-1,-1
14,3,334.17,202.46,22.11,64.94,0.3741,-1,-1,-1
14,4,286.97,202.49,23.59,64.35,0.5899,-1,-1,-1
14,9,170.58,195.62,29.85,71.17,0.5988,-1,-1,-1
14,5,316.34,201.73,21.63,64.55,0.5775,-1,-1,-1
15,1,208.75,144.87,95.28,215.04,0.8599,-1,-1,-1
15,2,87.02,135.67,85.24,233.67,0.8602,-1,-1,-1
15,3,345.47,204.44,25.25,64.39,0.6195,-1,-1,-1
15,4,297.11,202.47,22.81,65.92,0.5773,-1,-1,-1
15,9,181.80,197.21,28.95,70.86,0.6604,-1,-1,-1
15,5,326.01,200.84,22.66,66.45,0.5191,-1,-1,-1
16,1,211.96,143.18,98.66,216.49,0.8458,-1,-1,-1
16,2,82.15,126.32,92.95,242.84,0.8776,-1,-1,-1
16,3,351.58,200.21,26.67,66.54,0.5434,-1,-1,-1
16,4,301.03,198.71,23.63,66.45,0.6868,-1,-1,-1
16,9,185.66,193.52,29.83,71.57,0.6426,-1,-1,-1
16,5,330.69,195.99,23.70,69.52,0.5508,-1,-1,-1
16,12,1.10,142.45,45.78,156.63,0.4308,-1,-1,-1
17,1,213.84,140.19,105.23,221.91,0.7738,-1,-1,-1
17,2,84.26,123.86,93.19,247.08,0.8982,-1,-1,-1
17,3,354.17,190.88,26.06,74.24,0.4913,-1,-1,-1
17,4,305.69,196.46,23.91,68.72,0.5980,-1,-1,-1
17,9,188.95,192.67,29.00,71.81,0.6422,-1,-1,-1
17,5,334.61,195.29,23.31,69.72,0.4471,-1,-1,-1
17,12,1.15,140.62,60.21,149.78,0.3768,-1,-1,-1
18,1,216.20,138.24,109.77,228.62,0.8572,-1,-1,-1
18,2,84.06,123.81,96.13,252.05,0.9013,-1,-1,-1
18,4,311.33,195.68,22.59,70.57,0.7058,-1,-1,-1
18,9,193.30,194.34,27.93,70.66,0.5464,-1,-1,-1
18,12,1.02,140.51,54.36,155.38,0.4964,-1,-1,-1
19,1,216.68,133.12,112.36,233.83,0.8666,-1,-1,-1
19,2,81.34,118.80,97.78,256.68,0.9064,-1,-1,-1
19,4,311.22,192.37,24.53,71.02,0.6221,-1,-1,-1
19,9,193.67,192.25,28.63,70.29,0.5145,-1,-1,-1
19,12,-0.18,137.38,47.60,156.83,0.3060,-1,-1,-1
20,1,214.34,129.05,114.05,240.07,0.8877,-1,-1,-1
20,2,76.63,113.82,99.01,263.83,0.9029,-1,-1,-1
20,9,192.10,188.50,28.75,72.19,0.5803,-1,-1,-1
21,1,213.60,127.11,116.45,246.65,0.8791,-1,-1,-1
21,2,72.85,109.10,101.52,272.74,0.8988,-1,-1,-1
21,9,191.90,187.25,28.20,73.95,0.6602,-1,-1,-1
21,14,42.27,186.18,25.33,69.64,0.5713,-1,-1,-1
21,12,-0.98,132.35,39.09,164.58,0.5208,-1,-1,-1
22,1,214.42,123.28,118.40,253.33,0.8829,-1,-1,-1
22,2,68.93,104.25,105.03,280.34,0.8850,-1,-1,-1
22,9,193.87,185.94,27.43,73.93,0.3509,-1,-1,-1
22,14,41.70,183.18,27.95,70.88,0.4103,-1,-1,-1
22,12,-0.35,129.28,37.87,207.92,0.3507,-1,-1,-1
23,1,215.58,124.19,120.38,260.65,0.8812,-1,-1,-1
23,2,67.57,105.50,108.12,289.04,0.8965,-1,-1,-1
23,9,197.90,190.53,26.63,73.80,0.5789,-1,-1,-1
23,14,48.44,190.57,24.24,68.17,0.3665,-1,-1,-1
23,12,-0.13,133.68,38.89,224.91,0.3567,-1,-1,-1
24,1,219.92,121.91,117.52,265.59,0.7988,-1,-1,-1
24,2,65.57,104.06,111.30,294.70,0.8602,-1,-1,-1
24,12,0.61,133.24,39.47,190.53,0.4349,-1,-1,-1
25,1,228.54,121.26,112.26,274.23,0.8810,-1,-1,-1
25,2,62.52,103.27,114.85,302.83,0.8911,-1,-1,-1
25,12,0.81,134.22,38.00,178.26,0.3614,-1,-1,-1
26,1,230.43,117.47,110.36,280.88,0.8712,-1,-1,-1
26,2,58.70,100.38,117.35,308.99,0.8826,-1,-1,-1
26,12,0.56,132.64,36.87,174.53,0.3655,-1,-1,-1
27,1,235.45,113.13,110.54,289.27,0.8809,-1,-1,-1
27,2,55.13,95.38,120.75,317.05,0.8972,-1,-1,-1
27,12,-0.34,129.85,37.46,172.71,0.4621,-1,-1,-1
28,1,240.12,111.55,110.27,294.45,0.8851,-1,-1,-1
28,2,54.43,94.30,123.01,322.67,0.9022,-1,-1,-1
28,12,0.76,130.07,38.29,171.13,0.3368,-1,-1,-1
29,1,236.54,105.69,120.11,302.35,0.8659,-1,-1,-1
29,2,52.00,87.17,127.34,335.60,0.8817,-1,-1,-1
30,1,235.32,103.63,123.21,309.43,0.8839,-1,-1,-1
30,2,48.18,84.36,131.17,344.35,0.8888,-1,-1,-1
31,1,243.20,99.27,121.19,319.88,0.8790,-1,-1,-1
31,2,43.58,80.52,137.63,353.27,0.8946,-1,-1,-1
32,1,252.57,97.06,121.39,330.44,0.8769,-1,-1,-1
32,2,44.54,78.36,140.58,363.29,0.8790,-1,-1,-1
32,17,147.28,80.27,47.81,176.01,0.5285,-1,-1,-1
33,1,260.12,90.19,126.59,339.42,0.8614,-1,-1,-1
33,2,51.27,71.06,140.25,374.24,0.8887,-1,-1,-1
33,17,153.53,76.55,46.89,181.86,0.3756,-1,-1,-1
33,18,418.38,188.65,26.54,75.39,0.6739,-1,-1,-1
33,4,360.90,187.03,26.93,75.26,0.6280,-1,-1,-1
34,1,269.45,89.06,130.50,350.52,0.8579,-1,-1,-1
34,2,57.89,70.63,142.14,381.98,0.8851,-1,-1,-1
34,17,158.92,75.66,53.26,181.07,0.5096,-1,-1,-1
34,18,426.12,187.99,27.04,78.42,0.6605,-1,-1,-1
34,4,369.00,187.45,29.01,76.56,0.6828,-1,-1,-1
34,3,425.86,187.53,27.06,79.17,0.6605,-1,-1,-1
35,1,272.84,88.69,142.70,360.22,0.8551,-1,-1,-1
35,2,64.36,70.85,142.15,388.40,0.9042,-1,-1,-1
35,18,434.97,190.33,28.15,78.71,0.6581,-1,-1,-1
35,4,377.98,189.81,28.66,76.98,0.7054,-1,-1,-1
35,19,1.37,118.95,35.46,103.83,0.6117,-1,-1,-1
35,20,410.42,188.05,24.56,77.65,0.4801,-1,-1,-1
35,3,435.56,190.48,28.07,78.66,0.6581,-1,-1,-1
36,1,275.55,82.08,156.78,369.80,0.8937,-1,-1,-1
36,2,71.76,63.44,145.37,399.43,0.8947,-1,-1,-1
36,18,447.33,189.38,28.34,78.45,0.6636,-1,-1,-1
36,4,388.63,189.01,28.03,76.46,0.5824,-1,-1,-1
36,20,421.00,182.50,25.89,82.49,0.4843,-1,-1,-1
36,3,448.09,189.63,28.27,78.29,0.6636,-1,-1,-1
36,17,174.93,71.72,55.55,183.06,0.5570,-1,-1,-1
37,1,274.21,78.66,165.40,378.31,0.8908,-1,-1,-1
37,2,72.07,61.19,148.38,406.19,0.9014,-1,-1,-1
37,18,452.00,189.98,27.37,78.63,0.6192,-1,-1,-1
37,4,392.22,189.37,28.37,76.32,0.6547,-1,-1,-1
37,20,424.91,186.46,24.47,79.45,0.3203,-1,-1,-1
37,3,452.75,190.21,27.42,78.44,0.6192,-1,-1,-1
37,17,177.67,71.02,54.32,185.44,0.4362,-1,-1,-1
38,1,278.63,76.50,174.14,387.86,0.8878,-1,-1,-1
38,2,71.67,58.94,152.49,415.47,0.8759,-1,-1,-1
38,18,457.00,189.88,28.56,80.35,0.7279,-1,-1,-1
38,4,398.09,193.29,28.89,73.92,0.4970,-1,-1,-1
38,20,430.04,189.22,26.44,78.88,0.5459,-1,-1,-1
38,3,457.71,190.15,28.53,80.08,0.7279,-1,-1,-1
38,17,181.34,70.70,56.51,193.23,0.4525,-1,-1,-1
39,1,283.40,70.52,178.72,397.84,0.8902,-1,-1,-1
39,2,70.01,53.33,157.13,424.72,0.8789,-1,-1,-1
39,18,460.56,187.34,31.86,81.78,0.6727,-1,-1,-1
39,4,403.40,194.40,27.56,71.29,0.5582,-1,-1,-1
39,20,434.50,187.13,26.37,78.29,0.5778,-1,-1,-1
39,3,461.26,187.60,31.70,81.50,0.6727,-1,-1,-1
39,17,183.08,64.43,57.16,195.72,0.5569,-1,-1,-1
39,5,434.69,187.11,26.10,77.99,0.5778,-1,-1,-1
40,1,285.48,67.28,186.57,410.11,0.8876,-1,-1,-1
40,2,68.18,53.15,162.34,428.85,0.8847,-1,-1,-1
40,18,464.71,188.41,31.97,83.06,0.7032,-1,-1,-1
40,4,409.04,198.92,24.86,70.00,0.4654,-1,-1,-1
40,20,438.62,186.91,27.75,81.23,0.5362,-1,-1,-1
40,3,465.38,188.63,31.85,82.79,0.7032,-1,-1,-1
40,17,185.29,63.81,56.70,199.50,0.6957,-1,-1,-1
40,5,439.10,186.71,27.56,81.21,0.5362,-1,-1,-1
41,1,287.99,63.72,192.42,417.46,0.8832,-1,-1,-1
41,2,64.05,49.86,166.86,433.24,0.8903,-1,-1,-1
41,18,467.67,188.76,31.81,58.84,0.6164,-1,-1,-1
41,20,440.07,188.17,27.50,80.18,0.5486,-1,-1,-1
41,3,468.24,188.94,31.74,59.06,0.6164,-1,-1,-1
41,17,183.60,63.04,57.67,199.86,0.7385,-1,-1,-1
41,5,440.67,187.89,27.41,80.28,0.5486,-1,-1,-1
41,19,0.41,114.38,49.19,153.25,0.3844,-1,-1,-1
42,1,283.52,56.43,197.93,425.91,0.8999,-1,-1,-1
42,2,51.92,41.72,171.60,440.29,0.8915,-1,-1,-1
42,18,465.08,187.39,33.40,42.67,0.5377,-1,-1,-1
42,3,465.57,187.51,33.32,43.10,0.5377,-1,-1,-1
42,17,178.02,55.92,59.08,207.26,0.6336,-1,-1,-1
43,1,281.90,53.10,204.41,430.42,0.9045,-1,-1,-1
43,2,46.73,36.28,173.85,446.11,0.8963,-1,-1,-1
43,18,464.37,189.98,31.70,32.78,0.5272,-1,-1,-1
43,3,464.82,190.03,31.65,33.12,0.5272,-1,-1,-1
43,17,175.53,51.60,58.57,208.27,0.6478,-1,-1,-1
44,1,281.68,50.22,209.67,433.17,0.9040,-1,-1,-1
44,2,43.72,31.07,177.10,450.68,0.8976,-1,-1,-1
44,17,175.46,48.61,59.14,211.92,0.6433,-1,-1,-1
44,9,266.55,186.93,26.06,77.82,0.3625,-1,-1,-1
45,1,283.67,46.43,213.93,435.45,0.8964,-1,-1,-1
45,2,41.74,27.15,179.14,452.95,0.8951,-1,-1,-1
45,17,176.23,46.71,60.77,215.10,0.6476,-1,-1,-1
45,9,267.93,185.84,27.38,77.81,0.4529,-1,-1,-1
46,1,279.64,42.71,222.91,440.00,0.9094,-1,-1,-1
46,2,36.06,20.63,184.16,460.47,0.8836,-1,-1,-1
46,17,174.72,44.68,62.21,218.53,0.6942,-1,-1,-1
46,22,-0.15,97.48,37.23,329.54,0.4195,-1,-1,-1
47,1,282.90,38.12,223.87,443.79,0.9064,-1,-1,-1
47,2,33.08,14.88,186.31,465.03,0.8725,-1,-1,-1
47,17,174.55,41.19,61.71,218.31,0.6582,-1,-1,-1
47,22,0.33,93.99,36.82,333.58,0.3063,-1,-1,-1
47,9,269.70,183.60,27.28,79.20,0.3716,-1,-1,-1
48,1,288.53,31.05,224.95,450.49,0.8999,-1,-1,-1
48,2,30.27,11.08,192.03,469.75,0.8636,-1,-1,-1
48,17,176.77,38.25,63.28,222.58,0.6428,-1,-1,-1
48,22,0.44,92.92,39.69,339.85,0.3433,-1,-1,-1
49,1,287.50,28.49,230.40,453.24,0.8895,-1,-1,-1
49,2,26.71,8.95,199.17,470.14,0.8603,-1,-1,-1
49,17,176.32,36.43,65.29,226.31,0.6405,-1,-1,-1
50,1,286.20,23.27,234.14,458.12,0.8995,-1,-1,-1
50,2,20.69,3.30,204.32,476.37,0.8585,-1,-1,-1
50,17,174.39,34.19,66.65,234.68,0.6500,-1,-1,-1
51,1,285.75,19.62,238.92,460.45,0.9086,-1,-1,-1
51,2,20.94,0.97,203.64,476.49,0.8588,-1,-1,-1
51,17,174.39,33.04,69.77,237.77,0.7362,-1,-1,-1
51,23,0.31,89.41,30.63,117.83,0.4481,-1,-1,-1
52,1,289.00,15.61,240.97,462.47,0.9019,-1,-1,-1
52,2,17.26,-0.27,206.64,477.42,0.8464,-1,-1,-1
52,17,173.73,30.18,71.54,239.88,0.5960,-1,-1,-1
52,23,0.44,87.43,31.22,151.44,0.4830,-1,-1,-1
53,1,288.56,13.05,248.96,467.27,0.9044,-1,-1,-1
53,2,12.55,-1.36,212.14,481.74,0.8605,-1,-1,-1
53,17,173.22,27.93,71.61,241.71,0.6318,-1,-1,-1
53,23,-0.54,86.16,36.15,164.66,0.3691,-1,-1,-1
54,1,290.10,11.80,250.54,469.82,0.9116,-1,-1,-1
54,2,12.29,-1.03,211.88,480.04,0.8424,-1,-1,-1
54,17,173.31,27.77,71.42,242.51,0.5766,-1,-1,-1
54,23,-0.13,86.36,36.37,134.84,0.4177,-1,-1,-1
55,1,292.20,8.12,258.75,468.44,0.8858,-1,-1,-1
55,2,10.65,1.03,217.11,477.50,0.8571,-1,-1,-1
55,17,174.31,26.64,73.30,243.25,0.5491,-1,-1,-1
55,23,0.71,86.95,38.21,182.60,0.4524,-1,-1,-1
56,1,290.67,5.61,263.58,472.34,0.8457,-1,-1,-1
56,2,10.20,0.23,218.09,478.94,0.8620,-1,-1,-1
56,17,175.04,25.08,72.78,246.56,0.5890,-1,-1,-1
56,23,-0.15,85.33,37.82,178.17,0.4636,-1,-1,-1
57,1,297.41,2.94,264.40,476.32,0.9115,-1,-1,-1
57,2,7.77,0.51,220.48,477.41,0.8578,-1,-1,-1
57,17,175.84,23.43,73.65,275.53,0.6122,-1,-1,-1
57,23,0.10,83.99,36.87,173.86,0.5690,-1,-1,-1
58,1,301.10,1.66,266.89,478.85,0.8997,-1,-1,-1
58,2,6.82,0.67,221.78,477.67,0.8594,-1,-1,-1
58,17,176.11,21.24,76.04,344.03,0.4966,-1,-1,-1
58,23,0.07,83.63,35.70,171.58,0.4866,-1,-1,-1
59,1,302.95,0.16,273.60,480.92,0.9035,-1,-1,-1
59,2,4.81,0.12,224.06,478.58,0.8447,-1,-1,-1
59,17,176.64,19.83,76.42,343.35,0.7051,-1,-1,-1
59,23,-0.54,83.55,33.42,169.30,0.4017,-1,-1,-1
60,1,303.43,-1.44,280.36,480.52,0.9006,-1,-1,-1
60,2,3.58,-0.62,225.83,478.79,0.8185,-1,-1,-1
60,17,174.88,18.08,79.08,388.83,0.5711,-1,-1,-1
60,23,-0.68,80.11,30.94,205.06,0.3765,-1,-1,-1
61,1,306.34,-1.42,284.94,480.91,0.8971,-1,-1,-1
61,2,1.27,0.33,227.05,477.26,0.8556,-1,-1,-1
61,17,174.82,17.56,79.51,403.07,0.6077,-1,-1,-1
61,23,-0.45,79.75,29.13,214.24,0.3827,-1,-1,-1
62,1,310.93,-1.39,286.65,478.05,0.8307,-1,-1,-1
62,2,0.82,-0.04,226.08,477.20,0.8611,-1,-1,-1
62,17,177.06,15.79,78.73,416.10,0.7277,-1,-1,-1
62,23,0.09,77.81,30.36,226.01,0.4517,-1,-1,-1
63,1,312.83,-0.70,286.67,479.47,0.8857,-1,-1,-1
63,2,0.56,0.66,225.39,475.94,0.7896,-1,-1,-1
63,17,177.09,14.89,79.60,422.36,0.7196,-1,-1,-1
63,23,0.60,75.70,34.73,314.55,0.3731,-1,-1,-1
63,22,0.18,75.64,37.64,361.88,0.3731,-1,-1,-1
64,1,316.51,-0.69,288.14,480.27,0.8757,-1,-1,-1
64,2,0.42,1.76,227.92,476.10,0.8099,-1,-1,-1
64,17,176.35,14.77,82.54,420.45,0.5741,-1,-1,-1
64,23,0.64,75.29,34.45,361.58,0.3595,-1,-1,-1
64,22,0.37,75.39,34.74,377.29,0.3595,-1,-1,-1
64,5,501.00,191.66,26.72,77.53,0.6102,-1,-1,-1
65,1,317.18,-0.67,289.48,480.25,0.8766,-1,-1,-1
65,2,-0.02,1.70,234.02,474.84,0.7657,-1,-1,-1
65,17,177.23,14.17,83.53,377.79,0.5247,-1,-1,-1
65,23,0.46,74.62,35.26,364.49,0.3505,-1,-1,-1
65,22,0.31,74.75,35.00,362.09,0.3505,-1,-1,-1
65,5,501.91,192.65,26.38,76.61,0.6443,-1,-1,-1
66,1,314.25,-0.51,292.90,480.21,0.8839,-1,-1,-1
66,2,-0.45,1.28,232.27,473.34,0.8418,-1,-1,-1
66,17,177.04,12.99,85.05,347.56,0.6341,-1,-1,-1
66,23,0.15,74.19,34.04,378.94,0.3673,-1,-1,-1
66,22,0.08,74.41,33.58,371.68,0.3673,-1,-1,-1
66,5,502.26,192.32,26.40,76.56,0.6824,-1,-1,-1
67,1,312.31,-0.15,298.62,479.93,0.8852,-1,-1,-1
67,2,-0.07,1.62,228.82,475.21,0.8087,-1,-1,-1
67,17,179.03,12.06,84.33,393.85,0.7479,-1,-1,-1
67,23,0.53,75.03,32.81,386.51,0.5338,-1,-1,-1
67,22,0.45,75.25,32.30,377.48,0.5338,-1,-1,-1
67,5,503.71,192.84,25.13,76.28,0.6490,-1,-1,-1
68,1,315.58,0.21,296.98,480.04,0.8942,-1,-1,-1
68,2,-0.20,2.52,226.68,474.86,0.7487,-1,-1,-1
68,17,179.18,11.24,84.72,421.33,0.6779,-1,-1,-1
68,23,0.50,74.95,33.37,361.19,0.3680,-1,-1,-1
68,22,0.42,75.16,33.02,350.20,0.3680,-1,-1,-1
68,5,505.75,193.20,23.61,76.57,0.6037,-1,-1,-1
69,1,317.29,0.30,294.49,479.83,0.8915,-1,-1,-1
69,2,-0.30,2.59,225.57,475.12,0.7380,-1,-1,-1
69,17,179.06,9.99,85.19,433.09,0.6036,-1,-1,-1
69,23,0.37,73.70,33.89,366.35,0.3943,-1,-1,-1
69,22,0.31,73.86,33.61,357.07,0.3943,-1,-1,-1
69,5,505.99,193.61,22.39,75.68,0.6365,-1,-1,-1
69,9,293.95,176.06,28.68,86.47,0.5637,-1,-1,-1
70,1,317.87,0.41,293.60,479.73,0.8924,-1,-1,-1
70,2,-0.23,1.72,223.79,477.26,0.8235,-1,-1,-1
70,17,181.94,9.17,84.15,430.92,0.8348,-1,-1,-1
70,23,0.51,74.09,34.30,364.72,0.4031,-1,-1,-1
70,22,0.44,74.27,34.09,356.00,0.4031,-1,-1,-1
70,5,506.52,193.51,22.54,75.74,0.6172,-1,-1,-1
70,27,0.15,77.53,22.52,128.51,0.3834,-1,-1,-1
70,9,295.13,176.67,27.17,85.55,0.5253,-1,-1,-1
71,1,318.03,0.16,292.37,479.92,0.8761,-1,-1,-1
71,2,-0.07,1.57,222.80,478.03,0.8286,-1,-1,-1
71,17,183.52,8.35,84.48,430.23,0.8365,-1,-1,-1
71,23,0.61,73.99,33.82,371.52,0.3847,-1,-1,-1
71,22,0.55,74.14,33.64,363.90,0.3847,-1,-1,-1
71,5,506.90,193.60,22.37,74.91,0.5617,-1,-1,-1
71,27,0.20,77.92,22.50,126.50,0.4387,-1,-1,-1
71,9,293.78,176.76,28.09,84.91,0.5884,-1,-1,-1
72,1,316.97,0.56,294.21,479.40,0.8827,-1,-1,-1
72,2,0.13,1.78,223.06,478.18,0.8600,-1,-1,-1
72,17,184.64,8.08,85.12,429.98,0.8375,-1,-1,-1
72,23,0.83,75.20,33.44,374.04,0.4914,-1,-1,-1
72,22,0.76,75.35,33.27,367.15,0.4914,-1,-1,-1
72,5,507.25,193.27,22.48,75.70,0.5834,-1,-1,-1
72,27,0.32,78.37,22.78,126.40,0.4064,-1,-1,-1
72,9,291.83,176.97,30.57,85.00,0.6204,-1,-1,-1
73,1,314.71,0.52,296.81,479.31,0.8920,-1,-1,-1
73,2,0.08,1.67,223.05,478.21,0.8543,-1,-1,-1
73,17,185.08,9.64,86.89,427.56,0.8394,-1,-1,-1
73,23,0.72,74.45,34.08,368.97,0.3447,-1,-1,-1
73,22,0.66,74.56,33.95,362.63,0.3447,-1,-1,-1
73,5,506.33,192.61,22.80,77.21,0.5062,-1,-1,-1
73,27,0.20,78.18,22.57,127.72,0.4076,-1,-1,-1
73,9,290.55,177.22,30.83,83.22,0.6042,-1,-1,-1
73,28,586.32,196.29,23.09,51.79,0.5500,-1,-1,-1
74,1,313.50,0.24,296.20,479.50,0.8500,-1,-1,-1
74,2,0.12,1.68,223.34,477.52,0.8477,-1,-1,-1
74,17,185.43,9.31,88.52,426.85,0.8486,-1,-1,-1
74,23,0.68,73.83,34.22,361.31,0.3463,-1,-1,-1
74,22,0.62,73.91,34.10,355.62,0.3463,-1,-1,-1
74,5,505.79,193.10,22.63,76.13,0.5653,-1,-1,-1
74,27,0.17,78.33,22.64,126.43,0.4138,-1,-1,-1
74,9,290.32,177.18,30.60,82.44,0.5464,-1,-1,-1
75,1,309.11,0.57,295.85,478.53,0.8711,-1,-1,-1
75,2,1.03,1.62,222.61,477.08,0.8279,-1,-1,-1
75,17,186.78,9.75,89.15,425.07,0.8458,-1,-1,-1
75,27,0.50,78.02,22.91,125.45,0.3664,-1,-1,-1
75,9,290.30,177.25,31.12,81.90,0.6049,-1,-1,-1
76,1,306.33,0.22,297.39,477.51,0.8883,-1,-1,-1
76,2,1.24,1.52,222.32,476.74,0.8184,-1,-1,-1
76,17,187.10,10.08,89.83,424.28,0.8553,-1,-1,-1
76,27,0.43,78.34,22.79,127.41,0.3271,-1,-1,-1
76,9,290.26,176.87,30.68,81.32,0.6551,-1,-1,-1
77,1,304.28,0.09,296.98,476.67,0.8744,-1,-1,-1
77,2,1.33,1.62,222.91,476.06,0.8269,-1,-1,-1
77,17,187.52,10.03,90.20,423.44,0.8452,-1,-1,-1
77,27,0.27,78.96,22.93,120.58,0.3556,-1,-1,-1
77,9,290.11,176.76,31.87,81.14,0.6553,-1,-1,-1
78,1,302.35,0.07,297.77,476.43,0.8931,-1,-1,-1
78,2,1.16,1.54,223.20,477.62,0.8335,-1,-1,-1
78,17,188.75,9.46,88.11,423.56,0.8443,-1,-1,-1
78,27,0.16,79.00,22.81,114.07,0.4589,-1,-1,-1
78,9,289.63,177.17,31.38,80.88,0.4946,-1,-1,-1
79,1,303.92,-0.08,291.57,478.59,0.8717,-1,-1,-1
79,2,1.15,0.96,222.97,477.84,0.8325,-1,-1,-1
79,17,188.69,9.81,86.13,423.64,0.8373,-1,-1,-1
79,27,-0.12,79.00,22.93,121.25,0.3723,-1,-1,-1
79,9,288.70,177.54,32.76,80.50,0.4671,-1,-1,-1
80,1,310.82,-0.11,279.10,479.52,0.8759,-1,-1,-1
80,2,0.63,1.25,224.05,478.42,0.8516,-1,-1,-1
80,17,188.63,10.66,85.64,424.32,0.8294,-1,-1,-1
80,27,-0.31,79.50,23.10,119.12,0.3803,-1,-1,-1
81,1,312.30,-0.09,276.78,479.32,0.8798,-1,-1,-1
81,2,1.01,1.47,226.13,477.86,0.8432,-1,-1,-1
81,17,189.15,11.04,84.86,420.56,0.7937,-1,-1,-1
81,27,0.24,79.53,23.64,118.70,0.3807,-1,-1,-1
81,22,0.63,75.54,32.94,370.11,0.4099,-1,-1,-1
82,1,316.50,-0.13,270.99,480.23,0.8624,-1,-1,-1
82,2,0.34,1.45,229.85,477.35,0.8403,-1,-1,-1
82,17,188.97,11.82,84.53,420.41,0.7392,-1,-1,-1
82,27,-0.31,79.73,23.28,115.93,0.4136,-1,-1,-1
82,22,0.03,75.46,33.31,362.33,0.3528,-1,-1,-1
83,1,311.87,0.04,275.23,477.84,0.8782,-1,-1,-1
83,2,0.25,1.47,227.07,478.19,0.8173,-1,-1,-1
83,17,188.27,13.02,84.08,423.46,0.8172,-1,-1,-1
83,27,-0.25,79.34,22.87,118.41,0.4516,-1,-1,-1
83,22,0.00,74.34,32.83,374.37,0.3457,-1,-1,-1
84,1,308.57,0.04,273.90,478.86,0.9028,-1,-1,-1
84,2,0.15,1.18,224.82,476.81,0.7691,-1,-1,-1
84,17,184.83,12.27,85.15,425.96,0.7983,-1,-1,-1
84,27,-0.21,78.74,21.56,121.42,0.4579,-1,-1,-1
85,1,308.51,0.08,277.04,478.87,0.8923,-1,-1,-1
85,2,0.18,1.29,228.89,475.75,0.7584,-1,-1,-1
85,17,182.76,14.11,84.17,424.71,0.7471,-1,-1,-1
85,27,-0.13,78.76,21.76,123.65,0.3620,-1,-1,-1
86,1,307.70,0.31,278.55,476.73,0.8679,-1,-1,-1
86,2,0.41,1.86,228.98,475.75,0.7405,-1,-1,-1
86,17,179.16,16.57,84.56,423.40,0.7507,-1,-1,-1
86,27,-0.01,79.66,22.13,125.20,0.3754,-1,-1,-1
86,29,615.35,193.43,24.22,56.56,0.4649,-1,-1,-1
87,1,309.29,-0.07,276.93,478.87,0.8880,-1,-1,-1
87,2,-0.16,1.51,231.46,475.31,0.7021,-1,-1,-1
87,17,174.96,16.84,84.75,414.63,0.6689,-1,-1,-1
87,27,-0.34,79.56,21.37,123.47,0.3263,-1,-1,-1
87,29,614.97,193.26,24.51,56.15,0.4894,-1,-1,-1
87,5,503.74,193.02,23.69,75.80,0.6588,-1,-1,-1
87,22,-0.06,74.66,32.38,367.36,0.4767,-1,-1,-1
88,1,307.56,0.84,279.73,479.17,0.8988,-1,-1,-1
88,2,-0.10,2.08,228.63,475.78,0.8129,-1,-1,-1
88,17,174.11,20.85,83.18,412.11,0.7451,-1,-1,-1
88,27,-0.14,80.76,21.80,123.54,0.4351,-1,-1,-1
88,5,504.99,193.39,23.44,76.93,0.5258,-1,-1,-1
88,22,0.01,74.28,32.95,378.07,0.3262,-1,-1,-1
89,1,310.47,0.57,277.00,479.51,0.8955,-1,-1,-1
89,2,-0.16,1.87,227.30,476.48,0.8042,-1,-1,-1
89,17,172.09,22.70,83.84,406.96,0.7138,-1,-1,-1
89,27,-0.15,81.03,21.89,123.58,0.3758,-1,-1,-1
89,5,505.74,192.97,22.40,77.09,0.5054,-1,-1,-1
89,22,-0.01,75.21,32.68,355.70,0.3430,-1,-1,-1
90,1,308.90,0.72,278.67,479.27,0.8977,-1,-1,-1
90,2,-0.35,1.86,224.95,477.01,0.7954,-1,-1,-1
90,17,169.28,23.70,86.57,403.79,0.7513,-1,-1,-1
90,5,505.80,192.98,21.44,77.10,0.4277,-1,-1,-1
90,22,-0.12,77.49,32.29,364.24,0.4337,-1,-1,-1
91,1,308.62,1.00,279.85,478.85,0.8943,-1,-1,-1
91,2,-0.02,1.78,223.46,476.99,0.7909,-1,-1,-1
91,17,167.77,24.16,89.19,402.62,0.7204,-1,-1,-1
91,5,505.51,192.47,21.16,76.64,0.3014,-1,-1,-1
91,22,0.19,78.86,32.13,373.42,0.4672,-1,-1,-1
91,27,-0.11,83.45,21.96,128.81,0.4233,-1,-1,-1
92,1,305.99,0.87,282.44,478.90,0.9045,-1,-1,-1
92,2,0.14,1.85,230.38,476.22,0.7655,-1,-1,-1
92,17,166.71,24.73,92.58,400.61,0.6925,-1,-1,-1
92,5,506.41,192.87,20.74,76.80,0.3287,-1,-1,-1
92,22,0.11,80.31,32.92,364.51,0.4237,-1,-1,-1
93,1,305.94,0.51,280.16,478.87,0.8917,-1,-1,-1
93,2,0.18,1.45,225.58,475.31,0.8433,-1,-1,-1
93,17,166.82,24.09,100.57,406.63,0.7883,-1,-1,-1
93,22,0.18,79.72,32.98,360.61,0.3017,-1,-1,-1
93,31,299.33,180.44,25.51,76.31,0.4503,-1,-1,-1
94,1,306.58,0.04,278.31,479.66,0.9028,-1,-1,-1
94,2,0.47,1.16,223.86,475.14,0.8469,-1,-1,-1
94,17,167.64,23.79,103.96,408.74,0.7889,-1,-1,-1
94,22,0.49,79.52,32.78,364.43,0.3167,-1,-1,-1
94,31,299.73,179.25,25.65,78.39,0.4521,-1,-1,-1
94,33,267.17,190.87,17.77,57.76,0.4865,-1,-1,-1
95,1,307.40,-0.06,276.91,477.94,0.9010,-1,-1,-1
95,2,0.74,1.38,223.21,474.86,0.8603,-1,-1,-1
95,17,169.79,22.45,104.39,411.50,0.7886,-1,-1,-1
95,22,0.67,79.21,33.71,369.18,0.4191,-1,-1,-1
95,31,301.17,178.72,24.21,80.70,0.5122,-1,-1,-1
95,33,266.81,192.71,16.26,55.80,0.5569,-1,-1,-1
96,1,306.97,-0.09,275.88,479.12,0.8999,-1,-1,-1
96,2,0.46,1.48,222.59,474.30,0.8357,-1,-1,-1
96,17,171.52,21.98,102.57,411.17,0.7914,-1,-1,-1
96,22,0.21,82.07,34.34,365.13,0.4157,-1,-1,-1
96,31,301.65,177.87,22.70,81.11,0.5020,-1,-1,-1
96,33,265.53,192.15,16.55,56.53,0.5346,-1,-1,-1
97,1,307.21,0.16,275.93,477.52,0.9031,-1,-1,-1
97,2,0.48,1.66,222.39,472.64,0.8640,-1,-1,-1
97,17,174.33,21.22,99.47,412.01,0.8179,-1,-1,-1
97,22,0.07,84.07,34.07,328.69,0.3742,-1,-1,-1
97,31,301.83,178.68,22.88,81.25,0.5721,-1,-1,-1
97,33,262.85,192.21,16.73,58.15,0.5794,-1,-1,-1
97,9,282.81,179.80,25.12,78.44,0.3714,-1,-1,-1
98,1,308.65,0.03,275.12,477.87,0.9064,-1,-1,-1
98,2,0.95,1.30,222.27,472.74,0.8745,-1,-1,-1
98,17,180.31,20.42,94.01,412.46,0.8351,-1,-1,-1
98,22,0.39,83.15,33.13,341.20,0.5054,-1,-1,-1
98,31,302.41,178.08,22.68,82.68,0.5933,-1,-1,-1
98,5,506.67,192.56,21.38,76.57,0.5041,-1,-1,-1
99,1,309.08,0.04,274.85,478.03,0.9089,-1,-1,-1
99,2,0.73,1.18,222.34,473.93,0.8855,-1,-1,-1
99,17,184.02,20.79,91.60,411.78,0.8484,-1,-1,-1
99,22,0.28,80.01,34.72,361.40,0.4600,-1,-1,-1
99,31,301.48,177.83,23.63,81.43,0.5364,-1,-1,-1
99,5,506.83,192.47,21.81,76.70,0.3765,-1,-1,-1
99,9,280.15,179.68,26.03,79.18,0.3549,-1,-1,-1
100,1,309.55,-0.06,273.95,477.75,0.9027,-1,-1,-1
100,2,0.49,0.99,221.72,475.03,0.8820,-1,-1,-1
100,17,186.66,18.94,90.40,413.27,0.8406,-1,-1,-1
100,22,-0.04,81.27,34.82,345.32,0.4245,-1,-1,-1
100,31,300.96,178.17,24.93,80.47,0.5874,-1,-1,-1
100,5,506.13,192.51,22.03,76.07,0.5333,-1,-1,-1
100,9,279.28,178.70,26.33,80.10,0.5712,-1,-1,-1
101,1,310.24,-0.01,274.07,479.35,0.9086,-1,-1,-1
101,2,0.64,0.95,221.68,475.27,0.8767,-1,-1,-1
101,17,189.34,17.60,91.50,413.77,0.8511,-1,-1,-1
101,22,0.09,81.49,34.07,353.76,0.4260,-1,-1,-1
101,31,300.96,178.07,24.36,81.49,0.4528,-1,-1,-1
101,5,507.09,192.72,21.88,76.21,0.3761,-1,-1,-1
101,9,279.31,178.99,26.43,79.83,0.4007,-1,-1,-1
102,1,311.84,-0.05,272.08,478.70,0.9022,-1,-1,-1
102,2,0.55,0.67,221.52,475.74,0.8734,-1,-1,-1
102,17,189.96,16.23,93.23,413.50,0.8479,-1,-1,-1
102,22,0.04,81.62,33.97,348.77,0.4412,-1,-1,-1
103,1,313.31,-0.06,271.57,479.82,0.9122,-1,-1,-1
103,2,0.52,0.76,221.56,476.53,0.8702,-1,-1,-1
103,17,191.24,16.76,93.25,414.61,0.8402,-1,-1,-1
103,22,0.09,82.04,33.92,329.56,0.3833,-1,-1,-1
104,1,314.24,-0.03,273.37,480.04,0.9108,-1,-1,-1
104,2,0.26,0.87,222.41,476.85,0.8893,-1,-1,-1
104,17,192.20,17.38,91.14,414.95,0.8419,-1,-1,-1
104,22,0.08,80.73,33.88,337.48,0.3355,-1,-1,-1
105,1,314.08,-0.06,274.62,480.20,0.9087,-1,-1,-1
105,2,-0.20,0.75,223.08,476.90,0.8627,-1,-1,-1
105,17,191.98,17.12,89.88,412.04,0.8375,-1,-1,-1
105,22,-0.29,82.98,32.23,348.01,0.3764,-1,-1,-1
106,1,314.12,-0.09,276.17,479.56,0.9044,-1,-1,-1
106,2,-0.12,0.54,223.46,477.62,0.8800,-1,-1,-1
106,17,192.42,16.66,87.30,414.21,0.8269,-1,-1,-1
106,22,-0.23,82.72,32.62,357.61,0.4081,-1,-1,-1
106,35,540.78,203.79,12.32,36.00,0.4060,-1,-1,-1
106,31,300.90,178.72,23.97,82.19,0.6317,-1,-1,-1
106,9,279.04,178.85,25.59,81.32,0.5835,-1,-1,-1
107,1,313.73,0.18,278.70,478.95,0.8953,-1,-1,-1
107,2,-0.10,0.35,224.42,478.11,0.8803,-1,-1,-1
107,17,192.47,16.69,86.44,414.73,0.8186,-1,-1,-1
107,22,-0.23,82.66,31.81,361.21,0.3576,-1,-1,-1
107,35,541.30,204.16,11.90,35.66,0.3816,-1,-1,-1
107,31,300.87,178.63,24.28,82.13,0.5889,-1,-1,-1
107,9,279.37,179.32,25.53,79.90,0.5654,-1,-1,-1
108,1,312.62,-0.10,282.74,477.90,0.8996,-1,-1,-1
108,2,-0.26,-0.03,225.32,477.99,0.8742,-1,-1,-1
108,17,192.03,16.10,86.11,415.47,0.8234,-1,-1,-1
108,35,541.20,202.43,12.08,37.55,0.4677,-1,-1,-1
108,31,300.96,178.70,24.24,81.48,0.6020,-1,-1,-1
108,9,279.27,180.47,25.04,78.15,0.5106,-1,-1,-1
109,1,312.39,-0.18,284.79,475.93,0.8313,-1,-1,-1
109,2,-0.41,-0.01,225.06,478.56,0.8857,-1,-1,-1
109,17,190.14,16.49,87.78,414.33,0.8310,-1,-1,-1
109,31,300.93,178.36,24.04,82.07,0.5538,-1,-1,-1
109,9,278.95,180.40,25.69,78.15,0.5028,-1,-1,-1
110,1,312.21,-0.25,288.19,477.21,0.7599,-1,-1,-1
110,2,-0.72,0.23,224.61,478.45,0.9072,-1,-1,-1
110,17,188.40,16.67,90.60,414.13,0.8395,-1,-1,-1
110,31,300.54,178.19,24.54,82.17,0.4505,-1,-1,-1
111,1,311.29,0.05,290.10,476.96,0.7984,-1,-1,-1
111,2,-0.21,0.05,222.89,478.97,0.8961,-1,-1,-1
111,17,188.08,17.10,91.89,414.18,0.8444,-1,-1,-1
112,1,323.83,0.11,279.71,478.84,0.7949,-1,-1,-1
112,2,-0.29,0.12,222.78,479.39,0.9072,-1,-1,-1
112,17,187.70,17.04,94.64,415.57,0.8493,-1,-1,-1
112,31,298.46,177.72,26.60,83.10,0.3507,-1,-1,-1
113,1,315.73,0.24,283.38,479.37,0.8647,-1,-1,-1
113,2,-0.21,0.17,222.74,479.21,0.9028,-1,-1,-1
113,17,187.73,17.82,94.51,416.61,0.8531,-1,-1,-1
114,1,311.30,0.21,287.04,479.21,0.8970,-1,-1,-1
114,2,0.14,0.15,222.18,478.62,0.8955,-1,-1,-1
114,17,187.67,19.12,94.81,414.24,0.8538,-1,-1,-1
115,1,309.79,0.14,284.67,477.90,0.8815,-1,-1,-1
115,2,0.48,-0.17,221.56,478.79,0.8898,-1,-1,-1
115,17,188.42,19.84,94.44,414.78,0.8666,-1,-1,-1
116,1,307.09,0.05,284.90,478.62,0.8949,-1,-1,-1
116,2,0.98,-0.48,220.51,478.12,0.8794,-1,-1,-1
116,17,191.04,20.18,92.84,414.90,0.8595,-1,-1,-1
117,1,306.15,0.18,282.12,477.93,0.8835,-1,-1,-1
117,2,1.48,-0.31,220.78,476.99,0.8703,-1,-1,-1
117,17,192.67,20.24,93.59,415.15,0.8547,-1,-1,-1
118,1,304.42,0.53,278.12,476.76,0.8898,-1,-1,-1
118,2,1.57,0.28,222.02,476.77,0.8679,-1,-1,-1
118,17,193.85,20.43,92.68,415.75,0.8588,-1,-1,-1
119,1,303.30,0.82,278.48,477.46,0.9113,-1,-1,-1
119,2,1.65,1.22,226.12,477.19,0.8854,-1,-1,-1
119,17,196.94,20.69,91.97,413.00,0.8164,-1,-1,-1
119,5,498.85,193.28,29.78,78.21,0.6998,-1,-1,-1
119,22,0.10,80.30,30.40,342.05,0.4008,-1,-1,-1
120,1,302.22,0.50,279.97,478.75,0.9103,-1,-1,-1
120,2,0.93,1.27,230.21,478.28,0.8727,-1,-1,-1
120,17,199.97,21.39,89.29,411.35,0.8094,-1,-1,-1
120,5,498.78,193.18,29.82,78.70,0.7203,-1,-1,-1
121,1,302.84,0.91,280.28,478.11,0.8873,-1,-1,-1
121,2,1.42,1.35,234.47,478.05,0.8772,-1,-1,-1
121,17,200.80,21.71,88.84,413.32,0.8196,-1,-1,-1
121,5,498.65,192.76,30.08,79.15,0.6617,-1,-1,-1
122,1,305.45,0.84,281.27,476.82,0.8887,-1,-1,-1
122,2,1.79,1.25,238.52,478.33,0.8574,-1,-1,-1
122,17,202.52,22.40,85.07,415.52,0.8232,-1,-1,-1
122,5,498.78,193.56,29.77,78.16,0.6640,-1,-1,-1
122,22,1.47,76.19,34.69,391.44,0.3786,-1,-1,-1
123,1,303.33,1.00,281.92,477.64,0.8961,-1,-1,-1
123,2,1.87,1.49,242.19,478.01,0.8722,-1,-1,-1
123,17,202.78,21.78,84.48,414.40,0.8338,-1,-1,-1
123,5,499.05,193.80,30.28,77.80,0.6804,-1,-1,-1
123,22,1.50,76.00,37.49,399.75,0.5531,-1,-1,-1
124,1,304.21,0.43,280.03,478.62,0.9043,-1,-1,-1
124,2,1.55,1.08,245.29,477.98,0.8645,-1,-1,-1
124,17,203.38,22.30,82.80,409.98,0.8398,-1,-1,-1
124,5,499.50,194.04,29.99,77.73,0.6531,-1,-1,-1
124,22,1.13,75.81,38.45,402.25,0.5479,-1,-1,-1
125,1,304.80,0.58,278.35,478.78,0.9025,-1,-1,-1
125,2,0.98,1.05,248.29,478.01,0.8533,-1,-1,-1
125,17,203.47,22.71,81.84,407.01,0.8189,-1,-1,-1
125,5,500.38,193.77,29.15,77.65,0.6406,-1,-1,-1
125,22,0.71,76.47,41.22,404.46,0.5959,-1,-1,-1
125,37,561.13,201.91,16.17,37.95,0.4810,-1,-1,-1
125,31,297.63,178.50,27.23,79.09,0.3564,-1,-1,-1
126,1,305.16,0.46,276.86,479.37,0.8998,-1,-1,-1
126,2,-0.01,0.80,251.38,469.60,0.7892,-1,-1,-1
126,17,203.76,22.60,80.70,406.62,0.7895,-1,-1,-1
126,5,500.88,194.00,28.32,77.81,0.6269,-1,-1,-1
126,22,0.16,76.59,42.72,403.68,0.4500,-1,-1,-1
126,37,561.23,202.31,16.24,37.45,0.4963,-1,-1,-1
126,9,286.69,180.08,26.03,78.27,0.3457,-1,-1,-1
127,1,306.19,0.38,276.68,479.49,0.8968,-1,-1,-1
127,2,0.39,1.07,251.15,473.31,0.8428,-1,-1,-1
127,17,205.09,22.79,79.26,406.36,0.8087,-1,-1,-1
127,5,502.21,193.36,27.36,77.74,0.5878,-1,-1,-1
127,22,0.08,77.63,45.13,404.05,0.4094,-1,-1,-1
127,37,562.35,202.95,15.35,37.03,0.5211,-1,-1,-1
128,1,305.97,0.36,277.16,479.60,0.9036,-1,-1,-1
128,2,-0.17,0.77,253.94,473.69,0.8329,-1,-1,-1
128,17,204.98,22.66,79.40,407.04,0.7369,-1,-1,-1
128,5,502.79,193.88,26.66,77.02,0.6020,-1,-1,-1
128,22,-0.31,77.55,46.95,404.66,0.5861,-1,-1,-1
128,37,562.23,203.39,15.78,37.41,0.4789,-1,-1,-1
129,1,306.57,0.13,275.95,479.47,0.8964,-1,-1,-1
129,2,-0.28,0.72,254.45,474.23,0.8553,-1,-1,-1
129,17,204.79,22.79,79.36,407.70,0.7420,-1,-1,-1
129,5,502.94,194.02,26.44,77.10,0.5890,-1,-1,-1
129,22,-0.53,79.20,47.85,402.99,0.6338,-1,-1,-1
129,37,561.51,203.94,16.22,37.13,0.4410,-1,-1,-1
130,1,306.27,0.05,276.58,479.75,0.9090,-1,-1,-1
130,2,0.75,0.64,251.28,473.76,0.8327,-1,-1,-1
130,17,204.80,23.46,79.21,407.72,0.7662,-1,-1,-1
130,5,503.88,193.82,26.39,77.07,0.6022,-1,-1,-1
130,22,-0.60,80.04,48.91,402.15,0.6942,-1,-1,-1
130,37,561.44,203.41,16.32,37.81,0.4589,-1,-1,-1
130,9,288.82,188.92,21.12,69.28,0.3439,-1,-1,-1
131,1,306.00,0.14,276.11,479.72,0.8997,-1,-1,-1
131,2,7.97,0.60,242.13,471.97,0.8096,-1,-1,-1
131,17,204.13,23.14,79.91,406.02,0.7974,-1,-1,-1
131,5,502.64,193.73,27.40,77.57,0.6511,-1,-1,-1
131,22,-0.66,80.11,49.25,291.46,0.3753,-1,-1,-1
131,37,560.34,203.58,17.11,37.15,0.4561,-1,-1,-1
131,9,288.56,190.90,20.61,67.29,0.3437,-1,-1,-1
132,1,306.32,-0.08,274.50,480.10,0.8961,-1,-1,-1
132,2,9.73,0.44,238.36,472.26,0.7880,-1,-1,-1
132,17,202.32,22.82,81.36,406.40,0.8254,-1,-1,-1
132,5,502.48,193.10,27.47,77.83,0.6410,-1,-1,-1
132,9,284.13,190.26,20.84,67.32,0.3154,-1,-1,-1
132,31,295.81,177.85,27.03,81.09,0.5026,-1,-1,-1
133,1,306.01,-0.21,273.81,478.25,0.8985,-1,-1,-1
133,2,8.79,0.32,237.45,474.76,0.8360,-1,-1,-1
133,17,201.11,22.57,82.41,407.15,0.8321,-1,-1,-1
133,5,502.14,193.03,27.91,78.39,0.5934,-1,-1,-1
133,9,281.04,188.61,21.63,67.80,0.3829,-1,-1,-1
133,31,294.73,177.93,28.95,81.03,0.5434,-1,-1,-1
134,1,305.31,-0.05,271.97,477.54,0.9034,-1,-1,-1
134,2,9.13,0.44,235.39,477.21,0.8550,-1,-1,-1
134,17,200.89,22.59,81.69,410.52,0.8371,-1,-1,-1
134,5,501.39,192.83,28.71,79.17,0.6285,-1,-1,-1
134,9,279.99,188.46,20.84,66.57,0.3152,-1,-1,-1
134,31,294.67,178.32,29.62,80.60,0.5868,-1,-1,-1
134,22,-0.86,79.84,47.45,384.51,0.4216,-1,-1,-1
134,37,558.17,200.84,19.17,39.96,0.4410,-1,-1,-1
135,1,305.87,-0.22,270.55,479.84,0.8891,-1,-1,-1
135,2,7.55,0.47,234.87,478.49,0.8785,-1,-1,-1
135,17,201.40,22.56,81.16,412.44,0.8360,-1,-1,-1
135,5,500.96,192.99,28.30,79.06,0.6259,-1,-1,-1
135,31,294.62,177.82,29.91,81.49,0.5319,-1,-1,-1
135,41,537.13,192.49,19.22,55.47,0.5086,-1,-1,-1
135,22,-0.65,78.69,44.63,397.12,0.4010,-1,-1,-1
136,1,305.61,-0.22,269.82,480.49,0.8891,-1,-1,-1
136,2,5.96,0.52,232.29,478.41,0.8581,-1,-1,-1
136,17,200.10,23.23,82.46,411.50,0.8288,-1,-1,-1
136,5,500.51,192.74,28.61,79.47,0.6364,-1,-1,-1
136,31,296.09,178.24,28.07,81.03,0.4172,-1,-1,-1
136,41,535.39,191.19,20.64,57.70,0.3690,-1,-1,-1
136,22,-0.54,76.94,43.76,399.68,0.4053,-1,-1,-1
137,1,305.54,-0.20,269.66,480.61,0.8920,-1,-1,-1
137,2,5.95,0.60,227.40,478.77,0.8566,-1,-1,-1
137,17,196.25,22.96,86.86,410.39,0.8276,-1,-1,-1
137,5,500.59,193.12,28.61,79.02,0.6001,-1,-1,-1
137,31,297.04,178.15,27.23,80.92,0.5052,-1,-1,-1
137,41,534.30,190.96,21.89,58.19,0.4986,-1,-1,-1
137,22,-0.49,77.78,41.83,397.54,0.4105,-1,-1,-1
138,1,304.22,-0.31,271.35,480.95,0.9059,-1,-1,-1
138,2,4.82,0.19,223.63,480.15,0.8711,-1,-1,-1
138,17,192.51,23.04,90.48,412.24,0.8408,-1,-1,-1
138,5,501.31,193.03,28.15,79.05,0.5734,-1,-1,-1
138,31,293.75,178.40,31.72,81.06,0.6002,-1,-1,-1
138,41,533.15,190.18,23.84,58.44,0.4706,-1,-1,-1
139,1,304.63,-0.17,272.10,480.56,0.9105,-1,-1,-1
139,2,4.00,0.21,222.52,480.11,0.8713,-1,-1,-1
139,17,190.75,22.59,92.67,411.07,0.8469,-1,-1,-1
139,5,501.76,193.47,27.79,78.32,0.5509,-1,-1,-1
139,31,292.19,178.25,33.98,81.20,0.6246,-1,-1,-1
139,37,556.45,201.63,17.57,40.32,0.3997,-1,-1,-1
140,1,304.98,0.35,273.56,479.66,0.9103,-1,-1,-1
140,2,2.60,0.51,220.65,479.62,0.8797,-1,-1,-1
140,17,189.29,22.42,94.64,410.78,0.8525,-1,-1,-1
140,5,502.35,193.01,27.90,78.48,0.5436,-1,-1,-1
140,31,292.36,177.50,32.98,81.92,0.6005,-1,-1,-1
140,37,556.27,202.95,16.76,38.94,0.3277,-1,-1,-1
141,1,304.12,0.06,275.88,476.35,0.8997,-1,-1,-1
141,2,1.64,0.75,218.44,479.05,0.8872,-1,-1,-1
141,17,187.48,21.42,96.79,411.97,0.8562,-1,-1,-1
141,5,502.13,192.84,27.58,78.34,0.5853,-1,-1,-1
141,31,292.50,178.13,32.59,80.79,0.4768,-1,-1,-1
141,37,555.02,203.63,15.97,38.25,0.3268,-1,-1,-1
142,1,303.89,0.22,277.09,478.19,0.9093,-1,-1,-1
142,2,1.22,0.95,216.26,479.11,0.8836,-1,-1,-1
142,17,186.90,20.88,97.42,413.16,0.8585,-1,-1,-1
142,5,502.38,192.40,27.23,78.78,0.5656,-1,-1,-1
142,31,293.58,178.20,29.61,80.35,0.4528,-1,-1,-1
142,37,555.36,203.43,17.28,38.80,0.3902,-1,-1,-1
143,1,304.83,-0.13,278.34,479.70,0.9058,-1,-1,-1
143,2,0.27,0.85,216.04,479.57,0.8861,-1,-1,-1
143,17,185.30,20.26,99.38,414.33,0.8618,-1,-1,-1
143,5,503.81,192.05,25.36,78.57,0.5970,-1,-1,-1
143,31,292.15,178.18,31.93,81.13,0.5429,-1,-1,-1
143,37,555.48,205.82,15.13,36.62,0.3286,-1,-1,-1
144,1,304.97,-0.24,281.06,480.31,0.9140,-1,-1,-1
144,2,-0.09,0.74,216.12,479.25,0.8927,-1,-1,-1
144,17,184.63,20.21,100.03,414.06,0.8556,-1,-1,-1
144,5,504.46,191.51,24.08,78.77,0.5340,-1,-1,-1
144,31,292.71,178.14,30.67,80.55,0.5565,-1,-1,-1
144,37,554.52,203.91,16.31,38.49,0.4357,-1,-1,-1
145,1,306.45,-0.31,284.74,481.09,0.9005,-1,-1,-1
145,2,-0.22,0.33,214.79,479.38,0.9011,-1,-1,-1
145,17,182.79,19.80,101.63,414.00,0.8542,-1,-1,-1
145,5,505.58,192.21,23.05,78.25,0.5526,-1,-1,-1
145,31,293.39,178.32,29.47,80.22,0.5813,-1,-1,-1
145,37,555.12,202.86,19.28,52.20,0.4485,-1,-1,-1
146,1,308.09,-0.11,285.30,480.38,0.8601,-1,-1,-1
146,2,0.20,0.70,214.44,478.20,0.8963,-1,-1,-1
146,17,182.57,19.98,102.09,412.96,0.8512,-1,-1,-1
146,31,295.18,178.14,27.35,80.30,0.6026,-1,-1,-1
147,1,318.73,-0.09,283.30,477.82,0.8399,-1,-1,-1
147,2,0.50,1.22,215.14,476.76,0.8911,-1,-1,-1
147,17,183.05,20.24,101.63,412.37,0.8538,-1,-1,-1
147,31,296.36,177.38,25.02,82.08,0.3723,-1,-1,-1
148,1,317.34,0.17,290.22,476.22,0.8729,-1,-1,-1
148,2,1.46,1.49,216.19,476.95,0.8647,-1,-1,-1
148,17,185.31,20.58,99.58,411.83,0.8583,-1,-1,-1
148,31,298.23,177.73,23.79,82.93,0.3982,-1,-1,-1
149,1,316.71,0.21,294.36,475.96,0.8849,-1,-1,-1
149,2,2.37,1.21,219.66,477.70,0.8584,-1,-1,-1
149,17,188.06,20.96,96.71,410.60,0.8564,-1,-1,-1
149,31,300.24,178.20,22.34,83.92,0.4503,-1,-1,-1
150,1,316.15,0.31,297.84,477.69,0.8775,-1,-1,-1
150,2,2.48,1.46,222.23,478.04,0.8666,-1,-1,-1
150,17,189.67,21.75,95.06,411.91,0.8526,-1,-1,-1
151,1,316.78,0.45,296.51,478.36,0.8437,-1,-1,-1
151,2,3.74,1.43,223.64,478.07,0.8561,-1,-1,-1
151,17,192.24,22.28,92.03,413.18,0.8591,-1,-1,-1
152,1,316.96,0.10,292.20,478.54,0.7839,-1,-1,-1
152,2,7.02,0.98,223.50,478.85,0.8586,-1,-1,-1
152,17,193.49,22.06,90.65,413.15,0.8665,-1,-1,-1
153,1,313.02,0.31,290.83,475.98,0.8181,-1,-1,-1
153,2,9.16,0.85,223.78,475.59,0.8399,-1,-1,-1
153,17,193.84,21.89,89.46,411.34,0.8636,-1,-1,-1
154,1,308.28,0.69,288.62,477.44,0.8766,-1,-1,-1
154,2,7.50,0.61,226.05,474.42,0.8284,-1,-1,-1
154,17,193.23,21.67,89.68,412.37,0.8523,-1,-1,-1
154,22,0.21,80.04,45.20,386.31,0.3527,-1,-1,-1
154,5,502.98,188.64,25.89,79.40,0.6720,-1,-1,-1
154,37,553.76,206.32,15.44,36.92,0.4258,-1,-1,-1
155,1,305.99,0.77,285.91,478.62,0.8916,-1,-1,-1
155,2,8.01,0.79,226.07,475.67,0.8269,-1,-1,-1
155,17,192.80,22.07,89.85,413.66,0.8441,-1,-1,-1
155,22,0.32,79.38,44.12,386.50,0.3324,-1,-1,-1
155,5,501.01,191.48,27.11,77.43,0.6320,-1,-1,-1
155,37,553.55,205.38,16.04,37.16,0.3844,-1,-1,-1
156,1,304.96,0.49,281.66,479.58,0.9024,-1,-1,-1
156,2,7.03,0.71,227.23,477.17,0.8638,-1,-1,-1
156,17,192.25,21.98,89.54,413.78,0.8660,-1,-1,-1
156,5,499.19,194.13,27.87,75.59,0.5653,-1,-1,-1
156,37,552.34,207.78,15.55,34.92,0.3116,-1,-1,-1
157,1,303.22,0.12,267.75,480.16,0.9151,-1,-1,-1
157,2,7.05,0.31,226.74,476.09,0.8367,-1,-1,-1
157,17,191.48,21.16,89.13,415.41,0.8651,-1,-1,-1
157,5,498.01,194.51,29.05,76.39,0.5832,-1,-1,-1
157,37,553.88,209.76,14.51,33.01,0.3182,-1,-1,-1
158,1,303.77,-0.16,242.11,480.59,0.9172,-1,-1,-1
158,2,6.20,-0.26,225.49,477.70,0.8401,-1,-1,-1
158,17,190.94,19.69,88.96,418.14,0.8586,-1,-1,-1
158,5,497.35,195.63,29.68,75.63,0.5185,-1,-1,-1
158,37,552.52,209.54,16.06,33.59,0.4272,-1,-1,-1
158,44,589.76,0.86,49.72,255.03,0.4965,-1,-1,-1
159,1,300.95,-0.08,224.10,480.78,0.9095,-1,-1,-1
159,2,4.42,-0.12,226.63,478.57,0.8463,-1,-1,-1
159,17,190.58,18.98,90.75,418.57,0.8466,-1,-1,-1
159,5,496.78,188.25,30.92,84.04,0.7013,-1,-1,-1
159,37,550.38,206.94,17.05,37.21,0.3318,-1,-1,-1
159,44,587.95,0.43,51.59,252.40,0.3510,-1,-1,-1
159,45,526.91,195.25,20.54,56.37,0.4933,-1,-1,-1
159,22,-0.06,76.48,39.63,393.23,0.4543,-1,-1,-1
160,1,301.63,0.22,205.29,477.33,0.9183,-1,-1,-1
160,2,0.98,0.20,227.81,479.13,0.8645,-1,-1,-1
160,17,189.86,18.61,90.72,420.04,0.8495,-1,-1,-1
160,5,496.17,186.24,31.89,86.42,0.7204,-1,-1,-1
160,22,-0.45,75.98,39.61,394.08,0.4342,-1,-1,-1
161,1,296.57,-0.34,203.80,480.15,0.9106,-1,-1,-1
161,2,-0.36,-0.03,228.45,480.44,0.8620,-1,-1,-1
161,17,188.81,17.76,91.33,421.55,0.8480,-1,-1,-1
161,5,495.97,186.02,32.36,86.70,0.6946,-1,-1,-1
161,22,-0.77,75.41,37.16,394.17,0.4413,-1,-1,-1
161,44,585.87,0.53,53.89,250.15,0.3898,-1,-1,-1
162,1,291.88,-0.13,208.11,477.24,0.9057,-1,-1,-1
162,2,-0.29,-0.15,229.58,480.03,0.8341,-1,-1,-1
162,17,188.47,15.81,93.76,422.73,0.8529,-1,-1,-1
162,5,497.21,184.57,32.51,88.13,0.7159,-1,-1,-1
162,22,-0.11,73.16,35.68,391.96,0.3495,-1,-1,-1
162,44,588.56,0.34,51.92,248.96,0.3289,-1,-1,-1
162,45,525.00,193.43,19.61,58.98,0.4749,-1,-1,-1
163,1,288.75,0.00,210.74,476.71,0.9063,-1,-1,-1
163,2,-0.95,0.06,229.26,477.48,0.8299,-1,-1,-1
163,17,187.43,15.22,94.13,426.31,0.8500,-1,-1,-1
163,5,497.10,183.90,33.58,88.78,0.7191,-1,-1,-1
163,22,-0.57,71.21,35.48,380.13,0.3299,-1,-1,-1
163,44,589.45,0.35,50.80,248.67,0.3877,-1,-1,-1
164,1,288.47,0.03,210.26,475.85,0.9039,-1,-1,-1
164,2,-1.11,0.00,226.63,476.62,0.8047,-1,-1,-1
164,17,186.36,13.59,94.20,428.76,0.8366,-1,-1,-1
164,5,496.22,182.73,33.22,89.92,0.7221,-1,-1,-1
164,22,-0.72,71.10,33.52,369.73,0.3528,-1,-1,-1
165,1,292.37,-0.15,207.01,479.20,0.9196,-1,-1,-1
165,2,-0.94,0.17,225.00,476.52,0.8194,-1,-1,-1
165,17,186.58,13.29,93.89,429.41,0.8456,-1,-1,-1
165,5,496.49,182.96,33.48,89.93,0.7144,-1,-1,-1
165,22,-0.52,75.75,30.53,353.96,0.3294,-1,-1,-1
166,1,294.86,-0.32,205.55,479.93,0.9216,-1,-1,-1
166,2,-0.22,-0.12,223.62,476.85,0.8165,-1,-1,-1
166,17,186.06,12.05,94.70,430.94,0.8412,-1,-1,-1
166,5,496.84,182.43,33.38,90.00,0.7192,-1,-1,-1
167,1,294.20,-0.15,205.84,480.32,0.9166,-1,-1,-1
167,2,-0.87,0.37,222.26,474.41,0.7956,-1,-1,-1
167,17,184.45,10.97,94.97,432.61,0.8182,-1,-1,-1
167,5,496.07,183.13,33.94,89.44,0.7212,-1,-1,-1
168,1,293.51,-0.16,206.21,480.13,0.9129,-1,-1,-1
168,2,-0.61,0.43,221.43,474.35,0.8193,-1,-1,-1
168,17,183.56,10.47,95.18,432.80,0.8436,-1,-1,-1
168,5,495.88,182.61,34.24,89.63,0.7227,-1,-1,-1
168,47,547.46,201.16,20.64,44.65,0.3971,-1,-1,-1
169,1,288.36,0.87,211.72,475.69,0.9026,-1,-1,-1
169,2,-0.14,0.72,221.00,473.93,0.7547,-1,-1,-1
169,17,183.21,10.54,96.06,433.50,0.8432,-1,-1,-1
169,5,496.33,183.34,33.84,89.38,0.7323,-1,-1,-1
169,47,548.08,202.54,20.26,42.67,0.3257,-1,-1,-1
170,1,282.96,0.85,216.82,474.92,0.8991,-1,-1,-1
170,2,-0.25,0.15,220.05,472.97,0.7600,-1,-1,-1
170,17,182.81,9.86,96.10,435.86,0.8438,-1,-1,-1
170,5,496.47,183.10,33.79,90.02,0.7139,-1,-1,-1
170,45,526.59,188.77,17.75,63.82,0.3592,-1,-1,-1
171,1,280.13,1.04,218.88,474.06,0.9022,-1,-1,-1
171,2,0.10,0.25,218.92,472.89,0.7945,-1,-1,-1
171,17,182.27,9.90,96.46,436.70,0.8462,-1,-1,-1
172,1,280.70,0.98,219.19,474.53,0.8971,-1,-1,-1
172,2,0.22,0.57,219.15,474.41,0.8448,-1,-1,-1
172,17,182.43,9.93,97.04,437.52,0.8467,-1,-1,-1
173,1,280.60,1.09,220.20,472.39,0.8991,-1,-1,-1
173,2,-0.12,2.50,221.74,472.57,0.8155,-1,-1,-1
173,17,180.78,10.86,101.06,434.24,0.8485,-1,-1,-1
174,1,281.36,1.23,217.64,474.21,0.9030,-1,-1,-1
174,2,-0.02,1.52,219.84,473.72,0.8274,-1,-1,-1
174,17,180.54,10.70,99.66,435.07,0.8488,-1,-1,-1
175,1,280.51,1.32,218.66,475.60,0.8518,-1,-1,-1
175,2,-0.01,1.37,219.61,475.21,0.8592,-1,-1,-1
175,17,179.82,11.23,100.94,439.80,0.8492,-1,-1,-1
176,1,282.80,0.43,216.57,478.36,0.8983,-1,-1,-1
176,2,0.20,0.39,219.20,476.78,0.8271,-1,-1,-1
176,17,180.63,11.19,100.35,440.08,0.8400,-1,-1,-1
177,1,283.61,1.03,214.19,476.58,0.8925,-1,-1,-1
177,2,1.41,-0.47,216.75,475.53,0.7940,-1,-1,-1
177,17,181.85,11.58,97.24,439.28,0.8551,-1,-1,-1
178,1,283.13,0.92,215.35,476.59,0.9043,-1,-1,-1
178,2,2.23,-0.37,215.49,475.77,0.8280,-1,-1,-1
178,17,181.64,11.54,97.47,436.41,0.8604,-1,-1,-1
178,37,547.50,202.93,18.85,42.87,0.5523,-1,-1,-1
178,5,495.58,183.05,34.65,89.33,0.7167,-1,-1,-1
179,1,272.44,0.62,227.24,477.16,0.8599,-1,-1,-1
179,2,0.91,-0.29,217.00,476.12,0.8366,-1,-1,-1
179,17,181.25,11.17,98.00,439.30,0.8657,-1,-1,-1
179,37,548.37,203.95,18.25,41.67,0.4060,-1,-1,-1
179,5,496.33,183.29,34.03,89.60,0.7313,-1,-1,-1
180,1,279.55,0.07,221.16,478.82,0.9031,-1,-1,-1
180,2,0.65,-0.25,217.72,477.37,0.8417,-1,-1,-1
180,17,181.03,11.09,98.53,438.73,0.8560,-1,-1,-1
180,37,549.66,205.48,17.48,40.57,0.3466,-1,-1,-1
180,5,496.79,183.33,33.49,89.57,0.7044,-1,-1,-1
181,1,281.00,0.22,220.57,479.55,0.9067,-1,-1,-1
181,2,0.40,0.21,218.10,476.96,0.8206,-1,-1,-1
181,17,181.87,11.69,97.66,437.91,0.8607,-1,-1,-1
181,37,549.91,206.33,17.33,40.22,0.3743,-1,-1,-1
181,5,496.92,183.63,33.03,89.41,0.7025,-1,-1,-1
182,1,282.11,0.26,220.47,477.12,0.9032,-1,-1,-1
182,2,0.20,-0.25,217.49,475.51,0.8315,-1,-1,-1
182,17,181.58,11.00,97.04,436.57,0.8435,-1,-1,-1
182,5,496.76,183.76,32.61,88.88,0.7112,-1,-1,-1
183,1,282.89,0.34,220.90,476.53,0.9035,-1,-1,-1
183,2,0.22,-0.02,218.19,476.06,0.8451,-1,-1,-1
183,17,182.04,11.27,96.49,436.37,0.8514,-1,-1,-1
183,5,497.20,184.38,31.56,88.17,0.7189,-1,-1,-1
183,37,549.04,205.98,16.26,40.50,0.3510,-1,-1,-1
184,1,284.73,0.64,220.92,475.91,0.9052,-1,-1,-1
184,2,0.34,0.25,218.39,475.49,0.8220,-1,-1,-1
184,17,181.68,11.41,97.01,435.88,0.8483,-1,-1,-1
184,5,498.12,184.33,30.25,88.44,0.7044,-1,-1,-1
184,48,524.08,187.73,25.20,69.43,0.5913,-1,-1,-1
185,1,287.63,0.74,219.83,475.33,0.8970,-1,-1,-1
185,2,0.23,0.34,218.58,475.63,0.8311,-1,-1,-1
185,17,181.18,11.50,97.45,435.65,0.8490,-1,-1,-1
185,5,498.77,184.54,29.53,87.88,0.7017,-1,-1,-1
185,48,523.36,188.80,25.49,67.50,0.4258,-1,-1,-1
186,1,292.73,0.97,216.36,474.87,0.9137,-1,-1,-1
186,2,0.17,0.29,218.72,476.43,0.8593,-1,-1,-1
186,17,181.36,11.40,97.33,436.00,0.8525,-1,-1,-1
186,5,499.05,185.30,28.84,86.61,0.6988,-1,-1,-1
186,48,522.92,188.12,23.33,68.35,0.5184,-1,-1,-1
187,1,294.33,1.08,215.73,474.83,0.9097,-1,-1,-1
187,2,-0.02,0.36,218.83,476.16,0.8708,-1,-1,-1
187,17,181.93,11.47,96.58,435.98,0.8491,-1,-1,-1
187,5,499.40,185.66,28.12,85.74,0.6706,-1,-1,-1
187,48,522.76,191.01,21.29,65.65,0.5338,-1,-1,-1
188,1,295.77,0.99,214.58,474.50,0.9124,-1,-1,-1
188,2,-0.03,0.31,218.75,476.15,0.8590,-1,-1,-1
188,17,181.37,11.33,97.06,435.84,0.8515,-1,-1,-1
188,5,499.82,185.45,27.97,86.17,0.6809,-1,-1,-1
188,48,522.58,192.04,19.65,66.82,0.4157,-1,-1,-1
188,31,292.88,178.65,23.68,77.09,0.4587,-1,-1,-1
189,1,296.73,0.88,213.47,474.15,0.9132,-1,-1,-1
189,2,0.05,0.16,218.62,475.83,0.8383,-1,-1,-1
189,17,181.39,10.96,96.77,435.97,0.8536,-1,-1,-1
189,5,499.69,184.87,28.36,86.78,0.6820,-1,-1,-1
189,48,523.46,190.30,19.98,69.07,0.5306,-1,-1,-1
189,31,293.63,178.07,23.45,76.33,0.3287,-1,-1,-1
190,1,296.87,0.81,213.26,474.51,0.9129,-1,-1,-1
190,2,0.00,0.20,218.54,475.59,0.8498,-1,-1,-1
190,17,181.58,10.97,96.44,435.16,0.8423,-1,-1,-1
190,5,499.33,185.38,28.71,86.11,0.6711,-1,-1,-1
190,48,523.33,189.43,19.92,70.39,0.5004,-1,-1,-1
190,31,293.76,178.14,23.30,77.71,0.4623,-1,-1,-1
191,1,296.95,0.96,212.79,474.56,0.9146,-1,-1,-1
191,2,-0.02,0.36,218.38,475.69,0.8552,-1,-1,-1
191,17,181.48,10.92,96.49,435.61,0.8468,-1,-1,-1
191,5,499.00,185.07,29.14,86.94,0.6865,-1,-1,-1
191,48,524.35,189.56,20.62,70.03,0.4338,-1,-1,-1
191,31,294.38,178.08,23.05,78.07,0.5033,-1,-1,-1
192,1,296.19,0.96,213.53,474.45,0.9103,-1,-1,-1
192,2,-0.07,0.37,218.36,475.65,0.8473,-1,-1,-1
192,17,180.96,11.01,97.16,435.71,0.8523,-1,-1,-1
192,5,498.89,184.71,29.31,86.98,0.6716,-1,-1,-1
192,31,294.39,178.26,23.05,77.72,0.4818,-1,-1,-1
193,1,295.11,0.82,214.54,474.55,0.9086,-1,-1,-1
193,2,-0.10,0.36,218.03,474.83,0.8335,-1,-1,-1
193,17,181.15,11.10,96.92,436.19,0.8511,-1,-1,-1
193,5,498.92,184.81,29.12,87.31,0.6919,-1,-1,-1
193,31,293.54,177.60,23.63,77.76,0.3567,-1,-1,-1
193,48,524.80,189.18,23.92,71.68,0.3441,-1,-1,-1
194,1,291.88,0.55,217.47,475.40,0.8972,-1,-1,-1
194,2,-0.01,0.26,217.45,475.57,0.8347,-1,-1,-1
194,17,180.47,10.95,97.40,436.67,0.8552,-1,-1,-1
194,5,499.11,184.71,28.98,87.58,0.6949,-1,-1,-1
194,48,523.59,188.94,26.06,72.68,0.3116,-1,-1,-1
195,1,287.32,0.36,221.59,476.04,0.8812,-1,-1,-1
195,2,-0.19,0.29,217.18,475.79,0.8490,-1,-1,-1
195,17,179.91,10.83,97.39,436.95,0.8556,-1,-1,-1
195,5,498.77,184.33,28.64,88.22,0.6763,-1,-1,-1
196,1,283.89,0.42,225.06,476.28,0.8901,-1,-1,-1
196,2,-0.07,0.41,216.96,474.79,0.7973,-1,-1,-1
196,17,179.05,10.90,98.45,437.02,0.8553,-1,-1,-1
196,5,499.32,183.87,28.73,88.87,0.6643,-1,-1,-1
197,1,281.72,0.46,228.03,476.66,0.8978,-1,-1,-1
197,2,-0.04,0.53,217.30,474.51,0.8443,-1,-1,-1
197,17,178.23,10.55,99.25,437.54,0.8517,-1,-1,-1
197,5,499.18,184.27,29.10,88.21,0.6447,-1,-1,-1
197,48,525.90,189.57,26.85,73.28,0.3969,-1,-1,-1
198,1,280.67,0.63,228.53,476.26,0.9113,-1,-1,-1
198,2,-0.18,0.55,216.67,474.66,0.8636,-1,-1,-1
198,17,177.19,10.47,99.09,438.29,0.8590,-1,-1,-1
198,5,498.94,184.63,29.75,87.88,0.6915,-1,-1,-1
198,48,526.89,188.69,33.43,74.53,0.3527,-1,-1,-1
199,1,279.15,0.53,229.73,476.75,0.9094,-1,-1,-1
199,2,-0.45,1.07,216.70,474.01,0.8072,-1,-1,-1
199,17,175.82,10.93,98.82,438.17,0.8502,-1,-1,-1
199,5,498.16,184.64,30.43,86.94,0.6871,-1,-1,-1
199,48,525.38,187.24,29.96,75.95,0.4133,-1,-1,-1
199,47,540.14,187.22,23.34,73.72,0.3555,-1,-1,-1
200,1,277.18,0.61,231.49,476.15,0.9050,-1,-1,-1
200,2,-0.38,3.83,216.52,470.78,0.7861,-1,-1,-1
200,17,174.60,11.59,97.44,437.97,0.8485,-1,-1,-1
200,5,498.04,184.97,30.70,87.17,0.7191,-1,-1,-1
200,48,527.93,186.15,34.04,75.02,0.4081,-1,-1,-1
200,47,532.78,186.13,31.70,74.60,0.4081,-1,-1,-1
201,1,274.53,0.18,233.37,478.81,0.9075,-1,-1,-1
201,2,-0.41,3.51,216.54,470.92,0.7750,-1,-1,-1
201,17,170.75,12.49,98.66,438.61,0.8344,-1,-1,-1
201,5,497.52,185.14,30.38,87.36,0.7009,-1,-1,-1
202,1,272.95,0.03,234.18,479.99,0.9087,-1,-1,-1
202,2,-0.73,6.11,217.02,469.69,0.7269,-1,-1,-1
202,17,165.52,14.43,100.22,437.03,0.8103,-1,-1,-1
202,5,497.16,185.33,30.10,87.32,0.6884,-1,-1,-1
202,48,525.62,188.43,28.86,75.61,0.3470,-1,-1,-1
203,1,272.62,0.05,233.78,479.19,0.8960,-1,-1,-1
203,2,-0.35,12.04,215.50,463.98,0.6432,-1,-1,-1
203,17,158.28,16.25,104.56,433.96,0.7759,-1,-1,-1
203,5,496.86,185.02,29.90,87.89,0.7030,-1,-1,-1
203,48,524.59,188.25,28.11,76.59,0.5196,-1,-1,-1
204,1,272.00,0.74,233.73,476.05,0.8902,-1,-1,-1
204,2,-0.59,5.78,215.18,467.67,0.6962,-1,-1,-1
204,17,155.42,18.50,103.57,424.49,0.8094,-1,-1,-1
204,5,495.38,185.94,29.78,87.31,0.7610,-1,-1,-1
204,48,521.07,189.09,30.37,76.80,0.5677,-1,-1,-1
205,1,271.73,0.74,234.57,474.83,0.8818,-1,-1,-1
205,2,-0.24,2.41,214.39,469.45,0.6692,-1,-1,-1
205,17,153.80,20.12,99.72,416.45,0.8102,-1,-1,-1
205,5,495.94,186.36,28.99,86.47,0.7396,-1,-1,-1
205,48,521.66,188.30,30.21,78.12,0.5854,-1,-1,-1
206,1,269.70,0.62,236.69,474.38,0.8896,-1,-1,-1
206,2,-0.35,1.97,213.04,470.76,0.6222,-1,-1,-1
206,17,152.59,22.44,96.95,409.29,0.7806,-1,-1,-1
206,5,495.33,186.41,29.25,85.77,0.7051,-1,-1,-1
206,48,522.94,187.20,29.80,78.33,0.4710,-1,-1,-1
207,1,270.37,0.88,235.85,474.02,0.8838,-1,-1,-1
207,2,-0.32,2.19,212.12,469.87,0.5666,-1,-1,-1
207,17,154.07,24.65,93.84,399.43,0.7154,-1,-1,-1
207,5,494.98,186.08,28.86,86.02,0.7399,-1,-1,-1
207,48,520.43,185.96,30.87,79.57,0.5179,-1,-1,-1
208,1,265.25,0.59,241.29,474.59,0.8869,-1,-1,-1
208,2,-0.15,0.83,211.22,472.56,0.7748,-1,-1,-1
208,17,161.91,28.69,87.75,381.24,0.7922,-1,-1,-1
208,5,493.87,186.36,29.50,86.72,0.7037,-1,-1,-1
208,48,519.60,186.51,33.53,78.79,0.4415,-1,-1,-1
209,1,262.30,0.81,244.71,474.94,0.8913,-1,-1,-1
209,2,0.25,0.42,209.49,473.68,0.7688,-1,-1,-1
209,17,167.53,32.63,82.63,368.49,0.7931,-1,-1,-1
209,5,494.22,186.16,29.18,86.71,0.7292,-1,-1,-1
209,48,520.59,186.06,33.82,80.94,0.4602,-1,-1,-1
210,1,257.77,0.97,248.23,475.68,0.8626,-1,-1,-1
210,2,0.13,1.11,206.02,474.03,0.8731,-1,-1,-1
210,17,171.32,41.94,80.25,355.68,0.8382,-1,-1,-1
210,5,492.89,185.79,30.13,87.72,0.7283,-1,-1,-1
210,48,519.93,186.22,27.87,80.85,0.4350,-1,-1,-1
211,1,263.78,1.13,241.67,476.24,0.8113,-1,-1,-1
211,2,0.17,1.27,202.47,475.22,0.8799,-1,-1,-1
211,17,171.96,47.07,82.70,349.10,0.8474,-1,-1,-1
211,5,492.04,184.26,31.11,89.10,0.7399,-1,-1,-1
211,48,523.32,185.33,25.63,80.76,0.4119,-1,-1,-1
212,1,263.29,1.60,241.72,476.25,0.8355,-1,-1,-1
212,2,-0.16,1.63,199.08,473.25,0.8260,-1,-1,-1
212,17,170.38,53.58,89.74,344.40,0.8593,-1,-1,-1
212,5,491.08,185.62,30.57,89.41,0.7197,-1,-1,-1
212,48,524.30,186.67,31.36,79.57,0.3879,-1,-1,-1
213,1,255.10,1.21,248.56,477.17,0.8697,-1,-1,-1
213,2,-0.50,2.13,191.71,473.98,0.7969,-1,-1,-1
213,17,168.15,54.69,98.99,342.98,0.8614,-1,-1,-1
213,5,490.11,184.94,29.81,89.55,0.6653,-1,-1,-1
213,48,522.06,186.11,27.13,80.11,0.4450,-1,-1,-1
214,1,253.68,1.29,247.48,476.63,0.8787,-1,-1,-1
214,2,-0.31,1.74,185.94,475.98,0.8096,-1,-1,-1
214,17,159.38,56.93,114.21,348.81,0.8709,-1,-1,-1
214,5,489.48,184.85,29.10,89.88,0.7140,-1,-1,-1
214,48,518.94,185.51,26.82,82.22,0.5564,-1,-1,-1
215,1,254.78,1.09,244.10,475.55,0.8978,-1,-1,-1
215,2,0.31,1.02,183.09,476.24,0.7638,-1,-1,-1
215,17,160.55,57.83,117.55,345.05,0.8818,-1,-1,-1
215,5,486.63,184.99,31.77,89.65,0.7066,-1,-1,-1
215,48,517.06,184.82,26.56,83.26,0.5473,-1,-1,-1
215,37,539.13,198.58,20.20,54.30,0.4529,-1,-1,-1
216,1,255.28,0.52,240.70,475.87,0.8769,-1,-1,-1
216,2,0.82,0.36,179.25,474.80,0.7176,-1,-1,-1
216,17,165.39,59.54,116.17,340.83,0.8860,-1,-1,-1
216,5,487.26,184.53,29.49,89.94,0.7329,-1,-1,-1
216,48,521.61,186.80,20.50,79.53,0.4099,-1,-1,-1
216,37,537.44,197.88,20.63,53.78,0.4393,-1,-1,-1
217,1,278.18,1.10,216.35,477.16,0.8183,-1,-1,-1
217,2,1.65,0.20,177.68,475.84,0.8026,-1,-1,-1
217,17,169.42,61.95,115.77,337.96,0.8841,-1,-1,-1
217,5,485.99,183.03,30.81,91.09,0.7294,-1,-1,-1
217,48,522.45,185.58,19.11,79.63,0.5048,-1,-1,-1
217,37,537.80,196.71,19.75,54.34,0.4278,-1,-1,-1
218,1,269.31,2.49,221.45,476.50,0.7992,-1,-1,-1
218,2,2.57,1.64,178.39,475.71,0.7906,-1,-1,-1
218,17,173.36,68.75,114.72,330.91,0.8689,-1,-1,-1
218,5,482.96,182.80,31.06,93.41,0.7213,-1,-1,-1
218,48,521.64,189.85,18.36,76.65,0.3865,-1,-1,-1
219,1,287.14,1.83,201.26,477.07,0.8272,-1,-1,-1
219,2,3.23,1.46,179.77,474.49,0.8156,-1,-1,-1
219,17,180.18,74.35,111.71,324.90,0.8703,-1,-1,-1
219,5,481.86,181.53,30.82,93.85,0.7533,-1,-1,-1
219,48,510.94,186.81,26.58,80.95,0.4128,-1,-1,-1
220,1,293.28,8.89,191.95,468.70,0.7502,-1,-1,-1
220,2,4.55,2.32,182.68,472.92,0.8105,-1,-1,-1
220,17,186.93,80.62,107.13,316.27,0.8613,-1,-1,-1
220,5,480.70,181.37,30.86,94.86,0.7701,-1,-1,-1
220,48,509.83,185.92,27.10,83.03,0.5773,-1,-1,-1
221,1,278.09,19.41,208.11,458.74,0.8683,-1,-1,-1
221,2,4.19,2.99,188.53,472.64,0.7595,-1,-1,-1
221,17,190.96,87.81,105.08,303.24,0.8713,-1,-1,-1
221,5,482.90,182.20,27.40,93.75,0.7413,-1,-1,-1
221,48,507.69,185.46,28.71,83.83,0.6150,-1,-1,-1
221,37,537.44,200.46,20.92,52.03,0.3590,-1,-1,-1
222,1,282.52,26.19,208.54,451.13,0.9130,-1,-1,-1
222,2,4.10,3.25,195.30,474.03,0.5482,-1,-1,-1
222,17,197.40,91.02,103.37,291.36,0.8688,-1,-1,-1
222,5,486.29,182.01,25.07,92.03,0.6505,-1,-1,-1
222,48,507.52,182.67,30.08,85.46,0.6739,-1,-1,-1
222,37,538.93,202.26,21.06,49.93,0.4664,-1,-1,-1
223,1,288.97,31.17,205.59,446.27,0.8906,-1,-1,-1
223,2,3.83,1.46,205.28,471.17,0.7694,-1,-1,-1
223,17,203.49,93.02,98.35,276.13,0.8623,-1,-1,-1
223,5,488.36,181.72,22.52,95.43,0.4524,-1,-1,-1
223,48,506.79,182.57,29.63,87.08,0.4495,-1,-1,-1
223,37,538.36,202.79,21.74,49.52,0.5080,-1,-1,-1
224,1,291.55,34.55,204.33,443.96,0.9124,-1,-1,-1
224,2,2.40,0.78,211.92,473.04,0.6642,-1,-1,-1
224,17,208.13,95.23,94.11,270.19,0.8636,-1,-1,-1
224,5,488.71,182.01,22.91,95.52,0.5208,-1,-1,-1
224,48,507.75,184.28,26.91,86.84,0.3165,-1,-1,-1
224,37,538.08,202.82,21.95,50.23,0.5157,-1,-1,-1
225,1,293.45,38.42,202.30,439.32,0.9179,-1,-1,-1
225,2,2.42,0.66,217.53,474.98,0.8392,-1,-1,-1
225,17,214.01,100.82,90.46,264.55,0.8740,-1,-1,-1
225,5,487.22,183.03,26.72,94.86,0.6243,-1,-1,-1
225,37,538.57,201.33,22.35,52.03,0.5121,-1,-1,-1
226,1,295.34,42.74,195.73,436.15,0.9127,-1,-1,-1
226,2,1.47,1.88,224.17,473.75,0.8229,-1,-1,-1
226,17,219.29,106.74,86.78,259.48,0.8761,-1,-1,-1
226,5,485.42,181.08,28.96,97.26,0.6673,-1,-1,-1
226,37,538.96,201.75,23.00,52.92,0.5074,-1,-1,-1
226,48,510.00,188.25,22.61,83.20,0.4362,-1,-1,-1
227,1,298.11,48.94,186.42,431.09,0.9026,-1,-1,-1
227,2,0.58,2.10,226.64,474.73,0.8159,-1,-1,-1
227,17,222.02,111.50,86.51,250.66,0.8699,-1,-1,-1
227,5,482.11,181.08,31.71,99.38,0.7179,-1,-1,-1
227,37,539.19,201.95,22.39,53.59,0.5437,-1,-1,-1
227,48,509.72,189.22,21.64,83.34,0.4042,-1,-1,-1
228,1,301.60,54.13,176.15,425.58,0.9124,-1,-1,-1
228,2,0.01,1.67,230.39,475.67,0.9135,-1,-1,-1
228,17,228.92,112.64,84.40,245.45,0.8428,-1,-1,-1
228,5,481.58,180.81,33.38,101.87,0.7388,-1,-1,-1
228,37,541.04,202.13,21.72,54.54,0.5633,-1,-1,-1
228,48,510.12,187.12,21.66,85.54,0.3751,-1,-1,-1
229,1,305.58,60.99,162.59,419.80,0.9038,-1,-1,-1
229,2,0.69,2.33,227.91,475.93,0.9023,-1,-1,-1
229,17,235.56,112.54,85.05,234.08,0.8608,-1,-1,-1
229,5,483.47,183.62,32.50,101.56,0.6981,-1,-1,-1
229,37,542.54,201.61,23.06,57.03,0.5926,-1,-1,-1
230,1,308.35,65.52,153.80,414.87,0.8855,-1,-1,-1
230,2,-0.49,1.67,226.08,477.81,0.8908,-1,-1,-1
230,17,239.01,111.87,84.59,229.45,0.8486,-1,-1,-1
230,5,484.91,183.29,32.46,102.80,0.6962,-1,-1,-1
230,37,544.71,200.36,22.03,58.56,0.6460,-1,-1,-1
230,52,454.92,169.05,32.10,122.34,0.6901,-1,-1,-1
231,1,308.61,66.41,149.17,414.02,0.8866,-1,-1,-1
231,2,-1.43,3.22,225.33,474.06,0.7200,-1,-1,-1
231,17,243.71,111.18,83.88,227.95,0.8647,-1,-1,-1
231,5,487.80,182.92,30.79,103.40,0.7233,-1,-1,-1
231,37,550.01,199.26,22.38,59.17,0.6640,-1,-1,-1
231,52,453.77,165.93,36.91,125.58,0.7728,-1,-1,-1
231,48,514.56,185.58,22.57,88.25,0.4094,-1,-1,-1
232,1,320.94,66.38,138.37,414.01,0.8691,-1,-1,-1
232,2,-0.93,3.98,223.84,474.96,0.8021,-1,-1,-1
232,17,250.48,113.16,81.77,226.78,0.8517,-1,-1,-1
232,5,492.86,183.04,27.07,102.72,0.6563,-1,-1,-1
232,37,553.18,199.51,25.33,60.39,0.5282,-1,-1,-1
232,52,455.97,163.30,41.06,129.79,0.7573,-1,-1,-1
232,53,577.81,155.75,62.64,190.65,0.6592,-1,-1,-1
232,48,515.47,184.57,24.31,91.48,0.5437,-1,-1,-1
233,1,331.43,65.24,131.39,415.41,0.8699,-1,-1,-1
233,2,0.56,1.38,222.02,473.92,0.5810,-1,-1,-1
233,17,258.23,117.09,79.20,223.48,0.8270,-1,-1,-1
233,5,501.64,180.21,21.73,100.35,0.3929,-1,-1,-1
233,37,558.36,199.30,25.42,61.46,0.6117,-1,-1,-1
233,52,465.06,160.54,39.58,133.22,0.6889,-1,-1,-1
233,53,578.40,162.15,62.88,190.78,0.3391,-1,-1,-1
233,48,521.62,184.88,21.65,92.45,0.5433,-1,-1,-1
234,1,327.56,68.81,152.89,412.09,0.8999,-1,-1,-1
234,2,0.84,0.02,223.03,473.61,0.6604,-1,-1,-1
234,17,265.93,120.22,76.35,218.17,0.8079,-1,-1,-1
234,37,566.16,201.67,22.74,59.32,0.5038,-1,-1,-1
234,52,475.52,159.80,38.35,133.39,0.5218,-1,-1,-1
234,53,585.13,166.75,56.11,210.24,0.4554,-1,-1,-1
234,48,522.24,184.71,24.71,92.93,0.4931,-1,-1,-1
235,1,335.00,73.46,161.71,407.63,0.8958,-1,-1,-1
235,2,5.68,-0.62,220.78,477.81,0.8443,-1,-1,-1
235,17,272.07,121.84,76.31,213.68,0.8104,-1,-1,-1
235,37,571.50,200.10,26.35,62.39,0.4993,-1,-1,-1
235,52,484.47,159.12,37.37,131.46,0.3937,-1,-1,-1
235,48,527.68,186.80,23.69,93.21,0.4074,-1,-1,-1
236,1,342.92,78.11,166.39,402.59,0.8977,-1,-1,-1
236,2,7.79,-0.45,222.94,478.30,0.8866,-1,-1,-1
236,17,279.43,119.41,73.96,207.12,0.7916,-1,-1,-1
236,37,576.35,194.17,28.31,67.69,0.5551,-1,-1,-1
236,52,501.64,168.75,31.41,119.89,0.3169,-1,-1,-1
236,48,531.36,190.43,25.34,88.37,0.4800,-1,-1,-1
236,54,1.31,114.01,43.45,216.65,0.5003,-1,-1,-1
236,53,608.06,169.72,32.69,263.74,0.5690,-1,-1,-1
237,1,359.76,86.73,165.22,395.84,0.9058,-1,-1,-1
237,2,10.17,4.50,229.41,476.42,0.8752,-1,-1,-1
237,17,288.63,120.61,73.85,204.37,0.8394,-1,-1,-1
237,37,586.68,194.95,27.95,69.44,0.5668,-1,-1,-1
237,48,542.27,187.19,21.22,94.23,0.4478,-1,-1,-1
237,54,2.84,119.85,53.78,160.50,0.5859,-1,-1,-1
237,53,611.61,195.01,29.20,275.94,0.6431,-1,-1,-1
238,1,371.38,86.93,164.29,394.21,0.9026,-1,-1,-1
238,2,10.37,6.32,235.02,474.65,0.8706,-1,-1,-1
238,17,292.11,120.70,75.93,202.02,0.8212,-1,-1,-1
238,37,591.00,194.77,29.23,69.01,0.5369,-1,-1,-1
238,48,546.41,185.80,20.82,96.65,0.3524,-1,-1,-1
238,54,1.61,117.22,64.34,154.39,0.4626,-1,-1,-1
238,53,610.78,204.29,29.59,278.38,0.5991,-1,-1,-1
238,55,242.11,170.40,30.78,103.20,0.5701,-1,-1,-1
239,1,387.98,88.70,160.44,391.78,0.8984,-1,-1,-1
239,2,6.02,11.97,246.80,469.38,0.8337,-1,-1,-1
239,17,304.10,123.91,69.22,198.61,0.7860,-1,-1,-1
239,37,597.49,197.64,29.93,65.68,0.3590,-1,-1,-1
239,53,602.91,212.28,38.64,273.81,0.3971,-1,-1,-1
239,55,248.42,165.16,32.64,112.90,0.5147,-1,-1,-1
239,31,364.96,175.69,23.45,86.75,0.5241,-1,-1,-1
240,1,397.67,86.04,161.54,378.12,0.8860,-1,-1,-1
240,2,14.09,14.18,247.49,464.98,0.7606,-1,-1,-1
240,17,306.90,124.02,69.48,194.25,0.7561,-1,-1,-1
240,37,599.61,190.24,31.44,70.45,0.5210,-1,-1,-1
240,55,252.97,159.06,37.21,116.59,0.7075,-1,-1,-1
240,31,367.92,177.63,24.58,82.35,0.4230,-1,-1,-1
241,1,407.93,84.36,156.71,375.56,0.8927,-1,-1,-1
241,2,4.19,14.37,260.62,462.01,0.7141,-1,-1,-1
241,17,309.20,123.58,74.06,192.95,0.7989,-1,-1,-1
241,37,599.38,194.78,31.21,62.01,0.3109,-1,-1,-1
241,31,367.51,179.33,24.30,80.66,0.3866,-1,-1,-1
242,1,413.14,86.71,150.91,375.02,0.8769,-1,-1,-1
242,2,31.55,11.38,238.71,466.54,0.8343,-1,-1,-1
242,17,297.12,122.82,87.10,191.17,0.8221,-1,-1,-1
242,59,392.86,180.20,24.86,80.75,0.5069,-1,-1,-1
242,54,21.98,114.57,83.38,139.43,0.4010,-1,-1,-1
242,53,590.78,177.70,47.52,307.53,0.7150,-1,-1,-1
243,1,415.45,88.77,146.99,377.31,0.8920,-1,-1,-1
243,2,45.08,8.61,229.44,468.75,0.8378,-1,-1,-1
243,17,301.31,122.36,81.78,188.50,0.8472,-1,-1,-1
243,59,391.60,180.71,26.24,80.90,0.5727,-1,-1,-1
243,60,8.61,115.38,102.21,325.56,0.3915,-1,-1,-1
243,53,577.96,75.26,58.52,408.93,0.7338,-1,-1,-1
244,1,422.42,91.09,142.37,375.85,0.8873,-1,-1,-1
244,2,67.23,8.68,213.03,466.80,0.7835,-1,-1,-1
244,17,311.63,121.87,71.31,187.42,0.7005,-1,-1,-1
244,59,393.16,179.55,25.58,82.63,0.5854,-1,-1,-1
244,53,553.06,30.22,82.11,453.71,0.8332,-1,-1,-1
244,61,12.62,168.42,54.95,85.77,0.7447,-1,-1,-1
245,1,426.97,89.14,137.13,379.79,0.8594,-1,-1,-1
245,2,69.12,10.65,214.59,453.55,0.8552,-1,-1,-1
245,17,310.81,121.74,72.17,189.45,0.7877,-1,-1,-1
245,59,391.69,179.24,25.84,82.52,0.6204,-1,-1,-1
245,53,534.80,7.53,100.41,474.76,0.7258,-1,-1,-1
245,62,413.31,173.20,30.37,106.02,0.4902,-1,-1,-1
246,1,431.85,87.16,125.61,378.59,0.8571,-1,-1,-1
246,2,72.60,10.72,214.64,460.82,0.9022,-1,-1,-1
246,17,307.18,121.08,75.00,188.56,0.8129,-1,-1,-1
246,59,388.46,175.34,27.80,85.74,0.5734,-1,-1,-1
246,53,527.11,-0.18,108.51,480.86,0.7496,-1,-1,-1
246,62,411.35,169.63,37.14,108.67,0.7345,-1,-1,-1
247,1,435.06,86.18,119.68,365.72,0.8353,-1,-1,-1
247,2,78.38,12.47,210.73,460.77,0.9034,-1,-1,-1
247,17,306.32,122.35,73.83,187.42,0.8134,-1,-1,-1
247,59,386.05,175.47,27.04,84.82,0.6345,-1,-1,-1
247,53,506.43,-3.43,128.89,482.13,0.8081,-1,-1,-1
247,62,408.61,170.69,35.49,106.73,0.7496,-1,-1,-1
248,1,437.12,87.63,125.41,356.60,0.8476,-1,-1,-1
248,2,85.77,10.09,203.88,466.25,0.8323,-1,-1,-1
248,17,306.48,122.77,73.21,188.43,0.8410,-1,-1,-1
248,59,384.33,174.67,27.96,86.83,0.6754,-1,-1,-1
248,53,512.83,-2.24,122.84,483.98,0.8615,-1,-1,-1
248,62,407.84,171.80,34.73,107.63,0.7694,-1,-1,-1
248,67,27.76,195.01,18.77,38.79,0.6141,-1,-1,-1
248,68,285.66,169.02,28.12,93.02,0.5163,-1,-1,-1
249,1,445.81,87.47,122.16,357.89,0.7634,-1,-1,-1
249,2,96.62,7.93,197.86,469.83,0.8886,-1,-1,-1
249,17,311.35,122.36,72.51,186.70,0.8361,-1,-1,-1
249,59,386.46,174.17,28.92,88.06,0.6865,-1,-1,-1
249,53,501.02,-2.25,136.10,483.80,0.8527,-1,-1,-1
249,62,410.64,170.93,34.88,110.15,0.7719,-1,-1,-1
249,67,30.14,195.34,17.45,38.22,0.5671,-1,-1,-1
249,68,290.17,169.56,25.17,92.36,0.6555,-1,-1,-1
250,1,459.31,88.88,121.44,363.79,0.6550,-1,-1,-1
250,2,108.78,8.14,194.03,472.14,0.9175,-1,-1,-1
250,17,318.78,123.95,71.59,183.68,0.8530,-1,-1,-1
250,59,391.17,175.77,29.89,90.81,0.6790,-1,-1,-1
250,53,501.58,-1.55,138.60,486.59,0.8216,-1,-1,-1
250,62,415.32,172.79,35.23,113.01,0.7797,-1,-1,-1
250,67,33.19,197.43,18.11,39.27,0.5369,-1,-1,-1
250,68,297.47,172.94,21.97,91.88,0.5936,-1,-1,-1
250,69,79.99,176.27,35.41,87.15,0.4467,-1,-1,-1
251,2,119.11,8.48,189.38,472.51,0.9128,-1,-1,-1
251,17,324.06,123.92,68.40,182.74,0.8604,-1,-1,-1
251,59,394.66,175.29,28.09,91.98,0.6133,-1,-1,-1
251,53,506.17,-2.44,133.79,487.41,0.8438,-1,-1,-1
251,62,416.20,171.40,36.48,115.99,0.7772,-1,-1,-1
251,67,34.73,196.96,17.33,40.38,0.5071,-1,-1,-1
251,69,79.67,177.09,39.60,89.21,0.5202,-1,-1,-1
252,2,126.37,14.98,188.69,467.16,0.8903,-1,-1,-1
252,17,327.58,128.33,66.48,181.64,0.8593,-1,-1,-1
252,59,397.06,177.72,27.52,92.78,0.5378,-1,-1,-1
252,53,512.21,0.83,127.17,480.50,0.8710,-1,-1,-1
252,62,416.88,174.59,36.33,117.31,0.7352,-1,-1,-1
252,67,36.58,199.79,16.47,40.64,0.4360,-1,-1,-1
252,69,70.76,180.20,48.04,90.29,0.6008,-1,-1,-1
253,2,136.73,24.96,188.18,456.75,0.8998,-1,-1,-1
253,17,333.89,130.49,68.19,181.69,0.8574,-1,-1,-1
253,59,401.85,175.30,27.91,94.96,0.5319,-1,-1,-1
253,53,518.05,2.58,124.42,473.54,0.8819,-1,-1,-1
253,62,421.31,174.38,37.52,119.79,0.6896,-1,-1,-1
253,67,42.57,203.34,15.35,39.62,0.4388,-1,-1,-1
253,69,68.38,181.58,51.09,92.95,0.7021,-1,-1,-1
253,71,463.41,143.52,57.66,177.68,0.7376,-1,-1,-1
254,2,145.79,28.21,184.40,452.75,0.8914,-1,-1,-1
254,17,338.26,133.11,65.12,180.07,0.8497,-1,-1,-1
254,59,404.71,175.41,26.90,95.59,0.4111,-1,-1,-1
254,53,523.39,2.66,117.84,475.22,0.8783,-1,-1,-1
254,62,422.15,172.38,38.30,122.92,0.6798,-1,-1,-1
254,67,44.20,204.01,14.80,39.34,0.3581,-1,-1,-1
254,69,67.11,181.11,48.41,93.40,0.6663,-1,-1,-1
254,71,461.54,141.81,57.38,180.79,0.7379,-1,-1,-1
255,2,136.01,35.93,202.91,446.55,0.8651,-1,-1,-1
255,17,341.77,137.36,61.80,178.94,0.8388,-1,-1,-1
255,53,524.80,3.60,115.71,477.75,0.8989,-1,-1,-1
255,62,420.25,173.05,38.56,125.90,0.6404,-1,-1,-1
255,69,60.25,182.19,44.05,96.49,0.6410,-1,-1,-1
255,71,445.24,142.25,70.70,186.63,0.8488,-1,-1,-1
255,73,115.67,144.25,51.75,159.01,0.7455,-1,-1,-1
256,2,157.57,34.94,191.28,445.01,0.8960,-1,-1,-1
256,17,344.44,134.84,58.86,177.58,0.7647,-1,-1,-1
256,53,524.39,0.39,114.65,479.93,0.9070,-1,-1,-1
256,62,417.29,168.96,37.04,129.78,0.5564,-1,-1,-1
256,69,43.37,177.94,47.17,99.95,0.6230,-1,-1,-1
256,71,431.12,140.71,82.38,190.62,0.8100,-1,-1,-1
256,73,91.40,136.31,67.13,166.90,0.6308,-1,-1,-1
256,74,497.59,163.77,44.97,137.91,0.5908,-1,-1,-1
257,2,166.55,35.51,186.53,442.84,0.8837,-1,-1,-1
257,17,345.45,133.35,53.71,176.28,0.7822,-1,-1,-1
257,53,522.40,-0.49,115.28,481.01,0.9039,-1,-1,-1
257,69,21.96,177.53,59.25,101.66,0.6379,-1,-1,-1
257,71,424.54,138.98,85.71,195.58,0.8734,-1,-1,-1
257,73,66.05,131.78,80.79,175.09,0.7949,-1,-1,-1
257,74,491.33,166.78,49.97,142.41,0.6823,-1,-1,-1
258,2,156.59,29.66,196.67,447.99,0.8612,-1,-1,-1
258,17,342.72,132.91,54.49,178.46,0.7985,-1,-1,-1
258,53,493.73,-1.13,142.68,482.75,0.8379,-1,-1,-1
258,69,3.02,180.20,56.18,98.60,0.3842,-1,-1,-1
258,71,411.77,133.44,83.00,205.41,0.8205,-1,-1,-1
258,73,37.63,130.76,95.43,180.48,0.8589,-1,-1,-1
258,74,483.94,164.88,53.14,148.29,0.6868,-1,-1,-1
259,2,152.57,28.79,198.25,449.64,0.8737,-1,-1,-1
259,17,342.81,135.53,51.28,177.42,0.7992,-1,-1,-1
259,53,476.47,-0.82,158.60,483.11,0.8553,-1,-1,-1
259,69,-3.85,176.84,48.58,99.40,0.4509,-1,-1,-1
259,71,397.77,129.63,77.51,212.47,0.8711,-1,-1,-1
259,73,13.34,128.78,108.71,185.32,0.8813,-1,-1,-1
259,74,479.23,164.11,57.65,150.44,0.6150,-1,-1,-1
260,2,144.09,28.27,196.17,451.25,0.9072,-1,-1,-1
260,17,334.77,140.09,51.76,174.44,0.7811,-1,-1,-1
260,53,482.81,0.52,147.97,481.78,0.8915,-1,-1,-1
260,71,386.28,128.09,74.20,222.35,0.7486,-1,-1,-1
260,73,-5.49,126.87,109.41,191.95,0.8999,-1,-1,-1
260,74,470.15,148.76,58.55,170.81,0.6934,-1,-1,-1
261,2,134.39,27.60,193.24,452.65,0.8995,-1,-1,-1
261,17,323.57,144.82,55.32,172.17,0.8075,-1,-1,-1
261,53,480.20,1.18,150.60,480.41,0.9111,-1,-1,-1
261,71,361.47,128.82,91.95,230.87,0.8355,-1,-1,-1
261,73,-12.52,124.45,93.36,196.32,0.8625,-1,-1,-1
261,74,462.95,146.55,51.25,178.60,0.6191,-1,-1,-1
262,2,120.15,23.85,194.46,454.48,0.8415,-1,-1,-1
262,17,315.33,146.01,55.84,168.97,0.6457,-1,-1,-1
262,53,459.48,0.75,171.31,477.15,0.8910,-1,-1,-1
262,71,334.84,127.27,105.88,238.56,0.8337,-1,-1,-1
263,2,109.60,15.75,197.12,462.58,0.8953,-1,-1,-1
263,53,442.43,-0.87,190.94,477.65,0.9250,-1,-1,-1
263,71,318.09,121.75,107.26,252.35,0.8725,-1,-1,-1
264,2,103.36,11.79,196.29,465.90,0.8477,-1,-1,-1
264,53,434.14,-1.10,201.56,478.69,0.9050,-1,-1,-1
264,71,311.81,117.57,109.54,261.80,0.8487,-1,-1,-1
265,2,78.84,8.81,212.18,470.48,0.8510,-1,-1,-1
265,53,425.03,-0.21,209.31,478.27,0.9102,-1,-1,-1
265,71,288.30,110.48,92.37,275.73,0.7723,-1,-1,-1
266,2,77.80,7.27,212.48,471.83,0.8523,-1,-1,-1
266,53,421.46,-0.70,215.32,478.37,0.8698,-1,-1,-1
266,71,280.90,101.49,73.73,286.41,0.7699,-1,-1,-1
266,77,370.16,156.57,46.95,159.24,0.7845,-1,-1,-1
267,2,62.10,4.26,225.01,472.69,0.8257,-1,-1,-1
267,53,417.93,-2.35,220.52,477.78,0.9143,-1,-1,-1
267,71,259.05,89.61,81.14,294.23,0.7856,-1,-1,-1
267,77,360.54,147.51,59.67,164.21,0.7855,-1,-1,-1
267,78,318.00,140.22,49.50,158.38,0.8247,-1,-1,-1
268,2,45.03,0.32,240.27,477.42,0.7727,-1,-1,-1
268,53,419.41,-1.66,221.05,476.74,0.9181,-1,-1,-1
268,71,244.54,79.12,88.49,301.45,0.5002,-1,-1,-1
268,77,356.19,141.44,66.20,166.33,0.7798,-1,-1,-1
268,78,310.70,134.42,53.35,160.80,0.8494,-1,-1,-1
268,62,285.64,159.67,30.15,102.28,0.3467,-1,-1,-1
269,2,36.09,-1.81,255.48,479.74,0.8081,-1,-1,-1
269,53,417.53,-0.87,222.61,475.10,0.9117,-1,-1,-1
269,77,348.63,135.67,63.87,170.29,0.7764,-1,-1,-1
269,78,307.34,129.98,53.57,159.38,0.8000,-1,-1,-1
269,62,276.88,147.91,33.53,123.29,0.3927,-1,-1,-1
270,2,34.70,-7.38,256.07,480.38,0.8814,-1,-1,-1
270,53,407.08,-5.52,231.79,476.45,0.9088,-1,-1,-1
270,77,338.56,114.99,59.93,175.74,0.7991,-1,-1,-1
270,78,308.12,110.67,44.40,160.07,0.7387,-1,-1,-1
270,79,589.00,169.17,49.64,239.87,0.6833,-1,-1,-1
271,2,30.77,-12.15,260.32,478.44,0.8834,-1,-1,-1
271,53,401.06,-10.85,239.97,479.61,0.9133,-1,-1,-1
271,77,329.60,85.54,60.98,181.46,0.7889,-1,-1,-1
271,78,313.30,83.05,36.71,161.81,0.5844,-1,-1,-1
271,79,590.72,102.31,48.93,268.01,0.5437,-1,-1,-1
272,2,26.63,-16.63,253.95,459.74,0.7821,-1,-1,-1
272,53,396.48,-15.23,245.87,485.36,0.9158,-1,-1,-1
272,77,316.47,47.54,66.38,191.69,0.8086,-1,-1,-1
272,79,591.23,41.20,49.32,297.45,0.4047,-1,-1,-1
272,59,270.99,67.67,39.15,137.93,0.4070,-1,-1,-1
273,2,23.88,-4.16,250.93,451.32,0.6985,-1,-1,-1
273,53,395.75,-3.72,246.22,483.08,0.9118,-1,-1,-1
273,77,310.68,41.36,66.92,195.81,0.7510,-1,-1,-1
273,79,586.82,103.36,53.20,218.80,0.3695,-1,-1,-1
273,81,3.62,3.14,106.37,375.97,0.3712,-1,-1,-1
273,59,257.58,61.69,53.72,145.04,0.7548,-1,-1,-1
274,2,60.13,8.61,208.40,467.30,0.7080,-1,-1,-1
274,53,394.43,7.50,248.12,475.15,0.9034,-1,-1,-1
274,77,305.03,55.59,70.25,198.96,0.7752,-1,-1,-1
274,79,585.05,70.35,55.25,254.30,0.4814,-1,-1,-1
274,59,255.83,80.24,53.99,143.90,0.7571,-1,-1,-1
275,2,41.22,12.62,217.19,471.68,0.8454,-1,-1,-1
275,53,392.03,12.09,246.14,473.19,0.8676,-1,-1,-1
275,77,296.76,73.77,68.61,202.22,0.7900,-1,-1,-1
275,79,592.65,29.97,45.67,301.54,0.5052,-1,-1,-1
275,59,259.20,100.93,45.46,140.98,0.6510,-1,-1,-1
275,82,-0.91,71.50,56.50,241.12,0.6450,-1,-1,-1
275,31,250.38,108.27,22.06,108.57,0.3845,-1,-1,-1
276,2,40.69,17.04,212.89,467.97,0.8090,-1,-1,-1
276,53,399.39,16.62,240.70,475.31,0.9043,-1,-1,-1
276,77,292.68,102.68,71.39,204.79,0.8094,-1,-1,-1
276,79,601.78,100.05,37.77,255.51,0.4004,-1,-1,-1
276,59,259.48,133.08,47.20,135.34,0.4930,-1,-1,-1
277,2,42.67,9.99,202.64,446.88,0.8311,-1,-1,-1
277,53,400.87,10.67,237.62,478.05,0.9186,-1,-1,-1
277,77,283.41,112.89,70.98,209.63,0.7238,-1,-1,-1
277,79,597.11,58.64,41.55,308.38,0.4076,-1,-1,-1
277,59,249.56,143.79,41.61,132.63,0.4886,-1,-1,-1
278,2,26.58,4.84,209.18,466.55,0.8500,-1,-1,-1
278,53,396.64,4.02,230.38,477.56,0.9041,-1,-1,-1
278,77,269.16,113.77,73.96,216.43,0.7791,-1,-1,-1
278,79,589.84,82.32,48.05,283.14,0.4631,-1,-1,-1
278,59,238.17,148.12,39.71,128.79,0.5447,-1,-1,-1
278,62,205.12,121.59,46.11,185.82,0.3726,-1,-1,-1
279,2,7.97,22.98,209.16,456.87,0.8796,-1,-1,-1
279,53,379.38,5.77,226.73,476.24,0.8974,-1,-1,-1
279,77,251.10,129.76,77.03,221.77,0.7787,-1,-1,-1
279,79,576.09,69.76,58.83,307.86,0.8095,-1,-1,-1
279,84,313.48,148.81,53.40,144.08,0.6580,-1,-1,-1
279,62,186.29,142.06,59.58,193.82,0.7392,-1,-1,-1
280,2,-5.21,20.18,192.79,457.52,0.8899,-1,-1,-1
280,53,358.87,0.05,224.63,478.65,0.8895,-1,-1,-1
280,77,229.50,127.22,76.57,228.07,0.7875,-1,-1,-1
280,79,562.81,58.99,69.72,318.62,0.8290,-1,-1,-1
280,84,296.19,149.35,54.47,146.20,0.8051,-1,-1,-1
280,62,164.82,143.64,68.72,201.82,0.8066,-1,-1,-1
281,2,-11.66,1.99,158.39,474.49,0.9054,-1,-1,-1
281,53,331.00,-5.50,230.36,484.00,0.9069,-1,-1,-1
281,77,193.39,108.47,78.02,242.00,0.7881,-1,-1,-1
281,79,542.72,50.29,78.76,318.67,0.8293,-1,-1,-1
281,84,268.36,138.55,52.25,146.29,0.8328,-1,-1,-1
281,62,134.73,131.73,72.90,205.35,0.8363,-1,-1,-1
281,74,317.03,101.69,58.18,219.72,0.6757,-1,-1,-1
282,2,-3.72,4.92,119.84,474.66,0.8910,-1,-1,-1
282,53,327.84,2.05,230.53,486.19,0.9030,-1,-1,-1
282,77,165.82,110.52,79.08,254.53,0.8023,-1,-1,-1
282,79,533.89,85.88,76.77,306.94,0.4127,-1,-1,-1
282,84,258.54,146.42,43.46,145.48,0.8065,-1,-1,-1
282,62,129.91,134.19,47.30,201.39,0.6079,-1,-1,-1
282,74,293.59,88.68,70.90,273.17,0.5355,-1,-1,-1
283,2,3.36,18.45,113.42,460.81,0.8595,-1,-1,-1
283,53,348.00,4.89,228.72,484.11,0.8830,-1,-1,-1
283,77,154.99,118.03,86.39,263.68,0.8316,-1,-1,-1
283,79,535.37,126.90,74.39,291.27,0.3848,-1,-1,-1
283,84,264.62,159.02,36.96,144.66,0.7235,-1,-1,-1
283,74,306.43,120.32,70.66,276.30,0.6678,-1,-1,-1
283,85,112.01,167.14,42.67,149.10,0.6085,-1,-1,-1
284,2,6.47,17.75,119.82,460.38,0.8169,-1,-1,-1
284,53,377.77,1.38,225.64,483.69,0.8913,-1,-1,-1
284,77,154.78,114.24,91.25,272.86,0.8489,-1,-1,-1
284,84,276.32,161.06,38.80,143.94,0.7296,-1,-1,-1
284,74,320.14,126.83,78.22,287.62,0.7438,-1,-1,-1
284,85,119.51,165.93,42.68,152.09,0.7253,-1,-1,-1
284,86,299.44,86.44,67.33,224.45,0.5066,-1,-1,-1
285,2,6.25,15.59,129.54,463.43,0.8868,-1,-1,-1
285,53,409.28,-3.06,227.98,484.23,0.9175,-1,-1,-1
285,77,160.79,105.57,92.29,280.87,0.8549,-1,-1,-1
285,84,291.41,158.65,37.69,142.74,0.7029,-1,-1,-1
285,74,338.84,97.86,86.88,321.66,0.8513,-1,-1,-1
285,85,123.86,161.41,46.48,158.24,0.6721,-1,-1,-1
285,86,312.84,75.84,69.07,267.01,0.7349,-1,-1,-1
285,78,241.03,170.83,32.73,128.30,0.4861,-1,-1,-1
286,2,3.36,24.02,137.76,460.26,0.9024,-1,-1,-1
286,53,442.04,-2.10,209.38,488.55,0.9100,-1,-1,-1
286,77,164.95,104.46,93.64,290.50,0.8644,-1,-1,-1
286,74,356.31,85.02,99.64,355.09,0.8755,-1,-1,-1
286,85,129.09,164.61,43.72,163.05,0.6712,-1,-1,-1
286,86,319.72,73.64,75.57,288.45,0.6261,-1,-1,-1
286,78,253.19,174.15,33.88,129.78,0.4763,-1,-1,-1
287,2,1.80,33.40,144.77,451.36,0.8947,-1,-1,-1
287,53,472.03,-2.23,181.31,487.96,0.8892,-1,-1,-1
287,77,168.21,103.34,99.77,296.28,0.8161,-1,-1,-1
287,74,370.69,72.31,116.14,382.34,0.8855,-1,-1,-1
287,85,135.50,163.88,41.03,167.48,0.6259,-1,-1,-1
287,86,329.27,72.05,80.08,300.27,0.7646,-1,-1,-1
287,78,266.19,174.98,33.95,129.24,0.4458,-1,-1,-1
288,2,-0.12,37.45,151.19,446.06,0.8996,-1,-1,-1
288,53,502.70,-4.17,149.38,486.88,0.8587,-1,-1,-1
288,77,171.83,98.20,99.97,306.99,0.8313,-1,-1,-1
288,74,385.56,58.38,137.26,407.07,0.8844,-1,-1,-1
288,85,138.12,160.80,45.52,168.57,0.6094,-1,-1,-1
288,86,338.92,64.52,85.75,309.85,0.8195,-1,-1,-1
288,78,278.40,170.51,32.78,131.91,0.5886,-1,-1,-1
289,2,2.83,49.98,160.63,431.63,0.9024,-1,-1,-1
289,53,551.26,1.50,97.85,475.45,0.8151,-1,-1,-1
289,77,182.99,100.02,102.81,316.60,0.8151,-1,-1,-1
289,74,405.99,51.55,151.74,423.52,0.8817,-1,-1,-1
289,85,147.46,159.98,56.63,174.06,0.6040,-1,-1,-1
289,86,354.89,60.89,89.08,317.51,0.7690,-1,-1,-1
289,78,295.33,170.72,33.91,132.18,0.5497,-1,-1,-1
289,87,262.55,158.43,45.90,176.96,0.6808,-1,-1,-1
290,2,4.29,58.85,173.09,421.45,0.8948,-1,-1,-1
290,77,195.03,98.24,106.53,327.85,0.8002,-1,-1,-1
290,74,430.11,39.08,166.47,442.32,0.8745,-1,-1,-1
290,85,158.95,157.41,53.12,177.02,0.6925,-1,-1,-1
290,86,373.44,52.71,92.84,336.68,0.8410,-1,-1,-1
290,78,316.87,172.29,33.46,127.07,0.4800,-1,-1,-1
290,87,286.89,160.40,44.48,179.16,0.5818,-1,-1,-1
290,88,557.78,66.50,70.97,365.39,0.5660,-1,-1,-1
291,2,5.25,57.52,178.40,421.10,0.8691,-1,-1,-1
291,77,207.95,90.99,106.73,344.26,0.8386,-1,-1,-1
291,74,450.29,25.25,179.27,455.93,0.8856,-1,-1,-1
291,85,166.53,151.56,51.38,179.97,0.7067,-1,-1,-1
291,86,389.70,42.60,104.10,353.57,0.8330,-1,-1,-1
291,87,306.68,161.00,49.16,178.29,0.6888,-1,-1,-1
291,88,586.71,56.90,57.96,391.93,0.6427,-1,-1,-1
292,2,10.56,56.75,181.10,422.21,0.8850,-1,-1,-1
292,77,219.84,87.98,111.92,362.52,0.8385,-1,-1,-1
292,74,471.79,13.53,177.10,471.11,0.8920,-1,-1,-1
292,85,171.68,154.57,55.01,178.62,0.7101,-1,-1,-1
292,86,405.73,37.29,111.22,372.03,0.8805,-1,-1,-1
292,87,323.59,166.50,56.09,176.11,0.7875,-1,-1,-1
292,78,358.05,180.37,26.22,118.61,0.3406,-1,-1,-1
293,2,11.99,48.16,181.74,428.86,0.9074,-1,-1,-1
293,77,228.21,77.41,111.58,374.79,0.8477,-1,-1,-1
293,74,487.86,0.24,163.05,484.49,0.8871,-1,-1,-1
293,85,168.98,149.49,60.79,182.56,0.5395,-1,-1,-1
293,86,416.09,26.47,119.39,397.92,0.8619,-1,-1,-1
293,87,333.27,167.86,61.70,174.47,0.8566,-1,-1,-1
294,2,21.97,47.03,179.99,430.27,0.8777,-1,-1,-1
294,77,237.44,69.10,116.33,392.44,0.8386,-1,-1,-1
294,74,511.47,-2.64,140.12,486.35,0.8183,-1,-1,-1
294,86,429.16,18.13,129.57,420.88,0.8433,-1,-1,-1
294,87,349.08,167.66,64.99,175.16,0.8115,-1,-1,-1
295,2,34.00,48.43,180.89,429.07,0.7477,-1,-1,-1
295,77,243.34,59.66,122.42,410.81,0.8833,-1,-1,-1
295,74,533.34,41.18,116.74,440.42,0.8526,-1,-1,-1
295,86,440.40,9.11,141.29,440.98,0.8817,-1,-1,-1
295,87,367.49,166.30,63.07,172.56,0.7780,-1,-1,-1
296,2,12.78,55.10,208.32,421.90,0.8221,-1,-1,-1
296,77,247.98,52.37,126.20,424.09,0.8884,-1,-1,-1
296,74,553.31,55.59,93.63,425.00,0.7014,-1,-1,-1
296,86,448.79,2.16,152.81,459.12,0.8690,-1,-1,-1
296,87,383.02,165.53,60.14,174.90,0.8128,-1,-1,-1
296,89,219.79,195.02,40.42,115.01,0.7645,-1,-1,-1
297,2,4.40,56.00,222.63,419.94,0.8672,-1,-1,-1
297,77,246.86,37.66,133.50,440.34,0.8809,-1,-1,-1
297,86,456.53,-3.61,165.99,470.05,0.8799,-1,-1,-1
297,87,389.16,161.85,67.08,175.55,0.8627,-1,-1,-1
297,89,222.98,194.85,38.87,112.67,0.4856,-1,-1,-1
297,90,1.96,126.41,68.60,207.67,0.7810,-1,-1,-1
298,2,31.29,57.01,202.88,420.13,0.7866,-1,-1,-1
298,77,239.71,21.85,143.00,459.16,0.8797,-1,-1,-1
298,86,464.14,-4.22,174.68,482.67,0.9150,-1,-1,-1
298,87,398.74,164.73,79.82,172.68,0.8573,-1,-1,-1
298,90,-0.51,122.58,58.84,198.70,0.8388,-1,-1,-1
299,2,51.76,55.97,188.83,419.91,0.8572,-1,-1,-1
299,77,237.54,9.96,142.59,471.50,0.8843,-1,-1,-1
299,86,469.42,-3.44,173.40,485.76,0.9084,-1,-1,-1
299,87,404.52,167.28,85.26,169.59,0.8671,-1,-1,-1
299,90,-0.30,117.73,52.31,200.82,0.8598,-1,-1,-1
299,92,394.57,171.70,36.28,123.77,0.3710,-1,-1,-1
300,2,68.91,53.73,174.91,425.30,0.8131,-1,-1,-1
300,77,226.54,-0.89,149.01,482.79,0.8594,-1,-1,-1
300,86,481.58,-4.27,165.50,488.52,0.8959,-1,-1,-1
300,87,412.04,165.31,86.52,170.81,0.8894,-1,-1,-1
300,90,-1.51,131.94,56.92,199.87,0.8118,-1,-1,-1
300,92,405.01,173.16,33.26,120.31,0.4042,-1,-1,-1
300,93,369.60,167.76,48.08,137.35,0.7342,-1,-1,-1
301,2,82.34,50.11,156.83,427.19,0.8624,-1,-1,-1
301,77,211.93,-4.36,163.13,486.21,0.9034,-1,-1,-1
301,86,490.66,-3.06,153.29,486.03,0.9061,-1,-1,-1
301,87,418.30,163.96,82.25,171.32,0.8430,-1,-1,-1
301,90,-0.96,145.02,59.91,182.48,0.7264,-1,-1,-1
301,92,405.37,188.15,34.20,106.21,0.4450,-1,-1,-1
301,93,366.26,165.92,54.27,139.54,0.7594,-1,-1,-1
302,2,91.47,43.45,141.26,431.81,0.7945,-1,-1,-1
302,77,183.40,-7.13,176.58,489.15,0.8283,-1,-1,-1
302,86,504.85,-3.61,138.01,488.84,0.9075,-1,-1,-1
302,87,435.22,160.94,70.68,173.08,0.7802,-1,-1,-1
302,90,-2.77,145.52,54.53,172.54,0.6397,-1,-1,-1
302,93,361.42,164.15,67.77,142.90,0.6599,-1,-1,-1
303,77,122.88,-7.78,209.58,492.42,0.6799,-1,-1,-1
303,86,521.63,-3.41,121.35,491.09,0.9000,-1,-1,-1
303,87,448.15,159.71,70.23,174.82,0.7804,-1,-1,-1
303,93,373.15,163.12,63.90,144.73,0.6279,-1,-1,-1
303,94,47.17,102.12,88.66,310.56,0.6893,-1,-1,-1
303,95,335.38,192.43,31.54,118.28,0.6985,-1,-1,-1
304,77,101.43,-9.42,200.94,492.23,0.7526,-1,-1,-1
304,86,536.96,-2.47,104.71,490.81,0.8459,-1,-1,-1
304,87,458.40,157.69,66.91,175.18,0.8056,-1,-1,-1
304,93,380.15,160.01,58.28,143.34,0.6639,-1,-1,-1
304,94,6.50,92.44,112.12,303.74,0.8245,-1,-1,-1
304,95,333.98,190.90,46.82,122.79,0.6366,-1,-1,-1
304,96,285.97,161.33,60.86,155.52,0.4404,-1,-1,-1
305,77,80.88,-6.31,194.03,485.17,0.3601,-1,-1,-1
305,86,554.48,2.71,86.38,486.04,0.7596,-1,-1,-1
305,87,464.33,162.08,66.02,173.48,0.8322,-1,-1,-1
305,93,384.70,161.31,53.28,148.18,0.7339,-1,-1,-1
305,94,-7.31,90.11,138.13,303.34,0.8745,-1,-1,-1
305,95,333.55,190.48,57.33,127.08,0.7112,-1,-1,-1
305,96,293.84,157.48,57.08,161.48,0.5843,-1,-1,-1
305,98,276.58,156.97,37.77,151.57,0.5748,-1,-1,-1
305,84,524.86,141.86,72.67,234.41,0.7762,-1,-1,-1
305,85,1.04,90.37,142.43,302.04,0.8745,-1,-1,-1
306,77,21.30,-3.05,228.49,473.47,0.3534,-1,-1,-1
306,86,574.29,1.42,64.99,482.23,0.4578,-1,-1,-1
306,87,466.32,162.02,69.71,169.56,0.8049,-1,-1,-1
306,93,384.59,159.71,55.87,148.31,0.7649,-1,-1,-1
306,95,343.11,188.64,50.08,126.12,0.5545,-1,-1,-1
306,96,302.21,153.52,52.96,164.01,0.6876,-1,-1,-1
306,98,270.76,159.94,37.68,149.11,0.5980,-1,-1,-1
306,84,515.31,135.76,88.71,241.92,0.8043,-1,-1,-1
307,77,-1.67,-1.48,223.03,476.12,0.3875,-1,-1,-1
307,87,468.85,164.27,64.37,168.22,0.7173,-1,-1,-1
307,93,385.77,159.03,63.08,148.32,0.7865,-1,-1,-1
307,95,343.28,187.21,49.05,127.51,0.5542,-1,-1,-1
307,96,305.48,152.12,51.69,166.15,0.7663,-1,-1,-1
307,98,266.41,154.94,41.10,150.01,0.4168,-1,-1,-1
307,84,510.39,130.10,103.98,248.47,0.8132,-1,-1,-1
307,59,177.24,100.15,101.03,337.45,0.6156,-1,-1,-1
308,87,476.31,171.45,60.70,155.78,0.3117,-1,-1,-1
308,93,386.03,159.01,70.74,146.59,0.8040,-1,-1,-1
308,95,352.70,185.53,40.58,128.16,0.7032,-1,-1,-1
308,96,309.27,150.62,50.48,167.29,0.7903,-1,-1,-1
308,98,272.01,173.79,35.10,119.84,0.4042,-1,-1,-1
308,84,500.56,125.05,116.83,255.09,0.8262,-1,-1,-1
308,59,157.76,71.40,125.39,390.94,0.8631,-1,-1,-1
309,93,389.65,158.11,71.80,148.12,0.8140,-1,-1,-1
309,95,362.54,184.24,38.23,128.12,0.6370,-1,-1,-1
309,96,311.34,149.66,64.17,168.75,0.8433,-1,-1,-1
309,84,493.33,119.39,130.68,273.15,0.8728,-1,-1,-1
309,59,130.37,59.92,159.65,413.60,0.8760,-1,-1,-1
309,100,467.88,168.54,32.67,121.41,0.6658,-1,-1,-1
309,77,-7.17,0.31,134.63,474.65,0.5364,-1,-1,-1
310,93,392.96,159.50,66.04,151.30,0.7615,-1,-1,-1
310,95,364.02,185.70,50.02,130.39,0.6415,-1,-1,-1
310,96,308.15,151.60,74.42,171.04,0.8537,-1,-1,-1
310,84,492.77,119.41,137.30,287.29,0.8440,-1,-1,-1
310,59,110.41,74.65,178.48,405.22,0.8673,-1,-1,-1
310,100,464.11,174.36,36.68,118.76,0.6793,-1,-1,-1
310,101,81.35,89.77,82.34,292.99,0.6474,-1,-1,-1
311,93,394.61,159.88,62.34,155.17,0.7741,-1,-1,-1
311,95,364.38,187.04,55.18,132.41,0.6605,-1,-1,-1
311,96,300.98,152.41,81.97,173.36,0.8541,-1,-1,-1
311,84,490.66,116.41,143.72,309.04,0.8847,-1,-1,-1
311,59,108.16,78.73,176.63,403.53,0.8417,-1,-1,-1
311,100,459.38,177.35,38.26,116.62,0.7471,-1,-1,-1
311,101,47.63,78.91,103.55,345.07,0.8240,-1,-1,-1
312,93,395.67,156.29,62.70,160.55,0.7224,-1,-1,-1
312,95,363.95,188.81,58.07,133.26,0.6159,-1,-1,-1
312,96,295.18,151.83,88.02,176.76,0.8819,-1,-1,-1
312,84,486.95,108.72,149.34,326.32,0.8926,-1,-1,-1
312,59,105.52,69.69,176.56,412.93,0.8811,-1,-1,-1
312,100,454.17,177.83,38.23,115.58,0.7328,-1,-1,-1
312,101,9.51,67.05,123.69,382.55,0.8998,-1,-1,-1
313,93,396.59,156.66,61.54,161.90,0.7334,-1,-1,-1
313,95,361.01,188.83,56.86,136.40,0.6820,-1,-1,-1
313,96,294.22,150.74,87.22,179.94,0.8425,-1,-1,-1
313,84,482.10,99.11,150.29,343.58,0.8804,-1,-1,-1
313,59,101.25,69.02,175.97,413.82,0.8785,-1,-1,-1
313,100,447.03,178.43,38.76,113.96,0.7120,-1,-1,-1
313,101,-6.41,56.06,113.71,409.52,0.8864,-1,-1,-1
314,93,398.80,155.95,60.97,162.89,0.7813,-1,-1,-1
314,95,364.03,186.19,52.95,138.41,0.7039,-1,-1,-1
314,96,298.33,149.71,85.53,181.91,0.8190,-1,-1,-1
314,84,477.98,88.68,154.61,357.79,0.8714,-1,-1,-1
314,59,100.96,68.32,178.32,414.31,0.8714,-1,-1,-1
314,100,443.88,177.71,36.91,113.17,0.6567,-1,-1,-1
314,101,-8.99,46.13,97.54,431.02,0.8191,-1,-1,-1
315,93,405.86,159.26,65.76,162.62,0.7406,-1,-1,-1
315,95,374.29,189.42,50.74,142.69,0.6789,-1,-1,-1
315,96,310.64,152.39,73.00,185.31,0.8029,-1,-1,-1
315,84,478.10,81.65,161.92,383.85,0.8983,-1,-1,-1
315,59,106.69,70.75,179.54,412.89,0.8883,-1,-1,-1
316,93,414.96,156.29,63.50,162.22,0.7188,-1,-1,-1
316,95,376.95,187.16,66.19,145.31,0.8180,-1,-1,-1
316,96,318.21,146.76,69.60,190.74,0.7824,-1,-1,-1
316,84,479.41,69.23,162.89,406.25,0.9018,-1,-1,-1
316,59,112.36,65.50,181.22,415.84,0.8936,-1,-1,-1
316,105,16.15,146.66,69.62,179.74,0.8003,-1,-1,-1
316,2,117.45,64.41,178.36,416.55,0.8936,-1,-1,-1
317,93,426.50,155.71,60.08,165.54,0.7290,-1,-1,-1
317,95,386.78,187.36,73.98,147.76,0.5474,-1,-1,-1
317,96,325.09,143.79,76.68,195.77,0.8410,-1,-1,-1
317,84,485.52,56.06,157.99,424.18,0.9216,-1,-1,-1
317,59,120.16,64.57,181.21,415.52,0.8970,-1,-1,-1
317,105,28.94,146.27,58.74,178.57,0.8410,-1,-1,-1
317,2,126.17,65.39,178.83,412.69,0.8970,-1,-1,-1
318,93,435.64,155.93,59.20,166.45,0.7450,-1,-1,-1
318,95,397.51,185.36,75.01,151.03,0.7631,-1,-1,-1
318,96,329.23,141.62,82.22,199.93,0.8617,-1,-1,-1
318,84,490.73,44.29,153.48,438.11,0.9193,-1,-1,-1
318,59,125.88,65.80,185.28,415.11,0.8459,-1,-1,-1
318,105,33.21,146.38,58.22,179.26,0.8350,-1,-1,-1
318,2,132.08,67.03,183.35,411.16,0.8459,-1,-1,-1
319,93,445.39,150.40,59.51,169.91,0.6665,-1,-1,-1
319,95,408.90,182.74,74.85,152.09,0.5634,-1,-1,-1
319,96,334.25,129.52,92.40,211.98,0.8664,-1,-1,-1
319,84,500.80,21.94,144.97,458.20,0.9129,-1,-1,-1
319,59,134.37,68.47,183.52,410.44,0.8765,-1,-1,-1
319,105,38.30,145.74,60.44,177.76,0.8264,-1,-1,-1
319,2,140.44,69.59,181.66,406.34,0.8765,-1,-1,-1
320,93,459.11,145.41,59.28,174.07,0.4718,-1,-1,-1
320,95,421.86,174.10,69.05,159.14,0.6893,-1,-1,-1
320,96,337.58,128.59,100.48,211.45,0.8862,-1,-1,-1
320,84,514.75,3.87,130.76,476.21,0.8849,-1,-1,-1
320,59,146.04,71.45,180.63,407.18,0.8649,-1,-1,-1
320,105,36.87,142.99,69.27,177.55,0.8178,-1,-1,-1
320,2,151.50,72.43,178.94,403.42,0.8649,-1,-1,-1
321,95,453.44,171.05,50.91,161.36,0.5411,-1,-1,-1
321,96,347.33,123.98,103.98,216.00,0.8861,-1,-1,-1
321,84,541.76,29.67,105.53,449.76,0.3471,-1,-1,-1
321,59,165.70,58.22,174.39,421.54,0.8705,-1,-1,-1
321,105,44.80,136.92,71.02,179.45,0.8634,-1,-1,-1
321,2,170.60,58.61,172.79,418.52,0.8705,-1,-1,-1
322,95,473.45,161.91,61.68,169.60,0.6780,-1,-1,-1
322,96,359.29,115.92,104.98,221.25,0.8588,-1,-1,-1
322,59,181.39,46.15,172.30,434.97,0.8802,-1,-1,-1
322,105,55.65,129.33,67.71,179.60,0.8230,-1,-1,-1
322,2,185.52,46.45,170.96,432.20,0.8802,-1,-1,-1
322,108,544.28,157.91,39.96,137.72,0.4816,-1,-1,-1
322,109,147.78,112.09,67.28,196.51,0.7456,-1,-1,-1
322,110,344.36,156.36,47.99,135.54,0.5332,-1,-1,-1
323,95,487.04,160.94,63.80,170.52,0.5735,-1,-1,-1
323,96,381.40,113.34,99.28,225.31,0.8612,-1,-1,-1
323,59,196.07,41.28,175.14,440.35,0.9011,-1,-1,-1
323,105,71.69,126.69,62.50,176.97,0.8201,-1,-1,-1
323,2,199.75,41.28,173.96,437.99,0.9011,-1,-1,-1
323,108,547.28,151.92,53.63,143.78,0.5030,-1,-1,-1
323,109,145.45,105.29,76.80,213.75,0.8354,-1,-1,-1
323,110,360.11,156.37,50.51,117.56,0.4356,-1,-1,-1
323,112,468.91,164.67,36.74,108.71,0.7130,-1,-1,-1
323,93,539.48,148.80,58.71,150.70,0.5030,-1,-1,-1
324,95,493.11,156.50,88.80,174.49,0.7861,-1,-1,-1
324,96,399.33,107.79,88.07,229.36,0.8248,-1,-1,-1
324,59,204.11,32.94,178.00,447.20,0.9034,-1,-1,-1
324,105,78.51,122.25,60.41,176.29,0.7950,-1,-1,-1
324,2,207.33,32.83,177.00,445.19,0.9034,-1,-1,-1
324,109,138.34,97.46,83.30,223.46,0.8335,-1,-1,-1
324,110,370.06,150.18,52.89,159.78,0.5656,-1,-1,-1
324,112,474.90,162.57,35.48,108.56,0.6748,-1,-1,-1
325,95,509.05,152.54,92.45,178.24,0.7680,-1,-1,-1
325,96,417.29,101.38,81.13,236.58,0.8089,-1,-1,-1
325,59,213.19,31.71,181.30,449.37,0.9066,-1,-1,-1
325,105,71.16,121.67,71.96,176.95,0.7950,-1,-1,-1
325,2,216.16,31.50,180.37,447.59,0.9066,-1,-1,-1
325,109,127.24,92.06,88.39,239.95,0.8381,-1,-1,-1
325,110,379.77,145.21,53.51,175.42,0.7265,-1,-1,-1
326,95,525.66,150.73,85.18,180.40,0.6981,-1,-1,-1
326,96,429.40,98.27,77.47,242.93,0.8656,-1,-1,-1
326,59,215.68,34.20,183.75,446.96,0.8993,-1,-1,-1
326,105,67.44,123.29,81.56,178.08,0.7127,-1,-1,-1
326,2,218.27,33.95,182.93,445.38,0.8993,-1,-1,-1
326,109,116.68,89.15,91.95,249.35,0.8178,-1,-1,-1
326,110,386.51,142.73,51.88,181.80,0.6698,-1,-1,-1
326,93,583.46,162.50,41.39,148.67,0.4571,-1,-1,-1
327,95,553.62,145.12,75.51,183.62,0.8159,-1,-1,-1
327,96,434.85,93.51,84.32,248.57,0.8880,-1,-1,-1
327,59,218.67,35.56,187.33,444.03,0.8833,-1,-1,-1
327,105,70.61,123.59,75.51,176.55,0.6387,-1,-1,-1
327,2,220.97,35.28,186.59,442.63,0.8833,-1,-1,-1
327,109,101.47,82.38,96.86,259.55,0.8709,-1,-1,-1
327,110,393.45,139.62,53.11,184.09,0.7289,-1,-1,-1
327,100,515.55,113.87,85.19,200.33,0.7679,-1,-1,-1
328,95,567.13,143.31,73.59,189.81,0.7823,-1,-1,-1
328,96,433.43,92.30,96.13,252.24,0.8788,-1,-1,-1
328,59,212.15,38.78,200.98,439.56,0.8396,-1,-1,-1
328,2,214.16,38.48,200.36,438.34,0.8396,-1,-1,-1
328,109,88.41,78.60,95.90,275.57,0.7852,-1,-1,-1
328,110,400.33,138.75,50.26,153.44,0.3023,-1,-1,-1
328,114,-1.38,126.19,32.10,160.03,0.7583,-1,-1,-1
328,100,518.04,110.99,89.65,210.58,0.4250,-1,-1,-1
329,95,567.93,144.25,75.39,190.86,0.8077,-1,-1,-1
329,96,428.30,91.14,103.77,255.67,0.8939,-1,-1,-1
329,59,218.66,39.24,196.97,441.05,0.8232,-1,-1,-1
329,2,220.52,38.98,196.37,439.97,0.8232,-1,-1,-1
329,109,59.19,69.43,107.87,290.96,0.8753,-1,-1,-1
329,110,406.14,137.44,47.04,144.31,0.4208,-1,-1,-1
329,100,528.93,107.96,80.75,212.26,0.5157,-1,-1,-1
329,115,511.80,137.75,52.92,156.51,0.4948,-1,-1,-1
330,95,565.68,148.04,79.29,191.95,0.7780,-1,-1,-1
330,96,425.03,92.80,106.48,260.39,0.8873,-1,-1,-1
330,59,234.08,37.09,186.35,444.97,0.8506,-1,-1,-1
330,2,235.73,36.82,185.80,444.02,0.8506,-1,-1,-1
330,109,42.92,63.60,109.97,306.61,0.8381,-1,-1,-1
330,110,410.45,139.74,47.31,150.30,0.5149,-1,-1,-1
330,115,505.98,138.52,58.92,160.78,0.6628,-1,-1,-1
330,116,-1.55,130.62,47.71,156.93,0.6365,-1,-1,-1
331,96,427.95,92.42,104.09,264.39,0.8693,-1,-1,-1
331,59,240.33,33.20,183.40,447.90,0.8659,-1,-1,-1
331,2,241.70,32.93,182.93,447.07,0.8659,-1,-1,-1
331,109,23.77,54.61,115.05,320.35,0.8639,-1,-1,-1
331,110,399.40,140.01,65.34,180.34,0.6657,-1,-1,-1
331,115,500.50,137.87,62.68,162.56,0.5724,-1,-1,-1
331,116,-1.79,131.90,47.22,158.44,0.6217,-1,-1,-1
331,100,554.68,110.06,63.96,226.61,0.7401,-1,-1,-1
332,96,440.69,88.04,100.22,266.93,0.8648,-1,-1,-1
332,59,240.23,27.81,185.95,452.82,0.9126,-1,-1,-1
332,2,241.47,27.50,185.53,452.11,0.9126,-1,-1,-1
332,109,2.47,43.50,115.25,338.12,0.8851,-1,-1,-1
332,110,407.36,136.40,62.07,194.96,0.6836,-1,-1,-1
332,100,559.76,106.60,71.03,223.05,0.7998,-1,-1,-1
333,96,452.82,87.49,90.89,267.66,0.8395,-1,-1,-1
333,59,243.41,25.66,183.21,455.68,0.8930,-1,-1,-1
333,2,244.49,25.37,182.84,455.04,0.8930,-1,-1,-1
333,109,-5.94,35.42,106.66,352.48,0.9165,-1,-1,-1
333,110,419.04,133.53,56.76,205.83,0.8001,-1,-1,-1
333,100,561.02,108.43,77.59,226.47,0.8702,-1,-1,-1
334,96,460.29,83.51,92.41,271.88,0.8788,-1,-1,-1
334,59,241.27,27.40,181.96,453.31,0.8954,-1,-1,-1
334,2,242.21,27.12,181.64,452.75,0.8954,-1,-1,-1
334,109,-9.18,26.24,81.59,366.96,0.8868,-1,-1,-1
334,110,419.21,130.32,60.27,213.41,0.8473,-1,-1,-1
334,100,555.80,108.03,84.78,224.83,0.9007,-1,-1,-1
334,105,39.67,120.27,61.40,176.89,0.6977,-1,-1,-1
335,96,464.06,84.10,90.93,272.75,0.8360,-1,-1,-1
335,59,241.33,28.99,179.58,449.55,0.9059,-1,-1,-1
335,2,242.14,28.73,179.31,449.07,0.9059,-1,-1,-1
335,109,-6.05,37.81,56.95,362.97,0.8330,-1,-1,-1
335,110,418.04,131.66,58.86,216.29,0.6963,-1,-1,-1
335,100,551.32,110.60,89.35,222.46,0.8956,-1,-1,-1
335,118,78.66,175.89,29.40,88.06,0.4101,-1,-1,-1
335,105,29.83,120.93,68.90,180.21,0.7376,-1,-1,-1
336,96,465.60,77.96,97.51,274.54,0.8487,-1,-1,-1
336,59,241.37,23.46,178.19,452.58,0.9050,-1,-1,-1
336,2,242.07,23.21,177.95,452.17,0.9050,-1,-1,-1
336,110,413.63,127.57,74.17,221.83,0.6553,-1,-1,-1
336,100,552.10,105.44,88.86,224.79,0.8826,-1,-1,-1
336,105,25.97,116.24,64.26,178.89,0.7521,-1,-1,-1
337,96,467.21,70.73,108.92,275.81,0.8443,-1,-1,-1
337,59,241.69,13.74,180.05,462.98,0.9129,-1,-1,-1
337,2,242.30,13.51,179.84,462.62,0.9129,-1,-1,-1
337,110,412.84,119.82,87.47,230.27,0.7624,-1,-1,-1
337,100,566.02,98.30,75.48,224.35,0.8724,-1,-1,-1
337,105,26.73,109.91,58.33,176.44,0.8423,-1,-1,-1
338,96,470.57,69.10,113.69,282.78,0.8408,-1,-1,-1
338,59,242.08,17.80,184.54,461.23,0.9027,-1,-1,-1
338,2,242.63,17.57,184.36,460.92,0.9027,-1,-1,-1
338,110,421.80,117.60,79.61,230.50,0.7688,-1,-1,-1
338,100,587.17,98.13,54.84,223.13,0.8011,-1,-1,-1
338,105,24.84,112.89,61.36,178.55,0.8275,-1,-1,-1
339,96,468.89,67.79,117.33,287.68,0.8681,-1,-1,-1
339,59,242.06,16.80,185.54,462.14,0.9062,-1,-1,-1
339,2,242.54,16.59,185.37,461.87,0.9062,-1,-1,-1
339,110,429.61,115.55,75.26,226.83,0.7680,-1,-1,-1
339,100,594.38,95.54,46.34,227.04,0.8486,-1,-1,-1
339,105,23.65,112.75,62.50,180.34,0.8276,-1,-1,-1
339,121,-0.86,157.27,28.79,134.39,0.4014,-1,-1,-1
340,96,470.32,66.31,126.57,290.51,0.8770,-1,-1,-1
340,59,243.43,12.82,189.45,466.51,0.8863,-1,-1,-1
340,2,243.85,12.62,189.30,466.28,0.8863,-1,-1,-1
340,110,451.89,115.61,61.85,220.15,0.7128,-1,-1,-1
340,100,603.04,94.51,37.84,229.01,0.8175,-1,-1,-1
340,105,16.63,112.05,84.41,182.51,0.8413,-1,-1,-1
340,121,-0.84,125.51,24.13,165.05,0.5376,-1,-1,-1
340,122,188.99,200.71,15.65,38.30,0.4480,-1,-1,-1
341,96,490.03,65.97,122.58,294.63,0.8618,-1,-1,-1
341,59,250.41,14.34,186.71,466.10,0.8715,-1,-1,-1
341,2,250.79,14.16,186.58,465.89,0.8715,-1,-1,-1
341,110,471.91,119.29,56.29,224.54,0.7191,-1,-1,-1
341,100,610.98,112.08,30.30,215.44,0.6625,-1,-1,-1
341,105,8.72,115.75,102.51,182.70,0.8640,-1,-1,-1
341,121,0.07,115.25,27.00,175.92,0.6964,-1,-1,-1
341,123,433.77,108.86,53.93,208.00,0.7800,-1,-1,-1
342,96,511.65,61.03,117.73,299.09,0.8154,-1,-1,-1
342,59,254.63,13.15,191.23,466.18,0.8401,-1,-1,-1
342,2,254.95,12.98,191.12,466.00,0.8401,-1,-1,-1
342,110,486.18,114.31,59.30,234.11,0.8003,-1,-1,-1
342,100,614.38,107.26,26.51,221.28,0.4782,-1,-1,-1
342,105,4.83,115.64,110.71,182.20,0.8865,-1,-1,-1
342,121,1.01,109.40,34.29,181.49,0.7069,-1,-1,-1
342,123,434.25,104.83,63.23,216.41,0.7182,-1,-1,-1
342,124,229.74,170.69,34.03,86.47,0.6955,-1,-1,-1
343,96,541.72,60.59,102.68,307.07,0.8511,-1,-1,-1
343,59,255.32,16.09,208.36,466.12,0.8245,-1,-1,-1
343,2,255.62,15.94,208.26,465.97,0.8245,-1,-1,-1
343,110,500.66,116.77,68.38,241.00,0.7783,-1,-1,-1
343,105,18.99,120.00,99.02,177.20,0.8432,-1,-1,-1
343,121,2.25,114.17,46.79,187.05,0.7693,-1,-1,-1
343,123,450.84,104.93,61.14,220.55,0.7998,-1,-1,-1
343,124,227.56,174.10,37.43,88.74,0.7600,-1,-1,-1
344,96,557.30,58.57,88.02,314.44,0.8875,-1,-1,-1
344,59,259.66,14.83,212.56,465.93,0.8382,-1,-1,-1
344,2,259.94,14.69,212.46,465.79,0.8382,-1,-1,-1
344,110,505.15,118.73,76.89,241.86,0.8537,-1,-1,-1
344,105,31.31,119.81,83.21,177.41,0.8142,-1,-1,-1
344,121,1.32,116.28,54.41,184.50,0.7613,-1,-1,-1
344,123,459.16,103.57,58.65,227.87,0.7392,-1,-1,-1
344,124,221.66,173.14,37.63,90.40,0.7700,-1,-1,-1
345,96,576.22,53.82,71.05,321.01,0.8783,-1,-1,-1
345,59,272.17,6.10,216.62,472.57,0.8087,-1,-1,-1
345,2,272.42,5.97,216.53,472.45,0.8087,-1,-1,-1
345,110,517.87,115.66,80.61,244.66,0.8285,-1,-1,-1
345,105,53.18,116.16,62.21,179.66,0.8050,-1,-1,-1
345,121,0.92,117.48,65.76,179.38,0.8403,-1,-1,-1
345,123,467.65,97.53,52.76,234.86,0.4731,-1,-1,-1
345,124,211.79,169.59,43.88,94.05,0.7456,-1,-1,-1
346,96,596.71,57.68,48.96,327.24,0.7633,-1,-1,-1
346,59,295.10,6.51,204.18,473.92,0.7968,-1,-1,-1
346,2,295.33,6.39,204.10,473.82,0.7968,-1,-1,-1
346,110,541.50,117.03,83.77,253.58,0.7942,-1,-1,-1
346,105,72.15,123.75,52.76,179.29,0.7773,-1,-1,-1
346,121,4.60,127.42,75.18,175.20,0.8447,-1,-1,-1
346,123,466.83,101.97,54.95,243.87,0.4935,-1,-1,-1
346,124,210.67,175.41,47.36,95.66,0.7929,-1,-1,-1
347,59,306.34,1.73,207.31,477.39,0.8326,-1,-1,-1
347,2,306.53,1.62,207.24,477.30,0.8326,-1,-1,-1
347,110,567.67,113.10,76.41,262.19,0.8130,-1,-1,-1
347,105,84.85,127.32,60.05,178.34,0.8375,-1,-1,-1
347,121,9.81,128.68,79.68,176.35,0.8244,-1,-1,-1
347,123,485.86,97.27,57.15,248.28,0.4443,-1,-1,-1
347,124,213.28,175.91,46.75,96.78,0.7566,-1,-1,-1
348,59,314.41,-0.95,205.43,478.77,0.7764,-1,-1,-1
348,2,314.57,-1.05,205.37,478.69,0.7764,-1,-1,-1
348,110,583.48,107.06,63.41,261.51,0.8473,-1,-1,-1
348,105,87.46,126.69,71.83,175.32,0.8690,-1,-1,-1
348,121,20.86,124.65,72.24,175.98,0.7701,-1,-1,-1
348,123,491.71,87.58,75.77,261.76,0.3049,-1,-1,-1
348,124,212.77,171.09,43.41,99.41,0.6570,-1,-1,-1
349,59,319.86,0.63,207.22,479.26,0.8062,-1,-1,-1
349,2,320.00,0.54,207.16,479.19,0.8062,-1,-1,-1
349,110,598.45,111.59,47.93,261.76,0.7199,-1,-1,-1
349,105,88.30,131.70,80.74,171.59,0.8357,-1,-1,-1
349,121,40.23,126.90,62.83,176.57,0.7852,-1,-1,-1
349,123,499.83,84.74,69.38,276.68,0.5499,-1,-1,-1
349,124,207.51,171.69,43.92,102.14,0.5479,-1,-1,-1
350,59,321.12,0.58,205.99,479.15,0.8556,-1,-1,-1
350,2,321.24,0.50,205.95,479.09,0.8556,-1,-1,-1
350,110,607.85,127.13,34.63,247.96,0.6293,-1,-1,-1
350,105,87.73,131.02,83.79,173.09,0.8514,-1,-1,-1
350,121,48.96,127.98,58.25,173.40,0.7859,-1,-1,-1
350,123,505.93,80.32,61.35,294.96,0.7982,-1,-1,-1
350,124,201.92,170.39,43.70,104.06,0.6748,-1,-1,-1
350,126,25.59,158.50,35.76,117.98,0.5303,-1,-1,-1
351,59,323.26,0.09,208.95,479.06,0.8401,-1,-1,-1
351,2,323.37,0.02,208.91,479.00,0.8401,-1,-1,-1
351,105,109.53,127.95,64.29,170.95,0.8051,-1,-1,-1
351,121,51.60,127.20,76.82,171.70,0.8459,-1,-1,-1
351,123,511.84,67.73,65.03,320.72,0.7698,-1,-1,-1
351,124,197.40,168.02,44.88,104.19,0.6916,-1,-1,-1
351,126,23.97,154.98,41.20,119.88,0.5894,-1,-1,-1
352,59,326.06,-0.32,201.62,477.36,0.8305,-1,-1,-1
352,2,326.17,-0.39,201.58,477.31,0.8305,-1,-1,-1
352,105,128.47,126.09,54.92,170.01,0.8240,-1,-1,-1
352,121,53.41,128.49,92.82,168.06,0.8871,-1,-1,-1
352,123,512.59,59.35,82.87,342.43,0.5611,-1,-1,-1
352,124,193.42,165.62,46.35,107.17,0.7718,-1,-1,-1
352,126,25.05,152.13,46.78,120.95,0.3489,-1,-1,-1
353,59,330.00,-1.81,205.30,477.75,0.8403,-1,-1,-1
353,2,330.09,-1.87,205.27,477.71,0.8403,-1,-1,-1
353,105,142.50,121.88,54.92,170.71,0.8178,-1,-1,-1
353,121,57.84,129.28,96.80,163.62,0.8760,-1,-1,-1
353,123,516.38,47.88,99.91,366.09,0.8688,-1,-1,-1
353,124,194.03,160.88,45.12,109.08,0.5693,-1,-1,-1
353,126,27.30,145.67,46.04,123.78,0.3288,-1,-1,-1
353,128,0.38,91.75,38.59,254.42,0.7840,-1,-1,-1
354,59,331.26,1.71,208.93,475.78,0.8394,-1,-1,-1
354,2,331.34,1.65,208.90,475.74,0.8394,-1,-1,-1
354,105,152.27,126.22,60.08,170.67,0.8322,-1,-1,-1
354,121,65.36,133.69,93.20,162.43,0.8426,-1,-1,-1
354,123,521.64,45.04,110.70,381.81,0.9041,-1,-1,-1
354,124,194.98,164.62,40.31,107.03,0.6842,-1,-1,-1
354,128,1.05,90.34,43.03,261.68,0.7611,-1,-1,-1
354,129,530.97,57.63,38.34,69.34,0.5130,-1,-1,-1
355,59,330.50,1.40,220.56,475.42,0.7049,-1,-1,-1
355,2,330.57,1.34,220.53,475.39,0.7049,-1,-1,-1
355,105,155.82,132.82,78.78,168.13,0.8619,-1,-1,-1
355,121,87.06,135.37,83.68,162.17,0.8368,-1,-1,-1
355,123,539.26,36.72,103.06,400.90,0.8924,-1,-1,-1
355,128,0.35,76.00,65.27,294.02,0.8493,-1,-1,-1
355,129,537.26,49.86,45.42,100.31,0.5609,-1,-1,-1
356,59,328.78,-1.66,230.48,472.08,0.6621,-1,-1,-1
356,2,328.84,-1.70,230.46,472.05,0.6621,-1,-1,-1
356,105,153.99,128.89,86.63,166.39,0.8628,-1,-1,-1
356,121,105.56,127.89,68.87,162.68,0.7902,-1,-1,-1
356,123,552.20,18.51,90.92,418.18,0.8952,-1,-1,-1
356,128,-1.09,48.40,77.35,315.81,0.8704,-1,-1,-1
357,59,326.99,-1.46,233.86,478.12,0.7511,-1,-1,-1
357,2,327.04,-1.50,233.84,478.10,0.7511,-1,-1,-1
357,105,157.19,127.08,83.05,166.46,0.8381,-1,-1,-1
357,121,120.36,125.44,59.90,161.74,0.7951,-1,-1,-1
357,123,569.44,11.59,73.76,455.87,0.7955,-1,-1,-1
357,128,-2.81,37.03,98.18,319.07,0.9116,-1,-1,-1
358,59,328.52,1.89,234.51,478.61,0.7974,-1,-1,-1
358,2,328.57,1.85,234.49,478.59,0.7974,-1,-1,-1
358,105,169.45,130.21,68.49,165.06,0.7143,-1,-1,-1
358,121,126.68,130.70,59.67,161.60,0.8413,-1,-1,-1
358,123,582.27,45.51,58.57,415.22,0.7906,-1,-1,-1
358,128,-0.83,39.40,107.25,316.11,0.9061,-1,-1,-1
358,115,534.80,20.58,79.88,374.98,0.8244,-1,-1,-1
359,59,328.79,21.28,230.10,464.47,0.8331,-1,-1,-1
359,2,328.84,21.25,230.08,464.45,0.8331,-1,-1,-1
359,105,183.46,153.98,51.89,163.73,0.7842,-1,-1,-1
359,121,122.12,158.21,70.31,157.95,0.8435,-1,-1,-1
359,123,591.73,82.25,46.48,387.80,0.7897,-1,-1,-1
359,128,0.07,70.58,104.39,311.20,0.9116,-1,-1,-1
359,115,531.69,44.63,80.95,383.94,0.8600,-1,-1,-1
360,59,332.60,28.87,228.47,453.83,0.8131,-1,-1,-1
360,2,332.64,28.84,228.46,453.82,0.8131,-1,-1,-1
360,105,193.37,161.21,43.76,164.43,0.8011,-1,-1,-1
360,121,121.91,163.30,74.10,161.89,0.8403,-1,-1,-1
360,128,0.97,80.05,100.48,311.97,0.9074,-1,-1,-1
360,115,534.93,45.97,92.43,399.90,0.8534,-1,-1,-1
361,59,332.74,19.39,228.15,455.58,0.8067,-1,-1,-1
361,2,332.78,19.36,228.13,455.56,0.8067,-1,-1,-1
361,105,190.73,156.75,46.58,164.79,0.8306,-1,-1,-1
361,121,117.94,159.96,73.02,161.24,0.8033,-1,-1,-1
361,128,-2.87,73.22,96.92,317.38,0.9181,-1,-1,-1
361,115,528.57,25.45,107.82,419.10,0.8875,-1,-1,-1
362,59,333.39,11.57,224.60,462.40,0.8219,-1,-1,-1
362,2,333.42,11.55,224.58,462.38,0.8219,-1,-1,-1
362,105,184.35,152.93,52.26,163.24,0.8650,-1,-1,-1
362,121,128.55,153.83,57.55,157.42,0.7194,-1,-1,-1
362,128,-3.49,64.21,95.35,323.35,0.8995,-1,-1,-1
362,115,525.25,5.08,113.36,439.22,0.8871,-1,-1,-1
363,59,339.38,12.74,222.54,461.90,0.8706,-1,-1,-1
363,2,339.41,12.72,222.53,461.89,0.8706,-1,-1,-1
363,105,183.38,156.79,59.00,162.42,0.8109,-1,-1,-1
363,121,138.43,155.61,50.53,155.86,0.7851,-1,-1,-1
363,128,-0.81,66.36,100.51,327.08,0.8985,-1,-1,-1
363,115,530.65,0.46,111.65,451.45,0.8737,-1,-1,-1
363,132,99.85,174.81,45.33,135.31,0.7428,-1,-1,-1
364,59,349.31,17.93,213.25,458.33,0.8308,-1,-1,-1
364,2,349.34,17.91,213.24,458.32,0.8308,-1,-1,-1
364,105,184.88,164.03,59.91,162.90,0.8289,-1,-1,-1
364,121,146.05,163.03,48.17,156.37,0.8068,-1,-1,-1
364,128,-0.62,74.55,106.91,329.34,0.8798,-1,-1,-1
364,115,540.63,1.46,102.98,470.85,0.8256,-1,-1,-1
364,132,95.90,180.58,46.77,137.62,0.7116,-1,-1,-1
365,59,351.27,21.71,205.24,457.49,0.8641,-1,-1,-1
365,2,351.29,21.70,205.23,457.49,0.8641,-1,-1,-1
365,105,190.21,169.10,52.73,160.75,0.8368,-1,-1,-1
365,121,144.38,168.40,51.54,156.72,0.8375,-1,-1,-1
365,128,-1.38,81.87,107.19,327.18,0.8847,-1,-1,-1
365,115,544.98,24.57,95.74,455.73,0.8246,-1,-1,-1
365,132,83.93,179.58,49.66,144.18,0.3854,-1,-1,-1
366,59,351.94,14.61,199.02,465.80,0.8090,-1,-1,-1
366,2,351.96,14.60,199.01,465.79,0.8090,-1,-1,-1
366,105,191.55,155.72,48.98,161.77,0.8535,-1,-1,-1
366,121,132.92,159.23,73.59,155.09,0.8549,-1,-1,-1
366,128,-3.95,67.87,104.35,329.25,0.8833,-1,-1,-1
366,115,565.62,22.52,74.53,459.44,0.8544,-1,-1,-1
367,59,359.71,10.41,199.74,468.67,0.7831,-1,-1,-1
367,2,359.72,10.40,199.74,468.66,0.7831,-1,-1,-1
367,105,201.51,147.61,49.04,160.17,0.8118,-1,-1,-1
367,121,135.99,151.69,76.34,153.28,0.8683,-1,-1,-1
367,128,0.07,60.28,111.83,326.72,0.6887,-1,-1,-1
367,129,602.02,34.92,37.93,259.02,0.6350,-1,-1,-1
368,59,370.05,13.62,203.69,462.19,0.7972,-1,-1,-1
368,2,370.07,13.61,203.68,462.19,0.7972,-1,-1,-1
368,105,213.66,149.18,53.62,158.69,0.8367,-1,-1,-1
368,121,145.07,154.50,75.16,151.11,0.8737,-1,-1,-1
368,128,4.10,64.17,120.69,324.64,0.9084,-1,-1,-1
369,59,380.76,16.30,207.34,460.12,0.7992,-1,-1,-1
369,2,380.77,16.29,207.33,460.11,0.7992,-1,-1,-1
369,105,223.94,155.60,62.62,158.11,0.8792,-1,-1,-1
369,121,159.75,160.32,71.78,150.76,0.8360,-1,-1,-1
369,128,5.54,75.25,133.14,313.47,0.9081,-1,-1,-1
370,59,402.34,13.36,193.13,463.41,0.7041,-1,-1,-1
370,2,402.35,13.35,193.12,463.41,0.7041,-1,-1,-1
370,105,222.85,160.52,67.25,156.54,0.8730,-1,-1,-1
370,121,171.02,162.54,63.96,148.78,0.8049,-1,-1,-1
370,128,1.27,78.39,138.93,307.13,0.9045,-1,-1,-1
370,133,0.03,208.37,30.34,155.55,0.4450,-1,-1,-1
371,59,386.94,7.78,219.91,469.76,0.7239,-1,-1,-1
371,2,386.95,7.77,219.91,469.76,0.7239,-1,-1,-1
371,105,223.42,159.68,67.08,156.72,0.8603,-1,-1,-1
371,121,184.11,158.28,54.75,151.48,0.8103,-1,-1,-1
371,128,-0.14,75.14,139.25,307.98,0.8934,-1,-1,-1
372,59,393.07,1.78,233.67,473.42,0.7739,-1,-1,-1
372,2,393.08,1.78,233.67,473.42,0.7739,-1,-1,-1
372,105,231.44,159.25,64.45,155.37,0.8309,-1,-1,-1
372,121,194.92,158.27,52.17,151.30,0.8387,-1,-1,-1
372,128,5.93,73.84,137.79,308.00,0.8884,-1,-1,-1
372,133,0.47,168.87,40.32,205.32,0.4373,-1,-1,-1
373,59,394.12,-0.36,246.72,476.31,0.7730,-1,-1,-1
373,2,394.13,-0.37,246.72,476.31,0.7730,-1,-1,-1
373,105,247.22,158.17,59.57,156.28,0.8102,-1,-1,-1
373,121,206.49,159.10,54.46,150.67,0.7865,-1,-1,-1
373,128,17.47,78.59,136.95,307.51,0.8768,-1,-1,-1
373,133,1.92,128.48,41.29,250.70,0.5748,-1,-1,-1
374,59,398.43,-0.56,247.30,479.24,0.8052,-1,-1,-1
374,2,398.44,-0.57,247.30,479.24,0.8052,-1,-1,-1
374,105,264.28,158.91,50.31,156.66,0.8150,-1,-1,-1
374,121,214.21,163.45,58.61,148.26,0.8291,-1,-1,-1
374,128,25.15,83.54,137.07,309.96,0.9135,-1,-1,-1
374,133,1.43,108.39,47.24,274.81,0.8111,-1,-1,-1
374,135,187.56,221.22,20.36,49.17,0.6453,-1,-1,-1
375,59,413.06,-1.20,232.46,481.99,0.8331,-1,-1,-1
375,2,413.07,-1.20,232.46,481.99,0.8331,-1,-1,-1
375,105,273.33,157.79,46.13,157.46,0.8192,-1,-1,-1
375,121,217.13,163.74,59.88,147.75,0.8252,-1,-1,-1
375,128,28.64,80.10,132.54,317.56,0.9087,-1,-1,-1
375,133,-0.39,96.75,50.73,288.25,0.8408,-1,-1,-1
375,135,188.54,221.28,18.46,48.20,0.4484,-1,-1,-1
376,59,425.50,-0.74,219.47,483.18,0.8702,-1,-1,-1
376,2,425.50,-0.74,219.47,483.18,0.8702,-1,-1,-1
376,105,278.87,159.19,45.14,155.72,0.8114,-1,-1,-1
376,121,222.34,162.90,56.90,149.47,0.8276,-1,-1,-1
376,128,32.53,79.35,132.23,316.22,0.8995,-1,-1,-1
376,133,-1.61,91.58,57.99,293.53,0.8471,-1,-1,-1
376,135,187.81,219.63,18.56,48.51,0.4895,-1,-1,-1
377,59,448.27,11.42,194.74,470.86,0.8271,-1,-1,-1
377,2,448.28,11.42,194.74,470.86,0.8271,-1,-1,-1
377,105,281.25,160.50,46.36,154.73,0.8217,-1,-1,-1
377,121,229.24,160.42,50.64,147.37,0.8411,-1,-1,-1
377,128,34.76,74.09,136.02,316.95,0.9036,-1,-1,-1
377,133,-1.84,87.47,63.46,299.67,0.8691,-1,-1,-1
377,135,186.19,217.66,19.72,49.48,0.5288,-1,-1,-1
377,136,446.94,193.08,40.01,89.84,0.6946,-1,-1,-1
378,59,473.95,22.01,168.11,458.72,0.7827,-1,-1,-1
378,2,473.95,22.00,168.11,458.72,0.7827,-1,-1,-1
378,105,283.37,160.26,47.47,155.69,0.7886,-1,-1,-1
378,121,234.42,159.60,46.42,147.75,0.8088,-1,-1,-1
378,128,40.94,72.48,133.84,310.43,0.9042,-1,-1,-1
378,133,-2.11,87.01,66.85,302.08,0.8417,-1,-1,-1
378,135,186.26,217.05,19.16,49.14,0.4006,-1,-1,-1
378,136,449.29,193.59,39.94,91.55,0.7469,-1,-1,-1
379,59,499.19,35.07,141.89,444.76,0.8235,-1,-1,-1
379,2,499.19,35.07,141.89,444.75,0.8235,-1,-1,-1
379,105,287.45,156.70,47.39,154.90,0.8250,-1,-1,-1
379,121,237.79,158.28,44.58,147.72,0.7581,-1,-1,-1
379,128,42.78,70.43,132.03,311.26,0.9090,-1,-1,-1
379,133,-2.92,87.25,61.62,292.13,0.8316,-1,-1,-1
379,136,447.68,191.48,41.39,89.42,0.7358,-1,-1,-1
380,59,527.12,50.96,112.40,429.19,0.7982,-1,-1,-1
380,2,527.12,50.96,112.40,429.19,0.7982,-1,-1,-1
380,105,291.41,159.03,45.49,153.67,0.8534,-1,-1,-1
380,121,238.75,161.37,50.58,147.63,0.7777,-1,-1,-1
380,128,41.47,71.82,130.42,316.07,0.9091,-1,-1,-1
380,133,-2.50,92.04,58.09,288.82,0.8308,-1,-1,-1
380,136,444.96,193.41,41.15,91.12,0.7601,-1,-1,-1
381,59,549.86,73.36,88.96,406.28,0.8514,-1,-1,-1
381,2,549.86,73.36,88.96,406.28,0.8514,-1,-1,-1
381,105,293.04,161.78,45.69,154.35,0.8393,-1,-1,-1
381,121,236.39,167.77,56.40,145.45,0.8033,-1,-1,-1
381,128,38.27,75.18,128.34,321.70,0.9010,-1,-1,-1
381,133,-2.74,102.37,53.13,281.67,0.8099,-1,-1,-1
381,136,442.54,195.91,41.95,91.59,0.6528,-1,-1,-1
381,137,509.00,165.34,64.84,167.21,0.7992,-1,-1,-1
381,135,172.72,218.78,20.99,53.26,0.3524,-1,-1,-1
382,59,572.49,107.22,66.44,369.54,0.8172,-1,-1,-1
382,2,572.49,107.22,66.44,369.54,0.8172,-1,-1,-1
382,105,292.06,159.39,50.23,156.05,0.8302,-1,-1,-1
382,121,232.56,168.76,58.30,144.09,0.7872,-1,-1,-1
382,128,33.46,74.93,125.60,328.13,0.8928,-1,-1,-1
382,133,-3.25,114.46,45.18,235.97,0.7745,-1,-1,-1
382,136,444.82,194.47,39.27,90.63,0.5538,-1,-1,-1
382,137,508.31,163.72,74.62,171.88,0.8205,-1,-1,-1
383,59,591.89,201.15,47.27,276.90,0.6736,-1,-1,-1
383,2,591.89,201.15,47.27,276.90,0.6736,-1,-1,-1
383,105,289.76,161.24,55.81,158.52,0.8608,-1,-1,-1
383,121,228.63,171.73,59.05,144.31,0.8325,-1,-1,-1
383,128,23.78,76.13,125.68,334.87,0.9024,-1,-1,-1
383,133,-3.00,130.10,40.09,210.03,0.7271,-1,-1,-1
383,136,441.88,199.33,37.11,87.40,0.5164,-1,-1,-1
383,137,504.17,163.85,86.51,178.81,0.8430,-1,-1,-1
384,105,283.99,159.96,56.40,157.91,0.8820,-1,-1,-1
384,121,227.47,166.86,58.98,144.39,0.8165,-1,-1,-1
384,128,8.13,72.65,126.82,335.49,0.8993,-1,-1,-1
384,133,-3.29,162.99,28.96,161.22,0.5620,-1,-1,-1
384,136,433.44,195.87,41.52,87.78,0.5954,-1,-1,-1
384,137,505.61,154.30,86.43,185.76,0.8693,-1,-1,-1
385,105,283.79,159.62,55.96,157.47,0.8696,-1,-1,-1
385,121,233.39,163.49,54.09,145.16,0.8233,-1,-1,-1
385,128,1.82,68.16,126.70,334.26,0.9165,-1,-1,-1
385,136,431.95,194.39,42.24,86.66,0.7242,-1,-1,-1
385,137,510.69,148.99,82.76,192.28,0.8483,-1,-1,-1
386,105,283.27,157.66,54.43,157.51,0.8676,-1,-1,-1
386,121,236.15,160.48,51.33,147.98,0.8104,-1,-1,-1
386,128,-1.79,63.95,122.78,336.58,0.9177,-1,-1,-1
386,136,427.23,192.11,43.03,86.55,0.6964,-1,-1,-1
386,137,519.56,144.36,66.00,203.63,0.8515,-1,-1,-1
387,105,285.31,153.94,49.29,158.51,0.8399,-1,-1,-1
387,121,234.27,159.10,53.04,148.55,0.8193,-1,-1,-1
387,128,-3.16,58.47,119.03,346.09,0.9154,-1,-1,-1
387,136,421.02,190.77,42.20,86.81,0.6860,-1,-1,-1
387,137,522.13,138.32,67.88,217.97,0.8725,-1,-1,-1
388,105,287.57,154.72,45.57,159.39,0.8042,-1,-1,-1
388,121,234.54,162.33,51.98,147.19,0.8594,-1,-1,-1
388,128,-1.99,57.15,113.25,354.61,0.9080,-1,-1,-1
388,136,417.54,190.76,40.64,88.68,0.5981,-1,-1,-1
388,137,522.60,135.95,69.37,228.78,0.8618,-1,-1,-1
389,105,284.75,162.03,45.37,159.31,0.7682,-1,-1,-1
389,121,229.71,170.24,52.49,144.89,0.8681,-1,-1,-1
389,128,-2.46,60.37,108.16,357.38,0.9008,-1,-1,-1
389,136,422.16,196.67,29.67,87.63,0.4452,-1,-1,-1
389,137,522.84,136.77,72.40,241.49,0.8784,-1,-1,-1
390,105,277.47,161.71,49.59,156.01,0.8282,-1,-1,-1
390,121,223.25,167.36,53.55,147.69,0.8404,-1,-1,-1
390,128,-2.93,57.72,98.58,347.76,0.8814,-1,-1,-1
390,136,406.75,194.34,36.43,86.11,0.6970,-1,-1,-1
390,137,519.93,127.36,75.11,252.63,0.8743,-1,-1,-1
391,105,269.00,161.87,49.13,154.25,0.7900,-1,-1,-1
391,121,215.96,164.67,51.01,144.60,0.8555,-1,-1,-1
391,128,-3.16,81.43,83.64,323.23,0.8843,-1,-1,-1
391,136,396.01,192.09,36.06,84.56,0.6724,-1,-1,-1
391,137,508.92,116.58,91.78,265.36,0.8818,-1,-1,-1
392,105,264.51,158.60,49.90,156.57,0.7479,-1,-1,-1
392,121,213.35,161.95,48.20,145.04,0.8308,-1,-1,-1
392,128,-1.42,92.15,68.25,314.86,0.8573,-1,-1,-1
392,136,388.65,192.06,36.41,80.21,0.7530,-1,-1,-1
392,137,501.86,109.19,110.95,275.51,0.8903,-1,-1,-1
392,142,350.19,217.23,13.32,32.90,0.3846,-1,-1,-1
393,105,260.09,162.99,51.91,154.32,0.8069,-1,-1,-1
393,121,210.25,164.57,46.67,148.20,0.8187,-1,-1,-1
393,128,-0.62,101.86,54.09,311.10,0.7828,-1,-1,-1
393,136,382.82,196.28,36.94,81.60,0.7256,-1,-1,-1
393,137,494.43,107.06,136.90,296.87,0.9025,-1,-1,-1
393,142,342.52,219.91,13.01,33.77,0.4788,-1,-1,-1
394,105,261.75,162.34,51.28,154.02,0.7966,-1,-1,-1
394,121,212.63,165.00,45.87,149.37,0.8239,-1,-1,-1
394,128,1.31,104.59,61.98,311.48,0.6979,-1,-1,-1
394,136,382.94,196.24,37.29,82.45,0.7380,-1,-1,-1
394,137,494.84,103.25,145.80,311.21,0.9112,-1,-1,-1
394,142,342.32,220.83,12.57,33.59,0.3722,-1,-1,-1
395,105,256.21,158.83,51.15,154.63,0.8398,-1,-1,-1
395,121,208.18,161.56,49.99,149.91,0.8530,-1,-1,-1
395,128,-0.28,103.72,42.12,253.27,0.6573,-1,-1,-1
395,136,377.51,193.16,37.08,83.44,0.7644,-1,-1,-1
395,137,489.36,94.23,152.95,332.01,0.9142,-1,-1,-1
396,105,253.91,161.21,49.13,155.30,0.8373,-1,-1,-1
396,121,204.24,165.68,54.59,149.97,0.8394,-1,-1,-1
396,128,-0.19,110.03,26.86,228.63,0.6883,-1,-1,-1
396,136,373.33,196.86,36.05,82.73,0.7302,-1,-1,-1
396,137,488.43,88.89,155.54,356.15,0.9193,-1,-1,-1
397,105,253.79,164.55,48.04,155.15,0.8373,-1,-1,-1
397,121,200.49,168.88,54.63,148.43,0.8517,-1,-1,-1
397,136,370.59,199.97,32.97,81.13,0.4871,-1,-1,-1
397,137,491.93,79.80,152.68,381.74,0.9147,-1,-1,-1
398,105,254.33,168.10,47.58,154.75,0.8324,-1,-1,-1
398,121,199.83,172.26,53.42,147.47,0.8325,-1,-1,-1
398,136,369.77,201.85,32.88,80.45,0.5843,-1,-1,-1
398,137,505.96,65.33,141.21,406.51,0.8971,-1,-1,-1
398,142,323.73,219.48,13.18,38.19,0.4336,-1,-1,-1
399,105,253.68,166.13,49.11,155.24,0.8189,-1,-1,-1
399,121,200.29,170.07,52.67,147.39,0.8104,-1,-1,-1
399,136,368.67,197.38,34.90,82.68,0.5748,-1,-1,-1
399,137,518.55,44.63,128.81,434.16,0.8849,-1,-1,-1
399,142,321.99,219.29,14.45,36.28,0.3617,-1,-1,-1
400,105,251.45,164.56,48.84,153.69,0.8584,-1,-1,-1
400,121,203.57,165.70,47.11,147.95,0.8163,-1,-1,-1
400,136,365.04,195.51,33.36,83.84,0.7028,-1,-1,-1
400,137,535.11,27.85,110.15,456.23,0.8502,-1,-1,-1
400,142,317.12,218.00,13.95,35.99,0.3485,-1,-1,-1
401,105,248.55,164.74,48.51,151.58,0.8306,-1,-1,-1
401,121,199.99,164.53,50.02,147.89,0.8370,-1,-1,-1
401,136,359.64,198.21,32.62,82.24,0.4776,-1,-1,-1
401,137,557.34,24.17,85.42,462.91,0.8554,-1,-1,-1
402,105,246.22,160.97,46.79,150.37,0.8265,-1,-1,-1
402,121,197.08,160.98,50.50,148.78,0.8397,-1,-1,-1
402,137,580.33,55.38,62.95,429.93,0.8286,-1,-1,-1
403,105,245.55,165.66,49.19,148.45,0.8471,-1,-1,-1
403,121,198.18,164.58,50.07,147.54,0.8565,-1,-1,-1
403,137,597.56,86.40,43.84,395.51,0.4066,-1,-1,-1
403,136,352.69,194.07,34.28,84.45,0.4305,-1,-1,-1
404,105,244.68,166.01,50.76,148.56,0.8152,-1,-1,-1
404,121,198.39,166.20,48.77,145.59,0.8520,-1,-1,-1
404,136,350.37,193.19,34.72,82.97,0.5321,-1,-1,-1
405,105,244.19,165.09,51.05,147.84,0.8255,-1,-1,-1
405,121,196.42,166.72,50.28,143.46,0.8551,-1,-1,-1
405,136,347.84,192.81,32.83,80.72,0.5735,-1,-1,-1
405,142,300.35,215.96,14.21,34.36,0.3752,-1,-1,-1
406,105,244.26,164.89,49.48,145.04,0.8270,-1,-1,-1
406,121,195.61,166.20,51.47,140.54,0.8376,-1,-1,-1
406,136,346.52,191.83,32.84,81.63,0.6692,-1,-1,-1
407,105,247.35,161.25,47.30,143.91,0.8035,-1,-1,-1
407,121,195.60,161.10,50.68,141.93,0.8292,-1,-1,-1
407,136,345.90,191.27,31.91,79.95,0.6988,-1,-1,-1
408,105,249.78,159.38,46.01,143.62,0.8270,-1,-1,-1
408,121,197.76,156.82,47.38,145.05,0.8224,-1,-1,-1
408,136,345.26,190.87,32.28,78.72,0.7891,-1,-1,-1
409,105,249.70,157.00,46.13,144.14,0.8137,-1,-1,-1
409,121,197.05,155.40,46.29,144.58,0.8380,-1,-1,-1
409,136,344.77,187.62,33.13,79.35,0.7918,-1,-1,-1
410,105,246.52,157.38,46.68,144.91,0.8264,-1,-1,-1
410,121,192.02,157.72,47.82,142.99,0.8356,-1,-1,-1
410,136,339.13,185.50,34.32,80.26,0.5613,-1,-1,-1
411,105,242.81,157.82,45.18,144.89,0.8172,-1,-1,-1
411,121,185.18,158.40,50.32,140.29,0.8485,-1,-1,-1
411,136,333.65,187.04,23.95,73.59,0.4328,-1,-1,-1
412,105,238.42,161.36,45.45,142.79,0.8009,-1,-1,-1
412,121,182.55,162.06,46.32,139.88,0.8242,-1,-1,-1
412,136,327.88,188.73,30.66,76.06,0.6979,-1,-1,-1
413,105,236.46,159.76,46.57,142.24,0.7735,-1,-1,-1
413,121,182.55,161.47,44.43,139.49,0.8220,-1,-1,-1
413,136,324.95,187.36,32.77,76.37,0.5349,-1,-1,-1
414,105,233.53,162.46,46.60,139.98,0.7848,-1,-1,-1
414,121,178.97,162.00,47.09,139.52,0.8273,-1,-1,-1
414,136,318.47,188.48,35.61,76.52,0.6138,-1,-1,-1
415,105,227.95,160.91,45.67,139.97,0.8078,-1,-1,-1
415,121,173.33,160.69,47.77,139.67,0.8282,-1,-1,-1
415,136,311.55,190.68,34.11,74.71,0.4624,-1,-1,-1
415,148,549.05,145.07,89.55,274.51,0.8507,-1,-1,-1
416,105,222.43,164.70,45.93,138.99,0.7812,-1,-1,-1
416,121,169.75,162.62,49.63,138.81,0.8229,-1,-1,-1
416,136,304.69,194.75,30.21,72.93,0.3410,-1,-1,-1
416,148,543.78,107.22,94.63,318.92,0.8902,-1,-1,-1
417,105,219.64,169.02,43.65,137.58,0.7351,-1,-1,-1
417,121,168.88,164.19,49.12,139.60,0.8352,-1,-1,-1
417,136,300.93,194.51,30.99,75.81,0.6706,-1,-1,-1
417,148,543.76,56.68,95.62,377.03,0.8590,-1,-1,-1
418,105,213.24,166.42,49.32,135.97,0.8222,-1,-1,-1
418,121,167.02,162.22,49.04,137.72,0.8473,-1,-1,-1
418,136,297.34,191.96,31.42,73.63,0.6019,-1,-1,-1
418,148,543.20,25.05,97.81,407.63,0.8707,-1,-1,-1
419,105,210.66,168.84,49.54,134.45,0.8021,-1,-1,-1
419,121,165.40,165.72,49.53,135.30,0.8385,-1,-1,-1
419,136,294.57,192.06,31.71,74.45,0.7494,-1,-1,-1
419,148,529.88,16.18,109.43,419.83,0.8962,-1,-1,-1
420,105,207.44,168.02,45.89,132.61,0.7918,-1,-1,-1
420,121,160.58,165.32,48.97,134.55,0.8040,-1,-1,-1
420,136,287.54,192.04,32.03,71.47,0.7500,-1,-1,-1
420,148,502.25,12.45,133.58,429.86,0.9185,-1,-1,-1
421,105,202.43,167.72,43.55,129.66,0.7574,-1,-1,-1
421,121,153.97,166.49,47.68,130.77,0.8402,-1,-1,-1
421,136,279.98,191.68,32.23,72.92,0.8138,-1,-1,-1
421,148,479.23,15.72,155.96,432.33,0.9189,-1,-1,-1
422,105,199.45,164.60,42.52,130.80,0.7857,-1,-1,-1
422,121,151.80,164.27,46.48,130.31,0.8325,-1,-1,-1
422,136,276.77,190.24,31.11,73.78,0.7364,-1,-1,-1
422,148,466.28,20.74,168.87,429.08,0.9191,-1,-1,-1
423,105,195.62,160.78,41.98,130.98,0.7961,-1,-1,-1
423,121,147.33,160.86,46.15,132.21,0.8229,-1,-1,-1
423,136,271.37,189.75,30.80,72.25,0.6319,-1,-1,-1
423,148,455.73,26.12,174.95,426.91,0.9169,-1,-1,-1
424,105,193.05,161.19,40.39,130.75,0.7994,-1,-1,-1
424,121,142.89,160.08,45.07,133.48,0.8041,-1,-1,-1
424,136,266.16,188.29,29.98,73.61,0.7524,-1,-1,-1
424,148,442.95,34.30,179.77,420.14,0.8874,-1,-1,-1
425,105,185.81,159.77,40.31,131.51,0.7889,-1,-1,-1
425,121,135.43,160.08,45.58,131.86,0.8080,-1,-1,-1
425,136,258.43,186.25,29.91,73.16,0.7063,-1,-1,-1
425,148,428.01,38.65,183.34,412.18,0.8982,-1,-1,-1
426,105,183.27,159.06,39.24,130.05,0.7942,-1,-1,-1
426,121,131.34,158.50,47.72,131.46,0.7797,-1,-1,-1
426,136,254.75,183.74,28.89,73.04,0.6914,-1,-1,-1
426,148,418.59,41.18,187.07,405.98,0.8713,-1,-1,-1
427,105,177.10,156.80,42.35,129.98,0.7679,-1,-1,-1
427,121,124.57,157.57,49.07,130.10,0.7878,-1,-1,-1
427,136,248.35,179.47,28.06,74.99,0.7291,-1,-1,-1
427,148,408.17,40.90,169.85,401.59,0.8805,-1,-1,-1
428,105,173.93,152.85,41.92,129.60,0.7951,-1,-1,-1
428,121,119.82,156.68,50.62,128.62,0.8163,-1,-1,-1
428,136,241.57,178.40,28.70,73.74,0.6687,-1,-1,-1
428,148,403.23,39.51,145.03,387.53,0.9018,-1,-1,-1
428,149,563.06,15.89,74.43,439.99,0.8489,-1,-1,-1
429,105,170.35,152.22,42.38,129.15,0.7994,-1,-1,-1
429,121,116.08,155.99,49.34,127.49,0.7954,-1,-1,-1
429,136,234.95,178.66,28.25,74.12,0.7572,-1,-1,-1
429,148,397.38,41.55,124.34,368.25,0.9054,-1,-1,-1
430,105,166.33,153.23,41.84,128.05,0.7855,-1,-1,-1
430,121,112.12,155.16,50.05,126.84,0.8178,-1,-1,-1
430,136,229.29,181.06,27.45,72.34,0.5696,-1,-1,-1
430,148,372.85,46.51,127.17,357.51,0.8954,-1,-1,-1
430,150,415.00,1.07,222.56,477.94,0.8965,-1,-1,-1
431,105,164.06,153.17,43.17,125.21,0.7832,-1,-1,-1
431,121,109.63,152.55,50.77,125.69,0.7934,-1,-1,-1
431,136,223.58,178.93,29.30,71.72,0.7435,-1,-1,-1
431,148,348.82,49.63,135.51,347.07,0.8956,-1,-1,-1
431,150,391.35,0.99,242.12,475.96,0.8793,-1,-1,-1
432,105,161.71,154.92,42.29,122.17,0.6760,-1,-1,-1
432,121,108.21,152.04,51.64,124.59,0.8176,-1,-1,-1
432,136,220.86,174.99,30.04,74.56,0.7563,-1,-1,-1
432,148,336.17,51.31,130.36,323.51,0.8706,-1,-1,-1
432,150,402.76,-0.18,234.27,475.18,0.8881,-1,-1,-1
432,151,0.19,131.24,58.56,197.74,0.6872,-1,-1,-1
433,105,158.26,154.78,42.14,121.77,0.7053,-1,-1,-1
433,121,107.25,153.85,51.03,122.68,0.8293,-1,-1,-1
433,136,217.74,175.71,30.30,73.20,0.8186,-1,-1,-1
433,148,330.84,55.43,112.89,312.96,0.8565,-1,-1,-1
433,150,406.13,1.18,229.41,474.59,0.8542,-1,-1,-1
433,151,1.57,109.53,67.49,239.66,0.6652,-1,-1,-1
434,105,154.80,155.87,41.60,119.10,0.7952,-1,-1,-1
434,121,102.74,157.61,50.48,118.42,0.8361,-1,-1,-1
434,136,210.85,174.65,30.82,73.44,0.7606,-1,-1,-1
434,148,321.44,60.68,95.81,303.57,0.7950,-1,-1,-1
434,150,383.47,3.18,198.00,466.37,0.7955,-1,-1,-1
434,151,2.34,77.44,75.39,280.23,0.6242,-1,-1,-1
435,105,151.05,152.09,40.87,119.13,0.7762,-1,-1,-1
435,121,97.20,153.59,51.22,120.87,0.8350,-1,-1,-1
435,136,207.23,174.22,30.57,72.50,0.6597,-1,-1,-1
435,148,312.01,83.50,74.91,283.62,0.7107,-1,-1,-1
435,150,353.75,-0.66,174.81,474.92,0.8552,-1,-1,-1
435,151,-0.73,57.28,78.25,304.00,0.5675,-1,-1,-1
436,105,149.14,148.35,39.61,118.83,0.7938,-1,-1,-1
436,121,93.22,150.65,47.35,120.19,0.8044,-1,-1,-1
436,136,203.68,172.89,28.31,71.95,0.6914,-1,-1,-1
436,150,310.58,3.88,178.08,473.93,0.8962,-1,-1,-1
437,105,144.94,149.26,41.07,119.79,0.7414,-1,-1,-1
437,121,86.68,149.57,46.72,121.49,0.8180,-1,-1,-1
437,150,262.86,1.26,208.72,480.34,0.9259,-1,-1,-1
437,151,-0.48,58.09,74.60,278.89,0.3918,-1,-1,-1
438,105,82.17,154.33,47.13,122.69,0.8289,-1,-1,-1
438,150,195.77,-3.46,263.07,499.18,0.9043,-1,-1,-1
438,156,144.43,155.71,40.72,112.63,0.7582,-1,-1,-1
438,157,556.30,67.83,77.66,340.56,0.8624,-1,-1,-1
439,105,77.10,150.29,47.16,123.32,0.8399,-1,-1,-1
439,150,178.65,-1.91,275.22,493.37,0.8629,-1,-1,-1
439,156,138.90,151.42,38.98,117.61,0.8132,-1,-1,-1
439,157,535.22,75.09,98.73,330.66,0.8993,-1,-1,-1
439,159,-3.08,75.24,71.59,291.49,0.3913,-1,-1,-1
439,160,384.16,135.33,49.01,174.33,0.6424,-1,-1,-1
440,150,110.37,-3.65,316.32,493.05,0.8433,-1,-1,-1
440,157,522.93,77.29,112.24,331.16,0.9119,-1,-1,-1
440,159,-4.15,56.43,70.14,339.21,0.6908,-1,-1,-1
440,160,371.20,135.51,53.69,178.51,0.7038,-1,-1,-1
441,150,31.95,-4.96,302.14,495.82,0.8620,-1,-1,-1
441,157,524.14,80.05,113.71,333.45,0.8889,-1,-1,-1
441,160,367.84,136.96,53.12,180.36,0.7121,-1,-1,-1
441,161,281.75,64.04,106.43,311.77,0.7948,-1,-1,-1
442,150,3.71,-5.15,267.60,491.46,0.7042,-1,-1,-1
442,157,530.32,79.51,103.26,323.33,0.8631,-1,-1,-1
442,160,366.64,136.89,51.12,179.40,0.7609,-1,-1,-1
442,161,263.62,65.43,119.52,326.49,0.8811,-1,-1,-1
443,150,-8.97,-4.70,227.63,488.50,0.7459,-1,-1,-1
443,157,523.88,77.31,102.33,314.52,0.7488,-1,-1,-1
443,160,364.13,133.63,48.36,179.69,0.7380,-1,-1,-1
443,161,253.19,62.26,123.32,335.28,0.8875,-1,-1,-1
443,163,608.65,83.62,30.78,230.93,0.4612,-1,-1,-1
444,157,504.43,83.32,108.59,303.97,0.6016,-1,-1,-1
444,160,359.59,135.50,47.46,180.14,0.7316,-1,-1,-1
444,161,247.89,63.31,121.31,328.66,0.8924,-1,-1,-1
445,157,520.88,81.11,93.17,316.08,0.5216,-1,-1,-1
445,160,357.24,137.80,50.11,180.43,0.7980,-1,-1,-1
445,161,245.15,61.85,119.83,323.97,0.8937,-1,-1,-1
445,166,141.49,156.35,39.16,117.11,0.7744,-1,-1,-1
445,163,592.38,93.89,47.21,251.43,0.6836,-1,-1,-1
446,157,479.37,84.69,140.52,309.47,0.8933,-1,-1,-1
446,160,348.05,139.67,59.24,176.73,0.7750,-1,-1,-1
446,161,245.42,60.79,113.57,319.04,0.8979,-1,-1,-1
446,166,145.71,156.68,40.45,114.75,0.7492,-1,-1,-1
446,168,95.27,153.17,43.21,118.55,0.8077,-1,-1,-1
446,169,192.31,177.40,29.24,71.67,0.6198,-1,-1,-1
446,163,582.45,80.93,55.84,282.53,0.8483,-1,-1,-1
447,157,470.26,87.72,153.53,309.94,0.8475,-1,-1,-1
447,160,343.50,143.46,63.32,176.59,0.7891,-1,-1,-1
447,161,240.76,61.92,111.38,323.13,0.8948,-1,-1,-1
447,166,147.82,159.57,41.81,113.65,0.7081,-1,-1,-1
447,168,96.74,154.10,46.11,118.69,0.7882,-1,-1,-1
447,169,193.52,179.93,29.94,70.49,0.5499,-1,-1,-1
447,163,574.59,81.80,62.56,289.68,0.8191,-1,-1,-1
447,170,0.94,0.39,101.58,308.72,0.7399,-1,-1,-1
448,157,468.40,85.70,140.88,308.48,0.8569,-1,-1,-1
448,160,342.88,141.98,62.95,177.78,0.7880,-1,-1,-1
448,161,237.49,61.28,108.45,326.51,0.8920,-1,-1,-1
448,166,148.69,157.79,41.73,113.36,0.7693,-1,-1,-1
448,168,98.52,152.13,47.39,117.60,0.8174,-1,-1,-1
448,169,193.06,180.58,32.23,68.98,0.5858,-1,-1,-1
448,163,569.85,80.91,66.65,294.17,0.8027,-1,-1,-1
448,170,1.21,-0.63,104.24,436.32,0.8845,-1,-1,-1
449,157,477.54,85.55,115.76,304.19,0.8424,-1,-1,-1
449,160,344.14,143.29,63.26,177.64,0.7879,-1,-1,-1
449,161,239.91,65.44,104.28,328.74,0.8941,-1,-1,-1
449,166,151.20,159.21,39.22,112.88,0.7934,-1,-1,-1
449,168,103.00,156.96,47.05,114.37,0.8283,-1,-1,-1
449,169,196.61,183.13,32.96,69.30,0.6076,-1,-1,-1
449,163,556.04,86.30,83.36,296.70,0.5435,-1,-1,-1
449,170,0.63,0.55,110.34,482.40,0.8933,-1,-1,-1
450,157,492.42,82.69,106.11,309.33,0.8298,-1,-1,-1
450,160,353.51,140.38,60.07,176.46,0.8353,-1,-1,-1
450,161,243.67,66.54,103.01,327.36,0.8901,-1,-1,-1
450,166,159.85,158.55,38.02,112.48,0.8060,-1,-1,-1
450,168,113.17,158.49,46.11,113.63,0.7856,-1,-1,-1
450,169,205.08,182.80,32.69,69.90,0.6943,-1,-1,-1
450,163,550.33,86.26,92.05,282.13,0.5575,-1,-1,-1
450,170,1.69,0.31,119.60,497.34,0.8710,-1,-1,-1
451,157,489.92,84.92,111.40,313.51,0.8499,-1,-1,-1
451,160,358.66,140.55,59.57,177.33,0.8256,-1,-1,-1
451,161,237.53,67.13,112.31,328.55,0.8778,-1,-1,-1
451,166,165.43,160.83,38.85,111.81,0.7898,-1,-1,-1
451,168,120.20,160.55,44.42,113.15,0.8024,-1,-1,-1
451,169,209.36,184.17,31.64,69.64,0.5818,-1,-1,-1
451,163,551.22,88.13,91.41,281.53,0.6900,-1,-1,-1
451,170,0.80,3.46,128.26,497.66,0.9075,-1,-1,-1
452,157,482.31,87.00,127.45,317.32,0.8439,-1,-1,-1
452,160,360.98,139.54,61.31,179.70,0.7613,-1,-1,-1
452,161,229.74,63.96,121.09,325.47,0.8976,-1,-1,-1
452,166,174.10,160.78,37.20,112.33,0.8049,-1,-1,-1
452,168,130.19,159.37,42.93,112.81,0.8057,-1,-1,-1
452,163,568.26,85.30,75.35,280.09,0.6923,-1,-1,-1
452,170,1.11,4.08,135.66,494.46,0.9111,-1,-1,-1
453,157,484.84,84.13,133.26,321.73,0.8522,-1,-1,-1
453,160,363.26,138.06,68.94,179.90,0.7732,-1,-1,-1
453,161,232.00,57.26,124.91,326.03,0.8821,-1,-1,-1
453,166,182.79,160.26,35.57,111.13,0.7900,-1,-1,-1
453,168,139.16,157.59,42.10,111.87,0.8193,-1,-1,-1
453,163,576.88,78.21,66.89,294.21,0.7390,-1,-1,-1
453,170,1.38,3.19,147.48,491.12,0.9064,-1,-1,-1
454,157,497.08,85.51,124.91,326.76,0.8654,-1,-1,-1
454,160,370.98,143.46,71.52,180.57,0.8145,-1,-1,-1
454,161,239.12,59.99,127.06,329.59,0.9030,-1,-1,-1
454,166,192.37,164.25,35.29,111.52,0.8000,-1,-1,-1
454,168,150.52,160.31,39.10,113.31,0.7884,-1,-1,-1
454,163,585.30,80.43,58.25,302.31,0.7580,-1,-1,-1
454,170,1.89,5.64,157.89,487.54,0.9141,-1,-1,-1
455,157,503.10,78.86,112.20,320.72,0.8730,-1,-1,-1
455,160,377.50,140.14,71.22,182.47,0.8281,-1,-1,-1
455,161,250.53,57.74,122.77,336.94,0.8962,-1,-1,-1
455,166,198.73,161.75,37.87,110.74,0.7637,-1,-1,-1
455,168,159.75,158.99,37.75,111.10,0.8077,-1,-1,-1
455,163,575.81,79.36,66.58,309.18,0.7521,-1,-1,-1
455,170,1.66,0.79,168.29,488.65,0.8871,-1,-1,-1
456,157,504.13,79.74,106.70,319.94,0.8724,-1,-1,-1
456,160,381.65,140.91,69.77,185.10,0.7731,-1,-1,-1
456,161,257.60,61.14,120.29,340.99,0.8838,-1,-1,-1
456,166,205.32,162.39,38.02,110.93,0.7777,-1,-1,-1
456,168,168.44,161.92,34.04,108.44,0.6908,-1,-1,-1
456,163,581.46,81.92,60.28,295.38,0.7748,-1,-1,-1
456,170,1.00,1.69,177.90,485.66,0.8859,-1,-1,-1
457,157,489.67,84.92,124.45,324.32,0.8824,-1,-1,-1
457,160,389.14,142.56,66.44,184.27,0.7405,-1,-1,-1
457,161,265.77,65.79,121.22,347.16,0.8821,-1,-1,-1
457,166,214.35,165.01,37.35,110.65,0.7627,-1,-1,-1
457,168,178.93,166.92,33.99,106.52,0.7366,-1,-1,-1
457,163,595.95,85.91,46.57,293.98,0.7489,-1,-1,-1
457,170,3.06,6.68,189.62,478.51,0.8834,-1,-1,-1
458,157,480.26,83.94,141.22,328.65,0.8930,-1,-1,-1
458,160,393.72,138.29,62.46,184.85,0.8172,-1,-1,-1
458,161,271.97,62.66,120.86,349.74,0.8836,-1,-1,-1
458,166,223.35,161.92,34.88,110.36,0.7653,-1,-1,-1
458,168,187.81,164.05,31.98,104.98,0.5360,-1,-1,-1
458,163,604.66,79.72,36.45,301.76,0.7272,-1,-1,-1
458,170,11.81,3.31,191.93,478.71,0.8728,-1,-1,-1
459,157,484.10,90.00,149.75,331.93,0.8957,-1,-1,-1
459,160,400.75,144.04,61.18,186.22,0.7878,-1,-1,-1
459,161,275.56,68.34,123.90,353.72,0.8803,-1,-1,-1
459,166,232.79,168.91,32.60,109.27,0.7595,-1,-1,-1
459,163,603.57,84.40,36.95,294.32,0.6145,-1,-1,-1
459,170,31.09,7.44,191.73,477.15,0.8385,-1,-1,-1
459,169,272.41,194.43,20.80,66.06,0.3525,-1,-1,-1
460,157,489.10,87.66,148.52,338.20,0.8785,-1,-1,-1
460,160,401.66,143.30,61.56,188.28,0.7968,-1,-1,-1
460,161,274.31,65.51,128.76,355.78,0.8956,-1,-1,-1
460,166,235.27,167.64,31.90,109.34,0.7274,-1,-1,-1
460,163,604.60,79.35,35.08,302.84,0.6392,-1,-1,-1
460,170,36.06,3.57,195.41,481.05,0.8569,-1,-1,-1
461,157,503.78,81.50,121.63,327.59,0.8676,-1,-1,-1
461,160,405.88,141.28,59.93,190.68,0.8032,-1,-1,-1
461,161,277.15,58.11,131.37,349.49,0.9053,-1,-1,-1
461,166,241.42,165.18,31.60,109.67,0.7182,-1,-1,-1
461,163,602.14,75.85,38.43,306.18,0.6704,-1,-1,-1
461,170,45.88,0.54,196.10,483.06,0.8821,-1,-1,-1
462,157,510.28,81.65,108.97,329.54,0.8476,-1,-1,-1
462,160,404.87,143.93,62.00,192.51,0.8332,-1,-1,-1
462,161,278.62,57.70,128.96,347.15,0.8935,-1,-1,-1
462,166,242.33,166.54,35.14,111.12,0.7215,-1,-1,-1
462,163,592.46,78.88,47.03,302.43,0.7029,-1,-1,-1
462,170,49.97,1.20,194.63,481.16,0.8681,-1,-1,-1
463,157,504.32,88.64,119.53,333.10,0.8842,-1,-1,-1
463,160,407.26,147.97,56.54,194.62,0.8210,-1,-1,-1
463,161,279.55,61.45,123.93,349.66,0.8943,-1,-1,-1
463,166,243.40,168.46,34.65,111.57,0.7092,-1,-1,-1
463,163,585.23,86.74,52.48,298.31,0.6669,-1,-1,-1
463,170,51.84,5.18,196.44,479.54,0.8517,-1,-1,-1
464,157,487.98,88.84,136.17,336.85,0.8727,-1,-1,-1
464,160,406.28,145.98,55.15,193.94,0.7830,-1,-1,-1
464,161,280.12,58.62,115.87,355.76,0.8841,-1,-1,-1
464,166,241.96,168.51,33.50,109.46,0.7382,-1,-1,-1
464,163,585.11,87.35,51.24,298.31,0.7478,-1,-1,-1
464,170,49.12,0.92,197.19,482.34,0.8768,-1,-1,-1
465,157,478.17,89.50,142.73,337.25,0.8835,-1,-1,-1
465,160,406.19,142.91,55.38,191.64,0.7478,-1,-1,-1
465,161,281.39,56.28,108.68,360.77,0.8802,-1,-1,-1
465,166,240.28,169.02,34.39,106.76,0.7135,-1,-1,-1
465,163,587.09,85.65,49.52,305.87,0.7926,-1,-1,-1
465,170,46.93,-0.31,197.97,482.98,0.8874,-1,-1,-1
466,157,477.58,89.59,136.17,339.15,0.8833,-1,-1,-1
466,160,406.03,141.75,55.72,191.55,0.7612,-1,-1,-1
466,161,279.81,56.96,105.89,362.29,0.8848,-1,-1,-1
466,166,241.49,166.44,34.41,110.10,0.6954,-1,-1,-1
466,163,591.55,84.72,46.09,309.95,0.8247,-1,-1,-1
466,170,46.25,-0.20,198.36,482.92,0.8539,-1,-1,-1
467,157,479.52,87.28,117.83,331.76,0.8819,-1,-1,-1
467,160,400.38,141.71,63.44,192.45,0.7694,-1,-1,-1
467,161,274.29,58.21,109.44,364.23,0.8932,-1,-1,-1
467,166,243.32,167.45,35.01,108.97,0.6915,-1,-1,-1
467,163,588.12,83.79,50.26,314.98,0.8733,-1,-1,-1
467,170,46.60,-0.72,199.41,482.80,0.8861,-1,-1,-1
468,157,470.30,82.14,108.16,325.83,0.8662,-1,-1,-1
468,160,400.40,139.92,62.16,192.77,0.7424,-1,-1,-1
468,161,268.22,51.88,111.38,370.37,0.8778,-1,-1,-1
468,166,238.41,165.58,35.19,107.10,0.5254,-1,-1,-1
468,163,574.39,83.81,62.28,316.25,0.8729,-1,-1,-1
468,170,43.31,-3.53,198.64,483.51,0.8912,-1,-1,-1
469,157,447.67,82.07,121.06,327.49,0.8494,-1,-1,-1
469,160,400.15,139.31,60.97,193.29,0.7109,-1,-1,-1
469,161,258.41,45.76,120.64,365.34,0.8723,-1,-1,-1
469,163,561.96,85.02,74.50,317.32,0.8594,-1,-1,-1
469,170,40.65,-2.67,202.24,477.87,0.8561,-1,-1,-1
470,157,434.88,85.05,130.17,329.69,0.8919,-1,-1,-1
470,160,401.34,140.07,62.36,189.47,0.7672,-1,-1,-1
470,161,254.86,43.51,130.44,364.63,0.8750,-1,-1,-1
470,163,554.61,83.87,84.68,306.59,0.8733,-1,-1,-1
470,170,41.07,-0.20,209.39,480.19,0.8562,-1,-1,-1
471,157,433.46,86.47,133.42,329.56,0.8881,-1,-1,-1
471,160,402.31,137.70,63.31,190.82,0.5920,-1,-1,-1
471,161,254.91,41.11,138.14,365.16,0.8792,-1,-1,-1
471,163,550.67,79.42,90.53,307.12,0.7523,-1,-1,-1
471,170,44.48,0.66,213.51,480.67,0.8749,-1,-1,-1
472,157,435.55,83.61,128.61,330.98,0.8809,-1,-1,-1
472,160,401.17,133.71,64.98,192.70,0.6258,-1,-1,-1
472,161,256.92,36.54,139.53,368.77,0.8852,-1,-1,-1
472,163,554.54,74.67,85.44,315.58,0.8591,-1,-1,-1
472,170,50.25,-0.04,213.20,480.20,0.8802,-1,-1,-1
473,157,438.24,78.66,116.09,326.21,0.8927,-1,-1,-1
473,160,401.79,130.08,61.05,193.73,0.6296,-1,-1,-1
473,161,261.43,33.08,130.83,378.80,0.8721,-1,-1,-1
473,163,563.41,71.12,73.80,321.06,0.8809,-1,-1,-1
473,170,55.93,-0.81,215.21,476.00,0.8506,-1,-1,-1
474,157,443.80,76.43,107.07,321.85,0.8470,-1,-1,-1
474,160,405.83,130.42,56.75,194.82,0.7490,-1,-1,-1
474,161,270.52,32.92,122.59,383.84,0.8807,-1,-1,-1
474,163,548.93,72.21,88.93,319.70,0.8477,-1,-1,-1
474,170,65.36,-0.34,216.87,477.41,0.8411,-1,-1,-1
475,157,449.62,74.51,108.87,327.03,0.8482,-1,-1,-1
475,160,412.40,130.01,55.83,197.16,0.3909,-1,-1,-1
475,161,276.89,35.08,121.13,387.70,0.8838,-1,-1,-1
475,163,534.96,72.81,105.94,304.74,0.9071,-1,-1,-1
475,170,72.19,0.72,219.73,476.03,0.8606,-1,-1,-1
476,157,451.42,78.23,114.53,329.65,0.8854,-1,-1,-1
476,161,281.16,40.08,121.01,389.34,0.8852,-1,-1,-1
476,163,531.04,74.60,110.39,301.80,0.9005,-1,-1,-1
476,170,75.63,2.60,220.81,475.94,0.8772,-1,-1,-1
477,157,448.49,81.06,119.72,333.30,0.7883,-1,-1,-1
477,161,280.58,40.28,123.63,392.51,0.8945,-1,-1,-1
477,163,530.84,73.02,110.42,305.88,0.9026,-1,-1,-1
477,170,76.74,2.76,222.02,468.49,0.7765,-1,-1,-1
478,157,444.72,79.11,120.36,338.46,0.8136,-1,-1,-1
478,161,280.12,36.03,123.48,391.98,0.8981,-1,-1,-1
478,163,532.91,71.49,107.41,310.09,0.8894,-1,-1,-1
478,170,71.80,0.98,225.97,467.95,0.7867,-1,-1,-1
479,157,441.69,85.76,118.20,333.74,0.8517,-1,-1,-1
479,161,277.25,40.16,124.55,379.82,0.8945,-1,-1,-1
479,163,536.44,75.48,103.83,319.35,0.9091,-1,-1,-1
479,170,68.36,3.67,231.17,476.24,0.8127,-1,-1,-1
480,157,440.02,86.49,117.18,325.08,0.8708,-1,-1,-1
480,161,274.90,39.65,124.36,383.60,0.8866,-1,-1,-1
480,163,543.38,76.12,95.40,326.72,0.8300,-1,-1,-1
480,170,69.80,1.76,228.16,478.36,0.8428,-1,-1,-1
480,160,396.57,139.06,64.41,193.24,0.4793,-1,-1,-1
481,157,434.51,82.54,110.04,320.82,0.8625,-1,-1,-1
481,161,272.62,33.44,117.94,388.88,0.8836,-1,-1,-1
481,163,536.19,73.04,97.26,333.24,0.8480,-1,-1,-1
481,170,66.40,-1.80,227.91,476.69,0.8036,-1,-1,-1
482,157,417.76,83.38,113.15,322.01,0.8689,-1,-1,-1
482,161,266.54,33.29,112.01,393.79,0.8883,-1,-1,-1
482,163,519.52,75.67,111.61,337.26,0.8402,-1,-1,-1
482,170,58.03,-1.05,231.80,470.39,0.7511,-1,-1,-1
483,157,401.11,91.87,118.72,324.88,0.8719,-1,-1,-1
483,161,261.07,41.78,106.48,394.83,0.8769,-1,-1,-1
483,163,509.78,84.33,115.08,336.00,0.8815,-1,-1,-1
483,170,49.65,4.02,237.83,472.17,0.7811,-1,-1,-1
484,157,386.46,94.16,125.36,328.86,0.8438,-1,-1,-1
484,161,254.92,46.52,103.36,393.78,0.8590,-1,-1,-1
484,163,507.66,86.00,112.88,336.72,0.8762,-1,-1,-1
484,170,39.62,6.67,243.27,473.48,0.6537,-1,-1,-1
485,157,389.09,92.76,120.66,332.56,0.8089,-1,-1,-1
485,161,250.31,48.37,102.42,397.48,0.8413,-1,-1,-1
485,163,508.07,85.38,103.20,330.17,0.8384,-1,-1,-1
485,170,32.10,3.42,250.24,478.76,0.7355,-1,-1,-1
486,157,393.75,89.38,107.29,327.33,0.8709,-1,-1,-1
486,161,245.35,42.74,102.52,394.42,0.8828,-1,-1,-1
486,163,503.81,82.93,92.65,323.78,0.8733,-1,-1,-1
486,170,26.05,-0.03,254.53,481.25,0.7839,-1,-1,-1
487,157,391.27,90.73,100.29,324.38,0.8712,-1,-1,-1
487,161,240.65,40.67,101.81,392.27,0.8847,-1,-1,-1
487,163,491.41,86.01,91.87,326.59,0.8850,-1,-1,-1
487,170,21.93,0.69,257.55,480.95,0.8442,-1,-1,-1
488,157,389.88,92.69,99.51,325.02,0.8520,-1,-1,-1
488,161,242.94,38.13,97.21,385.52,0.8605,-1,-1,-1
488,163,467.26,89.75,110.31,329.08,0.8519,-1,-1,-1
488,170,26.55,-0.47,256.40,479.71,0.8164,-1,-1,-1
489,157,389.41,93.24,100.21,329.17,0.7843,-1,-1,-1
489,161,244.17,34.81,91.43,380.10,0.8672,-1,-1,-1
489,163,454.83,88.53,124.64,333.30,0.8952,-1,-1,-1
489,170,20.20,-2.13,263.08,480.64,0.6871,-1,-1,-1
490,157,384.21,95.72,103.13,328.63,0.8306,-1,-1,-1
490,161,248.44,34.10,79.62,356.19,0.6458,-1,-1,-1
490,163,453.11,90.35,129.22,332.49,0.8814,-1,-1,-1
490,170,9.80,-2.97,269.83,480.85,0.6197,-1,-1,-1
491,157,378.19,98.44,109.78,333.87,0.8504,-1,-1,-1
491,161,250.35,39.18,75.65,333.02,0.8144,-1,-1,-1
491,163,455.62,93.48,124.16,327.90,0.8676,-1,-1,-1
491,170,2.06,-0.52,280.28,479.97,0.8248,-1,-1,-1
492,157,376.61,95.53,108.52,330.47,0.8687,-1,-1,-1
492,161,249.75,39.14,75.39,306.17,0.8187,-1,-1,-1
492,163,460.84,89.87,110.54,322.17,0.8140,-1,-1,-1
492,170,-1.19,-0.63,281.52,478.82,0.7391,-1,-1,-1
493,157,375.87,94.56,105.10,323.44,0.8681,-1,-1,-1
493,161,245.92,41.57,80.03,289.40,0.8093,-1,-1,-1
493,163,465.59,89.06,106.57,326.35,0.8350,-1,-1,-1
493,170,-2.90,2.05,283.46,477.84,0.7244,-1,-1,-1
494,157,373.52,95.71,103.41,324.56,0.8321,-1,-1,-1
494,161,241.48,42.39,86.41,322.88,0.8514,-1,-1,-1
494,163,466.61,90.65,100.01,332.40,0.7724,-1,-1,-1
494,170,-3.70,1.81,284.96,480.59,0.7532,-1,-1,-1
495,157,366.47,91.02,108.14,329.42,0.8764,-1,-1,-1
495,161,234.40,31.46,95.75,343.98,0.8552,-1,-1,-1
495,163,463.62,88.00,96.69,338.11,0.8356,-1,-1,-1
495,170,-1.86,-4.03,276.56,482.88,0.3710,-1,-1,-1
495,160,337.63,142.44,64.06,193.50,0.4053,-1,-1,-1
496,157,365.93,92.67,109.31,333.01,0.8892,-1,-1,-1
496,161,232.28,28.99,102.43,351.46,0.8535,-1,-1,-1
496,163,463.96,89.75,97.02,339.18,0.8447,-1,-1,-1
496,170,-0.34,-2.22,275.90,481.95,0.4373,-1,-1,-1
496,160,342.10,137.93,59.41,206.68,0.5615,-1,-1,-1
497,157,369.66,93.23,104.46,337.32,0.8469,-1,-1,-1
497,161,231.00,27.44,105.62,349.84,0.8473,-1,-1,-1
497,163,464.49,89.74,100.99,340.85,0.8033,-1,-1,-1
497,170,0.52,-1.54,274.14,479.78,0.4711,-1,-1,-1
497,160,344.73,137.12,55.50,206.89,0.6548,-1,-1,-1
498,157,377.45,92.83,95.65,339.03,0.8278,-1,-1,-1
498,161,230.39,25.72,104.42,354.12,0.8122,-1,-1,-1
498,163,467.57,88.72,95.85,338.97,0.7976,-1,-1,-1
498,170,0.26,-1.59,275.29,480.77,0.6798,-1,-1,-1
498,160,340.49,138.39,60.04,204.68,0.6500,-1,-1,-1
499,157,379.50,89.26,96.10,335.47,0.8408,-1,-1,-1
499,161,230.65,24.50,102.45,329.92,0.8391,-1,-1,-1
499,163,470.00,84.18,98.22,330.62,0.7744,-1,-1,-1
499,170,-1.12,0.26,282.12,479.96,0.6286,-1,-1,-1
499,160,340.47,139.99,61.69,201.18,0.5445,-1,-1,-1
500,157,381.85,89.82,100.40,328.09,0.8534,-1,-1,-1
500,161,233.74,28.42,96.49,323.46,0.8270,-1,-1,-1
500,163,472.23,84.01,91.96,330.02,0.7345,-1,-1,-1
500,170,-1.12,2.43,285.96,478.04,0.5895,-1,-1,-1
500,160,343.36,138.44,59.55,206.16,0.6925,-1,-1,-1
501,157,385.49,88.91,104.49,328.52,0.7831,-1,-1,-1
501,161,239.79,29.96,88.44,320.43,0.7993,-1,-1,-1
501,163,465.85,81.91,100.61,334.68,0.7663,-1,-1,-1
501,170,0.17,2.53,292.12,474.44,0.7232,-1,-1,-1
501,160,350.14,137.17,54.70,208.65,0.6528,-1,-1,-1
502,157,389.84,90.20,107.17,333.59,0.7962,-1,-1,-1
502,161,245.54,30.99,79.39,316.76,0.6735,-1,-1,-1
502,163,460.60,84.86,122.19,340.34,0.6835,-1,-1,-1
502,170,7.05,2.32,292.75,476.06,0.7815,-1,-1,-1
502,160,351.07,136.41,62.28,212.77,0.6760,-1,-1,-1
503,157,393.43,86.72,107.63,335.08,0.8464,-1,-1,-1
503,163,465.10,81.15,124.32,338.67,0.8678,-1,-1,-1
503,170,16.80,-1.18,294.36,474.71,0.5543,-1,-1,-1
504,157,394.49,84.21,107.93,336.80,0.8560,-1,-1,-1
504,163,472.17,77.15,121.80,341.53,0.8774,-1,-1,-1
504,170,9.09,-1.72,306.47,476.40,0.6561,-1,-1,-1
504,160,345.39,126.15,65.39,217.91,0.4468,-1,-1,-1
505,157,394.96,85.73,103.85,334.74,0.8393,-1,-1,-1
505,163,478.13,77.93,117.72,336.65,0.8635,-1,-1,-1
505,170,11.39,2.33,316.80,476.17,0.5061,-1,-1,-1
505,160,340.69,129.12,71.33,221.83,0.5845,-1,-1,-1
506,157,390.60,81.65,101.61,325.24,0.8595,-1,-1,-1
506,163,481.71,74.12,115.98,333.43,0.8743,-1,-1,-1
506,170,11.69,2.75,322.27,473.30,0.5653,-1,-1,-1
506,160,346.30,128.40,62.33,219.31,0.6641,-1,-1,-1
507,157,387.57,83.89,100.39,322.26,0.8243,-1,-1,-1
507,163,482.87,76.69,115.54,336.99,0.8488,-1,-1,-1
507,170,29.41,3.83,310.83,475.73,0.6286,-1,-1,-1
507,160,339.61,131.45,65.74,218.28,0.6451,-1,-1,-1
508,157,380.91,83.18,107.46,326.15,0.8268,-1,-1,-1
508,163,485.34,77.29,113.77,339.58,0.8543,-1,-1,-1
508,170,52.72,2.60,293.89,472.99,0.6250,-1,-1,-1
508,160,341.03,129.57,64.57,214.97,0.7141,-1,-1,-1
509,157,371.62,80.04,116.11,328.90,0.8553,-1,-1,-1
509,163,487.25,75.14,106.91,342.49,0.8492,-1,-1,-1
509,170,70.22,-0.22,279.93,471.79,0.6205,-1,-1,-1
509,160,344.14,123.91,61.12,213.63,0.6588,-1,-1,-1
509,175,1.52,93.90,86.68,219.36,0.5992,-1,-1,-1
510,157,371.40,84.26,114.57,332.24,0.8441,-1,-1,-1
510,163,489.82,80.31,106.08,339.06,0.8117,-1,-1,-1
510,170,88.95,0.67,270.14,471.85,0.3890,-1,-1,-1
510,160,350.72,127.07,55.13,210.59,0.5704,-1,-1,-1
510,175,4.00,81.28,100.37,247.06,0.7466,-1,-1,-1
511,157,380.60,83.41,105.47,333.70,0.8348,-1,-1,-1
511,163,494.44,78.53,100.54,339.83,0.7718,-1,-1,-1
511,170,107.25,1.15,224.34,472.05,0.3711,-1,-1,-1
511,175,6.82,66.04,119.53,275.71,0.6792,-1,-1,-1
512,157,387.36,86.93,103.49,335.91,0.8622,-1,-1,-1
512,163,501.37,81.75,98.12,332.86,0.7594,-1,-1,-1
512,170,122.34,4.57,257.34,474.85,0.5870,-1,-1,-1
512,175,18.78,67.35,127.47,289.43,0.7095,-1,-1,-1
513,157,401.75,92.03,98.14,322.81,0.8337,-1,-1,-1
513,163,507.67,83.48,95.22,329.01,0.8385,-1,-1,-1
513,170,148.29,7.49,270.77,468.49,0.6844,-1,-1,-1
513,175,54.71,74.42,117.49,316.59,0.8416,-1,-1,-1
513,177,15.67,130.35,79.53,224.08,0.8405,-1,-1,-1
514,157,411.44,89.10,86.31,316.57,0.8662,-1,-1,-1
514,163,505.06,79.77,95.49,332.58,0.8378,-1,-1,-1
514,170,158.52,3.64,275.48,468.46,0.5517,-1,-1,-1
514,175,76.12,69.69,104.91,330.46,0.8856,-1,-1,-1
514,177,8.31,119.32,82.10,234.01,0.8450,-1,-1,-1
515,157,427.38,94.12,71.54,227.59,0.8157,-1,-1,-1
515,163,493.39,83.16,108.85,334.23,0.8417,-1,-1,-1
515,170,185.13,4.93,272.08,464.84,0.7153,-1,-1,-1
515,175,95.26,74.15,109.63,331.37,0.8878,-1,-1,-1
516,163,491.80,85.02,121.84,335.03,0.8219,-1,-1,-1
516,170,222.11,2.59,262.96,462.34,0.7072,-1,-1,-1
516,175,109.48,73.96,114.69,328.86,0.8785,-1,-1,-1
517,163,500.34,86.41,124.41,335.70,0.8859,-1,-1,-1
517,170,248.03,1.32,266.50,460.80,0.7442,-1,-1,-1
517,180,196.65,77.84,75.27,298.35,0.5607,-1,-1,-1
517,177,97.13,88.63,108.81,312.96,0.8725,-1,-1,-1
518,163,515.55,89.82,115.54,338.32,0.8425,-1,-1,-1
518,170,266.11,-1.01,275.98,470.75,0.7534,-1,-1,-1
518,180,196.54,39.72,102.45,347.28,0.8533,-1,-1,-1
518,177,104.57,82.71,114.95,325.26,0.8743,-1,-1,-1
519,170,280.55,-4.71,291.98,484.59,0.7190,-1,-1,-1
519,180,188.84,22.75,117.39,395.31,0.8749,-1,-1,-1
519,177,111.28,74.20,106.09,325.87,0.8668,-1,-1,-1
520,170,292.50,-1.81,304.73,486.42,0.8223,-1,-1,-1
520,180,182.91,17.70,135.11,440.47,0.8774,-1,-1,-1
520,177,122.43,73.70,95.18,325.66,0.8340,-1,-1,-1
521,170,321.88,0.14,314.58,485.06,0.8640,-1,-1,-1
521,180,182.72,14.12,151.89,455.04,0.8792,-1,-1,-1
521,177,119.06,78.15,104.80,323.36,0.8424,-1,-1,-1
522,170,342.36,0.83,301.87,479.53,0.7792,-1,-1,-1
522,180,182.62,14.46,159.19,456.68,0.8876,-1,-1,-1
522,177,113.90,83.77,109.76,321.26,0.8236,-1,-1,-1
523,170,358.11,-2.68,290.56,482.94,0.8149,-1,-1,-1
523,180,183.52,9.64,160.36,465.03,0.8998,-1,-1,-1
523,177,106.94,84.51,113.50,321.80,0.7713,-1,-1,-1
524,170,373.35,-7.97,280.08,489.23,0.8006,-1,-1,-1
524,180,184.28,0.98,161.08,479.81,0.8948,-1,-1,-1
524,177,101.30,76.95,117.84,323.11,0.8325,-1,-1,-1
525,170,392.07,-5.05,262.37,489.47,0.8934,-1,-1,-1
525,180,194.80,7.08,159.47,481.29,0.8895,-1,-1,-1
525,177,108.14,79.68,117.32,312.40,0.8325,-1,-1,-1
526,170,406.80,-3.29,243.92,488.78,0.8942,-1,-1,-1
526,180,202.23,8.89,159.73,480.92,0.8738,-1,-1,-1
526,177,125.63,76.02,105.45,300.89,0.8529,-1,-1,-1
527,170,417.04,-0.72,225.83,486.48,0.8698,-1,-1,-1
527,180,200.92,8.93,161.30,479.11,0.8661,-1,-1,-1
527,177,138.85,72.62,91.75,299.67,0.8489,-1,-1,-1
528,170,437.93,4.09,204.78,490.33,0.9061,-1,-1,-1
528,180,199.40,18.08,169.03,475.57,0.8605,-1,-1,-1
528,177,156.53,83.19,78.77,301.74,0.8614,-1,-1,-1
529,170,448.47,4.18,192.84,480.10,0.8936,-1,-1,-1
529,180,198.75,25.97,175.12,462.17,0.8829,-1,-1,-1
529,177,160.46,96.07,79.57,293.92,0.8438,-1,-1,-1
529,183,126.61,165.55,47.38,145.79,0.7924,-1,-1,-1
529,184,385.42,105.85,85.03,317.43,0.8117,-1,-1,-1
530,170,464.96,0.38,176.98,477.92,0.9025,-1,-1,-1
530,180,203.11,26.70,177.52,447.45,0.8749,-1,-1,-1
530,177,158.25,100.56,86.52,289.07,0.8630,-1,-1,-1
530,183,120.42,162.43,48.60,151.44,0.7848,-1,-1,-1
530,184,386.05,108.27,92.97,319.44,0.7385,-1,-1,-1
531,170,474.68,0.53,164.28,475.96,0.8965,-1,-1,-1
531,180,210.91,28.16,170.75,447.28,0.8791,-1,-1,-1
531,177,156.39,103.47,91.11,286.85,0.8511,-1,-1,-1
531,183,112.93,160.03,53.78,156.92,0.8114,-1,-1,-1
531,184,385.79,111.93,96.60,322.26,0.8240,-1,-1,-1
532,170,484.48,0.23,152.69,475.25,0.8852,-1,-1,-1
532,180,218.73,26.17,156.45,450.83,0.8936,-1,-1,-1
532,177,161.75,100.99,86.55,277.82,0.8406,-1,-1,-1
532,183,96.80,157.09,62.17,163.87,0.7518,-1,-1,-1
532,184,379.45,106.37,98.18,322.40,0.8402,-1,-1,-1
533,170,483.84,-1.41,152.48,476.37,0.8890,-1,-1,-1
533,180,215.57,21.29,149.48,456.17,0.8799,-1,-1,-1
533,177,166.78,94.28,77.81,276.84,0.7978,-1,-1,-1
533,183,76.49,152.48,71.52,169.35,0.7949,-1,-1,-1
533,184,371.15,98.56,98.66,314.45,0.8438,-1,-1,-1
533,185,464.89,92.02,50.06,265.08,0.5636,-1,-1,-1
534,170,485.61,1.19,149.04,476.56,0.8880,-1,-1,-1
534,180,202.46,21.13,144.58,458.16,0.8854,-1,-1,-1
534,177,151.02,89.66,84.34,280.29,0.7946,-1,-1,-1
534,183,54.87,146.13,69.42,180.16,0.7984,-1,-1,-1
534,184,358.27,95.48,96.51,315.00,0.7876,-1,-1,-1
534,185,454.10,89.46,59.70,292.96,0.7802,-1,-1,-1
535,170,491.74,3.38,144.02,473.47,0.8779,-1,-1,-1
535,180,191.58,22.88,147.85,457.21,0.8782,-1,-1,-1
535,177,140.77,90.21,89.55,288.76,0.5142,-1,-1,-1
535,183,41.27,139.75,69.58,190.27,0.7869,-1,-1,-1
535,184,342.25,96.19,103.65,317.01,0.7805,-1,-1,-1
535,185,448.56,89.51,68.17,318.94,0.8451,-1,-1,-1
536,170,499.58,1.66,139.12,474.74,0.8810,-1,-1,-1
536,180,191.83,18.93,147.16,457.04,0.8794,-1,-1,-1
536,177,138.28,114.66,83.93,201.80,0.5161,-1,-1,-1
536,183,30.21,132.69,74.59,199.87,0.7968,-1,-1,-1
536,184,328.06,96.14,115.36,321.19,0.8517,-1,-1,-1
536,185,445.96,88.25,77.11,321.73,0.8429,-1,-1,-1
537,170,506.05,4.67,132.90,470.89,0.8824,-1,-1,-1
537,180,191.76,6.42,148.20,457.09,0.8817,-1,-1,-1
537,177,135.63,118.80,79.86,173.65,0.4640,-1,-1,-1
537,183,13.46,118.74,81.46,210.17,0.8026,-1,-1,-1
537,184,319.72,91.60,120.23,328.07,0.8493,-1,-1,-1
537,185,442.82,83.64,84.48,322.24,0.8732,-1,-1,-1
538,170,511.90,4.18,126.73,473.15,0.8789,-1,-1,-1
538,180,193.62,3.20,151.77,453.64,0.8947,-1,-1,-1
538,177,134.02,125.57,76.04,161.63,0.5854,-1,-1,-1
538,183,5.88,115.77,83.63,221.38,0.8456,-1,-1,-1
538,184,323.64,91.13,112.86,332.35,0.8007,-1,-1,-1
538,185,440.05,85.12,90.79,334.69,0.8513,-1,-1,-1
538,187,124.78,145.58,37.84,140.66,0.6651,-1,-1,-1
539,170,530.70,1.67,110.70,474.07,0.8620,-1,-1,-1
539,180,197.58,-0.69,158.66,463.83,0.8856,-1,-1,-1
539,177,148.88,122.37,63.55,161.48,0.6061,-1,-1,-1
539,183,-0.24,109.51,86.58,235.51,0.8775,-1,-1,-1
539,184,333.35,86.48,103.74,331.08,0.8634,-1,-1,-1
539,185,447.37,82.14,94.23,330.52,0.8490,-1,-1,-1
539,187,122.45,139.74,44.95,145.51,0.7932,-1,-1,-1
539,188,409.75,125.49,49.30,225.57,0.7755,-1,-1,-1
540,170,542.38,4.94,100.28,467.90,0.8122,-1,-1,-1
540,180,201.47,-0.15,162.81,473.00,0.8777,-1,-1,-1
540,183,-3.71,112.32,89.83,246.28,0.8681,-1,-1,-1
540,184,340.28,87.54,98.88,326.80,0.8686,-1,-1,-1
540,185,451.01,78.60,101.76,339.09,0.8351,-1,-1,-1
540,187,121.20,138.95,52.68,151.39,0.7812,-1,-1,-1
540,188,413.25,127.34,51.39,223.70,0.7292,-1,-1,-1
541,170,562.40,18.72,81.52,423.62,0.7544,-1,-1,-1
541,180,212.99,-0.32,162.77,473.86,0.8654,-1,-1,-1
541,183,-2.87,108.89,85.21,262.31,0.8601,-1,-1,-1
541,184,350.53,84.09,95.60,334.61,0.8384,-1,-1,-1
541,185,457.97,74.24,112.95,346.76,0.7461,-1,-1,-1
541,187,119.45,139.45,61.90,155.80,0.8574,-1,-1,-1
541,188,423.21,125.99,49.87,232.90,0.6711,-1,-1,-1
541,189,187.48,123.79,57.80,247.17,0.7327,-1,-1,-1
542,170,588.80,39.18,53.54,390.96,0.4941,-1,-1,-1
542,180,226.09,0.97,158.04,474.49,0.8767,-1,-1,-1
542,183,-2.70,100.63,77.69,280.00,0.8438,-1,-1,-1
542,184,360.13,83.81,91.29,339.54,0.7930,-1,-1,-1
542,185,453.35,72.07,123.06,355.64,0.6215,-1,-1,-1
542,187,111.58,139.59,71.93,161.44,0.8664,-1,-1,-1
542,189,204.82,122.74,47.27,251.27,0.4877,-1,-1,-1
542,177,186.97,126.95,49.26,172.28,0.3919,-1,-1,-1
543,180,233.92,6.93,158.93,471.41,0.8474,-1,-1,-1
543,183,-2.65,94.41,74.06,293.47,0.8645,-1,-1,-1
543,184,366.82,89.72,86.88,342.40,0.6886,-1,-1,-1
543,185,444.93,76.06,126.70,362.84,0.8114,-1,-1,-1
543,187,104.39,143.51,77.74,162.89,0.8755,-1,-1,-1
543,189,213.54,124.01,43.88,256.43,0.5257,-1,-1,-1
543,177,187.16,145.09,40.55,155.83,0.5616,-1,-1,-1
543,188,431.71,125.69,51.13,275.93,0.3388,-1,-1,-1
544,180,243.68,3.26,157.46,474.68,0.8633,-1,-1,-1
544,183,-0.48,84.11,60.02,303.73,0.8031,-1,-1,-1
544,184,383.31,87.95,75.33,324.78,0.5156,-1,-1,-1
544,185,447.54,75.49,131.25,368.09,0.8223,-1,-1,-1
544,187,100.99,136.41,80.26,168.23,0.8782,-1,-1,-1
544,189,220.00,128.97,44.02,248.09,0.6382,-1,-1,-1
544,177,186.06,145.20,47.05,152.57,0.7646,-1,-1,-1
545,180,246.04,1.30,164.29,476.12,0.8553,-1,-1,-1
545,183,-0.04,99.48,60.71,289.09,0.7935,-1,-1,-1
545,184,395.27,88.02,68.42,337.80,0.5132,-1,-1,-1
545,185,453.60,74.31,132.07,371.64,0.8016,-1,-1,-1
545,187,101.48,134.05,81.34,170.89,0.8726,-1,-1,-1
545,189,227.20,140.23,43.10,235.26,0.3899,-1,-1,-1
545,177,187.72,147.48,50.07,151.45,0.7137,-1,-1,-1
546,180,254.03,0.36,172.66,477.32,0.8985,-1,-1,-1
546,183,0.39,112.31,55.89,282.93,0.7622,-1,-1,-1
546,184,384.63,84.47,88.96,347.79,0.5795,-1,-1,-1
546,185,468.72,71.37,127.67,374.27,0.7836,-1,-1,-1
546,187,105.21,131.15,81.73,175.90,0.8602,-1,-1,-1
546,177,194.19,149.06,51.51,152.82,0.7579,-1,-1,-1
547,180,251.89,-1.31,187.24,479.41,0.8883,-1,-1,-1
547,183,-0.92,119.38,38.37,276.02,0.5029,-1,-1,-1
547,184,391.98,80.82,89.64,344.00,0.6853,-1,-1,-1
547,185,483.56,65.85,124.83,370.23,0.7380,-1,-1,-1
547,187,109.24,122.52,74.26,183.68,0.7894,-1,-1,-1
547,177,194.40,143.13,54.57,158.70,0.8171,-1,-1,-1
548,180,251.97,-0.83,194.81,474.48,0.8814,-1,-1,-1
548,184,401.00,81.46,85.11,348.24,0.5365,-1,-1,-1
548,185,500.14,64.15,121.66,376.71,0.7096,-1,-1,-1
548,187,114.59,120.33,67.61,188.61,0.8157,-1,-1,-1
548,177,196.25,139.88,59.89,164.45,0.8394,-1,-1,-1
548,188,475.84,117.01,45.44,256.77,0.6141,-1,-1,-1
549,180,252.76,-0.45,197.06,471.77,0.8594,-1,-1,-1
549,184,421.36,85.92,69.54,336.74,0.4070,-1,-1,-1
549,185,511.29,62.09,124.84,386.26,0.7685,-1,-1,-1
549,187,115.34,117.97,66.97,192.98,0.8225,-1,-1,-1
549,177,195.07,136.33,63.30,169.55,0.8261,-1,-1,-1
549,188,480.09,121.27,48.62,247.50,0.6846,-1,-1,-1
550,180,257.86,-5.15,194.73,480.40,0.7731,-1,-1,-1
550,184,411.53,67.77,78.91,360.99,0.3738,-1,-1,-1
550,185,525.75,48.13,117.44,401.00,0.8854,-1,-1,-1
550,187,107.38,103.23,70.82,202.14,0.7353,-1,-1,-1
550,177,194.85,119.25,63.86,177.27,0.8328,-1,-1,-1
550,188,486.04,111.46,54.56,248.71,0.7895,-1,-1,-1
551,180,262.48,-1.24,186.29,478.98,0.7981,-1,-1,-1
551,184,408.56,69.48,80.80,365.29,0.5840,-1,-1,-1
551,185,531.59,44.43,111.31,407.44,0.9019,-1,-1,-1
551,187,95.21,98.79,77.60,208.65,0.8372,-1,-1,-1
551,177,192.90,114.47,63.92,181.64,0.8254,-1,-1,-1
551,188,487.33,109.66,60.99,249.22,0.7482,-1,-1,-1
551,189,256.25,123.56,54.98,211.95,0.3576,-1,-1,-1
552,180,261.08,3.29,206.86,465.31,0.7676,-1,-1,-1
552,184,414.64,70.96,68.76,285.38,0.6492,-1,-1,-1
552,185,537.15,50.48,104.92,410.25,0.8940,-1,-1,-1
552,187,79.68,104.05,83.73,216.73,0.8669,-1,-1,-1
552,177,182.42,117.94,72.57,190.84,0.8695,-1,-1,-1
552,188,490.44,117.30,60.52,248.42,0.8078,-1,-1,-1
552,189,256.79,129.49,52.89,206.95,0.3710,-1,-1,-1
553,180,256.45,6.72,209.47,470.36,0.8598,-1,-1,-1
553,184,412.52,69.43,67.76,255.17,0.6963,-1,-1,-1
553,185,544.27,52.27,96.97,412.51,0.8766,-1,-1,-1
553,187,71.45,100.20,83.42,225.86,0.8717,-1,-1,-1
553,177,173.01,117.50,78.62,195.87,0.8716,-1,-1,-1
553,188,494.61,119.04,60.55,248.38,0.8039,-1,-1,-1
554,180,249.46,2.70,199.26,478.00,0.8953,-1,-1,-1
554,184,423.37,103.28,54.10,220.48,0.3899,-1,-1,-1
554,185,550.43,51.83,90.53,408.65,0.8936,-1,-1,-1
554,187,63.28,96.38,81.46,235.21,0.8522,-1,-1,-1
554,177,167.07,116.49,81.29,203.93,0.8604,-1,-1,-1
554,188,499.98,119.70,61.61,247.99,0.7678,-1,-1,-1
555,180,256.80,-0.76,191.65,479.96,0.9125,-1,-1,-1
555,184,411.75,111.62,62.33,236.85,0.6300,-1,-1,-1
555,185,559.35,45.73,82.85,403.98,0.8912,-1,-1,-1
555,187,60.06,89.13,74.76,242.81,0.8391,-1,-1,-1
555,177,166.93,109.74,78.81,213.41,0.8783,-1,-1,-1
555,188,506.96,113.25,65.34,247.26,0.7635,-1,-1,-1
556,180,253.40,2.09,193.56,478.78,0.9082,-1,-1,-1
556,184,411.82,117.16,64.79,244.50,0.6948,-1,-1,-1
556,185,564.44,47.52,76.54,402.55,0.8629,-1,-1,-1
556,187,49.05,89.75,77.63,248.56,0.8331,-1,-1,-1
556,177,164.53,111.30,77.31,220.13,0.8762,-1,-1,-1
556,188,509.07,115.98,69.52,247.70,0.7722,-1,-1,-1
557,180,258.38,6.42,190.60,477.88,0.9203,-1,-1,-1
557,184,417.10,124.67,73.49,269.73,0.7216,-1,-1,-1
557,185,555.70,61.36,84.63,393.36,0.8320,-1,-1,-1
557,187,26.62,93.00,87.91,258.07,0.8682,-1,-1,-1
557,177,157.50,113.85,78.12,230.87,0.8789,-1,-1,-1
557,188,515.45,129.11,66.35,244.72,0.8214,-1,-1,-1
558,180,260.73,3.83,189.13,474.93,0.9082,-1,-1,-1
558,184,418.04,119.96,84.94,283.32,0.8158,-1,-1,-1
558,185,550.13,60.85,89.75,382.01,0.8451,-1,-1,-1
558,187,6.26,85.25,98.14,266.87,0.8952,-1,-1,-1
558,177,152.63,107.83,79.83,237.05,0.8721,-1,-1,-1
558,188,519.62,129.79,63.13,234.80,0.8128,-1,-1,-1
559,180,268.84,-0.35,189.95,474.94,0.9217,-1,-1,-1
559,184,427.40,106.24,102.92,308.91,0.8191,-1,-1,-1
559,185,557.51,49.96,88.15,374.74,0.8579,-1,-1,-1
559,187,-2.25,79.14,100.58,274.21,0.9037,-1,-1,-1
559,177,150.10,97.18,86.83,245.75,0.8667,-1,-1,-1
559,188,532.31,118.19,64.46,245.56,0.7421,-1,-1,-1
560,180,270.46,0.11,188.29,476.78,0.9136,-1,-1,-1
560,184,438.36,95.63,106.99,331.23,0.8006,-1,-1,-1
560,185,569.24,45.51,74.04,376.49,0.8585,-1,-1,-1
560,187,-6.16,77.69,96.79,281.26,0.9214,-1,-1,-1
560,177,144.18,91.69,91.78,258.91,0.8781,-1,-1,-1
560,188,537.49,114.25,61.49,242.99,0.7395,-1,-1,-1
561,180,256.28,-1.39,196.30,480.96,0.8990,-1,-1,-1
561,184,443.25,76.11,111.65,358.96,0.6572,-1,-1,-1
561,185,571.82,38.80,69.02,387.04,0.8866,-1,-1,-1
561,187,-11.06,67.69,84.01,290.33,0.8848,-1,-1,-1
561,177,126.24,79.56,96.85,278.10,0.8097,-1,-1,-1
561,188,544.14,109.82,48.89,246.48,0.5997,-1,-1,-1
562,180,245.17,-1.92,201.66,480.89,0.8985,-1,-1,-1
562,184,450.87,59.75,114.14,377.53,0.7988,-1,-1,-1
562,185,568.71,34.38,70.37,395.97,0.9048,-1,-1,-1
562,187,-9.04,77.01,65.65,277.49,0.8560,-1,-1,-1
562,177,111.38,70.53,99.64,289.77,0.8753,-1,-1,-1
563,180,237.00,0.96,214.54,481.27,0.9243,-1,-1,-1
563,184,467.88,47.56,126.64,418.18,0.6245,-1,-1,-1
563,185,577.97,38.07,64.22,406.18,0.8313,-1,-1,-1
563,187,-6.10,96.60,40.34,263.40,0.5158,-1,-1,-1
563,177,97.59,64.69,106.82,313.49,0.8177,-1,-1,-1
563,191,410.56,79.96,71.74,271.43,0.6222,-1,-1,-1
564,180,233.04,1.67,217.90,479.97,0.9036,-1,-1,-1
564,184,501.11,39.21,119.32,435.08,0.5517,-1,-1,-1
564,185,582.95,39.77,58.31,411.11,0.6636,-1,-1,-1
564,177,86.47,57.92,115.09,330.37,0.8687,-1,-1,-1
564,191,413.26,78.67,73.55,280.16,0.7098,-1,-1,-1
565,180,232.27,-0.19,219.09,481.37,0.9221,-1,-1,-1
565,184,492.59,26.43,149.06,456.80,0.8272,-1,-1,-1
565,177,73.35,48.01,119.27,352.15,0.8584,-1,-1,-1
565,191,415.06,73.52,82.44,298.38,0.7920,-1,-1,-1
566,180,231.50,0.27,214.60,480.47,0.9175,-1,-1,-1
566,184,501.88,58.74,144.91,427.96,0.5172,-1,-1,-1
566,177,59.88,38.28,125.37,368.80,0.8917,-1,-1,-1
566,191,420.43,65.30,83.05,316.37,0.8403,-1,-1,-1
567,180,230.66,0.39,208.87,476.00,0.9194,-1,-1,-1
567,184,523.43,68.25,125.33,416.20,0.8255,-1,-1,-1
567,177,42.80,25.28,133.38,390.63,0.9007,-1,-1,-1
567,191,424.15,54.20,89.59,335.36,0.8584,-1,-1,-1
568,180,228.15,0.80,205.81,471.56,0.9187,-1,-1,-1
568,184,537.05,60.86,111.07,421.31,0.6951,-1,-1,-1
568,177,23.94,15.28,143.64,409.98,0.9122,-1,-1,-1
568,191,424.74,44.01,103.12,355.90,0.8648,-1,-1,-1
569,180,221.74,-0.30,206.11,473.67,0.9236,-1,-1,-1
569,184,562.85,52.50,86.12,428.51,0.4805,-1,-1,-1
569,177,3.14,1.40,152.20,441.66,0.9100,-1,-1,-1
569,191,421.56,26.17,123.87,380.75,0.8649,-1,-1,-1
570,180,213.65,1.13,208.14,472.22,0.9178,-1,-1,-1
570,184,564.97,46.94,78.99,390.90,0.6262,-1,-1,-1
570,177,-2.90,-1.54,147.27,440.59,0.9159,-1,-1,-1
570,191,424.05,13.24,132.20,399.97,0.8622,-1,-1,-1
571,180,196.64,0.26,222.34,476.71,0.9079,-1,-1,-1
571,184,568.56,51.84,73.87,375.34,0.8798,-1,-1,-1
571,177,-6.46,-5.67,131.54,453.21,0.8978,-1,-1,-1
571,191,431.36,1.71,140.74,428.37,0.8686,-1,-1,-1
572,180,185.00,-0.85,230.99,477.64,0.9157,-1,-1,-1
572,184,573.27,59.00,67.79,330.46,0.7341,-1,-1,-1
572,177,-6.24,-7.92,114.84,463.98,0.8826,-1,-1,-1
572,191,438.71,-3.52,149.02,451.24,0.8796,-1,-1,-1
573,180,178.78,1.84,239.38,477.11,0.9162,-1,-1,-1
573,184,589.18,69.84,51.36,318.77,0.4259,-1,-1,-1
573,177,-4.25,7.42,100.06,464.17,0.8323,-1,-1,-1
573,191,443.23,-2.01,169.96,476.01,0.8487,-1,-1,-1
574,180,178.69,0.42,248.95,479.41,0.9135,-1,-1,-1
574,191,455.92,-4.39,180.33,490.44,0.9044,-1,-1,-1
575,180,185.14,1.30,248.95,475.14,0.9049,-1,-1,-1
575,191,463.87,-4.17,181.56,489.17,0.9145,-1,-1,-1
576,180,191.81,-0.80,251.81,480.66,0.9184,-1,-1,-1
576,191,478.19,-7.19,176.65,494.05,0.9071,-1,-1,-1
577,180,201.36,0.01,248.55,478.85,0.9225,-1,-1,-1
577,191,492.40,-5.23,160.47,488.84,0.8957,-1,-1,-1
578,180,211.56,-0.81,244.87,481.10,0.9245,-1,-1,-1
578,191,516.43,-4.61,135.87,490.70,0.7291,-1,-1,-1
579,180,221.29,-3.11,239.65,482.84,0.9072,-1,-1,-1
580,180,231.63,2.04,234.18,474.45,0.9166,-1,-1,-1
580,194,502.95,96.06,128.04,318.60,0.8443,-1,-1,-1
581,180,252.26,5.87,229.51,469.34,0.9243,-1,-1,-1
581,194,507.52,80.19,93.97,324.35,0.7142,-1,-1,-1
581,195,218.77,151.31,46.56,131.56,0.7864,-1,-1,-1
582,180,258.21,5.65,231.25,466.24,0.9218,-1,-1,-1
582,194,498.63,71.83,84.88,325.17,0.6026,-1,-1,-1
582,195,213.60,150.80,52.31,135.17,0.8260,-1,-1,-1
583,180,265.35,6.50,241.28,467.47,0.9171,-1,-1,-1
583,194,499.47,79.24,75.89,322.87,0.6863,-1,-1,-1
583,195,209.72,159.00,57.40,137.81,0.7320,-1,-1,-1
584,180,270.11,3.80,256.52,468.48,0.9155,-1,-1,-1
584,195,206.11,158.77,58.63,142.62,0.7192,-1,-1,-1
584,197,513.78,102.25,117.31,313.94,0.5038,-1,-1,-1
585,180,273.09,1.57,271.58,467.50,0.9072,-1,-1,-1
585,195,201.88,151.10,58.13,149.46,0.7361,-1,-1,-1
585,198,548.48,118.21,59.56,235.14,0.4531,-1,-1,-1
585,199,1.32,-0.94,108.09,464.45,0.6190,-1,-1,-1
586,180,277.58,3.71,275.81,467.26,0.9011,-1,-1,-1
586,195,198.64,148.31,60.02,158.91,0.8082,-1,-1,-1
586,198,539.82,121.56,67.08,253.71,0.7515,-1,-1,-1
586,199,2.32,0.93,114.45,472.62,0.5812,-1,-1,-1
586,194,458.95,91.21,123.79,318.84,0.3595,-1,-1,-1
587,180,276.30,2.78,267.27,464.30,0.9127,-1,-1,-1
587,195,188.22,144.51,62.13,160.99,0.8180,-1,-1,-1
587,198,523.77,117.59,70.23,256.42,0.6560,-1,-1,-1
587,199,-0.02,0.77,113.21,475.33,0.6821,-1,-1,-1
587,194,448.12,123.49,116.60,274.79,0.5198,-1,-1,-1
588,180,273.14,3.97,257.40,470.73,0.9158,-1,-1,-1
588,195,178.31,147.16,61.68,164.40,0.8345,-1,-1,-1
588,198,513.10,123.33,72.02,253.96,0.7257,-1,-1,-1
588,199,-1.55,1.70,106.46,477.83,0.6465,-1,-1,-1
588,194,444.54,164.42,94.19,229.22,0.5844,-1,-1,-1
589,180,248.62,4.13,252.96,473.01,0.9051,-1,-1,-1
589,195,153.44,145.88,64.00,170.77,0.7229,-1,-1,-1
589,198,474.89,128.68,88.37,247.54,0.6394,-1,-1,-1
589,199,-4.22,1.53,97.58,476.84,0.6293,-1,-1,-1
590,180,234.37,1.55,255.63,473.66,0.8834,-1,-1,-1
590,195,139.17,141.26,68.54,177.26,0.8216,-1,-1,-1
590,198,457.36,125.83,96.44,246.67,0.7959,-1,-1,-1
590,199,-2.75,1.23,98.32,472.48,0.3432,-1,-1,-1
591,180,207.63,-0.15,264.78,476.53,0.8733,-1,-1,-1
591,195,120.60,139.45,68.85,183.27,0.8122,-1,-1,-1
591,198,442.26,122.73,95.85,245.91,0.6489,-1,-1,-1
591,199,-5.02,-0.38,110.51,473.95,0.6629,-1,-1,-1
592,180,188.45,1.41,263.02,477.74,0.8745,-1,-1,-1
592,195,102.31,142.98,72.33,193.94,0.8585,-1,-1,-1
592,198,410.21,126.26,105.56,257.48,0.7559,-1,-1,-1
592,199,-4.92,0.98,85.32,408.78,0.7696,-1,-1,-1
593,180,187.56,-1.73,254.93,479.14,0.8939,-1,-1,-1
593,195,83.51,132.24,75.42,206.03,0.8117,-1,-1,-1
593,198,380.93,122.41,101.97,256.82,0.3695,-1,-1,-1
593,199,-1.99,6.27,100.40,448.00,0.4038,-1,-1,-1
594,180,188.48,-1.97,249.21,478.80,0.8991,-1,-1,-1
594,195,71.31,124.04,77.68,214.43,0.8333,-1,-1,-1
594,199,-0.25,19.49,97.45,449.76,0.5638,-1,-1,-1
595,180,189.02,1.02,243.52,480.79,0.9078,-1,-1,-1
595,195,46.81,121.09,88.22,228.02,0.7864,-1,-1,-1
596,180,189.79,0.77,236.84,480.17,0.9078,-1,-1,-1
596,195,34.47,113.15,91.44,237.64,0.8217,-1,-1,-1
596,198,364.41,125.26,85.20,262.17,0.5818,-1,-1,-1
597,180,194.11,0.04,225.95,480.18,0.9004,-1,-1,-1
597,195,24.52,106.28,90.29,247.03,0.7980,-1,-1,-1
597,204,-1.39,52.80,38.52,301.37,0.5669,-1,-1,-1
597,198,358.73,134.97,84.58,249.95,0.3712,-1,-1,-1
598,180,198.88,1.22,219.66,478.83,0.9108,-1,-1,-1
598,195,14.56,105.81,88.61,253.62,0.7668,-1,-1,-1
598,204,-0.91,107.00,35.45,248.78,0.4540,-1,-1,-1
598,205,158.23,154.91,53.38,149.37,0.7754,-1,-1,-1
599,180,199.47,-0.04,222.32,477.54,0.9032,-1,-1,-1
599,195,1.79,100.47,91.67,274.74,0.8245,-1,-1,-1
599,205,151.36,152.47,58.08,151.36,0.8051,-1,-1,-1
599,206,606.53,200.17,33.26,141.46,0.6152,-1,-1,-1
599,198,367.27,139.05,60.44,235.01,0.4019,-1,-1,-1
600,180,200.82,1.14,230.05,476.61,0.9121,-1,-1,-1
600,195,-2.96,96.21,78.78,279.62,0.8680,-1,-1,-1
600,205,146.02,153.54,60.52,158.45,0.8116,-1,-1,-1
600,206,600.02,160.69,40.36,190.08,0.6039,-1,-1,-1
601,180,199.39,1.13,236.80,476.73,0.9209,-1,-1,-1
601,195,-2.47,119.89,63.23,255.93,0.4183,-1,-1,-1
601,205,141.92,153.27,62.43,162.95,0.8204,-1,-1,-1
601,206,596.09,134.94,44.93,219.24,0.5683,-1,-1,-1
602,180,195.29,-0.94,244.05,478.27,0.9112,-1,-1,-1
602,205,139.85,150.16,60.58,167.30,0.8201,-1,-1,-1
602,206,592.41,112.90,49.20,243.78,0.5306,-1,-1,-1
603,180,193.33,0.45,241.30,479.63,0.9084,-1,-1,-1
603,205,132.68,152.20,62.92,173.00,0.8622,-1,-1,-1
603,206,589.00,104.12,51.92,259.91,0.5837,-1,-1,-1
604,180,192.81,-0.28,236.10,479.68,0.9057,-1,-1,-1
604,205,129.35,148.70,67.71,178.59,0.8127,-1,-1,-1
604,206,583.51,97.30,57.34,339.30,0.4698,-1,-1,-1
604,198,367.55,175.86,64.10,196.31,0.3795,-1,-1,-1
605,180,196.23,-0.14,224.16,480.58,0.9085,-1,-1,-1
605,205,127.06,145.51,68.91,183.84,0.8074,-1,-1,-1
605,206,585.01,91.19,56.38,304.17,0.5190,-1,-1,-1
605,207,-0.82,218.50,61.31,204.32,0.4953,-1,-1,-1
605,198,370.76,184.09,57.16,187.64,0.3238,-1,-1,-1
606,180,200.75,-0.60,214.93,478.61,0.9110,-1,-1,-1
606,205,125.60,140.71,70.62,185.96,0.8113,-1,-1,-1
606,206,589.54,89.20,52.64,362.00,0.4641,-1,-1,-1
606,207,0.16,216.22,67.03,251.80,0.4066,-1,-1,-1
607,180,198.18,-1.03,212.42,481.33,0.9039,-1,-1,-1
607,205,116.41,133.96,76.45,195.10,0.8302,-1,-1,-1
607,207,-1.89,200.26,69.41,240.03,0.4382,-1,-1,-1
608,180,195.69,-0.63,213.44,482.37,0.9086,-1,-1,-1
608,205,101.31,131.48,87.81,203.16,0.8437,-1,-1,-1
609,180,200.23,-3.59,217.57,482.18,0.9003,-1,-1,-1
609,205,95.38,122.43,93.21,212.45,0.8684,-1,-1,-1
610,180,207.04,-1.51,220.52,481.32,0.7993,-1,-1,-1
610,205,92.76,121.51,89.63,221.02,0.8499,-1,-1,-1
611,180,220.40,0.87,214.76,480.58,0.8659,-1,-1,-1
611,205,90.56,123.80,85.85,228.00,0.8527,-1,-1,-1
612,180,229.15,-0.60,219.64,480.07,0.8847,-1,-1,-1
612,205,81.52,116.52,86.82,238.23,0.8632,-1,-1,-1
612,210,192.94,139.97,69.58,244.66,0.4076,-1,-1,-1
612,211,162.34,166.95,37.65,122.72,0.7495,-1,-1,-1
613,180,229.92,-1.41,226.13,479.02,0.8775,-1,-1,-1
613,205,61.57,107.91,96.56,244.58,0.8604,-1,-1,-1
613,210,186.12,135.90,81.58,235.29,0.5147,-1,-1,-1
613,211,154.07,161.90,42.94,124.66,0.7298,-1,-1,-1
613,212,-0.53,17.50,74.54,305.26,0.7612,-1,-1,-1
614,180,242.09,0.81,227.03,478.64,0.8816,-1,-1,-1
614,205,49.32,101.76,95.06,262.50,0.8848,-1,-1,-1
614,210,176.11,112.90,89.71,255.35,0.8665,-1,-1,-1
614,211,141.85,159.67,47.93,130.19,0.7537,-1,-1,-1
614,212,-1.18,26.71,74.49,308.82,0.7064,-1,-1,-1
615,180,256.89,1.95,222.23,477.11,0.8894,-1,-1,-1
615,205,47.19,97.45,91.01,272.88,0.8384,-1,-1,-1
615,210,178.87,106.20,88.03,264.01,0.8633,-1,-1,-1
615,211,136.70,158.22,50.39,132.95,0.7917,-1,-1,-1
615,212,0.51,23.55,72.42,370.66,0.7938,-1,-1,-1
616,180,271.25,-0.32,224.48,480.22,0.8924,-1,-1,-1
616,205,47.24,90.42,82.53,273.20,0.7537,-1,-1,-1
616,210,183.84,103.45,83.96,271.22,0.8400,-1,-1,-1
616,211,129.89,152.50,54.23,138.70,0.8220,-1,-1,-1
616,212,-0.14,11.31,78.05,432.25,0.6317,-1,-1,-1
617,180,278.86,-2.30,226.48,479.58,0.8881,-1,-1,-1
617,205,43.72,77.87,78.11,230.61,0.6213,-1,-1,-1
617,210,184.17,97.64,82.25,273.24,0.8541,-1,-1,-1
617,211,125.67,144.18,56.87,143.03,0.7973,-1,-1,-1
617,212,0.01,1.58,85.27,462.28,0.4682,-1,-1,-1
617,213,251.26,109.72,55.79,192.17,0.6300,-1,-1,-1
618,180,278.73,-2.98,227.28,481.79,0.8937,-1,-1,-1
618,205,34.64,57.90,67.90,188.05,0.3166,-1,-1,-1
618,210,178.87,92.59,77.24,276.29,0.8549,-1,-1,-1
618,211,110.03,136.70,64.22,149.82,0.7921,-1,-1,-1
618,212,-1.28,-5.85,88.65,487.86,0.8149,-1,-1,-1
618,213,261.30,96.59,51.27,241.26,0.7249,-1,-1,-1
619,180,276.73,-0.07,226.02,479.58,0.9010,-1,-1,-1
619,210,172.04,92.85,74.23,271.47,0.8632,-1,-1,-1
619,211,101.86,134.12,57.36,152.57,0.8066,-1,-1,-1
619,212,0.72,-4.88,92.14,489.56,0.8445,-1,-1,-1
619,213,260.54,93.41,56.04,261.02,0.7926,-1,-1,-1
620,180,276.25,1.42,226.00,479.58,0.8565,-1,-1,-1
620,210,168.53,93.13,72.55,266.58,0.8336,-1,-1,-1
620,211,92.80,134.72,60.91,157.51,0.8081,-1,-1,-1
620,212,0.39,-1.45,100.11,489.53,0.8455,-1,-1,-1
620,213,259.52,92.30,62.34,271.83,0.8104,-1,-1,-1
620,214,233.54,124.71,41.82,175.86,0.6489,-1,-1,-1
621,180,288.77,4.44,212.96,475.30,0.8909,-1,-1,-1
621,210,169.58,103.38,73.29,265.28,0.7976,-1,-1,-1
621,211,90.29,142.46,64.63,161.24,0.7955,-1,-1,-1
621,212,0.02,5.68,107.49,489.00,0.8804,-1,-1,-1
621,213,260.56,101.20,68.44,270.99,0.8151,-1,-1,-1
621,214,237.43,134.23,40.46,176.07,0.7010,-1,-1,-1
622,180,305.46,4.97,198.45,475.48,0.9047,-1,-1,-1
622,210,173.34,112.41,73.30,265.65,0.8545,-1,-1,-1
622,211,90.28,146.77,64.84,162.42,0.8021,-1,-1,-1
622,212,0.16,6.08,119.20,490.03,0.8905,-1,-1,-1
622,213,265.01,110.80,66.99,272.50,0.8253,-1,-1,-1
622,214,242.55,144.00,35.67,169.81,0.6811,-1,-1,-1
623,180,309.89,3.29,190.36,476.98,0.9139,-1,-1,-1
623,210,171.00,117.75,73.70,267.06,0.8562,-1,-1,-1
623,211,88.98,145.76,59.38,151.40,0.7316,-1,-1,-1
623,212,-1.79,5.91,125.54,487.25,0.8239,-1,-1,-1
623,213,263.85,117.39,65.01,271.64,0.8259,-1,-1,-1
623,214,240.90,151.25,32.17,165.83,0.7129,-1,-1,-1
624,180,309.37,1.65,185.65,477.44,0.9197,-1,-1,-1
624,210,167.86,121.11,76.05,266.82,0.8213,-1,-1,-1
624,211,85.50,128.13,53.45,148.09,0.4267,-1,-1,-1
624,212,-0.76,2.26,122.45,487.83,0.6564,-1,-1,-1
624,213,260.46,119.53,68.04,269.97,0.8273,-1,-1,-1
624,214,239.92,155.27,29.37,164.94,0.5107,-1,-1,-1
625,180,309.58,-1.26,186.33,479.15,0.9171,-1,-1,-1
625,210,165.14,116.67,81.69,268.45,0.7985,-1,-1,-1
625,212,-0.56,47.71,102.32,437.79,0.6965,-1,-1,-1
625,213,252.19,115.69,76.75,262.05,0.8592,-1,-1,-1
626,180,311.67,-2.51,192.89,480.33,0.9133,-1,-1,-1
626,210,160.01,112.38,93.66,268.43,0.8228,-1,-1,-1
626,212,0.58,65.56,96.52,417.44,0.6167,-1,-1,-1
626,213,253.02,110.25,76.50,258.88,0.8529,-1,-1,-1
627,180,313.56,-4.08,205.27,482.39,0.9044,-1,-1,-1
627,210,169.31,104.37,85.07,264.37,0.7839,-1,-1,-1
627,212,-0.90,19.07,129.65,462.85,0.6251,-1,-1,-1
627,213,255.28,103.95,72.52,261.80,0.8542,-1,-1,-1
628,180,320.31,-3.60,221.39,482.21,0.9194,-1,-1,-1
628,210,175.34,97.98,83.34,263.64,0.8363,-1,-1,-1
628,212,0.41,4.00,146.34,478.96,0.6092,-1,-1,-1
628,213,258.56,100.99,74.46,263.31,0.8704,-1,-1,-1
629,180,330.86,1.46,244.67,479.14,0.8932,-1,-1,-1
629,210,186.15,106.57,82.45,263.25,0.8099,-1,-1,-1
629,212,2.96,4.91,162.71,482.91,0.6210,-1,-1,-1
629,213,267.61,111.15,76.83,261.07,0.8297,-1,-1,-1
630,180,342.85,0.19,269.56,483.08,0.8930,-1,-1,-1
630,210,190.17,113.30,91.12,264.66,0.7738,-1,-1,-1
630,212,-1.28,4.06,184.03,487.21,0.8124,-1,-1,-1
630,213,276.12,114.80,79.50,261.47,0.8099,-1,-1,-1
630,215,161.32,134.41,54.11,183.84,0.7467,-1,-1,-1
631,180,354.23,1.53,272.22,474.58,0.8939,-1,-1,-1
631,210,210.77,116.45,77.37,260.85,0.8263,-1,-1,-1
631,212,3.66,2.21,194.34,480.58,0.8903,-1,-1,-1
631,213,285.68,115.33,78.20,255.45,0.8256,-1,-1,-1
631,215,167.54,131.17,57.66,191.22,0.7460,-1,-1,-1
632,180,366.38,2.75,263.73,474.83,0.9166,-1,-1,-1
632,210,222.53,118.76,66.01,259.47,0.8479,-1,-1,-1
632,212,6.36,0.57,195.79,480.22,0.8934,-1,-1,-1
632,213,291.11,117.44,75.39,246.76,0.8495,-1,-1,-1
632,215,174.57,131.33,52.86,145.91,0.4527,-1,-1,-1
633,180,383.30,1.58,256.92,477.37,0.9046,-1,-1,-1
633,210,231.29,117.54,62.27,254.38,0.8410,-1,-1,-1
633,212,20.04,-1.24,192.33,481.57,0.8634,-1,-1,-1
633,213,299.17,115.65,73.61,246.60,0.8505,-1,-1,-1
633,215,178.15,129.81,51.20,229.29,0.5313,-1,-1,-1
634,180,401.07,-1.26,245.72,478.77,0.9106,-1,-1,-1
634,210,237.17,112.45,63.82,253.85,0.8294,-1,-1,-1
634,212,30.96,-3.52,180.38,484.84,0.7757,-1,-1,-1
634,213,307.97,112.80,72.38,248.91,0.8355,-1,-1,-1
634,216,0.42,69.39,54.37,304.51,0.7632,-1,-1,-1
635,180,415.90,-1.55,235.27,478.92,0.9113,-1,-1,-1
635,210,242.84,114.01,65.55,250.45,0.8128,-1,-1,-1
635,212,34.79,0.27,199.23,483.66,0.8729,-1,-1,-1
635,213,315.39,115.42,74.87,248.68,0.8468,-1,-1,-1
635,214,292.72,142.39,36.06,168.85,0.4250,-1,-1,-1
636,180,419.16,-0.72,226.88,478.10,0.9128,-1,-1,-1
636,210,237.72,116.04,68.55,247.48,0.7757,-1,-1,-1
636,212,35.13,1.08,209.32,480.64,0.8501,-1,-1,-1
636,213,315.02,115.84,73.12,245.69,0.8229,-1,-1,-1
636,214,290.08,141.13,39.04,167.80,0.4241,-1,-1,-1
637,180,421.67,0.55,221.33,476.26,0.9243,-1,-1,-1
637,210,243.10,118.13,62.73,240.73,0.7584,-1,-1,-1
637,212,45.84,0.77,204.20,478.76,0.8326,-1,-1,-1
637,213,315.34,115.65,70.58,240.50,0.8094,-1,-1,-1
637,214,291.50,140.25,37.94,166.41,0.5514,-1,-1,-1
638,180,420.40,1.84,219.47,474.01,0.9152,-1,-1,-1
638,210,247.82,118.17,59.14,229.95,0.8277,-1,-1,-1
638,212,59.21,0.89,196.50,476.57,0.8364,-1,-1,-1
638,213,313.96,114.48,69.79,232.97,0.8096,-1,-1,-1
639,180,409.66,2.70,227.38,473.09,0.8978,-1,-1,-1
639,210,248.51,115.95,56.51,228.41,0.8172,-1,-1,-1
639,212,65.94,1.46,186.46,475.45,0.7916,-1,-1,-1
639,213,310.30,113.16,71.17,233.39,0.8497,-1,-1,-1
640,180,405.04,3.57,229.45,475.27,0.8852,-1,-1,-1
640,210,243.17,114.64,58.00,231.42,0.8113,-1,-1,-1
640,212,34.36,1.69,211.25,476.58,0.8316,-1,-1,-1
640,213,302.98,114.22,74.65,235.02,0.8379,-1,-1,-1
641,180,408.92,4.48,224.27,473.82,0.9248,-1,-1,-1
641,210,237.52,119.35,59.31,233.27,0.7443,-1,-1,-1
641,212,26.10,3.14,216.65,475.61,0.8211,-1,-1,-1
641,213,296.33,119.07,74.24,234.17,0.8269,-1,-1,-1
642,180,406.29,3.38,228.60,475.63,0.9188,-1,-1,-1
642,210,236.51,122.99,59.53,236.19,0.7456,-1,-1,-1
642,212,21.60,2.63,220.49,475.38,0.8589,-1,-1,-1
642,213,293.32,121.67,75.36,233.53,0.8351,-1,-1,-1
642,217,7.59,50.26,96.94,336.35,0.5938,-1,-1,-1
642,216,-0.18,75.44,32.79,340.88,0.4760,-1,-1,-1
643,180,403.08,0.39,231.82,476.49,0.9265,-1,-1,-1
643,210,234.35,121.95,60.39,236.06,0.7145,-1,-1,-1
643,212,27.89,1.77,211.58,475.76,0.7258,-1,-1,-1
643,213,292.58,119.73,74.77,232.71,0.8122,-1,-1,-1
643,217,0.69,33.05,83.96,368.94,0.7639,-1,-1,-1
643,214,270.35,142.46,37.95,159.75,0.4605,-1,-1,-1
644,180,397.79,1.65,236.58,474.11,0.9290,-1,-1,-1
644,210,221.60,126.50,68.03,234.09,0.6474,-1,-1,-1
644,212,19.97,7.49,214.38,471.19,0.9028,-1,-1,-1
644,213,290.96,123.64,73.53,227.26,0.8343,-1,-1,-1
644,214,271.63,149.37,32.31,155.06,0.4346,-1,-1,-1
645,180,393.83,-0.10,242.30,474.70,0.9310,-1,-1,-1
645,210,219.97,125.68,61.75,229.15,0.7903,-1,-1,-1
645,212,33.08,2.50,194.53,475.52,0.8686,-1,-1,-1
645,213,287.46,120.60,70.92,229.17,0.8562,-1,-1,-1
645,214,268.96,145.83,30.88,158.40,0.5114,-1,-1,-1
646,180,389.56,0.31,247.07,474.42,0.9145,-1,-1,-1
646,210,219.17,125.11,56.45,214.40,0.7904,-1,-1,-1
646,212,53.67,0.51,169.81,478.35,0.8939,-1,-1,-1
646,213,283.77,121.84,67.21,229.68,0.7914,-1,-1,-1
646,214,264.50,145.22,28.06,127.91,0.5340,-1,-1,-1
647,180,388.32,1.40,249.38,476.32,0.9191,-1,-1,-1
647,210,218.47,126.13,52.59,197.95,0.8153,-1,-1,-1
647,212,63.83,-0.30,158.21,480.39,0.8976,-1,-1,-1
647,213,280.79,125.20,65.71,230.25,0.7967,-1,-1,-1
647,214,256.97,149.05,31.45,147.56,0.6761,-1,-1,-1
648,180,389.64,1.92,249.17,475.41,0.9144,-1,-1,-1
648,210,218.39,129.88,50.63,193.81,0.7353,-1,-1,-1
648,212,68.09,0.52,154.29,479.74,0.9028,-1,-1,-1
648,213,280.22,129.18,64.96,228.45,0.7823,-1,-1,-1
648,214,255.29,151.39,32.65,150.49,0.6552,-1,-1,-1
649,180,389.98,3.06,249.33,475.70,0.9203,-1,-1,-1
649,210,217.98,137.49,50.90,199.70,0.7172,-1,-1,-1
649,212,66.79,3.80,155.16,477.20,0.8980,-1,-1,-1
649,213,279.19,133.50,65.28,226.61,0.7799,-1,-1,-1
649,214,254.95,155.69,32.48,149.36,0.6807,-1,-1,-1
650,180,390.59,1.14,247.65,477.28,0.9206,-1,-1,-1
650,210,216.00,138.06,52.05,201.75,0.8070,-1,-1,-1
650,212,62.69,4.27,156.80,475.03,0.8956,-1,-1,-1
650,213,275.63,131.43,67.51,222.80,0.7991,-1,-1,-1
651,180,387.80,-1.88,249.40,479.23,0.8969,-1,-1,-1
651,210,207.65,127.35,54.17,213.20,0.7679,-1,-1,-1
651,212,44.34,-0.87,167.20,478.12,0.8885,-1,-1,-1
651,213,262.31,123.17,73.22,220.12,0.8029,-1,-1,-1
652,180,390.69,0.90,247.09,476.35,0.9023,-1,-1,-1
652,210,205.22,129.26,56.47,217.25,0.8175,-1,-1,-1
652,212,41.24,1.72,169.59,476.35,0.8966,-1,-1,-1
652,213,258.84,127.03,74.14,220.11,0.8354,-1,-1,-1
653,180,394.10,2.76,245.05,478.03,0.8966,-1,-1,-1
653,210,204.51,135.63,57.22,219.68,0.8145,-1,-1,-1
653,212,40.44,6.06,172.34,475.19,0.8762,-1,-1,-1
653,213,258.77,134.61,72.60,221.72,0.8489,-1,-1,-1
654,180,394.23,-2.20,245.76,478.70,0.9116,-1,-1,-1
654,210,202.07,131.09,57.81,220.51,0.7886,-1,-1,-1
654,212,34.88,-0.57,178.46,478.41,0.8887,-1,-1,-1
654,213,258.80,129.40,71.05,222.40,0.8315,-1,-1,-1
655,180,394.34,-1.22,245.90,479.32,0.9175,-1,-1,-1
655,210,196.71,133.80,65.08,220.58,0.8414,-1,-1,-1
655,212,25.24,0.01,191.84,479.92,0.8750,-1,-1,-1
655,213,262.41,131.12,70.15,222.62,0.8482,-1,-1,-1
656,180,391.25,-0.44,247.07,479.64,0.8977,-1,-1,-1
656,210,201.26,134.39,59.61,220.23,0.7752,-1,-1,-1
656,212,15.52,0.57,203.82,479.44,0.8913,-1,-1,-1
656,213,265.44,130.56,67.63,220.40,0.8448,-1,-1,-1
657,180,380.53,-1.56,258.31,478.08,0.8913,-1,-1,-1
657,210,209.99,125.90,54.19,214.12,0.7780,-1,-1,-1
657,212,16.68,1.45,206.46,474.02,0.9124,-1,-1,-1
657,213,271.17,121.87,68.33,215.48,0.8607,-1,-1,-1
658,180,380.88,1.60,254.64,474.06,0.8927,-1,-1,-1
658,210,216.89,126.18,52.10,208.01,0.8042,-1,-1,-1
658,212,27.23,8.51,199.58,466.03,0.8965,-1,-1,-1
658,213,275.43,120.72,68.12,212.36,0.8461,-1,-1,-1
659,180,382.65,2.32,244.91,471.53,0.9049,-1,-1,-1
659,210,219.57,128.06,55.40,198.11,0.7765,-1,-1,-1
659,212,51.57,12.46,178.57,463.02,0.9092,-1,-1,-1
659,213,279.88,120.92,68.61,211.61,0.8334,-1,-1,-1
660,180,383.99,2.42,238.94,474.84,0.8985,-1,-1,-1
660,210,210.59,134.41,58.88,192.83,0.7545,-1,-1,-1
660,212,68.63,13.25,154.28,462.40,0.8865,-1,-1,-1
660,213,274.58,128.32,68.90,211.61,0.8413,-1,-1,-1
661,180,387.78,-0.78,242.84,475.60,0.9184,-1,-1,-1
661,210,208.69,136.70,62.18,191.03,0.6222,-1,-1,-1
661,212,79.68,8.32,146.56,469.79,0.8859,-1,-1,-1
661,213,274.33,130.11,70.69,208.98,0.8185,-1,-1,-1
662,180,387.62,-0.86,249.41,479.27,0.8988,-1,-1,-1
662,210,213.53,138.77,58.15,170.51,0.4958,-1,-1,-1
662,212,85.72,4.77,140.23,475.99,0.8764,-1,-1,-1
662,213,273.54,131.25,68.61,211.94,0.8510,-1,-1,-1
663,180,390.15,-0.29,249.42,477.55,0.8743,-1,-1,-1
663,210,221.02,138.24,53.66,160.85,0.5902,-1,-1,-1
663,212,89.69,4.54,143.04,476.57,0.8680,-1,-1,-1
663,213,274.40,131.23,67.61,207.76,0.8586,-1,-1,-1
663,220,36.64,130.32,67.47,211.17,0.7919,-1,-1,-1
664,180,392.67,0.47,247.35,476.82,0.9131,-1,-1,-1
664,210,223.92,136.73,52.07,156.98,0.6913,-1,-1,-1
664,212,91.86,7.46,139.03,452.26,0.8857,-1,-1,-1
664,213,274.96,131.46,67.55,205.20,0.8644,-1,-1,-1
664,220,11.69,126.04,91.18,217.75,0.7869,-1,-1,-1
665,180,401.74,-0.05,240.30,482.36,0.9056,-1,-1,-1
665,210,226.52,133.72,51.56,160.35,0.8041,-1,-1,-1
665,212,95.32,11.71,136.47,462.52,0.8705,-1,-1,-1
665,213,277.59,130.24,68.57,204.91,0.8241,-1,-1,-1
665,220,3.72,114.86,90.85,231.25,0.8364,-1,-1,-1
666,180,412.72,-0.22,228.06,480.47,0.8781,-1,-1,-1
666,210,228.01,131.31,51.43,161.93,0.8193,-1,-1,-1
666,212,98.58,11.85,135.22,464.07,0.8391,-1,-1,-1
666,213,278.96,127.14,67.08,206.16,0.8209,-1,-1,-1
666,220,0.41,105.52,87.58,239.71,0.8896,-1,-1,-1
666,221,81.10,154.12,34.71,183.20,0.4281,-1,-1,-1
667,180,428.63,-0.28,213.47,481.50,0.8947,-1,-1,-1
667,210,233.44,132.28,47.27,160.23,0.7241,-1,-1,-1
667,212,100.89,11.16,133.27,468.26,0.8721,-1,-1,-1
667,213,280.50,127.36,67.06,207.22,0.8010,-1,-1,-1
667,220,-2.68,97.31,85.80,250.21,0.8918,-1,-1,-1
667,221,77.51,108.13,44.56,229.84,0.6754,-1,-1,-1
668,180,446.53,0.62,195.92,481.54,0.9091,-1,-1,-1
668,210,237.06,135.61,48.56,164.14,0.7602,-1,-1,-1
668,212,110.15,11.39,132.53,469.31,0.8669,-1,-1,-1
668,213,284.80,130.26,66.65,205.57,0.8484,-1,-1,-1
668,220,-2.15,94.54,80.01,259.75,0.8746,-1,-1,-1
668,221,73.07,93.40,50.44,256.73,0.7957,-1,-1,-1
669,180,456.84,-1.00,183.82,479.64,0.9209,-1,-1,-1
669,210,235.78,130.92,53.05,158.66,0.5285,-1,-1,-1
669,212,100.42,5.16,146.27,457.78,0.8750,-1,-1,-1
669,213,287.92,124.93,65.45,199.25,0.8841,-1,-1,-1
669,220,-1.75,87.39,69.51,265.64,0.8560,-1,-1,-1
669,221,64.20,82.96,58.69,272.05,0.7843,-1,-1,-1
669,222,383.45,100.51,96.05,269.42,0.7864,-1,-1,-1
670,180,463.16,0.41,177.62,479.57,0.9158,-1,-1,-1
670,210,236.09,129.62,55.54,179.97,0.7521,-1,-1,-1
670,212,93.09,6.41,158.58,458.53,0.8684,-1,-1,-1
670,213,290.55,124.13,65.14,198.27,0.8689,-1,-1,-1
670,220,-1.51,88.85,57.64,269.11,0.8521,-1,-1,-1
670,221,53.36,78.44,69.25,289.27,0.6817,-1,-1,-1
670,222,399.09,102.57,89.05,265.15,0.8375,-1,-1,-1
671,180,466.04,3.46,174.08,477.94,0.9126,-1,-1,-1
671,210,241.24,137.03,50.16,188.02,0.7359,-1,-1,-1
671,212,79.98,18.07,174.46,455.21,0.8384,-1,-1,-1
671,213,290.41,131.63,66.26,198.22,0.8549,-1,-1,-1
671,220,-2.01,111.19,47.93,257.96,0.8169,-1,-1,-1
671,221,40.47,81.06,80.84,308.39,0.7928,-1,-1,-1
671,222,395.13,113.02,93.18,266.42,0.7815,-1,-1,-1
672,180,468.08,5.89,170.79,478.64,0.8930,-1,-1,-1
672,210,247.31,148.82,43.23,186.84,0.7239,-1,-1,-1
672,212,92.01,36.85,162.15,444.20,0.7667,-1,-1,-1
672,213,290.52,142.86,64.53,200.07,0.8583,-1,-1,-1
672,220,-2.05,126.32,29.26,261.62,0.6564,-1,-1,-1
672,221,24.18,82.67,94.14,329.81,0.8464,-1,-1,-1
672,222,398.78,126.72,86.89,270.22,0.8368,-1,-1,-1
673,180,465.62,-3.03,175.81,480.60,0.8639,-1,-1,-1
673,210,253.20,139.59,42.36,182.67,0.7724,-1,-1,-1
673,212,105.54,29.52,150.24,447.55,0.8710,-1,-1,-1
673,213,294.78,133.24,63.98,198.93,0.8404,-1,-1,-1
673,221,6.65,58.89,112.07,352.67,0.8679,-1,-1,-1
673,222,404.31,112.74,88.53,274.62,0.8543,-1,-1,-1
674,180,462.06,-1.96,176.09,478.55,0.8838,-1,-1,-1
674,210,249.36,134.91,44.73,182.81,0.7834,-1,-1,-1
674,212,91.32,24.88,156.29,452.02,0.7765,-1,-1,-1
674,213,291.99,127.77,60.52,197.40,0.8566,-1,-1,-1
674,221,-3.09,39.88,116.39,373.98,0.8913,-1,-1,-1
674,222,400.59,104.35,83.71,271.78,0.8356,-1,-1,-1
675,180,475.97,3.24,157.79,476.20,0.9052,-1,-1,-1
675,210,235.71,140.20,54.49,181.67,0.6282,-1,-1,-1
675,212,94.77,25.50,142.61,453.31,0.8820,-1,-1,-1
675,213,287.51,135.37,57.32,189.28,0.8597,-1,-1,-1
675,221,-4.41,30.35,100.37,393.29,0.8869,-1,-1,-1
675,222,393.85,110.04,80.18,266.10,0.8354,-1,-1,-1
676,180,475.39,4.98,159.14,475.08,0.8279,-1,-1,-1
676,210,237.01,142.67,48.49,185.83,0.8134,-1,-1,-1
676,212,96.15,26.19,139.51,446.76,0.8958,-1,-1,-1
676,213,283.25,139.57,56.52,187.90,0.8510,-1,-1,-1
676,221,-4.09,20.44,81.95,411.43,0.8588,-1,-1,-1
676,222,385.04,116.18,85.35,263.70,0.7587,-1,-1,-1
677,180,478.05,1.96,160.46,476.69,0.8987,-1,-1,-1
677,210,241.11,140.66,46.61,186.64,0.8188,-1,-1,-1
677,212,96.62,21.41,144.56,447.43,0.8886,-1,-1,-1
677,213,285.09,138.73,57.75,188.43,0.8241,-1,-1,-1
677,221,-2.83,19.57,62.42,417.59,0.7165,-1,-1,-1
677,222,387.85,115.61,86.08,267.58,0.7805,-1,-1,-1
678,180,474.02,-0.09,165.07,476.13,0.9060,-1,-1,-1
678,210,239.35,139.72,45.12,183.59,0.8256,-1,-1,-1
678,212,100.81,18.75,139.43,453.08,0.8651,-1,-1,-1
678,213,281.20,136.97,59.90,189.94,0.8527,-1,-1,-1
678,222,385.74,113.23,87.56,272.17,0.8410,-1,-1,-1
679,180,471.01,1.45,169.32,477.98,0.8952,-1,-1,-1
679,210,238.66,147.05,45.01,192.65,0.7142,-1,-1,-1
679,212,104.89,27.69,133.20,451.29,0.8280,-1,-1,-1
679,213,280.79,142.12,59.97,191.11,0.8565,-1,-1,-1
679,222,382.98,118.25,92.15,274.63,0.7720,-1,-1,-1
679,223,82.06,164.01,43.45,157.38,0.5562,-1,-1,-1
680,180,469.07,2.55,170.25,478.20,0.9085,-1,-1,-1
680,210,237.18,152.47,46.17,197.26,0.7467,-1,-1,-1
680,212,105.05,36.81,132.09,428.33,0.8177,-1,-1,-1
680,213,279.89,145.24,59.53,191.87,0.8632,-1,-1,-1
680,222,380.20,121.41,93.62,277.46,0.7584,-1,-1,-1
680,223,75.70,159.23,49.92,167.80,0.5967,-1,-1,-1
681,180,468.53,0.66,170.06,478.98,0.9140,-1,-1,-1
681,210,235.04,150.11,45.09,184.77,0.7857,-1,-1,-1
681,212,103.65,39.68,132.26,424.93,0.7966,-1,-1,-1
681,213,276.32,142.87,60.56,188.41,0.8541,-1,-1,-1
681,222,376.18,118.17,92.50,280.01,0.8328,-1,-1,-1
681,223,63.47,138.08,56.65,190.15,0.7463,-1,-1,-1
682,180,473.45,0.26,164.85,479.50,0.9115,-1,-1,-1
682,210,231.30,146.85,45.77,182.70,0.7967,-1,-1,-1
682,212,100.39,34.92,136.45,438.62,0.8531,-1,-1,-1
682,213,275.49,140.28,58.99,188.37,0.8667,-1,-1,-1
682,222,372.51,114.77,90.78,276.38,0.8198,-1,-1,-1
682,223,50.18,126.61,67.16,210.71,0.7842,-1,-1,-1
683,180,480.42,1.05,158.68,478.16,0.9110,-1,-1,-1
683,210,234.21,146.61,42.05,182.04,0.7650,-1,-1,-1
683,212,98.66,35.83,140.83,441.74,0.8583,-1,-1,-1
683,213,275.66,140.87,58.08,186.16,0.8635,-1,-1,-1
683,222,356.59,114.25,99.07,274.95,0.6908,-1,-1,-1
683,223,44.64,122.36,68.84,225.88,0.7948,-1,-1,-1
684,180,488.68,-0.82,151.47,479.50,0.9155,-1,-1,-1
684,210,229.43,143.10,45.38,184.20,0.6547,-1,-1,-1
684,212,95.68,27.66,142.34,438.92,0.8657,-1,-1,-1
684,213,272.52,137.41,60.34,188.24,0.8640,-1,-1,-1
684,222,353.10,108.67,99.43,280.61,0.7305,-1,-1,-1
684,223,34.25,111.20,77.88,241.74,0.7714,-1,-1,-1
685,180,494.92,-0.15,146.11,479.55,0.9132,-1,-1,-1
685,210,217.21,142.01,58.25,197.26,0.7062,-1,-1,-1
685,212,86.83,25.15,152.37,442.25,0.8815,-1,-1,-1
685,213,273.06,136.58,61.15,189.32,0.8616,-1,-1,-1
685,222,350.41,109.92,102.71,281.36,0.7595,-1,-1,-1
685,223,19.44,105.13,89.82,253.55,0.5748,-1,-1,-1
686,180,496.28,-0.92,145.00,479.60,0.8968,-1,-1,-1
686,210,217.32,142.06,56.77,195.93,0.4229,-1,-1,-1
686,212,78.31,25.25,159.67,450.51,0.8909,-1,-1,-1
686,213,270.91,135.24,60.61,189.56,0.8212,-1,-1,-1
686,222,353.81,109.63,97.59,284.19,0.7943,-1,-1,-1
686,223,11.21,93.59,90.93,267.34,0.7964,-1,-1,-1
687,180,497.20,-0.56,143.88,480.18,0.9104,-1,-1,-1
687,210,226.99,143.03,47.14,160.72,0.5414,-1,-1,-1
687,212,76.61,29.65,160.92,449.72,0.8834,-1,-1,-1
687,213,271.07,135.46,59.69,186.09,0.8404,-1,-1,-1
687,222,357.70,108.36,92.71,288.70,0.8427,-1,-1,-1
687,223,-0.08,83.34,93.31,281.52,0.8851,-1,-1,-1
688,180,493.41,-0.98,147.21,480.56,0.9203,-1,-1,-1
688,210,227.05,139.60,40.91,145.01,0.5504,-1,-1,-1
688,212,65.21,31.13,167.06,449.43,0.8681,-1,-1,-1
688,213,266.53,131.54,59.77,185.59,0.7832,-1,-1,-1
688,222,356.25,103.99,94.19,289.47,0.8473,-1,-1,-1
688,223,-5.92,73.36,87.93,292.75,0.8248,-1,-1,-1
689,180,482.76,0.10,158.24,480.53,0.8965,-1,-1,-1
689,210,224.20,141.54,42.84,166.27,0.7151,-1,-1,-1
689,212,78.63,33.79,150.83,448.49,0.8262,-1,-1,-1
689,213,264.52,132.71,59.91,185.64,0.8241,-1,-1,-1
689,222,356.97,105.01,91.13,285.19,0.8437,-1,-1,-1
689,223,-5.93,68.28,78.29,298.90,0.7674,-1,-1,-1
689,226,306.32,151.76,43.91,138.41,0.6047,-1,-1,-1
690,180,456.03,0.13,184.55,480.15,0.8623,-1,-1,-1
690,210,220.50,141.14,45.07,174.83,0.6364,-1,-1,-1
690,212,80.64,33.18,147.22,448.28,0.8663,-1,-1,-1
690,213,262.57,133.50,58.16,185.88,0.8410,-1,-1,-1
690,222,357.04,103.42,86.88,280.67,0.8486,-1,-1,-1
690,223,-4.45,72.91,69.61,300.97,0.6837,-1,-1,-1
690,226,307.18,151.93,47.41,139.45,0.7234,-1,-1,-1
691,180,450.61,0.83,188.06,477.72,0.8517,-1,-1,-1
691,210,217.75,143.75,46.03,199.30,0.4540,-1,-1,-1
691,212,97.02,32.49,132.87,442.92,0.8914,-1,-1,-1
691,213,260.56,136.70,58.78,185.92,0.8256,-1,-1,-1
691,222,353.09,102.85,87.08,282.20,0.8244,-1,-1,-1
691,223,-3.07,82.20,57.91,227.06,0.5576,-1,-1,-1
691,226,308.15,153.32,47.54,139.59,0.8004,-1,-1,-1
692,180,477.90,3.34,159.14,472.18,0.8479,-1,-1,-1
692,210,223.73,147.08,38.74,151.04,0.4845,-1,-1,-1
692,212,107.23,32.81,125.96,434.30,0.8958,-1,-1,-1
692,213,259.78,140.81,58.79,183.44,0.8394,-1,-1,-1
692,222,351.90,104.18,86.51,283.79,0.8502,-1,-1,-1
692,223,-0.89,86.27,44.67,207.92,0.5479,-1,-1,-1
692,226,310.06,152.78,49.24,142.00,0.7730,-1,-1,-1
692,227,52.93,135.75,60.48,181.41,0.7586,-1,-1,-1
693,180,493.06,2.94,143.47,469.01,0.8814,-1,-1,-1
693,210,229.01,143.12,36.04,125.84,0.3494,-1,-1,-1
693,212,115.69,28.20,125.52,437.53,0.8834,-1,-1,-1
693,213,262.12,134.45,59.36,182.89,0.8407,-1,-1,-1
693,222,351.39,101.73,93.16,284.47,0.7831,-1,-1,-1
693,223,1.68,102.30,40.71,201.28,0.3536,-1,-1,-1
693,226,315.35,146.48,49.11,144.38,0.6527,-1,-1,-1
693,227,45.72,130.06,67.63,188.89,0.7319,-1,-1,-1
694,180,445.00,-1.11,193.29,472.46,0.8623,-1,-1,-1
694,210,226.81,138.04,37.29,133.10,0.3521,-1,-1,-1
694,212,119.13,25.80,120.52,442.58,0.8489,-1,-1,-1
694,213,260.92,129.67,61.39,180.89,0.8173,-1,-1,-1
694,222,349.16,96.37,93.91,288.45,0.7774,-1,-1,-1
694,226,317.20,137.83,47.12,130.66,0.4944,-1,-1,-1
694,227,25.07,124.78,79.18,195.71,0.7819,-1,-1,-1
695,180,434.09,-0.35,205.48,476.24,0.8935,-1,-1,-1
695,212,122.73,26.91,128.95,449.20,0.8025,-1,-1,-1
695,213,260.31,127.74,60.65,178.53,0.8311,-1,-1,-1
695,222,340.78,94.38,97.71,291.52,0.7088,-1,-1,-1
695,226,317.95,133.86,49.88,116.31,0.4509,-1,-1,-1
695,227,11.41,120.94,82.07,208.23,0.8250,-1,-1,-1
695,228,94.52,141.49,40.71,149.16,0.7334,-1,-1,-1
696,180,440.77,3.50,199.45,476.55,0.8511,-1,-1,-1
696,212,121.25,38.61,138.22,442.51,0.7958,-1,-1,-1
696,213,261.02,133.57,62.35,178.86,0.7891,-1,-1,-1
696,222,341.39,99.20,94.67,289.57,0.7924,-1,-1,-1
696,227,5.28,119.53,81.20,221.36,0.8270,-1,-1,-1
696,228,94.15,145.32,42.62,152.97,0.7723,-1,-1,-1
697,180,462.31,2.39,178.08,477.53,0.9058,-1,-1,-1
697,212,125.47,39.79,138.78,440.74,0.8707,-1,-1,-1
697,213,264.58,133.16,60.87,181.10,0.8406,-1,-1,-1
697,222,343.88,97.63,89.91,283.64,0.8335,-1,-1,-1
697,227,2.10,115.37,77.58,228.33,0.8294,-1,-1,-1
697,228,93.58,142.68,42.76,157.68,0.7263,-1,-1,-1
698,180,461.64,0.78,177.35,477.73,0.9108,-1,-1,-1
698,212,136.82,35.09,130.16,435.15,0.8733,-1,-1,-1
698,213,264.91,133.34,59.13,179.80,0.8059,-1,-1,-1
698,222,333.32,93.09,95.69,283.86,0.8187,-1,-1,-1
698,227,-2.65,106.87,77.28,237.48,0.8074,-1,-1,-1
698,228,87.16,138.53,44.29,160.44,0.5224,-1,-1,-1
699,180,459.36,3.43,179.24,478.25,0.9091,-1,-1,-1
699,212,144.31,39.15,125.13,418.73,0.8985,-1,-1,-1
699,213,267.49,140.35,54.95,179.15,0.8272,-1,-1,-1
699,222,333.75,98.25,92.44,285.70,0.8345,-1,-1,-1
699,227,-2.85,107.88,74.12,243.88,0.8453,-1,-1,-1
699,228,84.05,143.44,41.62,152.42,0.5290,-1,-1,-1
699,229,104.02,172.77,51.15,181.06,0.7133,-1,-1,-1
700,180,457.58,5.37,181.76,478.44,0.9097,-1,-1,-1
700,212,137.67,46.02,137.03,411.89,0.8784,-1,-1,-1
700,213,272.92,147.84,50.33,175.59,0.8006,-1,-1,-1
700,222,333.79,106.43,90.61,289.53,0.8484,-1,-1,-1
700,227,-2.40,110.29,66.94,258.55,0.7408,-1,-1,-1
700,229,93.80,175.25,57.45,193.75,0.6921,-1,-1,-1
701,180,457.53,-0.55,179.70,479.43,0.9211,-1,-1,-1
701,212,131.89,34.95,144.60,418.94,0.8668,-1,-1,-1
701,213,271.72,137.75,46.64,162.88,0.7944,-1,-1,-1
701,222,327.63,99.76,89.62,292.77,0.8336,-1,-1,-1
701,227,-4.10,122.39,48.52,231.99,0.3789,-1,-1,-1
701,229,77.86,158.58,61.65,209.41,0.6796,-1,-1,-1
701,230,30.38,151.69,41.05,146.72,0.6822,-1,-1,-1
702,180,450.57,-0.39,187.35,478.54,0.9250,-1,-1,-1
702,212,126.54,37.85,150.99,423.31,0.8602,-1,-1,-1
702,213,268.15,137.14,46.82,156.96,0.7785,-1,-1,-1
702,222,312.42,99.49,104.69,295.25,0.7966,-1,-1,-1
702,229,62.95,156.04,64.33,219.97,0.7356,-1,-1,-1
702,230,15.39,147.31,51.49,157.16,0.7361,-1,-1,-1
702,231,113.00,125.55,48.98,211.78,0.5789,-1,-1,-1
703,180,442.74,2.19,196.50,476.38,0.9266,-1,-1,-1
703,212,122.43,46.31,157.21,426.59,0.8437,-1,-1,-1
703,213,268.06,140.01,46.08,147.27,0.7071,-1,-1,-1
703,222,313.91,102.06,97.23,294.09,0.8208,-1,-1,-1
703,229,47.91,156.34,73.68,234.74,0.8088,-1,-1,-1
703,230,5.59,148.56,57.70,157.98,0.7033,-1,-1,-1
703,231,110.61,125.28,47.54,220.94,0.5766,-1,-1,-1
704,180,435.98,0.61,205.39,477.72,0.9201,-1,-1,-1
704,212,119.71,50.90,159.14,425.74,0.8545,-1,-1,-1
704,213,265.40,142.30,46.29,150.24,0.6489,-1,-1,-1
704,222,313.48,101.26,90.67,289.76,0.8292,-1,-1,-1
704,229,29.71,154.58,80.69,251.44,0.7251,-1,-1,-1
704,230,-1.84,150.89,57.78,161.95,0.7208,-1,-1,-1
704,231,97.37,122.26,57.55,227.37,0.7108,-1,-1,-1
704,234,383.29,115.83,63.32,207.79,0.7892,-1,-1,-1
705,180,427.92,-1.28,212.81,479.35,0.9228,-1,-1,-1
705,212,125.02,47.81,149.28,428.24,0.8726,-1,-1,-1
705,213,261.60,140.46,46.63,157.22,0.6724,-1,-1,-1
705,222,310.49,96.50,88.94,284.21,0.8502,-1,-1,-1
705,229,6.93,147.73,91.35,270.86,0.8042,-1,-1,-1
705,230,-3.82,165.84,47.71,146.95,0.3344,-1,-1,-1
705,231,84.17,114.94,64.98,236.95,0.7979,-1,-1,-1
705,234,381.73,110.36,63.06,216.34,0.6807,-1,-1,-1
706,180,417.83,-0.05,221.42,479.61,0.9200,-1,-1,-1
706,212,135.32,42.47,134.56,427.85,0.8629,-1,-1,-1
706,213,258.55,139.89,44.60,134.09,0.7361,-1,-1,-1
706,222,302.43,95.15,88.51,287.73,0.8324,-1,-1,-1
706,229,-3.06,141.38,85.29,287.96,0.8798,-1,-1,-1
706,231,66.12,107.15,77.51,250.23,0.8448,-1,-1,-1
706,234,379.22,103.41,57.74,230.03,0.5083,-1,-1,-1
707,180,401.75,2.48,235.88,478.30,0.8951,-1,-1,-1
707,212,136.26,41.99,130.26,414.59,0.8941,-1,-1,-1
707,213,255.65,142.41,43.18,117.20,0.6436,-1,-1,-1
707,222,297.71,98.47,86.76,289.71,0.8565,-1,-1,-1
707,229,-5.46,137.68,71.28,302.93,0.8315,-1,-1,-1
707,231,44.35,103.77,92.16,265.27,0.7726,-1,-1,-1
707,234,374.54,103.18,61.06,237.96,0.6344,-1,-1,-1
708,180,367.59,3.77,267.18,475.86,0.8693,-1,-1,-1
708,212,132.60,39.23,128.45,412.36,0.8754,-1,-1,-1
708,213,251.46,142.77,43.30,113.41,0.6235,-1,-1,-1
708,222,288.67,101.42,88.76,291.23,0.8378,-1,-1,-1
708,229,-5.47,131.18,52.49,315.26,0.7599,-1,-1,-1
708,231,18.96,99.98,106.23,274.82,0.7046,-1,-1,-1
709,180,366.03,5.69,259.61,470.74,0.8649,-1,-1,-1
709,212,130.10,40.30,129.87,409.31,0.8689,-1,-1,-1
709,213,247.92,142.28,44.54,117.80,0.7152,-1,-1,-1
709,222,282.16,103.60,89.46,289.90,0.8033,-1,-1,-1
709,231,5.26,96.00,109.00,323.12,0.7109,-1,-1,-1
710,180,336.81,6.45,272.92,465.06,0.8939,-1,-1,-1
710,212,126.55,44.47,132.61,413.42,0.8648,-1,-1,-1
710,213,244.37,142.78,45.69,114.60,0.7431,-1,-1,-1
710,222,273.38,103.06,95.39,289.47,0.7581,-1,-1,-1
710,231,-1.08,90.62,110.00,352.91,0.6758,-1,-1,-1
711,180,313.21,1.95,285.58,471.13,0.8860,-1,-1,-1
711,212,120.92,41.53,134.81,407.94,0.8207,-1,-1,-1
711,213,242.59,139.54,42.87,114.60,0.6849,-1,-1,-1
711,222,269.73,95.77,95.97,296.32,0.7810,-1,-1,-1
711,231,-7.59,72.22,107.80,338.02,0.8855,-1,-1,-1
712,180,299.19,-1.36,292.41,478.66,0.8948,-1,-1,-1
712,212,118.12,39.17,133.26,426.65,0.8869,-1,-1,-1
712,213,241.54,140.08,41.21,113.55,0.6085,-1,-1,-1
712,222,266.58,89.25,95.41,297.37,0.8236,-1,-1,-1
712,231,-10.32,50.60,86.20,363.71,0.7077,-1,-1,-1
713,180,320.79,-3.68,277.37,484.10,0.9166,-1,-1,-1
713,212,115.43,34.03,135.35,435.95,0.9004,-1,-1,-1
713,213,243.37,139.22,37.71,111.17,0.6945,-1,-1,-1
713,222,265.92,85.08,93.90,298.84,0.8166,-1,-1,-1
713,231,-9.09,32.49,69.76,411.79,0.7371,-1,-1,-1
714,180,328.57,-3.70,299.36,486.56,0.9015,-1,-1,-1
714,212,111.43,32.35,142.09,432.76,0.8968,-1,-1,-1
714,213,247.89,140.50,36.79,105.60,0.7459,-1,-1,-1
714,222,268.26,86.03,95.57,301.66,0.8158,-1,-1,-1
715,180,330.19,-1.81,309.36,481.24,0.9130,-1,-1,-1
715,212,109.22,30.80,148.56,414.56,0.9022,-1,-1,-1
715,213,252.07,139.20,36.61,104.95,0.6351,-1,-1,-1
715,222,272.79,87.75,94.76,301.61,0.8309,-1,-1,-1
715,236,28.72,87.78,73.25,233.30,0.7634,-1,-1,-1
716,180,336.33,1.45,305.73,478.04,0.8857,-1,-1,-1
716,212,107.88,34.09,154.69,407.03,0.8984,-1,-1,-1
716,213,257.93,142.34,35.79,102.53,0.6748,-1,-1,-1
716,222,276.59,91.94,95.34,306.95,0.8401,-1,-1,-1
716,236,28.54,87.01,78.72,249.46,0.8297,-1,-1,-1
716,238,1.53,70.34,70.02,268.63,0.3511,-1,-1,-1
717,180,347.18,2.54,292.31,476.96,0.8714,-1,-1,-1
717,212,105.72,39.93,158.47,400.06,0.8878,-1,-1,-1
717,213,262.09,143.31,37.67,100.65,0.7287,-1,-1,-1
717,222,280.14,94.70,96.52,304.97,0.8474,-1,-1,-1
717,236,14.76,82.27,94.04,262.76,0.8884,-1,-1,-1
717,238,8.98,77.82,92.32,264.71,0.8884,-1,-1,-1
718,180,365.15,2.99,274.40,476.28,0.8972,-1,-1,-1
718,212,103.91,48.29,163.80,406.25,0.8917,-1,-1,-1
718,213,267.30,148.31,37.63,103.98,0.7652,-1,-1,-1
718,222,287.98,97.34,95.72,306.52,0.8125,-1,-1,-1
718,236,6.28,79.47,101.73,286.44,0.8838,-1,-1,-1
718,238,7.60,80.01,102.30,285.31,0.8838,-1,-1,-1
719,180,377.41,1.43,263.86,476.92,0.9051,-1,-1,-1
719,212,102.60,54.09,162.82,410.06,0.8880,-1,-1,-1
719,213,272.41,150.36,36.74,106.47,0.7071,-1,-1,-1
719,222,294.56,96.82,92.66,306.70,0.5796,-1,-1,-1
719,236,-1.07,76.68,112.09,298.34,0.9004,-1,-1,-1
719,238,2.22,78.73,113.51,295.84,0.9004,-1,-1,-1
720,180,386.05,-0.48,256.83,478.56,0.9164,-1,-1,-1
720,212,103.53,54.20,162.76,408.50,0.8886,-1,-1,-1
720,213,277.15,149.33,36.35,113.36,0.6706,-1,-1,-1
720,222,300.54,95.26,91.00,302.12,0.8466,-1,-1,-1
720,236,-2.32,72.14,115.80,312.87,0.8962,-1,-1,-1
720,238,1.46,74.45,117.31,310.33,0.8962,-1,-1,-1
720,239,255.58,158.51,24.00,97.43,0.4298,-1,-1,-1
721,180,394.46,-3.42,250.88,482.79,0.9261,-1,-1,-1
721,212,108.95,49.12,152.90,399.09,0.8911,-1,-1,-1
721,213,282.69,145.81,37.19,109.14,0.6122,-1,-1,-1
721,222,305.53,92.09,91.80,301.50,0.8501,-1,-1,-1
721,236,-6.11,57.43,116.23,338.32,0.9202,-1,-1,-1
721,238,-2.48,59.69,117.49,336.06,0.9202,-1,-1,-1
721,239,246.46,150.10,38.39,117.90,0.5532,-1,-1,-1
722,180,399.61,-0.79,243.83,479.90,0.9253,-1,-1,-1
722,212,118.27,51.52,142.05,384.40,0.9016,-1,-1,-1
722,213,288.14,147.85,34.64,102.54,0.5995,-1,-1,-1
722,222,308.07,94.53,93.41,301.96,0.8776,-1,-1,-1
722,236,-5.42,51.15,114.19,352.20,0.9217,-1,-1,-1
722,238,-2.17,53.19,115.16,350.12,0.9217,-1,-1,-1
722,239,244.06,153.72,45.79,129.15,0.5227,-1,-1,-1
723,180,399.65,0.60,243.63,480.03,0.9147,-1,-1,-1
723,212,132.56,53.07,130.57,384.62,0.8952,-1,-1,-1
723,213,295.14,152.31,32.97,99.90,0.6303,-1,-1,-1
723,222,315.66,98.63,91.73,304.80,0.6778,-1,-1,-1
723,236,-3.59,45.31,113.13,366.19,0.9252,-1,-1,-1
723,238,-0.75,47.13,113.87,364.33,0.9252,-1,-1,-1
723,239,251.53,157.04,45.72,141.66,0.6098,-1,-1,-1
724,180,395.40,1.20,245.37,479.25,0.9033,-1,-1,-1
724,212,142.01,54.62,121.48,386.64,0.8978,-1,-1,-1
724,213,298.90,154.17,31.61,100.44,0.6612,-1,-1,-1
724,222,317.67,101.30,91.69,304.59,0.8461,-1,-1,-1
724,236,-3.08,37.25,110.55,378.70,0.9165,-1,-1,-1
724,238,-0.67,38.99,111.12,377.05,0.9165,-1,-1,-1
724,239,248.43,159.71,51.57,152.93,0.5815,-1,-1,-1
725,180,395.43,0.84,243.33,478.33,0.8764,-1,-1,-1
725,212,148.23,55.63,115.49,390.59,0.8947,-1,-1,-1
725,213,300.86,152.54,31.00,101.28,0.4268,-1,-1,-1
725,222,315.62,99.98,95.18,304.48,0.8198,-1,-1,-1
725,236,-3.17,23.44,103.29,395.36,0.9011,-1,-1,-1
725,238,-1.09,24.99,103.73,393.95,0.9011,-1,-1,-1
725,239,254.27,157.14,48.50,157.38,0.6965,-1,-1,-1
725,240,93.34,188.45,21.27,68.96,0.5546,-1,-1,-1
725,241,139.92,197.77,15.06,46.36,0.5805,-1,-1,-1
725,242,124.24,201.12,13.42,43.73,0.5112,-1,-1,-1
726,180,407.18,3.10,229.00,474.62,0.9232,-1,-1,-1
726,212,156.73,62.29,107.51,390.98,0.8776,-1,-1,-1
726,213,304.43,154.38,31.08,99.08,0.5472,-1,-1,-1
726,222,318.16,101.08,91.28,301.30,0.8232,-1,-1,-1
726,236,-0.44,12.49,93.61,413.10,0.8918,-1,-1,-1
726,238,1.22,13.86,93.93,411.95,0.8918,-1,-1,-1
726,239,260.43,157.40,45.58,155.84,0.7930,-1,-1,-1
726,240,92.53,189.76,26.25,68.62,0.7156,-1,-1,-1
726,241,145.59,198.34,13.40,47.76,0.4136,-1,-1,-1
727,180,404.87,0.74,231.98,473.18,0.9251,-1,-1,-1
727,212,160.63,61.81,105.93,389.79,0.8886,-1,-1,-1
727,213,306.43,150.36,29.46,96.37,0.4999,-1,-1,-1
727,222,317.98,95.36,90.86,297.57,0.8264,-1,-1,-1
727,236,-1.15,4.05,84.59,423.86,0.8778,-1,-1,-1
727,238,0.31,5.09,84.81,422.83,0.8778,-1,-1,-1
727,239,263.51,153.61,44.50,154.72,0.8132,-1,-1,-1
727,240,92.80,187.09,25.63,70.27,0.6394,-1,-1,-1
727,241,147.04,195.91,12.28,47.83,0.5009,-1,-1,-1
727,242,131.55,198.28,14.34,45.79,0.4039,-1,-1,-1
728,180,393.77,-0.59,243.35,473.57,0.9283,-1,-1,-1
728,212,159.28,61.00,106.71,388.73,0.8867,-1,-1,-1
728,213,304.29,148.22,29.96,89.97,0.5175,-1,-1,-1
728,222,314.16,92.44,97.09,292.13,0.8062,-1,-1,-1
728,236,-4.11,24.95,68.95,408.63,0.7280,-1,-1,-1
728,238,-2.84,25.69,69.05,407.64,0.7280,-1,-1,-1
728,239,262.44,152.30,44.68,154.51,0.8363,-1,-1,-1
728,240,89.20,187.72,23.98,70.21,0.5425,-1,-1,-1
728,241,142.57,195.66,14.01,48.51,0.5440,-1,-1,-1
728,242,125.49,197.25,16.34,46.77,0.4843,-1,-1,-1
729,180,384.81,-1.32,255.02,473.71,0.9302,-1,-1,-1
729,212,158.42,58.58,108.25,380.07,0.8967,-1,-1,-1
729,213,304.33,148.18,28.01,84.72,0.5704,-1,-1,-1
729,222,312.96,89.92,96.26,295.47,0.8494,-1,-1,-1
729,239,262.32,152.39,45.46,153.40,0.8542,-1,-1,-1
729,240,82.64,187.18,25.40,71.18,0.5962,-1,-1,-1
729,241,139.55,196.17,14.88,47.34,0.5573,-1,-1,-1
729,242,120.80,196.16,18.74,47.94,0.4412,-1,-1,-1
730,180,377.36,2.22,261.86,473.89,0.9263,-1,-1,-1
730,212,159.86,64.40,107.38,368.85,0.9013,-1,-1,-1
730,213,305.12,156.06,28.23,83.74,0.4539,-1,-1,-1
730,222,313.74,98.92,94.43,298.37,0.8134,-1,-1,-1
730,239,264.02,160.58,45.13,151.62,0.8182,-1,-1,-1
730,240,83.81,193.56,23.04,71.54,0.5884,-1,-1,-1
730,242,120.74,199.67,17.50,50.89,0.3287,-1,-1,-1
731,180,373.98,2.67,266.59,475.77,0.9268,-1,-1,-1
731,212,160.82,68.77,108.68,368.44,0.9013,-1,-1,-1
731,213,307.04,161.26,31.08,82.89,0.4402,-1,-1,-1
731,222,315.18,102.56,94.80,307.51,0.8346,-1,-1,-1
731,239,267.16,165.73,42.99,148.94,0.7877,-1,-1,-1
731,240,82.28,195.75,25.08,74.85,0.6459,-1,-1,-1
731,242,122.30,205.35,16.22,49.51,0.5075,-1,-1,-1
732,180,373.66,2.27,265.46,477.48,0.9189,-1,-1,-1
732,212,155.73,72.74,112.86,372.63,0.9002,-1,-1,-1
732,213,307.38,163.78,31.90,84.37,0.4093,-1,-1,-1
732,222,315.39,108.62,93.69,309.03,0.8605,-1,-1,-1
732,239,268.24,166.81,40.91,146.32,0.7782,-1,-1,-1
732,240,76.99,194.87,26.92,77.14,0.6470,-1,-1,-1
732,242,120.00,205.61,16.92,50.13,0.5413,-1,-1,-1
733,180,379.77,2.52,257.45,479.52,0.9095,-1,-1,-1
733,212,149.40,80.46,112.62,376.52,0.8711,-1,-1,-1
733,213,310.34,165.34,29.45,88.06,0.3410,-1,-1,-1
733,222,316.02,111.89,89.99,308.49,0.8630,-1,-1,-1
733,239,266.46,166.95,40.32,144.59,0.7992,-1,-1,-1
733,240,67.42,193.85,30.38,80.21,0.6059,-1,-1,-1
733,242,113.83,203.76,21.41,53.23,0.3600,-1,-1,-1
734,180,387.56,2.75,249.34,479.63,0.9101,-1,-1,-1
734,212,142.66,88.42,112.96,377.14,0.8832,-1,-1,-1
734,222,316.84,116.63,88.10,304.15,0.8352,-1,-1,-1
734,239,266.39,170.06,40.42,138.47,0.7529,-1,-1,-1
734,240,62.45,198.05,31.88,79.79,0.6115,-1,-1,-1
735,180,394.16,-1.83,244.58,480.89,0.9140,-1,-1,-1
735,212,133.52,83.60,117.88,376.01,0.8492,-1,-1,-1
735,222,317.03,109.00,88.82,296.77,0.8269,-1,-1,-1
735,239,265.72,164.51,41.51,140.96,0.7550,-1,-1,-1
735,240,58.46,192.66,31.25,81.61,0.6094,-1,-1,-1
735,243,241.39,161.45,32.18,122.30,0.5758,-1,-1,-1
736,180,398.26,-3.10,241.29,480.28,0.8931,-1,-1,-1
736,212,143.83,78.15,110.48,367.33,0.8249,-1,-1,-1
736,222,316.14,103.68,89.99,296.23,0.8301,-1,-1,-1
736,239,264.48,162.93,41.82,141.94,0.7888,-1,-1,-1
736,240,55.06,189.45,31.08,82.93,0.5817,-1,-1,-1
736,243,239.44,157.27,31.46,113.39,0.4717,-1,-1,-1
737,180,400.76,-1.56,238.19,478.58,0.9134,-1,-1,-1
737,212,145.92,74.84,109.42,353.78,0.8490,-1,-1,-1
737,222,315.19,104.80,89.47,297.95,0.8279,-1,-1,-1
737,239,261.41,164.58,42.71,143.30,0.7946,-1,-1,-1
737,240,47.46,188.14,31.19,84.54,0.6170,-1,-1,-1
737,243,237.25,156.68,33.37,135.41,0.3417,-1,-1,-1
737,244,110.77,138.28,52.84,182.93,0.8012,-1,-1,-1
738,180,401.26,-0.61,238.03,477.78,0.9189,-1,-1,-1
738,212,145.05,73.44,109.27,351.77,0.8390,-1,-1,-1
738,222,314.04,107.05,91.17,299.07,0.8234,-1,-1,-1
738,239,259.14,164.15,44.46,144.68,0.7887,-1,-1,-1
738,240,42.62,185.60,32.00,86.25,0.7076,-1,-1,-1
738,243,236.51,155.15,34.12,144.77,0.4674,-1,-1,-1
738,244,105.89,134.58,53.79,189.91,0.7934,-1,-1,-1
739,180,399.76,-0.35,241.02,479.37,0.9141,-1,-1,-1
739,212,143.14,75.00,102.81,355.32,0.8661,-1,-1,-1
739,222,311.21,110.17,92.42,302.34,0.8409,-1,-1,-1
739,239,255.44,163.91,47.84,145.02,0.7621,-1,-1,-1
739,240,35.59,185.06,31.71,88.17,0.6077,-1,-1,-1
739,243,235.54,156.32,32.37,124.36,0.5476,-1,-1,-1
739,244,94.39,132.33,60.12,196.35,0.8093,-1,-1,-1
740,180,397.85,-0.81,245.42,480.73,0.9144,-1,-1,-1
740,212,142.50,80.36,104.22,358.40,0.8775,-1,-1,-1
740,222,311.30,111.04,92.53,303.48,0.8469,-1,-1,-1
740,239,255.15,162.62,52.90,145.68,0.7522,-1,-1,-1
740,240,29.51,183.65,33.83,90.38,0.7123,-1,-1,-1
740,243,236.68,157.00,31.39,132.71,0.4091,-1,-1,-1
740,244,84.11,130.47,66.45,209.76,0.8337,-1,-1,-1
741,180,392.00,-1.19,249.21,480.02,0.8986,-1,-1,-1
741,212,142.83,81.97,102.13,357.93,0.8789,-1,-1,-1
741,222,307.66,106.66,93.55,304.39,0.8238,-1,-1,-1
741,239,254.43,159.52,53.12,145.51,0.7427,-1,-1,-1
741,240,24.78,178.77,34.04,91.77,0.6871,-1,-1,-1
741,243,236.25,153.51,30.78,137.47,0.5041,-1,-1,-1
741,244,75.95,122.93,74.45,217.51,0.8391,-1,-1,-1
742,180,395.69,1.07,242.26,479.66,0.9148,-1,-1,-1
742,212,142.92,86.67,100.36,349.36,0.8837,-1,-1,-1
742,222,307.34,105.99,89.56,296.90,0.8308,-1,-1,-1
742,239,257.55,160.56,48.93,144.22,0.7660,-1,-1,-1
742,240,22.49,177.56,31.35,93.02,0.6921,-1,-1,-1
742,243,235.52,152.65,31.75,138.31,0.5307,-1,-1,-1
742,244,71.40,116.38,76.51,227.02,0.8039,-1,-1,-1
743,180,396.25,2.91,238.43,476.17,0.9028,-1,-1,-1
743,212,140.00,87.20,103.53,345.07,0.8710,-1,-1,-1
743,222,309.04,106.04,83.47,286.67,0.8061,-1,-1,-1
743,239,258.32,161.40,48.01,142.30,0.7626,-1,-1,-1
743,240,16.13,176.30,32.58,92.45,0.6172,-1,-1,-1
743,243,235.94,152.95,31.22,137.77,0.5907,-1,-1,-1
743,244,54.11,108.60,90.62,235.95,0.6873,-1,-1,-1
743,246,0.14,186.06,15.51,70.07,0.4809,-1,-1,-1
744,180,390.57,4.00,235.34,471.09,0.8927,-1,-1,-1
744,212,149.72,86.06,97.31,331.41,0.8639,-1,-1,-1
744,222,307.05,105.88,84.72,286.00,0.8315,-1,-1,-1
744,239,258.71,162.42,50.85,140.01,0.7107,-1,-1,-1
744,240,13.79,174.64,34.25,94.85,0.6039,-1,-1,-1
744,243,238.26,151.36,31.13,140.15,0.5762,-1,-1,-1
744,244,47.78,101.67,93.22,246.92,0.8556,-1,-1,-1
745,180,395.41,0.98,233.51,472.82,0.9241,-1,-1,-1
745,212,153.57,82.13,96.64,324.37,0.8715,-1,-1,-1
745,222,307.04,101.33,91.86,293.69,0.8308,-1,-1,-1
745,239,262.51,160.01,49.39,138.04,0.6853,-1,-1,-1
745,240,8.76,173.41,35.42,119.77,0.3438,-1,-1,-1
745,243,240.64,149.53,31.68,140.79,0.6153,-1,-1,-1
745,244,25.38,96.56,109.36,260.88,0.8609,-1,-1,-1
745,247,122.90,134.11,45.87,174.80,0.7047,-1,-1,-1
746,180,391.14,-0.62,249.15,474.22,0.9070,-1,-1,-1
746,212,157.22,85.44,101.87,325.20,0.8748,-1,-1,-1
746,222,307.48,137.29,97.22,264.41,0.7880,-1,-1,-1
746,239,267.17,160.29,52.48,138.15,0.5444,-1,-1,-1
746,243,245.79,154.55,32.33,134.32,0.5156,-1,-1,-1
746,244,6.07,95.96,120.44,281.12,0.8704,-1,-1,-1
746,247,115.31,133.09,60.14,183.03,0.8577,-1,-1,-1
747,180,389.63,-0.70,250.73,475.19,0.8958,-1,-1,-1
747,212,161.37,84.56,100.27,327.98,0.8695,-1,-1,-1
747,222,309.46,117.26,95.89,288.42,0.8522,-1,-1,-1
747,239,266.81,158.38,54.09,139.00,0.6905,-1,-1,-1
747,243,249.68,153.72,29.57,129.09,0.3073,-1,-1,-1
747,244,-1.88,88.47,118.98,296.45,0.8907,-1,-1,-1
747,247,112.06,127.70,64.26,190.17,0.8143,-1,-1,-1
748,180,390.88,-0.59,250.83,477.92,0.9182,-1,-1,-1
748,212,163.63,87.29,101.93,333.12,0.8671,-1,-1,-1
748,222,313.62,111.37,92.86,297.61,0.8376,-1,-1,-1
748,239,269.57,159.86,53.58,140.44,0.6604,-1,-1,-1
748,243,251.46,154.09,31.40,112.11,0.4520,-1,-1,-1
748,244,-5.54,78.80,105.60,313.95,0.8873,-1,-1,-1
748,247,111.20,124.09,63.59,198.29,0.8248,-1,-1,-1
749,180,394.55,1.83,247.00,479.83,0.9216,-1,-1,-1
749,212,165.77,93.21,102.98,336.62,0.8559,-1,-1,-1
749,222,318.53,111.66,93.06,299.68,0.7947,-1,-1,-1
749,239,273.71,166.31,53.25,139.22,0.6499,-1,-1,-1
749,243,253.10,156.83,36.61,131.63,0.5089,-1,-1,-1
749,244,-4.14,68.96,92.12,330.39,0.8910,-1,-1,-1
749,247,109.01,121.82,65.41,208.19,0.8597,-1,-1,-1
750,180,405.31,0.39,237.19,480.50,0.9138,-1,-1,-1
750,212,172.25,91.53,102.47,331.91,0.8716,-1,-1,-1
750,222,326.57,106.95,89.18,293.25,0.8413,-1,-1,-1
750,239,281.90,164.36,53.19,139.84,0.7167,-1,-1,-1
750,243,259.19,153.44,38.25,137.78,0.6300,-1,-1,-1
750,244,-1.71,50.88,81.87,360.68,0.8683,-1,-1,-1
750,247,108.50,113.33,66.90,216.69,0.8609,-1,-1,-1
751,180,414.65,-0.43,226.17,481.06,0.9109,-1,-1,-1
751,212,179.83,87.02,88.30,327.42,0.8299,-1,-1,-1
751,222,334.93,98.87,86.23,292.04,0.8020,-1,-1,-1
751,239,290.14,159.62,50.88,135.90,0.7352,-1,-1,-1
751,243,264.50,146.86,40.61,142.19,0.7272,-1,-1,-1
751,244,-0.48,33.35,72.99,371.30,0.7760,-1,-1,-1
751,247,104.81,104.11,76.31,222.63,0.8683,-1,-1,-1
752,180,421.15,0.82,220.58,482.14,0.9181,-1,-1,-1
752,212,186.36,85.53,95.59,312.54,0.8927,-1,-1,-1
752,222,339.11,100.34,88.03,295.56,0.8463,-1,-1,-1
752,239,296.80,160.44,51.43,130.20,0.6204,-1,-1,-1
752,243,271.12,146.85,40.45,138.16,0.6895,-1,-1,-1
752,244,-0.35,11.10,76.45,393.21,0.7358,-1,-1,-1
752,247,99.19,98.46,83.51,234.11,0.8732,-1,-1,-1
753,180,416.37,0.08,225.24,480.25,0.9175,-1,-1,-1
753,212,188.50,83.23,98.31,309.25,0.8964,-1,-1,-1
753,222,341.11,100.97,91.86,297.15,0.8253,-1,-1,-1
753,239,303.12,158.70,49.59,126.68,0.4401,-1,-1,-1
753,243,275.21,148.42,40.12,131.95,0.7602,-1,-1,-1
753,244,-1.83,46.70,77.60,356.23,0.4421,-1,-1,-1
753,247,93.18,93.19,89.65,245.51,0.8760,-1,-1,-1
754,180,416.39,-0.59,229.09,481.92,0.9170,-1,-1,-1
754,212,195.03,83.40,100.11,313.47,0.8752,-1,-1,-1
754,222,347.10,103.69,94.60,301.13,0.7776,-1,-1,-1
754,239,317.81,159.59,43.15,112.46,0.4926,-1,-1,-1
754,243,283.30,148.70,40.77,136.75,0.7254,-1,-1,-1
754,247,81.42,89.15,101.97,263.74,0.8934,-1,-1,-1
755,180,424.10,-0.05,220.33,479.41,0.9132,-1,-1,-1
755,212,200.54,85.32,97.19,313.04,0.8680,-1,-1,-1
755,222,348.55,102.64,95.70,299.69,0.8358,-1,-1,-1
755,239,325.87,160.41,37.72,107.73,0.4144,-1,-1,-1
755,243,286.10,150.77,41.61,134.12,0.7343,-1,-1,-1
755,247,72.35,84.82,109.49,273.89,0.9013,-1,-1,-1
755,248,31.45,167.43,40.31,88.80,0.5863,-1,-1,-1
756,180,454.87,-1.24,191.43,481.98,0.9046,-1,-1,-1
756,212,209.35,87.11,93.45,317.35,0.8665,-1,-1,-1
756,222,350.69,98.24,98.82,307.19,0.7098,-1,-1,-1
756,239,331.30,160.40,37.90,110.73,0.3900,-1,-1,-1
756,243,292.81,150.33,38.60,134.84,0.7325,-1,-1,-1
756,247,65.49,77.96,114.13,294.43,0.9019,-1,-1,-1
756,248,38.29,170.07,33.60,87.91,0.5810,-1,-1,-1
756,246,0.20,155.09,28.47,124.25,0.7074,-1,-1,-1
757,180,481.94,-1.99,168.30,484.68,0.8990,-1,-1,-1
757,212,207.36,90.22,101.58,318.81,0.8620,-1,-1,-1
757,222,353.49,95.53,101.06,307.65,0.8005,-1,-1,-1
757,239,332.69,159.94,39.55,113.55,0.3950,-1,-1,-1
757,243,297.12,150.53,39.22,134.16,0.7432,-1,-1,-1
757,247,52.54,70.51,121.31,315.71,0.8918,-1,-1,-1
758,212,215.62,85.30,90.72,321.15,0.8683,-1,-1,-1
758,222,352.15,93.55,96.81,305.43,0.7836,-1,-1,-1
758,239,325.82,159.51,44.58,114.45,0.3655,-1,-1,-1
758,243,300.53,147.26,32.36,133.57,0.5493,-1,-1,-1
758,247,43.63,50.51,117.30,338.00,0.8994,-1,-1,-1
759,212,207.94,88.86,99.18,304.42,0.8737,-1,-1,-1
759,222,351.85,96.13,94.51,299.79,0.7820,-1,-1,-1
759,243,302.89,149.89,32.67,132.88,0.5954,-1,-1,-1
759,247,26.07,40.65,126.63,351.99,0.9100,-1,-1,-1
759,252,191.86,162.80,31.88,116.80,0.4161,-1,-1,-1
759,180,482.02,5.17,158.08,482.28,0.4444,-1,-1,-1
760,212,202.89,85.09,104.71,296.46,0.8690,-1,-1,-1
760,222,348.55,93.02,96.20,299.50,0.8157,-1,-1,-1
760,243,304.03,145.95,31.43,130.54,0.5633,-1,-1,-1
760,247,7.79,27.43,133.56,366.54,0.9174,-1,-1,-1
760,252,183.98,162.09,41.19,118.30,0.5224,-1,-1,-1
760,180,487.96,3.39,147.15,476.53,0.5803,-1,-1,-1
760,241,133.63,180.73,22.40,67.33,0.6069,-1,-1,-1
761,212,205.87,84.29,104.08,294.08,0.8702,-1,-1,-1
761,222,348.42,96.13,94.69,298.99,0.8525,-1,-1,-1
761,243,306.96,151.64,30.88,122.12,0.5042,-1,-1,-1
761,247,3.26,14.02,120.45,382.99,0.9314,-1,-1,-1
761,252,180.94,161.03,40.35,120.57,0.5932,-1,-1,-1
761,180,497.43,3.08,134.56,472.20,0.8353,-1,-1,-1
761,241,132.10,179.67,23.61,67.31,0.6497,-1,-1,-1
762,212,190.18,81.22,125.25,297.90,0.8691,-1,-1,-1
762,222,350.97,93.69,95.68,301.80,0.8558,-1,-1,-1
762,243,309.78,146.95,28.60,122.86,0.6123,-1,-1,-1
762,247,-0.84,3.06,111.02,397.45,0.9147,-1,-1,-1
762,252,177.28,156.27,41.21,121.46,0.6102,-1,-1,-1
762,180,491.95,-0.29,144.44,473.57,0.8897,-1,-1,-1
762,241,130.92,176.14,25.30,68.55,0.6015,-1,-1,-1
762,253,108.31,175.25,20.22,72.55,0.4099,-1,-1,-1
763,212,188.01,75.40,128.04,301.14,0.8897,-1,-1,-1
763,222,351.10,84.15,95.53,301.07,0.8545,-1,-1,-1
763,243,307.97,136.27,29.66,119.80,0.5861,-1,-1,-1
763,247,-3.38,12.17,93.75,388.36,0.8858,-1,-1,-1
763,252,168.85,144.25,39.77,125.11,0.6870,-1,-1,-1
763,180,470.29,-3.31,166.83,474.34,0.8769,-1,-1,-1
763,241,126.40,166.43,25.52,70.62,0.6715,-1,-1,-1
763,254,81.55,160.59,39.98,83.28,0.7076,-1,-1,-1
763,248,53.12,150.40,34.47,94.72,0.5823,-1,-1,-1
764,212,198.21,83.28,121.18,304.51,0.8786,-1,-1,-1
764,222,354.66,89.34,94.60,297.18,0.8285,-1,-1,-1
764,243,308.35,140.18,32.21,120.72,0.6086,-1,-1,-1
764,247,-5.42,22.14,76.30,393.48,0.7995,-1,-1,-1
764,252,161.51,149.72,41.06,125.75,0.7258,-1,-1,-1
764,180,459.15,-0.69,182.13,458.88,0.7884,-1,-1,-1
764,241,123.69,171.83,25.95,71.33,0.6330,-1,-1,-1
764,254,82.49,164.63,39.32,85.96,0.6895,-1,-1,-1
764,248,52.90,158.42,39.80,93.28,0.4989,-1,-1,-1
765,212,210.63,89.70,113.83,300.39,0.8756,-1,-1,-1
765,222,358.31,93.23,96.60,291.68,0.8495,-1,-1,-1
765,243,310.69,145.33,34.65,118.93,0.6781,-1,-1,-1
765,252,151.21,155.81,49.37,125.65,0.7887,-1,-1,-1
765,180,455.54,1.82,187.26,468.49,0.8616,-1,-1,-1
765,241,125.85,177.41,25.25,72.14,0.6320,-1,-1,-1
765,254,92.46,169.82,32.84,85.63,0.6545,-1,-1,-1
765,248,60.59,163.62,41.70,94.87,0.6541,-1,-1,-1
765,255,198.93,156.29,32.48,114.74,0.6044,-1,-1,-1
766,212,219.44,88.33,103.44,301.69,0.8897,-1,-1,-1
766,222,359.21,92.53,95.21,291.68,0.7676,-1,-1,-1
766,243,310.40,147.09,31.98,119.65,0.6250,-1,-1,-1
766,252,141.38,155.47,53.69,127.73,0.8329,-1,-1,-1
766,180,454.30,1.03,187.21,475.14,0.8785,-1,-1,-1
766,241,123.01,176.29,24.42,73.73,0.6199,-1,-1,-1
766,254,94.79,167.33,28.99,89.00,0.6897,-1,-1,-1
766,248,62.10,164.80,40.63,94.55,0.6267,-1,-1,-1
766,255,198.00,156.41,33.87,118.51,0.6893,-1,-1,-1
767,212,225.65,81.77,92.45,295.01,0.8882,-1,-1,-1
767,222,356.00,91.03,95.65,296.24,0.7946,-1,-1,-1
767,243,310.33,146.50,32.65,119.44,0.4052,-1,-1,-1
767,252,129.11,153.07,57.23,128.26,0.8246,-1,-1,-1
767,180,455.60,0.44,183.49,479.59,0.9012,-1,-1,-1
767,254,92.34,163.09,25.74,90.81,0.4919,-1,-1,-1
767,248,58.70,159.91,37.27,96.64,0.6079,-1,-1,-1
767,255,189.60,151.66,39.44,124.36,0.8009,-1,-1,-1
768,212,226.15,82.63,89.79,291.31,0.8781,-1,-1,-1
768,222,352.64,94.22,96.51,301.35,0.7889,-1,-1,-1
768,252,120.34,156.46,58.16,127.79,0.8013,-1,-1,-1
768,180,455.52,1.80,183.16,480.63,0.8853,-1,-1,-1
768,254,91.11,164.48,32.09,92.36,0.4582,-1,-1,-1
768,248,53.72,161.33,36.41,98.32,0.6304,-1,-1,-1
768,255,184.96,154.45,41.80,127.17,0.8359,-1,-1,-1
769,212,227.41,83.41,87.62,294.21,0.8834,-1,-1,-1
769,222,352.85,97.35,94.02,305.03,0.7860,-1,-1,-1
769,252,115.14,154.76,50.56,130.82,0.7337,-1,-1,-1
769,180,461.53,2.20,177.95,482.24,0.8713,-1,-1,-1
769,254,89.18,165.20,30.28,93.34,0.4928,-1,-1,-1
769,248,54.34,160.26,32.57,100.43,0.6622,-1,-1,-1
769,255,182.85,154.41,44.42,130.76,0.8511,-1,-1,-1
770,212,227.14,83.08,91.59,296.33,0.8878,-1,-1,-1
770,222,351.98,93.75,96.24,306.14,0.7881,-1,-1,-1
770,252,110.51,152.73,45.67,130.90,0.5490,-1,-1,-1
770,180,471.76,-0.91,170.76,481.17,0.8335,-1,-1,-1
770,254,88.53,163.81,27.19,94.29,0.4093,-1,-1,-1
770,248,54.16,159.78,34.94,101.10,0.6276,-1,-1,-1
770,255,180.46,152.33,47.74,133.26,0.8408,-1,-1,-1
771,212,221.32,86.98,94.26,300.56,0.8731,-1,-1,-1
771,222,347.94,92.22,94.03,305.35,0.8294,-1,-1,-1
771,252,99.03,152.62,41.34,134.28,0.5528,-1,-1,-1
771,180,492.08,-2.26,151.64,479.52,0.8518,-1,-1,-1
771,254,80.68,162.33,31.09,98.13,0.4974,-1,-1,-1
771,248,47.37,160.12,36.88,103.55,0.6868,-1,-1,-1
771,255,168.71,150.31,51.94,139.68,0.8298,-1,-1,-1
772,212,213.77,87.65,99.41,299.08,0.8952,-1,-1,-1
772,222,344.47,90.64,92.28,298.65,0.8171,-1,-1,-1
772,252,84.13,150.83,47.73,134.87,0.7168,-1,-1,-1
772,180,494.09,-3.61,148.77,478.74,0.8111,-1,-1,-1
772,248,44.83,156.63,38.08,104.76,0.6339,-1,-1,-1
772,255,162.58,145.29,53.82,142.44,0.8314,-1,-1,-1
773,212,212.09,87.61,99.35,296.93,0.8925,-1,-1,-1
773,222,339.76,86.73,95.64,295.33,0.8604,-1,-1,-1
773,252,71.76,149.85,48.33,134.96,0.7890,-1,-1,-1
773,180,495.09,-3.86,147.85,479.61,0.7822,-1,-1,-1
773,248,41.66,154.56,38.81,104.70,0.6626,-1,-1,-1
773,255,150.74,140.18,60.53,147.73,0.8454,-1,-1,-1
774,212,217.21,87.80,96.09,290.06,0.8911,-1,-1,-1
774,222,336.99,87.13,97.01,295.14,0.8504,-1,-1,-1
774,252,65.02,150.05,49.63,135.47,0.6661,-1,-1,-1
774,180,496.08,1.32,146.22,475.77,0.8451,-1,-1,-1
774,248,43.92,157.08,38.91,97.60,0.4199,-1,-1,-1
774,255,151.24,137.29,56.55,153.76,0.8336,-1,-1,-1
775,212,216.37,88.03,98.10,280.33,0.8734,-1,-1,-1
775,222,336.99,88.28,95.12,297.91,0.7957,-1,-1,-1
775,252,63.27,152.65,44.91,134.07,0.4781,-1,-1,-1
775,180,525.54,0.80,114.68,460.63,0.3756,-1,-1,-1
775,248,44.43,155.80,39.35,106.05,0.4440,-1,-1,-1
775,255,150.77,137.62,54.37,158.62,0.8539,-1,-1,-1
776,212,213.48,89.60,101.48,277.91,0.8759,-1,-1,-1
776,222,336.94,93.55,92.89,299.46,0.8507,-1,-1,-1
776,252,47.80,153.25,49.82,134.93,0.6142,-1,-1,-1
776,180,503.96,2.23,134.25,470.60,0.8021,-1,-1,-1
776,248,44.97,154.24,47.78,125.24,0.6142,-1,-1,-1
776,255,145.67,139.46,54.91,161.27,0.8230,-1,-1,-1
776,257,422.41,22.56,157.76,421.76,0.7639,-1,-1,-1
776,258,89.20,170.08,35.33,94.02,0.6757,-1,-1,-1
777,212,210.12,91.84,105.01,277.08,0.8754,-1,-1,-1
777,222,335.87,95.82,90.89,299.29,0.8432,-1,-1,-1
777,252,39.43,151.72,51.23,137.11,0.5961,-1,-1,-1
777,180,496.68,2.42,139.20,473.49,0.7787,-1,-1,-1
777,248,42.31,152.09,50.55,134.07,0.5961,-1,-1,-1
777,255,142.20,138.57,54.69,165.47,0.8225,-1,-1,-1
777,257,405.61,30.87,165.76,409.59,0.7582,-1,-1,-1
777,258,92.46,170.28,31.94,93.96,0.6623,-1,-1,-1
778,212,209.96,97.65,109.42,276.67,0.8375,-1,-1,-1
778,222,339.57,97.75,87.04,296.59,0.8534,-1,-1,-1
778,252,31.13,153.04,57.27,137.37,0.7983,-1,-1,-1
778,180,507.53,3.47,126.10,469.75,0.7306,-1,-1,-1
778,255,136.43,136.71,59.89,171.32,0.8301,-1,-1,-1
778,257,404.90,29.31,157.45,417.75,0.8357,-1,-1,-1
778,258,93.75,166.33,37.92,99.56,0.6739,-1,-1,-1
779,212,227.18,105.88,98.55,273.56,0.8142,-1,-1,-1
779,222,346.19,99.83,86.38,273.34,0.6228,-1,-1,-1
779,252,27.98,157.27,58.09,136.39,0.8344,-1,-1,-1
779,180,506.35,7.50,127.52,466.24,0.7734,-1,-1,-1
779,255,139.08,135.64,59.36,177.25,0.8356,-1,-1,-1
779,257,411.54,28.43,148.00,440.14,0.8538,-1,-1,-1
779,258,104.92,168.03,32.67,101.42,0.7602,-1,-1,-1
779,259,209.51,141.38,46.63,177.38,0.7213,-1,-1,-1
779,248,71.62,160.84,32.99,113.61,0.6230,-1,-1,-1
780,212,234.13,108.22,94.39,269.57,0.8387,-1,-1,-1
780,222,348.78,97.65,85.40,278.00,0.5688,-1,-1,-1
780,252,22.66,157.41,60.77,137.11,0.7970,-1,-1,-1
780,180,495.91,4.82,138.26,468.81,0.8530,-1,-1,-1
780,255,134.72,132.29,64.67,181.87,0.8558,-1,-1,-1
780,257,415.77,23.20,127.07,447.89,0.7414,-1,-1,-1
780,258,108.88,166.84,31.67,104.20,0.7846,-1,-1,-1
780,259,211.92,137.55,46.76,184.15,0.7475,-1,-1,-1
780,248,75.03,161.31,29.91,110.95,0.6269,-1,-1,-1
781,212,237.70,105.30,92.69,263.46,0.8506,-1,-1,-1
781,222,350.54,96.29,79.77,217.93,0.3999,-1,-1,-1
781,252,20.64,154.57,60.02,138.27,0.7575,-1,-1,-1
781,180,472.65,3.91,158.95,466.18,0.8815,-1,-1,-1
781,255,130.26,127.36,67.84,190.39,0.8483,-1,-1,-1
781,257,393.91,18.35,131.51,450.14,0.7426,-1,-1,-1
781,258,111.68,164.54,26.55,103.64,0.6567,-1,-1,-1
781,259,211.11,130.89,47.60,195.04,0.7598,-1,-1,-1
781,248,73.95,160.16,38.35,110.43,0.6690,-1,-1,-1
782,212,242.51,104.30,89.10,262.02,0.8662,-1,-1,-1
782,252,14.19,152.72,58.50,142.14,0.8251,-1,-1,-1
782,180,456.87,3.40,177.34,471.51,0.8590,-1,-1,-1
782,255,119.34,125.88,76.13,197.68,0.8544,-1,-1,-1
782,257,391.29,22.82,115.28,443.76,0.6725,-1,-1,-1
782,258,111.22,166.56,23.76,102.86,0.3540,-1,-1,-1
782,259,203.34,126.38,55.98,205.13,0.8035,-1,-1,-1
782,248,73.79,160.32,42.89,111.84,0.7204,-1,-1,-1
783,212,249.07,104.57,84.38,256.65,0.8780,-1,-1,-1
783,252,9.34,152.99,55.21,144.16,0.7800,-1,-1,-1
783,180,451.13,1.28,187.51,473.57,0.7669,-1,-1,-1
783,255,112.35,125.74,82.16,206.28,0.8766,-1,-1,-1
783,257,389.14,25.49,113.94,444.99,0.6799,-1,-1,-1
783,259,199.98,122.57,60.66,212.15,0.8241,-1,-1,-1
783,248,75.66,162.33,45.20,112.46,0.7132,-1,-1,-1
783,222,347.53,132.10,80.09,279.00,0.4370,-1,-1,-1
784,212,255.32,107.58,79.21,255.55,0.8734,-1,-1,-1
784,252,6.40,154.00,51.33,147.23,0.7225,-1,-1,-1
784,180,452.92,1.58,186.43,475.98,0.8213,-1,-1,-1
784,255,107.48,124.55,80.88,216.23,0.8514,-1,-1,-1
784,257,364.53,29.88,125.87,429.90,0.7996,-1,-1,-1
784,259,195.22,120.78,66.17,219.94,0.8474,-1,-1,-1
784,248,77.36,161.02,41.51,116.92,0.6716,-1,-1,-1
785,212,256.15,109.23,73.14,257.57,0.8594,-1,-1,-1
785,252,-1.39,155.04,42.98,147.49,0.6694,-1,-1,-1
785,180,459.88,1.32,179.32,456.21,0.6834,-1,-1,-1
785,255,93.74,118.32,84.84,228.95,0.8836,-1,-1,-1
785,257,355.07,31.20,131.16,443.76,0.8155,-1,-1,-1
785,259,183.75,115.98,74.87,231.01,0.8657,-1,-1,-1
786,212,253.53,115.02,71.65,253.55,0.8585,-1,-1,-1
786,252,-3.71,152.85,28.24,148.81,0.5806,-1,-1,-1
786,180,475.11,1.03,163.35,454.08,0.6983,-1,-1,-1
786,255,72.05,110.31,93.55,239.75,0.8669,-1,-1,-1
786,257,348.61,33.11,130.33,434.04,0.5779,-1,-1,-1
786,259,167.53,112.78,80.97,243.05,0.8595,-1,-1,-1
787,212,254.82,119.00,69.60,250.65,0.8670,-1,-1,-1
787,180,490.33,0.33,149.87,472.81,0.6920,-1,-1,-1
787,255,57.59,105.27,99.18,248.89,0.8493,-1,-1,-1
787,257,342.64,33.10,150.93,428.88,0.7760,-1,-1,-1
787,259,155.77,110.94,88.61,251.94,0.8752,-1,-1,-1
787,260,9.91,169.05,30.91,104.56,0.3968,-1,-1,-1
788,212,253.48,119.18,70.82,251.14,0.8296,-1,-1,-1
788,180,500.48,-0.77,140.39,480.36,0.7230,-1,-1,-1
788,255,40.67,99.22,105.98,265.20,0.8611,-1,-1,-1
788,257,335.08,32.42,176.95,435.01,0.8444,-1,-1,-1
788,259,141.64,105.55,95.37,270.79,0.8488,-1,-1,-1
788,260,0.51,167.84,36.36,107.86,0.4604,-1,-1,-1
788,262,457.34,26.92,77.92,424.03,0.5080,-1,-1,-1
789,212,249.44,118.68,72.25,244.84,0.8372,-1,-1,-1
789,180,501.40,-0.93,140.66,482.37,0.8182,-1,-1,-1
789,255,17.75,97.29,115.66,278.99,0.8860,-1,-1,-1
789,257,324.27,40.02,144.16,438.38,0.6937,-1,-1,-1
789,259,127.73,100.95,95.45,288.86,0.8426,-1,-1,-1
789,262,438.31,28.30,100.06,429.51,0.7556,-1,-1,-1
790,212,242.11,121.96,78.33,237.78,0.8173,-1,-1,-1
790,180,498.87,-0.84,144.80,455.78,0.7144,-1,-1,-1
790,255,-0.11,97.92,117.70,297.47,0.8844,-1,-1,-1
790,257,315.23,45.63,166.20,438.35,0.8287,-1,-1,-1
790,259,116.39,96.56,92.79,306.61,0.8757,-1,-1,-1
790,262,431.56,35.80,107.67,428.33,0.7757,-1,-1,-1
791,212,234.79,123.65,82.47,231.57,0.8097,-1,-1,-1
791,180,493.85,-0.94,148.93,473.35,0.8337,-1,-1,-1
791,255,-6.48,91.62,116.35,320.43,0.8881,-1,-1,-1
791,257,309.03,52.47,156.51,431.06,0.8423,-1,-1,-1
791,259,103.91,87.70,93.77,321.04,0.8661,-1,-1,-1
791,262,428.77,42.29,107.92,428.60,0.7950,-1,-1,-1
792,212,228.47,128.79,84.40,238.08,0.7870,-1,-1,-1
792,180,494.34,1.76,148.49,477.14,0.7421,-1,-1,-1
792,255,-8.67,83.40,100.71,340.75,0.8759,-1,-1,-1
792,257,305.43,59.20,155.44,424.43,0.7619,-1,-1,-1
792,259,81.87,81.05,103.86,340.05,0.8885,-1,-1,-1
792,262,419.99,49.28,115.09,425.82,0.8233,-1,-1,-1
792,265,193.00,194.38,29.02,88.98,0.6554,-1,-1,-1
793,212,220.37,128.07,89.97,243.14,0.7209,-1,-1,-1
793,180,504.48,-2.10,140.92,483.36,0.8545,-1,-1,-1
793,255,-9.54,65.82,84.69,362.21,0.8356,-1,-1,-1
793,257,300.18,57.22,179.22,407.66,0.6981,-1,-1,-1
793,259,33.76,67.91,137.84,371.72,0.8861,-1,-1,-1
793,262,415.90,44.02,122.02,407.30,0.8426,-1,-1,-1
793,265,185.94,192.31,29.58,88.49,0.4388,-1,-1,-1
794,212,218.57,122.55,86.01,239.25,0.7994,-1,-1,-1
794,180,516.81,-3.10,126.28,484.30,0.8624,-1,-1,-1
794,255,-6.48,62.33,63.73,363.78,0.7249,-1,-1,-1
794,257,295.59,50.23,148.67,395.19,0.6651,-1,-1,-1
794,259,5.60,48.44,150.04,396.64,0.8853,-1,-1,-1
794,262,407.51,32.76,131.60,409.82,0.8679,-1,-1,-1
794,265,180.35,180.32,31.19,91.50,0.5679,-1,-1,-1
794,266,146.22,170.76,29.44,95.87,0.4544,-1,-1,-1
795,212,217.70,125.79,79.53,222.21,0.7973,-1,-1,-1
795,180,519.88,2.33,120.92,483.87,0.7903,-1,-1,-1
795,257,292.74,57.60,136.00,394.46,0.8345,-1,-1,-1
795,259,-6.28,32.04,134.81,439.76,0.8590,-1,-1,-1
795,262,402.40,34.61,131.71,407.55,0.8396,-1,-1,-1
795,265,171.72,180.80,41.70,94.16,0.6751,-1,-1,-1
795,266,129.74,171.91,32.13,99.26,0.7748,-1,-1,-1
796,212,218.97,130.21,78.44,218.73,0.8279,-1,-1,-1
796,180,525.60,4.76,113.46,477.55,0.7078,-1,-1,-1
796,257,291.78,67.03,160.55,388.21,0.6589,-1,-1,-1
796,259,-4.99,21.59,118.40,449.54,0.6842,-1,-1,-1
796,262,405.39,41.29,126.45,403.61,0.8704,-1,-1,-1
796,265,172.53,184.49,42.25,95.04,0.3711,-1,-1,-1
796,266,123.65,176.34,37.26,99.32,0.7288,-1,-1,-1
797,212,224.35,122.04,69.61,220.13,0.8223,-1,-1,-1
797,180,537.31,1.53,98.93,473.26,0.7933,-1,-1,-1
797,257,285.27,64.41,137.46,391.67,0.6521,-1,-1,-1
797,259,-4.08,0.58,92.46,450.43,0.4557,-1,-1,-1
797,262,400.86,37.57,125.35,404.38,0.8409,-1,-1,-1
797,265,169.53,179.93,31.42,96.13,0.6544,-1,-1,-1
797,266,112.86,170.39,43.73,100.25,0.7061,-1,-1,-1
798,212,229.25,121.89,64.97,221.16,0.8258,-1,-1,-1
798,180,518.50,5.73,117.28,465.63,0.8714,-1,-1,-1
798,257,281.34,67.20,134.21,390.63,0.5834,-1,-1,-1
798,259,-0.13,4.17,65.78,358.06,0.5529,-1,-1,-1
798,262,401.90,39.43,121.96,405.44,0.8138,-1,-1,-1
798,265,167.56,180.51,30.90,96.55,0.5259,-1,-1,-1
798,266,111.52,171.29,45.56,101.73,0.7269,-1,-1,-1
798,267,71.21,160.33,32.64,120.25,0.7028,-1,-1,-1
799,212,230.00,122.54,63.42,220.78,0.7990,-1,-1,-1
799,180,489.47,2.96,146.74,464.39,0.8824,-1,-1,-1
799,257,279.60,66.38,135.86,390.86,0.5653,-1,-1,-1
799,262,385.18,39.54,136.55,376.11,0.7046,-1,-1,-1
799,265,165.31,179.55,35.23,98.58,0.5618,-1,-1,-1
799,266,107.96,170.39,48.08,104.52,0.7088,-1,-1,-1
799,267,69.21,159.49,34.56,122.26,0.7396,-1,-1,-1
800,212,227.32,121.87,61.52,217.37,0.8194,-1,-1,-1
800,180,462.15,0.33,173.33,464.00,0.8551,-1,-1,-1
800,257,273.04,58.50,166.94,367.34,0.8002,-1,-1,-1
800,262,391.75,32.74,122.19,376.34,0.8385,-1,-1,-1
800,265,159.09,174.00,41.35,101.20,0.7338,-1,-1,-1
800,266,99.81,164.42,49.63,107.34,0.7176,-1,-1,-1
800,267,63.27,155.22,36.05,123.32,0.7689,-1,-1,-1
800,269,207.85,181.56,25.46,80.01,0.6075,-1,-1,-1
800,270,25.95,147.42,43.04,99.08,0.4871,-1,-1,-1
801,212,227.94,128.84,58.31,220.63,0.8157,-1,-1,-1
801,180,448.96,2.49,189.88,468.46,0.5281,-1,-1,-1
801,257,272.34,58.95,183.75,375.72,0.7666,-1,-1,-1
801,262,396.20,34.02,113.55,394.36,0.7888,-1,-1,-1
801,265,156.51,178.06,40.47,102.55,0.6909,-1,-1,-1
801,266,95.45,167.43,38.58,110.09,0.6878,-1,-1,-1
801,267,59.15,159.36,35.55,124.85,0.7564,-1,-1,-1
801,269,202.92,187.17,29.92,79.20,0.3896,-1,-1,-1
801,270,22.91,150.15,36.82,95.52,0.4150,-1,-1,-1
802,212,230.35,131.70,57.20,215.32,0.7730,-1,-1,-1
802,180,450.04,2.63,192.24,468.26,0.6798,-1,-1,-1
802,257,273.03,58.35,152.59,374.70,0.6433,-1,-1,-1
802,262,398.60,32.41,110.31,398.13,0.7722,-1,-1,-1
802,265,156.57,177.73,44.77,106.14,0.6891,-1,-1,-1
802,266,90.87,166.01,33.88,114.53,0.6542,-1,-1,-1
802,267,58.10,160.03,35.83,125.81,0.7427,-1,-1,-1
802,269,201.66,187.63,31.50,82.24,0.6408,-1,-1,-1
802,270,22.29,154.38,31.07,91.88,0.5382,-1,-1,-1
803,212,233.26,132.92,52.30,198.63,0.8261,-1,-1,-1
803,180,456.67,3.88,185.84,473.80,0.6630,-1,-1,-1
803,257,275.41,59.81,132.00,380.33,0.5338,-1,-1,-1
803,262,399.81,34.23,108.08,400.62,0.7495,-1,-1,-1
803,265,157.17,179.37,41.39,108.47,0.6215,-1,-1,-1
803,266,89.18,166.67,30.21,113.41,0.5836,-1,-1,-1
803,267,57.52,160.11,37.47,128.39,0.7008,-1,-1,-1
803,269,200.82,189.44,31.71,83.34,0.7220,-1,-1,-1
804,212,236.84,134.41,56.09,201.77,0.7565,-1,-1,-1
804,180,474.07,3.67,171.98,479.88,0.7691,-1,-1,-1
804,257,282.62,62.61,176.13,388.16,0.8300,-1,-1,-1
804,262,411.35,34.11,121.95,410.57,0.7165,-1,-1,-1
804,265,161.44,182.07,37.32,110.82,0.5422,-1,-1,-1
804,266,91.15,167.66,28.80,117.12,0.4926,-1,-1,-1
804,267,60.78,161.57,38.03,130.49,0.7036,-1,-1,-1
804,269,205.22,190.72,29.68,85.45,0.5799,-1,-1,-1
805,212,240.79,130.16,60.14,205.10,0.7941,-1,-1,-1
805,180,492.02,0.41,155.15,455.33,0.6383,-1,-1,-1
805,257,290.82,58.67,194.75,402.36,0.7458,-1,-1,-1
805,262,421.99,31.57,116.71,423.69,0.8363,-1,-1,-1
805,265,163.93,177.60,35.04,113.70,0.5983,-1,-1,-1
805,267,65.10,156.60,49.13,131.80,0.4996,-1,-1,-1
805,269,208.53,185.84,30.78,87.75,0.7204,-1,-1,-1
805,271,27.86,143.82,40.19,132.19,0.4513,-1,-1,-1
806,212,243.56,130.87,68.10,206.90,0.8300,-1,-1,-1
806,180,512.74,0.73,135.26,332.60,0.5465,-1,-1,-1
806,257,298.33,61.27,211.30,410.42,0.7816,-1,-1,-1
806,262,430.44,34.29,122.86,431.23,0.8649,-1,-1,-1
806,265,167.85,177.32,37.18,116.16,0.4664,-1,-1,-1
806,267,68.64,158.42,53.40,132.71,0.7621,-1,-1,-1
806,269,213.96,186.30,29.96,89.63,0.7030,-1,-1,-1
806,271,27.70,145.38,48.98,148.07,0.6764,-1,-1,-1
807,212,246.42,131.43,75.68,203.58,0.8392,-1,-1,-1
807,180,536.57,22.45,112.21,279.63,0.5792,-1,-1,-1
807,257,307.81,58.74,220.97,414.33,0.6314,-1,-1,-1
807,262,441.05,36.01,128.57,431.71,0.7887,-1,-1,-1
807,265,171.91,175.94,42.63,119.47,0.7469,-1,-1,-1
807,267,72.41,157.51,54.37,133.99,0.7757,-1,-1,-1
807,269,217.96,186.92,29.98,90.16,0.6867,-1,-1,-1
807,271,30.39,144.54,50.95,153.21,0.6950,-1,-1,-1
808,212,253.12,130.98,76.54,196.46,0.8165,-1,-1,-1
808,180,562.84,73.66,82.88,210.81,0.8135,-1,-1,-1
808,257,319.63,53.75,220.79,413.11,0.8345,-1,-1,-1
808,262,450.52,33.92,132.16,428.27,0.8551,-1,-1,-1
808,265,176.50,172.06,47.04,121.25,0.7062,-1,-1,-1
808,267,76.89,154.69,52.11,133.93,0.7695,-1,-1,-1
808,269,222.01,184.22,28.69,91.53,0.7183,-1,-1,-1
808,271,39.72,141.03,45.03,156.06,0.6280,-1,-1,-1
809,212,264.18,135.93,78.10,196.88,0.8218,-1,-1,-1
809,257,333.95,51.57,227.32,400.56,0.5774,-1,-1,-1
809,262,466.37,32.21,142.86,423.47,0.8561,-1,-1,-1
809,265,185.78,173.56,50.48,123.95,0.8301,-1,-1,-1
809,267,88.80,158.26,44.33,132.46,0.7443,-1,-1,-1
809,269,232.71,186.59,29.38,91.77,0.7442,-1,-1,-1
809,271,55.06,144.55,39.74,152.71,0.6197,-1,-1,-1
810,212,275.33,138.62,73.82,199.64,0.8347,-1,-1,-1
810,257,341.63,50.59,186.58,396.23,0.6038,-1,-1,-1
810,262,472.47,31.16,150.32,415.95,0.8274,-1,-1,-1
810,265,190.97,174.68,52.24,126.31,0.7030,-1,-1,-1
810,267,96.61,158.81,39.28,135.26,0.7163,-1,-1,-1
810,269,238.57,188.25,29.13,92.00,0.7074,-1,-1,-1
810,271,64.59,145.95,38.94,155.87,0.7106,-1,-1,-1
811,212,284.51,133.46,69.58,209.77,0.8327,-1,-1,-1
811,257,354.85,44.09,139.62,403.72,0.6247,-1,-1,-1
811,262,484.73,23.72,149.48,424.43,0.8636,-1,-1,-1
811,265,190.81,170.86,53.81,129.53,0.7867,-1,-1,-1
811,267,99.33,153.18,38.76,138.83,0.5747,-1,-1,-1
811,269,241.78,183.86,30.04,93.54,0.7311,-1,-1,-1
811,271,67.20,145.34,41.15,153.39,0.4997,-1,-1,-1
811,272,268.96,192.11,20.90,84.64,0.7298,-1,-1,-1
812,212,292.44,131.69,65.75,209.43,0.8550,-1,-1,-1
812,257,368.86,43.23,137.03,414.47,0.5674,-1,-1,-1
812,262,491.23,24.96,148.76,431.79,0.8059,-1,-1,-1
812,265,191.40,171.10,54.86,132.83,0.8084,-1,-1,-1
812,267,101.56,150.83,39.01,142.61,0.7204,-1,-1,-1
812,269,243.16,181.93,31.79,96.89,0.6973,-1,-1,-1
812,271,69.44,145.45,40.32,156.51,0.6795,-1,-1,-1
812,272,270.94,192.22,23.48,86.61,0.6399,-1,-1,-1
813,212,297.82,131.60,62.04,210.25,0.8461,-1,-1,-1
813,257,375.85,41.46,136.83,426.29,0.8385,-1,-1,-1
813,262,502.32,28.73,140.00,438.92,0.8331,-1,-1,-1
813,265,188.77,169.68,57.48,136.55,0.8112,-1,-1,-1
813,267,101.61,151.93,40.95,143.74,0.6552,-1,-1,-1
813,269,241.76,180.75,34.49,100.72,0.6363,-1,-1,-1
813,271,58.05,145.51,49.71,155.55,0.6669,-1,-1,-1
813,272,266.71,195.08,28.75,86.56,0.6112,-1,-1,-1
814,212,301.93,130.12,62.72,210.24,0.8486,-1,-1,-1
814,257,370.19,35.89,150.85,439.53,0.5977,-1,-1,-1
814,262,509.40,29.21,133.96,441.64,0.8383,-1,-1,-1
814,265,186.96,164.19,59.84,141.42,0.8208,-1,-1,-1
814,267,102.86,149.36,39.41,145.44,0.7003,-1,-1,-1
814,269,239.16,177.40,38.07,103.79,0.7299,-1,-1,-1
814,271,52.20,140.44,55.74,159.57,0.7062,-1,-1,-1
814,272,268.18,194.70,28.63,86.08,0.6238,-1,-1,-1
815,212,305.94,133.96,62.55,210.68,0.8165,-1,-1,-1
815,257,375.74,29.39,197.68,450.57,0.6108,-1,-1,-1
815,262,515.54,31.18,127.36,442.10,0.8574,-1,-1,-1
815,265,184.64,163.35,61.91,145.37,0.7415,-1,-1,-1
815,267,101.75,149.39,41.07,148.82,0.6529,-1,-1,-1
815,269,239.82,179.12,37.00,105.34,0.6979,-1,-1,-1
815,271,50.39,142.57,56.57,161.14,0.6794,-1,-1,-1
815,272,269.57,195.33,27.91,88.26,0.6751,-1,-1,-1
816,212,310.54,134.98,58.85,210.19,0.7723,-1,-1,-1
816,257,381.00,24.99,161.57,453.64,0.6105,-1,-1,-1
816,262,519.37,27.32,123.27,431.40,0.8741,-1,-1,-1
816,265,178.44,159.59,65.05,149.43,0.7006,-1,-1,-1
816,267,100.08,148.51,41.65,148.44,0.6948,-1,-1,-1
816,269,237.70,175.46,36.69,108.96,0.7413,-1,-1,-1
816,271,55.99,139.62,50.50,160.86,0.5149,-1,-1,-1
816,272,269.16,192.19,27.02,90.27,0.6536,-1,-1,-1
817,212,312.85,134.30,59.91,210.34,0.8088,-1,-1,-1
817,257,382.52,10.52,165.85,457.17,0.7703,-1,-1,-1
817,262,522.29,22.79,119.96,432.74,0.8914,-1,-1,-1
817,265,170.69,156.70,68.89,153.93,0.7469,-1,-1,-1
817,267,97.73,147.12,40.42,148.97,0.7003,-1,-1,-1
817,269,235.49,173.06,36.43,110.40,0.6601,-1,-1,-1
817,271,57.49,136.40,48.34,166.72,0.4928,-1,-1,-1
817,272,268.15,191.49,25.15,88.61,0.6615,-1,-1,-1
817,248,30.08,145.45,37.63,155.11,0.4423,-1,-1,-1
818,212,317.31,132.79,61.23,210.48,0.8177,-1,-1,-1
818,257,387.10,7.51,155.97,459.33,0.7861,-1,-1,-1
818,262,527.89,14.09,115.21,439.86,0.8185,-1,-1,-1
818,265,170.70,156.46,68.19,160.17,0.7518,-1,-1,-1
818,267,96.11,146.18,40.00,151.12,0.7058,-1,-1,-1
818,269,232.10,169.81,38.35,114.59,0.7655,-1,-1,-1
818,271,56.43,134.44,49.35,171.45,0.3471,-1,-1,-1
818,272,266.91,188.46,26.74,93.89,0.6999,-1,-1,-1
818,273,288.76,178.17,28.86,91.66,0.7278,-1,-1,-1
818,248,17.24,138.28,50.85,165.60,0.6359,-1,-1,-1
819,212,319.02,131.36,61.56,207.13,0.8327,-1,-1,-1
819,257,401.60,6.90,143.86,461.41,0.8688,-1,-1,-1
819,262,536.05,10.79,105.63,448.55,0.8776,-1,-1,-1
819,265,167.36,157.43,69.85,164.23,0.7696,-1,-1,-1
819,267,93.69,146.25,40.17,153.47,0.7341,-1,-1,-1
819,269,228.59,168.51,39.66,118.13,0.7896,-1,-1,-1
819,271,54.49,133.68,46.60,134.60,0.3453,-1,-1,-1
819,272,265.32,188.76,27.98,97.12,0.6747,-1,-1,-1
819,273,288.97,179.08,29.24,92.37,0.6379,-1,-1,-1
819,248,5.78,138.63,57.62,168.17,0.7192,-1,-1,-1
820,212,314.40,132.09,65.21,208.10,0.8128,-1,-1,-1
820,257,409.03,7.57,156.28,470.96,0.8326,-1,-1,-1
820,262,546.04,11.06,94.82,464.35,0.8741,-1,-1,-1
820,265,152.91,156.18,76.91,173.10,0.7142,-1,-1,-1
820,267,83.26,147.17,42.63,158.77,0.7490,-1,-1,-1
820,269,220.97,170.63,41.66,122.87,0.7659,-1,-1,-1
820,271,44.45,134.63,43.71,122.48,0.4475,-1,-1,-1
820,272,259.70,190.76,28.91,101.10,0.7275,-1,-1,-1
820,273,283.25,182.70,30.19,92.58,0.6394,-1,-1,-1
820,248,-2.47,143.04,53.55,168.34,0.7159,-1,-1,-1
821,212,310.06,129.07,66.75,205.85,0.8151,-1,-1,-1
821,257,410.54,4.19,152.15,475.60,0.8161,-1,-1,-1
821,262,552.67,10.39,85.80,468.50,0.8854,-1,-1,-1
821,265,145.33,148.47,75.84,179.32,0.7663,-1,-1,-1
821,267,76.33,142.12,44.16,158.96,0.7889,-1,-1,-1
821,269,214.70,165.88,41.70,125.88,0.7414,-1,-1,-1
821,271,36.08,128.30,47.66,167.80,0.7396,-1,-1,-1
821,272,253.76,187.03,28.43,103.43,0.6725,-1,-1,-1
821,273,278.29,177.80,30.63,95.21,0.6405,-1,-1,-1
821,248,-2.57,136.47,42.30,171.44,0.7424,-1,-1,-1
822,212,306.27,130.10,75.66,207.14,0.8356,-1,-1,-1
822,257,416.30,3.47,153.41,479.57,0.8657,-1,-1,-1
822,262,564.13,11.06,75.44,472.08,0.8535,-1,-1,-1
822,265,133.96,144.30,77.77,187.97,0.8066,-1,-1,-1
822,267,65.32,140.47,45.76,163.10,0.7520,-1,-1,-1
822,269,206.70,165.64,42.84,129.49,0.7998,-1,-1,-1
822,271,23.66,122.89,45.77,141.20,0.4546,-1,-1,-1
822,272,247.08,188.25,29.12,105.75,0.7227,-1,-1,-1
822,273,271.06,177.35,32.81,97.40,0.6780,-1,-1,-1
823,212,306.90,136.94,80.90,207.52,0.8052,-1,-1,-1
823,257,429.75,3.30,151.89,477.42,0.8634,-1,-1,-1
823,262,575.31,14.09,66.38,470.80,0.7656,-1,-1,-1
823,265,127.65,145.20,81.35,194.13,0.8536,-1,-1,-1
823,267,62.71,142.97,46.56,167.00,0.8119,-1,-1,-1
823,269,204.63,168.57,44.99,134.04,0.7768,-1,-1,-1
823,271,19.09,127.56,47.74,128.42,0.4765,-1,-1,-1
823,272,247.26,187.20,30.98,113.44,0.7212,-1,-1,-1
823,273,271.64,177.17,34.17,103.58,0.6376,-1,-1,-1
823,274,378.78,118.72,69.61,168.46,0.4696,-1,-1,-1
824,212,307.59,136.47,79.05,207.46,0.7841,-1,-1,-1
824,257,441.50,-0.48,160.43,480.71,0.8450,-1,-1,-1
824,262,573.51,7.43,67.19,463.67,0.7304,-1,-1,-1
824,265,116.04,139.26,84.82,202.87,0.8518,-1,-1,-1
824,267,56.08,141.25,46.78,168.57,0.7654,-1,-1,-1
824,269,197.18,164.23,45.62,138.94,0.7686,-1,-1,-1
824,271,9.82,125.28,52.78,176.04,0.5985,-1,-1,-1
824,272,242.08,180.90,33.00,117.50,0.7711,-1,-1,-1
824,273,265.54,174.37,35.31,103.88,0.7262,-1,-1,-1
824,274,379.20,114.39,79.89,264.24,0.6829,-1,-1,-1
825,212,309.63,136.17,78.17,207.18,0.7868,-1,-1,-1
825,257,452.99,-1.94,176.87,482.99,0.8730,-1,-1,-1
825,262,584.05,3.39,57.03,452.54,0.3482,-1,-1,-1
825,265,97.62,136.06,97.85,213.96,0.8595,-1,-1,-1
825,267,48.89,138.40,48.29,172.68,0.7612,-1,-1,-1
825,269,189.22,159.77,47.95,144.27,0.7697,-1,-1,-1
825,271,1.07,121.27,49.54,148.44,0.3731,-1,-1,-1
825,272,237.00,180.34,36.94,120.99,0.7782,-1,-1,-1
825,273,262.29,173.20,35.42,106.02,0.6912,-1,-1,-1
825,274,380.09,112.36,87.13,263.60,0.6582,-1,-1,-1
826,212,310.84,130.89,75.73,205.73,0.8166,-1,-1,-1
826,257,463.75,-3.13,178.04,482.08,0.9123,-1,-1,-1
826,265,84.64,129.87,107.49,225.31,0.8859,-1,-1,-1
826,267,42.14,132.18,50.19,177.35,0.7049,-1,-1,-1
826,269,181.09,152.52,50.41,148.72,0.8043,-1,-1,-1
826,271,-2.57,113.38,50.09,190.34,0.4642,-1,-1,-1
826,272,231.64,174.88,38.71,125.97,0.7521,-1,-1,-1
826,273,260.16,170.18,34.31,105.49,0.6679,-1,-1,-1
826,274,380.73,106.49,89.89,273.96,0.5910,-1,-1,-1
826,275,294.92,169.80,25.97,100.65,0.4898,-1,-1,-1
827,212,309.34,132.31,70.60,204.80,0.8229,-1,-1,-1
827,257,472.46,0.21,170.38,482.89,0.8848,-1,-1,-1
827,265,67.53,125.34,104.52,240.48,0.8609,-1,-1,-1
827,267,29.91,130.37,48.27,182.27,0.6745,-1,-1,-1
827,269,161.13,155.08,59.66,154.67,0.8150,-1,-1,-1
827,272,219.95,178.77,40.36,131.19,0.7613,-1,-1,-1
827,273,251.70,173.75,34.10,108.33,0.6817,-1,-1,-1
827,274,375.01,111.37,93.10,281.41,0.8236,-1,-1,-1
827,275,287.70,174.85,29.09,100.60,0.5394,-1,-1,-1
828,212,311.57,132.15,67.65,203.84,0.8255,-1,-1,-1
828,257,485.47,1.27,157.85,479.44,0.9011,-1,-1,-1
828,265,60.96,118.09,101.83,250.63,0.8611,-1,-1,-1
828,267,25.76,129.61,55.69,184.27,0.6804,-1,-1,-1
828,269,152.73,153.62,64.84,158.28,0.7980,-1,-1,-1
828,272,216.97,177.89,40.06,134.99,0.7917,-1,-1,-1
828,273,248.92,173.27,35.57,109.94,0.7179,-1,-1,-1
828,274,373.47,113.31,96.18,282.87,0.7755,-1,-1,-1
828,275,286.82,176.01,29.55,100.19,0.6317,-1,-1,-1
828,271,-3.52,109.23,35.86,212.59,0.4902,-1,-1,-1
829,212,316.46,130.66,65.10,205.68,0.8097,-1,-1,-1
829,257,504.85,-0.64,141.66,480.56,0.8759,-1,-1,-1
829,265,54.22,111.12,101.81,263.25,0.8514,-1,-1,-1
829,267,21.00,127.37,54.80,187.77,0.7467,-1,-1,-1
829,269,149.59,149.73,63.46,167.33,0.8736,-1,-1,-1
829,272,213.04,175.39,43.16,139.51,0.7384,-1,-1,-1
829,273,245.79,169.23,39.76,115.01,0.6903,-1,-1,-1
829,274,376.39,112.49,103.98,286.12,0.7912,-1,-1,-1
829,275,287.79,172.95,33.16,101.59,0.6963,-1,-1,-1
830,212,320.33,138.19,63.06,203.40,0.8561,-1,-1,-1
830,257,520.36,1.37,123.84,479.97,0.8586,-1,-1,-1
830,265,29.67,109.63,117.60,276.69,0.8581,-1,-1,-1
830,269,147.91,151.88,61.79,173.51,0.8621,-1,-1,-1
830,272,209.82,177.14,44.54,145.11,0.7117,-1,-1,-1
830,273,245.94,175.11,39.14,114.10,0.6786,-1,-1,-1
830,274,379.52,118.67,104.42,282.95,0.8317,-1,-1,-1
830,275,290.72,176.15,33.70,102.15,0.7839,-1,-1,-1
831,212,320.31,138.68,59.93,204.67,0.8277,-1,-1,-1
831,257,530.97,0.16,110.31,478.32,0.8642,-1,-1,-1
831,265,11.14,103.77,123.82,290.77,0.8527,-1,-1,-1
831,269,139.57,145.45,62.23,181.52,0.8517,-1,-1,-1
831,272,203.82,171.53,45.05,152.01,0.7437,-1,-1,-1
831,273,241.83,171.11,36.97,118.13,0.7144,-1,-1,-1
831,274,377.41,116.34,104.41,284.25,0.8370,-1,-1,-1
831,275,286.73,174.16,35.89,102.01,0.7749,-1,-1,-1
832,212,313.26,133.31,61.81,205.02,0.8395,-1,-1,-1
832,257,549.40,-2.23,90.41,478.62,0.8524,-1,-1,-1
832,265,-3.94,87.44,118.48,319.31,0.8791,-1,-1,-1
832,269,121.57,132.94,67.46,191.00,0.8307,-1,-1,-1
832,272,189.44,161.52,46.35,162.35,0.7894,-1,-1,-1
832,273,229.95,162.18,41.97,123.65,0.7619,-1,-1,-1
832,274,371.67,108.36,99.61,282.79,0.8540,-1,-1,-1
832,275,278.87,166.21,37.80,103.81,0.7869,-1,-1,-1
833,212,312.74,133.31,62.28,204.91,0.8310,-1,-1,-1
833,257,561.53,0.14,78.78,476.56,0.8372,-1,-1,-1
833,265,-5.28,81.35,108.56,325.93,0.8577,-1,-1,-1
833,269,111.05,129.44,71.68,200.91,0.8619,-1,-1,-1
833,272,180.80,160.73,50.46,166.77,0.8043,-1,-1,-1
833,273,226.43,161.40,41.75,126.86,0.8047,-1,-1,-1
833,274,369.68,107.10,96.78,277.82,0.8535,-1,-1,-1
833,275,274.75,165.83,39.34,104.50,0.7796,-1,-1,-1
834,212,313.38,130.02,65.28,201.71,0.8309,-1,-1,-1
834,257,578.21,12.04,63.20,466.30,0.4659,-1,-1,-1
834,265,-5.92,76.65,93.41,327.93,0.8878,-1,-1,-1
834,269,100.26,125.80,77.44,208.81,0.8691,-1,-1,-1
834,272,173.74,158.98,53.20,175.32,0.8355,-1,-1,-1
834,273,223.70,158.16,43.49,132.41,0.7557,-1,-1,-1
834,274,371.61,104.27,93.98,277.06,0.8748,-1,-1,-1
834,275,272.34,166.27,39.67,104.27,0.8086,-1,-1,-1
835,212,313.60,127.30,67.04,200.80,0.7938,-1,-1,-1
835,257,595.07,33.12,45.59,443.93,0.3293,-1,-1,-1
835,265,-4.33,94.74,74.99,311.07,0.7039,-1,-1,-1
835,269,89.64,121.50,81.87,225.04,0.8828,-1,-1,-1
835,272,165.61,155.98,59.47,185.32,0.8136,-1,-1,-1
835,273,220.57,157.39,46.37,136.32,0.7634,-1,-1,-1
835,274,372.49,103.97,93.28,278.95,0.8716,-1,-1,-1
835,275,272.87,166.89,39.82,102.26,0.7934,-1,-1,-1
836,212,318.76,125.42,68.43,196.77,0.8521,-1,-1,-1
836,269,80.88,116.03,87.99,239.22,0.8688,-1,-1,-1
836,272,164.55,151.35,58.85,194.97,0.8416,-1,-1,-1
836,273,221.28,154.40,49.91,140.37,0.8356,-1,-1,-1
836,274,375.65,104.80,93.91,280.69,0.8711,-1,-1,-1
836,275,273.29,167.28,41.32,100.13,0.7786,-1,-1,-1
836,267,-1.10,106.55,52.52,216.31,0.7720,-1,-1,-1
837,212,326.34,127.92,69.30,190.31,0.8317,-1,-1,-1
837,269,73.42,111.96,92.77,252.36,0.8547,-1,-1,-1
837,272,162.22,146.66,58.81,206.81,0.8648,-1,-1,-1
837,273,223.36,152.00,51.93,147.11,0.8130,-1,-1,-1
837,274,380.76,108.86,94.70,281.82,0.8626,-1,-1,-1
837,275,274.93,168.38,43.55,100.86,0.8119,-1,-1,-1
837,267,0.03,108.45,41.76,219.20,0.6788,-1,-1,-1
