1,1,0.61,675.52,50.94,207.58,0.7037,-1,-1,-1
1,2,1370.39,514.35,33.77,100.00,0.6447,-1,-1,-1
1,3,1609.11,558.15,56.10,115.71,0.6023,-1,-1,-1
2,1,-4.93,662.71,51.92,212.54,0.6570,-1,-1,-1
2,2,1371.66,513.66,34.11,101.04,0.6425,-1,-1,-1
2,3,1614.65,550.40,59.85,123.42,0.6602,-1,-1,-1
3,1,-8.04,685.19,51.25,211.89,0.6504,-1,-1,-1
3,2,1373.99,508.77,35.64,105.41,0.5891,-1,-1,-1
3,3,1620.78,548.62,58.97,121.32,0.6539,-1,-1,-1
3,4,1536.45,553.35,49.43,117.72,0.6498,-1,-1,-1
4,2,1378.47,506.00,36.68,108.57,0.7124,-1,-1,-1
4,3,1628.95,547.32,60.86,125.11,0.7595,-1,-1,-1
4,4,1543.43,552.73,50.33,120.22,0.6529,-1,-1,-1
4,6,94.31,722.76,45.29,100.41,0.5896,-1,-1,-1
5,2,1382.54,512.45,37.15,110.39,0.7115,-1,-1,-1
5,3,1636.48,559.58,60.24,123.58,0.6361,-1,-1,-1
5,4,1549.37,559.39,50.88,121.49,0.3998,-1,-1,-1
5,6,80.27,717.17,46.31,102.73,0.5019,-1,-1,-1
6,2,1388.11,523.00,36.25,108.59,0.6359,-1,-1,-1
6,3,1644.35,570.20,60.91,124.40,0.7573,-1,-1,-1
6,7,1462.28,503.92,28.24,87.90,0.5390,-1,-1,-1
7,2,1390.33,519.95,36.85,111.24,0.5820,-1,-1,-1
7,3,1651.37,571.63,62.76,127.98,0.7406,-1,-1,-1
7,7,1464.36,499.90,28.81,89.77,0.4664,-1,-1,-1
7,4,1563.21,566.78,52.88,126.06,0.5744,-1,-1,-1
8,2,1393.70,528.86,36.05,109.09,0.6718,-1,-1,-1
8,3,1658.81,575.81,63.83,129.83,0.6627,-1,-1,-1
8,7,1468.03,506.69,28.44,88.28,0.5230,-1,-1,-1
8,4,1569.83,577.93,51.88,123.76,0.5488,-1,-1,-1
9,2,1396.94,532.77,35.58,107.64,0.6747,-1,-1,-1
9,3,1664.54,581.99,65.00,132.07,0.6920,-1,-1,-1
9,7,1470.59,511.27,28.57,88.24,0.4327,-1,-1,-1
9,4,1576.19,586.77,51.75,123.62,0.5052,-1,-1,-1
10,2,1399.16,539.68,35.50,107.11,0.6591,-1,-1,-1
10,3,1670.66,597.00,63.67,129.01,0.7865,-1,-1,-1
10,7,1473.01,520.78,28.40,87.50,0.3215,-1,-1,-1
10,4,1581.98,600.24,51.28,122.69,0.6845,-1,-1,-1
10,8,3.96,730.03,47.69,115.50,0.6397,-1,-1,-1
11,2,1401.67,534.77,35.61,107.22,0.6749,-1,-1,-1
11,3,1678.21,584.98,65.96,134.00,0.7657,-1,-1,-1
11,7,1474.46,515.26,28.50,87.04,0.3871,-1,-1,-1
11,4,1588.23,592.90,52.43,125.75,0.6553,-1,-1,-1
12,2,1403.83,533.65,36.54,109.85,0.6856,-1,-1,-1
12,3,1686.58,589.32,65.56,133.29,0.7709,-1,-1,-1
12,7,1477.93,514.94,29.74,89.37,0.3874,-1,-1,-1
12,4,1595.84,593.80,53.30,127.89,0.7065,-1,-1,-1
13,2,1407.79,531.90,35.44,106.42,0.7171,-1,-1,-1
13,3,1693.47,591.37,65.11,132.37,0.7226,-1,-1,-1
13,7,1480.11,513.13,30.84,90.72,0.4241,-1,-1,-1
13,4,1601.50,595.93,53.27,126.97,0.6664,-1,-1,-1
14,2,1409.62,530.53,34.68,103.70,0.6684,-1,-1,-1
14,3,1700.72,586.36,65.33,133.48,0.6837,-1,-1,-1
14,4,1610.46,589.94,54.17,129.11,0.6282,-1,-1,-1
15,2,1412.38,531.77,35.35,105.67,0.5294,-1,-1,-1
15,3,1708.38,585.98,66.65,137.22,0.7500,-1,-1,-1
15,4,1618.52,592.52,54.19,129.59,0.7189,-1,-1,-1
16,2,1416.16,533.06,35.06,105.00,0.5458,-1,-1,-1
16,3,1714.58,590.75,65.84,136.52,0.7422,-1,-1,-1
16,4,1626.61,594.28,54.64,130.38,0.6976,-1,-1,-1
17,2,1418.96,533.42,35.99,107.47,0.6035,-1,-1,-1
17,3,1721.56,590.70,66.46,138.70,0.7096,-1,-1,-1
17,4,1634.04,591.20,55.75,133.58,0.6952,-1,-1,-1
18,2,1421.10,533.70,36.43,108.58,0.6993,-1,-1,-1
18,3,1730.46,593.76,65.76,138.15,0.7042,-1,-1,-1
18,4,1642.77,591.92,56.07,134.78,0.6255,-1,-1,-1
18,12,475.66,541.60,36.62,104.59,0.5551,-1,-1,-1
19,2,1423.71,534.43,36.46,108.15,0.7342,-1,-1,-1
19,3,1739.79,595.24,65.95,139.12,0.7481,-1,-1,-1
19,4,1650.65,592.83,56.16,135.32,0.4434,-1,-1,-1
19,12,474.15,540.48,37.09,105.88,0.5131,-1,-1,-1
19,13,512.45,540.13,38.32,107.54,0.5126,-1,-1,-1
20,2,1425.91,534.86,36.28,106.86,0.7477,-1,-1,-1
20,3,1748.48,596.96,65.98,139.89,0.7429,-1,-1,-1
20,4,1658.01,594.19,55.78,135.38,0.6052,-1,-1,-1
20,12,471.81,543.78,37.36,106.67,0.4014,-1,-1,-1
20,13,508.76,536.94,40.59,113.91,0.4847,-1,-1,-1
21,2,1427.55,533.41,37.76,110.64,0.6908,-1,-1,-1
21,3,1756.74,597.83,66.00,140.60,0.7462,-1,-1,-1
21,4,1666.02,596.55,56.35,137.05,0.6871,-1,-1,-1
21,12,468.76,548.96,35.69,101.95,0.4583,-1,-1,-1
21,13,506.66,538.58,40.63,114.11,0.5237,-1,-1,-1
22,2,1431.52,536.92,36.39,105.20,0.6691,-1,-1,-1
22,3,1768.29,601.24,64.81,139.08,0.7483,-1,-1,-1
22,4,1673.33,597.99,57.25,140.09,0.6264,-1,-1,-1
22,12,465.96,550.93,36.09,103.06,0.5558,-1,-1,-1
22,13,503.81,542.94,39.89,112.31,0.5124,-1,-1,-1
23,2,1432.60,538.27,37.72,108.47,0.6631,-1,-1,-1
23,3,1776.68,600.92,66.67,143.99,0.7717,-1,-1,-1
23,4,1680.13,600.23,58.04,142.48,0.7254,-1,-1,-1
23,12,464.18,550.15,36.72,105.35,0.4278,-1,-1,-1
23,13,501.07,547.24,39.05,109.43,0.5497,-1,-1,-1
24,2,1435.39,532.90,39.37,113.88,0.6539,-1,-1,-1
24,3,1786.08,596.34,68.89,149.81,0.7111,-1,-1,-1
24,4,1687.16,601.68,58.41,143.21,0.7311,-1,-1,-1
24,12,462.37,550.04,37.87,107.88,0.4739,-1,-1,-1
24,13,497.16,551.85,38.04,106.61,0.4579,-1,-1,-1
25,2,1437.65,534.43,41.10,119.13,0.6621,-1,-1,-1
25,3,1796.28,601.99,68.37,148.67,0.7095,-1,-1,-1
25,4,1694.12,606.00,59.60,147.23,0.7278,-1,-1,-1
25,12,460.03,547.77,39.96,113.13,0.4381,-1,-1,-1
25,13,496.19,552.80,38.67,108.40,0.4673,-1,-1,-1
26,2,1440.89,537.27,41.46,119.23,0.7230,-1,-1,-1
26,3,1806.89,606.52,68.02,147.49,0.5900,-1,-1,-1
26,4,1702.79,610.45,60.35,149.35,0.7248,-1,-1,-1
26,12,457.83,549.52,40.14,113.29,0.5107,-1,-1,-1
26,13,494.64,550.68,40.23,112.81,0.5505,-1,-1,-1
27,2,1444.29,540.81,40.37,115.68,0.7473,-1,-1,-1
27,3,1815.83,610.68,69.78,150.22,0.6523,-1,-1,-1
27,4,1710.60,614.84,60.35,149.42,0.6736,-1,-1,-1
27,12,455.16,555.55,39.52,110.67,0.3937,-1,-1,-1
27,13,494.17,559.35,38.27,106.76,0.6101,-1,-1,-1
28,2,1449.07,544.62,39.91,112.34,0.7280,-1,-1,-1
28,3,1823.70,611.40,72.36,155.43,0.7715,-1,-1,-1
28,4,1717.74,617.05,61.20,151.84,0.6737,-1,-1,-1
28,12,451.84,558.26,39.35,109.66,0.3524,-1,-1,-1
28,13,492.32,564.23,37.39,103.77,0.5865,-1,-1,-1
28,14,1534.25,524.93,31.91,83.89,0.5366,-1,-1,-1
29,2,1452.26,549.26,39.36,110.77,0.7081,-1,-1,-1
29,3,1830.90,617.90,74.06,158.86,0.6925,-1,-1,-1
29,4,1724.35,621.69,63.35,158.15,0.7233,-1,-1,-1
29,12,450.04,562.72,38.31,105.94,0.4895,-1,-1,-1
29,13,491.62,568.60,36.18,99.89,0.5287,-1,-1,-1
29,14,1535.28,525.41,34.11,89.72,0.5617,-1,-1,-1
30,2,1455.24,550.38,39.88,111.60,0.6417,-1,-1,-1
30,3,1839.70,621.04,72.57,153.72,0.6343,-1,-1,-1
30,4,1735.14,624.41,63.50,159.69,0.7528,-1,-1,-1
30,12,445.86,565.43,39.97,109.86,0.6151,-1,-1,-1
30,13,489.62,573.83,36.88,101.48,0.5004,-1,-1,-1
30,14,1537.94,525.31,34.96,92.01,0.5648,-1,-1,-1
31,2,1457.02,551.50,42.20,118.48,0.6285,-1,-1,-1
31,3,1850.01,626.26,71.12,151.42,0.6390,-1,-1,-1
31,4,1746.75,628.13,61.91,156.45,0.5785,-1,-1,-1
31,12,443.24,575.50,39.95,109.86,0.5757,-1,-1,-1
31,13,487.46,577.81,39.14,108.33,0.4165,-1,-1,-1
31,14,1540.66,525.22,36.65,96.88,0.4866,-1,-1,-1
32,2,1460.17,555.85,42.19,119.31,0.6370,-1,-1,-1
32,3,1854.44,633.35,73.02,158.55,0.6872,-1,-1,-1
32,4,1756.58,631.76,61.67,155.96,0.6769,-1,-1,-1
32,12,441.82,574.94,39.57,108.25,0.5729,-1,-1,-1
32,13,486.37,576.35,39.15,108.36,0.5267,-1,-1,-1
32,14,1544.95,528.79,35.38,93.65,0.5976,-1,-1,-1
33,2,1463.60,547.32,43.66,123.94,0.7429,-1,-1,-1
33,3,1859.46,626.74,74.04,166.73,0.6662,-1,-1,-1
33,4,1766.74,625.28,60.85,153.88,0.6461,-1,-1,-1
33,12,439.40,568.50,39.74,108.86,0.5151,-1,-1,-1
33,13,483.73,572.53,38.84,107.93,0.4873,-1,-1,-1
33,14,1548.82,521.83,34.60,91.68,0.6533,-1,-1,-1
34,2,1467.51,546.20,43.72,124.80,0.7610,-1,-1,-1
34,3,1869.33,633.39,64.95,152.09,0.5550,-1,-1,-1
34,4,1775.57,622.80,62.15,156.48,0.7453,-1,-1,-1
34,12,437.30,572.51,38.65,105.50,0.4813,-1,-1,-1
34,13,480.14,569.12,40.22,112.23,0.5207,-1,-1,-1
34,14,1551.98,519.30,34.99,93.18,0.5972,-1,-1,-1
35,2,1471.11,541.92,44.30,125.95,0.7299,-1,-1,-1
35,4,1785.65,622.93,63.13,157.96,0.6379,-1,-1,-1
35,12,435.74,568.80,38.21,103.76,0.4298,-1,-1,-1
35,13,477.76,563.95,39.89,111.49,0.3760,-1,-1,-1
35,14,1557.60,516.87,34.68,93.03,0.5334,-1,-1,-1
36,2,1475.55,538.36,45.04,128.72,0.7514,-1,-1,-1
36,4,1794.54,620.09,66.30,165.18,0.7064,-1,-1,-1
36,12,433.27,564.03,38.88,104.89,0.3527,-1,-1,-1
36,13,474.12,555.10,41.48,116.82,0.3022,-1,-1,-1
36,14,1562.77,515.94,33.95,91.68,0.3399,-1,-1,-1
37,2,1479.53,538.24,44.38,127.56,0.7195,-1,-1,-1
37,4,1803.52,621.82,68.43,168.58,0.7729,-1,-1,-1
37,12,428.97,556.40,40.21,109.16,0.3535,-1,-1,-1
37,13,469.60,544.39,43.75,123.67,0.4701,-1,-1,-1
37,14,1568.78,514.66,34.01,92.11,0.4271,-1,-1,-1
38,2,1483.03,534.69,44.69,129.71,0.7105,-1,-1,-1
38,4,1811.91,618.89,71.78,175.55,0.7811,-1,-1,-1
38,12,425.42,551.90,41.61,113.77,0.4980,-1,-1,-1
38,13,466.80,541.57,44.20,124.84,0.5374,-1,-1,-1
38,14,1572.92,506.41,35.07,96.04,0.4790,-1,-1,-1
39,2,1487.23,537.21,44.18,128.46,0.7030,-1,-1,-1
39,4,1823.10,626.26,72.03,175.06,0.7505,-1,-1,-1
39,12,422.22,545.18,41.79,114.93,0.4522,-1,-1,-1
39,13,464.42,533.03,44.93,127.36,0.4775,-1,-1,-1
39,14,1579.14,506.50,35.28,96.92,0.5142,-1,-1,-1
40,2,1491.07,536.69,43.63,127.45,0.7111,-1,-1,-1
40,4,1834.16,626.97,73.24,177.72,0.7794,-1,-1,-1
40,12,418.72,541.72,42.99,119.52,0.3850,-1,-1,-1
40,13,464.32,536.47,43.88,124.44,0.4696,-1,-1,-1
40,14,1582.34,501.61,37.05,102.16,0.3280,-1,-1,-1
41,2,1496.00,543.78,42.12,122.06,0.6972,-1,-1,-1
41,4,1844.71,631.43,74.09,179.89,0.7577,-1,-1,-1
41,12,417.01,536.68,44.02,123.54,0.4087,-1,-1,-1
41,13,463.45,537.12,43.40,122.46,0.4696,-1,-1,-1
41,14,1588.67,501.29,38.24,105.25,0.4960,-1,-1,-1
42,2,1501.16,546.79,41.90,121.03,0.6868,-1,-1,-1
42,4,1853.07,636.46,73.19,180.65,0.6916,-1,-1,-1
42,12,416.70,535.79,45.00,126.69,0.5487,-1,-1,-1
42,13,463.25,542.37,42.62,118.86,0.4622,-1,-1,-1
42,14,1593.49,505.04,37.13,102.73,0.5748,-1,-1,-1
43,2,1505.73,548.49,42.32,122.26,0.6678,-1,-1,-1
43,4,1862.28,642.50,68.54,174.08,0.6621,-1,-1,-1
43,12,414.65,535.20,46.08,129.90,0.5425,-1,-1,-1
43,13,458.07,533.94,46.51,129.92,0.4131,-1,-1,-1
43,14,1596.77,509.06,35.86,99.61,0.5064,-1,-1,-1
44,2,1511.35,551.73,41.98,121.03,0.6220,-1,-1,-1
44,4,1870.49,649.20,63.89,169.22,0.6409,-1,-1,-1
44,12,414.11,534.45,46.76,132.71,0.3814,-1,-1,-1
44,13,453.09,531.71,48.55,135.55,0.4002,-1,-1,-1
44,14,1600.85,509.67,36.56,101.02,0.5301,-1,-1,-1
45,2,1515.24,554.91,44.01,127.09,0.7575,-1,-1,-1
45,12,413.50,534.22,46.23,132.38,0.3758,-1,-1,-1
45,13,450.97,531.55,48.57,135.65,0.3258,-1,-1,-1
45,14,1605.30,512.41,37.21,101.87,0.5885,-1,-1,-1
46,2,1518.63,554.80,45.53,132.64,0.7570,-1,-1,-1
46,12,409.38,537.93,45.45,128.88,0.3123,-1,-1,-1
46,13,448.30,532.72,48.86,137.03,0.3441,-1,-1,-1
46,14,1609.89,514.54,37.24,101.25,0.5480,-1,-1,-1
47,2,1523.85,558.21,45.20,132.08,0.7205,-1,-1,-1
47,13,447.48,536.59,47.37,133.69,0.3277,-1,-1,-1
47,14,1617.70,523.70,35.05,95.29,0.5303,-1,-1,-1
48,2,1528.33,559.87,45.60,133.41,0.7090,-1,-1,-1
48,13,447.06,541.58,46.79,132.42,0.3629,-1,-1,-1
48,14,1621.58,527.11,33.98,92.86,0.6493,-1,-1,-1
49,2,1532.74,559.51,46.26,135.83,0.7107,-1,-1,-1
49,13,445.55,547.90,45.29,128.32,0.5423,-1,-1,-1
49,14,1625.49,531.54,33.26,91.37,0.7157,-1,-1,-1
50,2,1537.50,558.45,46.71,137.41,0.6966,-1,-1,-1
50,13,444.76,556.34,42.76,120.62,0.5618,-1,-1,-1
50,14,1629.94,531.29,32.47,90.49,0.4166,-1,-1,-1
51,2,1542.10,560.82,46.84,137.86,0.6992,-1,-1,-1
51,13,443.61,564.46,40.29,112.43,0.5522,-1,-1,-1
51,14,1635.77,533.42,32.00,89.80,0.6433,-1,-1,-1
52,2,1546.47,559.05,49.50,145.67,0.7092,-1,-1,-1
52,13,442.34,568.12,39.55,109.94,0.5690,-1,-1,-1
52,14,1639.53,533.03,32.13,90.72,0.5623,-1,-1,-1
52,12,396.24,550.22,44.13,124.31,0.5372,-1,-1,-1
53,2,1550.66,557.50,51.21,150.74,0.6876,-1,-1,-1
53,13,440.41,566.92,40.96,113.01,0.5363,-1,-1,-1
53,14,1643.76,533.79,31.65,89.73,0.5337,-1,-1,-1
53,12,392.87,550.57,45.02,126.62,0.5311,-1,-1,-1
54,2,1553.91,557.46,52.15,153.36,0.7243,-1,-1,-1
54,13,437.94,567.83,41.25,112.89,0.5620,-1,-1,-1
54,14,1648.21,534.53,31.43,89.42,0.5927,-1,-1,-1
54,12,388.43,549.28,45.67,128.67,0.5157,-1,-1,-1
55,2,1557.69,554.88,53.41,157.49,0.7489,-1,-1,-1
55,13,435.37,564.40,42.86,117.06,0.4615,-1,-1,-1
55,14,1653.35,533.73,32.11,91.29,0.6041,-1,-1,-1
55,12,384.12,545.32,46.98,132.99,0.5710,-1,-1,-1
56,2,1562.33,554.23,53.27,157.46,0.7373,-1,-1,-1
56,13,431.56,563.72,43.27,118.30,0.3546,-1,-1,-1
56,14,1657.35,527.71,34.68,98.39,0.7227,-1,-1,-1
56,12,382.11,549.54,45.37,128.82,0.5221,-1,-1,-1
57,2,1567.33,552.86,53.40,157.78,0.7168,-1,-1,-1
57,13,427.05,562.09,43.67,119.35,0.4543,-1,-1,-1
57,14,1659.67,522.73,36.22,102.68,0.7179,-1,-1,-1
57,12,379.53,550.79,44.93,127.92,0.5247,-1,-1,-1
58,2,1572.16,556.28,52.22,153.77,0.6330,-1,-1,-1
58,13,422.56,560.06,44.13,120.37,0.4634,-1,-1,-1
58,14,1661.72,516.60,37.59,106.90,0.6824,-1,-1,-1
58,12,376.33,548.33,45.23,129.58,0.5754,-1,-1,-1
59,2,1578.09,561.67,50.66,149.07,0.6308,-1,-1,-1
59,13,419.60,560.80,43.64,118.27,0.4145,-1,-1,-1
59,14,1665.08,511.79,39.15,110.79,0.6578,-1,-1,-1
59,12,372.55,545.15,45.35,131.28,0.5620,-1,-1,-1
60,2,1581.87,560.47,51.38,151.23,0.6268,-1,-1,-1
60,13,418.35,563.20,43.16,115.49,0.3870,-1,-1,-1
60,14,1667.28,510.75,39.58,111.17,0.7210,-1,-1,-1
60,12,368.48,546.62,44.33,129.29,0.5510,-1,-1,-1
61,2,1585.31,552.12,53.11,156.71,0.6205,-1,-1,-1
61,13,416.48,561.65,44.27,117.64,0.4222,-1,-1,-1
61,14,1669.58,509.57,39.39,108.76,0.7169,-1,-1,-1
61,12,365.85,548.66,44.14,128.34,0.4771,-1,-1,-1
62,2,1590.26,554.66,53.11,156.19,0.7001,-1,-1,-1
62,13,411.95,554.09,46.22,124.13,0.3490,-1,-1,-1
62,14,1674.06,516.09,38.70,104.92,0.5488,-1,-1,-1
62,12,362.11,544.07,45.05,130.37,0.4603,-1,-1,-1
63,2,1596.32,547.73,53.07,156.02,0.6411,-1,-1,-1
63,13,411.69,565.51,45.09,120.88,0.3700,-1,-1,-1
63,14,1680.90,515.10,36.14,97.25,0.5719,-1,-1,-1
63,12,359.97,557.14,44.44,128.80,0.4003,-1,-1,-1
64,2,1601.77,558.67,52.69,153.30,0.6265,-1,-1,-1
64,13,404.41,552.54,47.26,127.30,0.3328,-1,-1,-1
64,14,1687.23,525.51,35.16,94.94,0.6374,-1,-1,-1
64,12,356.85,545.33,45.92,133.44,0.4848,-1,-1,-1
65,2,1605.31,561.13,52.43,151.18,0.7297,-1,-1,-1
65,13,401.42,558.42,45.84,123.40,0.3862,-1,-1,-1
65,14,1690.99,528.17,33.60,90.68,0.6811,-1,-1,-1
65,12,351.40,549.95,45.63,131.95,0.4789,-1,-1,-1
66,2,1611.57,561.64,52.44,150.25,0.7218,-1,-1,-1
66,13,398.66,563.82,46.25,123.78,0.5012,-1,-1,-1
66,14,1697.08,522.80,33.92,91.76,0.6913,-1,-1,-1
66,12,348.33,555.05,46.47,134.31,0.6009,-1,-1,-1
66,18,287.60,565.89,42.47,114.72,0.5079,-1,-1,-1
67,2,1615.29,566.10,53.81,153.52,0.7347,-1,-1,-1
67,13,395.17,560.81,45.53,121.49,0.5553,-1,-1,-1
67,14,1700.05,532.16,33.76,90.92,0.6537,-1,-1,-1
67,12,344.33,548.22,47.17,135.51,0.5524,-1,-1,-1
67,18,281.36,550.48,45.03,121.79,0.3359,-1,-1,-1
68,2,1619.18,565.52,53.87,152.80,0.7318,-1,-1,-1
68,13,390.76,561.96,46.52,123.11,0.5489,-1,-1,-1
68,14,1702.72,530.02,33.42,90.06,0.5779,-1,-1,-1
68,12,341.45,553.93,46.09,132.08,0.5780,-1,-1,-1
68,18,277.02,557.76,44.30,120.05,0.4448,-1,-1,-1
69,2,1623.32,569.62,55.32,156.02,0.7563,-1,-1,-1
69,13,386.86,558.71,46.50,123.11,0.4938,-1,-1,-1
69,14,1705.43,535.99,33.82,90.85,0.6500,-1,-1,-1
69,12,335.99,546.88,48.08,136.88,0.4394,-1,-1,-1
69,18,270.33,551.42,46.23,125.92,0.4400,-1,-1,-1
70,2,1627.47,567.76,55.97,156.84,0.7757,-1,-1,-1
70,13,381.31,556.56,47.91,127.01,0.5873,-1,-1,-1
70,14,1706.68,535.67,34.40,92.30,0.5962,-1,-1,-1
70,12,331.50,545.58,48.89,138.91,0.5193,-1,-1,-1
70,18,265.07,548.73,47.67,130.35,0.3747,-1,-1,-1
71,2,1631.32,570.82,56.84,158.83,0.7564,-1,-1,-1
71,13,375.91,554.14,48.48,128.51,0.5607,-1,-1,-1
71,14,1707.85,536.86,34.75,93.22,0.6897,-1,-1,-1
71,12,328.94,546.59,47.98,136.35,0.5147,-1,-1,-1
72,2,1633.53,563.22,60.40,169.28,0.7885,-1,-1,-1
72,13,370.83,554.40,48.92,130.17,0.6105,-1,-1,-1
72,14,1708.87,536.92,34.47,91.87,0.6906,-1,-1,-1
72,12,326.16,550.21,47.57,134.58,0.6164,-1,-1,-1
73,2,1637.86,563.91,61.15,171.64,0.6738,-1,-1,-1
73,13,366.12,550.30,49.64,132.66,0.5836,-1,-1,-1
73,14,1710.69,538.51,35.58,93.91,0.5833,-1,-1,-1
73,12,319.50,545.53,48.89,137.56,0.4709,-1,-1,-1
74,2,1643.14,568.82,60.77,169.07,0.7210,-1,-1,-1
74,13,362.38,548.70,50.18,134.48,0.4973,-1,-1,-1
74,14,1712.43,537.29,35.61,93.54,0.5858,-1,-1,-1
74,12,314.65,543.66,49.70,140.17,0.3724,-1,-1,-1
75,2,1646.68,575.46,60.09,165.46,0.7429,-1,-1,-1
75,13,356.50,553.73,48.54,130.24,0.6082,-1,-1,-1
75,14,1713.81,538.91,35.83,93.56,0.5706,-1,-1,-1
75,12,307.92,547.21,48.47,136.17,0.4164,-1,-1,-1
76,2,1650.21,578.28,60.16,164.43,0.7341,-1,-1,-1
76,13,351.24,552.30,48.86,131.13,0.4953,-1,-1,-1
76,14,1714.97,539.57,35.48,91.74,0.5478,-1,-1,-1
76,12,298.90,544.27,50.60,140.11,0.4755,-1,-1,-1
77,2,1653.28,580.66,60.67,163.64,0.7195,-1,-1,-1
77,13,344.38,550.19,49.29,132.56,0.6133,-1,-1,-1
77,14,1715.84,540.77,35.53,91.08,0.5368,-1,-1,-1
77,12,293.81,544.91,50.55,139.22,0.4480,-1,-1,-1
78,2,1656.37,581.92,61.65,164.45,0.7336,-1,-1,-1
78,13,339.79,551.66,49.26,132.90,0.5297,-1,-1,-1
78,14,1715.78,541.09,35.81,91.14,0.5829,-1,-1,-1
78,12,284.55,541.68,52.54,143.72,0.4271,-1,-1,-1
79,2,1659.09,584.68,62.26,162.90,0.7503,-1,-1,-1
79,13,333.92,549.24,50.23,135.60,0.5562,-1,-1,-1
79,14,1715.52,540.67,35.94,90.61,0.5743,-1,-1,-1
79,12,275.84,538.97,54.03,145.51,0.5009,-1,-1,-1
80,2,1659.73,583.01,64.65,166.41,0.7249,-1,-1,-1
80,13,327.99,551.75,49.93,134.73,0.6084,-1,-1,-1
80,14,1714.74,537.79,36.62,91.59,0.6115,-1,-1,-1
80,12,268.09,537.27,55.84,147.99,0.5575,-1,-1,-1
81,2,1661.66,582.67,65.58,167.01,0.7504,-1,-1,-1
81,13,320.49,552.83,49.87,134.05,0.5708,-1,-1,-1
81,14,1713.89,536.79,36.81,91.45,0.5704,-1,-1,-1
81,12,266.06,546.24,51.84,137.36,0.3501,-1,-1,-1
82,2,1663.17,583.09,67.22,170.08,0.7395,-1,-1,-1
82,13,313.11,554.61,49.29,132.42,0.4983,-1,-1,-1
82,14,1713.01,537.14,36.64,91.19,0.6128,-1,-1,-1
82,12,260.00,538.67,54.14,145.01,0.3820,-1,-1,-1
83,2,1666.18,582.57,67.78,171.96,0.7061,-1,-1,-1
83,13,306.41,557.47,49.17,131.23,0.6694,-1,-1,-1
83,14,1712.45,536.88,36.49,91.08,0.5894,-1,-1,-1
83,12,253.83,540.91,53.58,145.39,0.4586,-1,-1,-1
84,2,1666.95,580.59,70.02,176.76,0.7242,-1,-1,-1
84,13,299.79,561.41,48.93,128.61,0.5318,-1,-1,-1
84,14,1712.13,535.93,36.67,92.24,0.5715,-1,-1,-1
84,12,246.32,548.93,52.07,140.43,0.5413,-1,-1,-1
84,19,123.17,560.98,52.40,134.25,0.5341,-1,-1,-1
85,2,1668.90,580.85,71.23,179.62,0.7671,-1,-1,-1
85,13,292.45,561.94,49.19,129.16,0.5021,-1,-1,-1
85,14,1711.40,536.12,36.61,92.60,0.4764,-1,-1,-1
85,12,242.18,555.17,50.38,136.81,0.4785,-1,-1,-1
85,19,115.54,564.16,51.98,133.07,0.5264,-1,-1,-1
86,2,1671.70,580.89,71.19,179.79,0.7646,-1,-1,-1
86,13,284.87,561.47,49.88,131.35,0.5830,-1,-1,-1
86,14,1710.94,535.72,32.64,80.53,0.3145,-1,-1,-1
86,12,232.31,556.50,50.51,136.94,0.4305,-1,-1,-1
86,19,105.10,562.17,55.09,141.02,0.4138,-1,-1,-1
87,2,1673.22,583.51,71.49,180.21,0.7968,-1,-1,-1
87,13,280.40,563.26,50.40,132.23,0.5734,-1,-1,-1
87,12,225.36,556.12,51.17,139.06,0.4919,-1,-1,-1
87,19,99.71,561.67,54.08,137.78,0.5342,-1,-1,-1
88,2,1674.83,582.52,72.81,184.04,0.7977,-1,-1,-1
88,13,272.08,567.77,50.43,131.94,0.5029,-1,-1,-1
88,12,219.73,560.28,51.04,138.89,0.5733,-1,-1,-1
88,19,92.42,565.99,51.67,131.60,0.5030,-1,-1,-1
89,2,1676.95,583.75,74.02,188.45,0.8037,-1,-1,-1
89,13,266.02,567.27,50.61,132.16,0.4706,-1,-1,-1
89,12,213.46,558.49,51.93,142.63,0.3128,-1,-1,-1
89,19,84.64,563.05,53.18,135.44,0.4656,-1,-1,-1
90,2,1679.78,585.21,74.93,192.21,0.7568,-1,-1,-1
90,13,260.70,570.07,51.55,134.04,0.5301,-1,-1,-1
90,12,204.93,556.50,53.50,147.28,0.3254,-1,-1,-1
90,19,77.19,564.54,54.49,138.16,0.4846,-1,-1,-1
91,2,1684.36,594.48,73.66,188.64,0.7887,-1,-1,-1
91,13,253.15,558.34,58.06,148.93,0.4393,-1,-1,-1
91,12,199.21,559.38,52.93,146.29,0.3825,-1,-1,-1
91,19,68.54,566.20,55.66,141.24,0.4517,-1,-1,-1
92,2,1688.10,600.17,73.10,186.88,0.7964,-1,-1,-1
92,13,247.33,556.14,60.26,154.52,0.5456,-1,-1,-1
92,12,190.70,560.84,54.29,149.96,0.3345,-1,-1,-1
92,19,62.17,569.99,56.82,142.27,0.3359,-1,-1,-1
92,22,407.85,553.59,46.63,125.29,0.5375,-1,-1,-1
93,2,1689.82,604.85,73.24,186.97,0.8092,-1,-1,-1
93,13,241.30,566.53,56.68,146.02,0.5533,-1,-1,-1
93,12,183.21,554.99,57.30,159.88,0.5642,-1,-1,-1
93,22,401.52,556.03,47.05,126.56,0.5216,-1,-1,-1
94,2,1690.95,607.47,73.52,187.60,0.8040,-1,-1,-1
94,13,235.72,573.36,55.44,142.66,0.5421,-1,-1,-1
94,12,179.30,561.41,55.48,155.70,0.5233,-1,-1,-1
94,22,392.53,556.09,47.81,128.79,0.6202,-1,-1,-1
95,2,1692.74,610.58,74.27,189.29,0.7915,-1,-1,-1
95,13,228.39,578.27,54.92,140.38,0.5212,-1,-1,-1
95,12,173.18,563.51,55.35,155.40,0.6019,-1,-1,-1
95,22,386.77,558.57,47.59,128.47,0.5344,-1,-1,-1
96,2,1695.86,611.68,74.81,190.72,0.7886,-1,-1,-1
96,13,221.05,581.88,55.09,141.69,0.5758,-1,-1,-1
96,12,166.16,573.04,53.71,150.16,0.4634,-1,-1,-1
96,22,380.09,565.81,46.18,124.87,0.4838,-1,-1,-1
97,2,1700.09,613.14,75.66,192.62,0.7860,-1,-1,-1
97,13,212.67,580.06,56.03,143.98,0.6522,-1,-1,-1
97,12,159.83,578.29,51.40,143.04,0.5563,-1,-1,-1
97,22,371.62,559.58,48.59,131.64,0.5171,-1,-1,-1
97,23,1692.89,544.77,43.36,94.21,0.5334,-1,-1,-1
98,2,1704.16,613.43,76.78,195.59,0.7919,-1,-1,-1
98,13,203.84,581.55,56.49,145.57,0.6216,-1,-1,-1
98,12,152.38,581.95,51.79,143.71,0.5599,-1,-1,-1
98,22,367.85,575.85,43.28,116.37,0.6109,-1,-1,-1
98,23,1690.18,545.96,43.64,94.96,0.5095,-1,-1,-1
99,2,1707.15,614.77,77.61,197.39,0.7603,-1,-1,-1
99,13,196.13,579.75,56.92,147.63,0.6654,-1,-1,-1
99,12,144.24,582.32,51.86,143.09,0.4824,-1,-1,-1
99,22,359.38,570.68,45.55,122.50,0.5577,-1,-1,-1
99,23,1686.58,546.14,46.38,101.24,0.5021,-1,-1,-1
100,2,1710.14,614.07,78.74,199.78,0.7946,-1,-1,-1
100,13,189.05,585.47,55.44,143.66,0.6085,-1,-1,-1
100,12,134.45,584.09,51.71,141.03,0.5672,-1,-1,-1
100,22,351.85,575.26,44.91,119.27,0.5459,-1,-1,-1
100,23,1683.75,548.16,46.57,101.96,0.6411,-1,-1,-1
101,2,1712.15,615.87,79.81,202.18,0.7865,-1,-1,-1
101,13,181.10,583.69,56.23,145.07,0.5850,-1,-1,-1
101,12,126.62,580.86,53.18,143.71,0.6033,-1,-1,-1
101,22,342.91,572.92,45.87,121.19,0.5708,-1,-1,-1
101,23,1681.35,550.21,46.83,103.36,0.7197,-1,-1,-1
102,2,1714.64,619.49,79.69,200.93,0.8136,-1,-1,-1
102,13,172.85,583.81,56.41,145.28,0.5693,-1,-1,-1
102,12,117.20,581.67,54.20,145.58,0.6262,-1,-1,-1
102,22,334.54,575.33,45.84,120.39,0.6190,-1,-1,-1
102,23,1679.69,550.76,46.47,103.71,0.7410,-1,-1,-1
103,2,1716.27,619.60,81.65,204.76,0.8262,-1,-1,-1
103,13,165.10,587.33,55.87,143.32,0.5183,-1,-1,-1
103,12,107.04,579.54,55.58,149.05,0.5525,-1,-1,-1
103,22,328.48,575.06,46.44,120.58,0.4853,-1,-1,-1
103,23,1678.75,550.87,45.62,103.04,0.7189,-1,-1,-1
104,2,1717.66,623.61,82.92,206.92,0.8178,-1,-1,-1
104,13,154.70,590.08,53.95,139.12,0.4258,-1,-1,-1
104,12,97.32,577.86,56.10,149.74,0.5657,-1,-1,-1
104,22,319.13,577.86,45.59,117.11,0.3580,-1,-1,-1
104,23,1677.66,551.77,44.91,102.89,0.7075,-1,-1,-1
105,2,1719.32,624.64,84.26,209.66,0.8057,-1,-1,-1
105,13,147.07,587.49,55.65,142.62,0.5509,-1,-1,-1
105,12,88.55,579.28,56.15,149.48,0.6009,-1,-1,-1
105,22,307.47,568.82,50.12,128.45,0.5166,-1,-1,-1
105,23,1676.48,550.57,44.52,103.68,0.6655,-1,-1,-1
106,2,1723.00,625.86,85.18,212.06,0.7799,-1,-1,-1
106,13,138.98,578.90,59.02,151.42,0.5310,-1,-1,-1
106,12,77.72,575.95,57.24,153.00,0.5599,-1,-1,-1
106,22,299.76,567.73,50.72,129.77,0.5016,-1,-1,-1
106,23,1673.72,549.76,44.49,105.53,0.6087,-1,-1,-1
107,2,1725.42,624.29,86.51,216.14,0.7890,-1,-1,-1
107,13,130.21,583.77,57.26,147.15,0.4010,-1,-1,-1
107,12,68.42,573.53,58.22,155.53,0.5917,-1,-1,-1
107,22,288.41,560.82,53.55,137.30,0.4681,-1,-1,-1
107,23,1671.96,548.47,43.69,105.87,0.5536,-1,-1,-1
107,27,353.71,562.60,41.31,140.79,0.5354,-1,-1,-1
108,2,1727.80,627.59,86.99,217.88,0.8030,-1,-1,-1
108,13,119.62,577.63,58.91,152.80,0.4990,-1,-1,-1
108,12,56.73,569.56,60.39,160.07,0.5359,-1,-1,-1
108,22,278.79,558.98,54.85,140.78,0.5478,-1,-1,-1
108,23,1670.72,549.00,42.94,106.57,0.4694,-1,-1,-1
108,27,346.28,563.00,41.47,141.06,0.5371,-1,-1,-1
108,28,210.12,587.10,40.49,101.00,0.5889,-1,-1,-1
109,2,1729.95,628.53,88.17,221.43,0.8076,-1,-1,-1
109,13,112.28,574.49,60.19,156.61,0.4129,-1,-1,-1
109,12,46.47,569.01,60.75,160.24,0.4893,-1,-1,-1
109,22,269.19,566.71,53.57,136.69,0.4146,-1,-1,-1
109,23,1669.54,549.57,41.99,106.74,0.5373,-1,-1,-1
109,27,337.29,556.88,43.59,148.57,0.5920,-1,-1,-1
109,28,200.86,587.62,42.00,105.02,0.5079,-1,-1,-1
110,2,1731.37,629.25,89.22,224.88,0.8127,-1,-1,-1
110,13,101.91,572.67,60.41,158.50,0.5837,-1,-1,-1
110,12,35.27,567.76,62.32,162.20,0.5921,-1,-1,-1
110,22,255.64,557.02,57.64,146.78,0.5140,-1,-1,-1
110,23,1668.37,550.68,41.08,107.33,0.3544,-1,-1,-1
110,27,328.92,562.76,41.99,142.59,0.6133,-1,-1,-1
110,28,190.70,587.34,42.14,105.58,0.5302,-1,-1,-1
111,2,1732.71,629.90,90.04,227.49,0.8115,-1,-1,-1
111,13,92.32,568.40,62.41,164.67,0.5886,-1,-1,-1
111,12,24.26,563.83,64.86,166.90,0.6223,-1,-1,-1
111,22,247.85,559.66,57.04,145.03,0.4755,-1,-1,-1
111,27,320.50,572.51,39.57,133.94,0.5317,-1,-1,-1
111,28,179.49,589.43,42.65,107.37,0.4031,-1,-1,-1
112,2,1734.68,632.25,90.34,228.18,0.8080,-1,-1,-1
112,13,84.03,572.30,61.22,161.66,0.5701,-1,-1,-1
112,12,15.13,566.19,65.90,166.04,0.5341,-1,-1,-1
112,22,239.79,567.16,54.76,138.77,0.5937,-1,-1,-1
112,27,308.87,571.36,40.65,137.64,0.5582,-1,-1,-1
112,28,169.64,592.47,40.82,103.27,0.4825,-1,-1,-1
113,2,1735.61,634.43,91.01,229.97,0.8039,-1,-1,-1
113,13,74.17,576.35,60.34,160.40,0.5790,-1,-1,-1
113,12,3.91,560.55,68.85,173.03,0.5961,-1,-1,-1
113,22,231.96,575.01,53.06,134.21,0.6197,-1,-1,-1
113,27,298.47,572.68,40.85,138.89,0.6007,-1,-1,-1
113,28,160.52,595.34,40.61,103.15,0.5199,-1,-1,-1
114,2,1737.24,635.57,91.24,230.96,0.7984,-1,-1,-1
114,13,61.97,567.81,63.21,169.17,0.6499,-1,-1,-1
114,12,0.61,571.26,64.65,164.23,0.5476,-1,-1,-1
114,22,221.00,580.79,51.61,129.33,0.5789,-1,-1,-1
114,27,290.86,572.45,41.38,140.47,0.4919,-1,-1,-1
114,28,149.65,597.63,40.02,102.65,0.6192,-1,-1,-1
115,2,1739.24,636.54,91.56,231.78,0.7915,-1,-1,-1
115,13,51.13,565.91,64.17,172.97,0.6516,-1,-1,-1
115,12,-3.13,573.64,62.70,162.32,0.4662,-1,-1,-1
115,22,204.93,571.48,56.14,139.02,0.5423,-1,-1,-1
115,27,279.63,579.51,39.75,135.44,0.5716,-1,-1,-1
115,28,139.94,597.14,40.71,105.06,0.6164,-1,-1,-1
115,31,334.96,564.14,37.71,111.84,0.6417,-1,-1,-1
116,2,1740.70,636.72,92.65,234.94,0.7989,-1,-1,-1
116,13,42.14,571.10,62.64,170.20,0.6052,-1,-1,-1
116,12,-6.46,581.32,60.06,157.99,0.6271,-1,-1,-1
116,22,197.32,575.02,56.65,140.44,0.5416,-1,-1,-1
116,27,270.27,579.83,40.01,137.12,0.4738,-1,-1,-1
116,28,128.88,599.01,39.78,103.61,0.5737,-1,-1,-1
116,31,326.90,566.89,37.36,110.67,0.6120,-1,-1,-1
117,2,1741.54,638.79,93.99,238.26,0.8085,-1,-1,-1
117,13,31.49,573.61,62.46,170.37,0.5951,-1,-1,-1
117,12,-9.77,583.78,58.04,157.41,0.6280,-1,-1,-1
117,22,186.49,570.52,58.68,145.80,0.4908,-1,-1,-1
117,27,257.26,566.33,43.95,152.33,0.6098,-1,-1,-1
117,28,118.63,600.10,38.87,101.38,0.5760,-1,-1,-1
117,31,317.02,566.82,38.14,112.75,0.5427,-1,-1,-1
118,2,1742.81,638.06,96.18,244.00,0.8036,-1,-1,-1
118,13,21.41,577.05,62.06,169.64,0.5140,-1,-1,-1
118,12,-13.22,588.71,54.61,154.96,0.4959,-1,-1,-1
118,22,179.12,580.60,55.83,139.32,0.5471,-1,-1,-1
118,27,247.25,571.41,43.25,151.31,0.6612,-1,-1,-1
118,28,108.82,600.73,39.96,104.79,0.5085,-1,-1,-1
118,31,308.61,560.95,40.26,119.43,0.6467,-1,-1,-1
119,2,1746.44,640.12,97.30,245.98,0.8215,-1,-1,-1
119,13,9.97,572.41,64.59,177.59,0.5951,-1,-1,-1
119,22,168.01,579.15,57.44,144.45,0.4578,-1,-1,-1
119,27,237.36,565.51,45.11,159.35,0.6096,-1,-1,-1
119,28,97.97,601.63,39.68,105.44,0.4756,-1,-1,-1
119,31,300.06,562.81,40.12,119.00,0.5508,-1,-1,-1
120,2,1750.72,644.17,97.91,245.55,0.8126,-1,-1,-1
120,13,0.81,565.11,67.05,188.02,0.5784,-1,-1,-1
120,22,157.30,582.52,56.87,143.92,0.6007,-1,-1,-1
120,27,226.20,571.38,44.43,157.05,0.6484,-1,-1,-1
120,28,86.49,601.44,41.04,111.00,0.4243,-1,-1,-1
120,31,290.59,561.03,41.62,123.80,0.5785,-1,-1,-1
121,2,1753.94,645.50,99.48,248.34,0.8092,-1,-1,-1
121,13,-7.39,555.90,68.80,197.41,0.5797,-1,-1,-1
121,22,146.88,586.42,55.82,140.61,0.5885,-1,-1,-1
121,27,216.44,570.65,45.27,160.70,0.5591,-1,-1,-1
121,28,75.91,602.30,41.16,112.42,0.5915,-1,-1,-1
121,31,284.74,563.17,40.27,120.41,0.6308,-1,-1,-1
122,2,1755.88,646.78,100.72,251.77,0.8083,-1,-1,-1
122,13,-12.56,555.67,67.39,199.92,0.6185,-1,-1,-1
122,22,138.33,592.70,55.51,140.76,0.5101,-1,-1,-1
122,27,206.26,573.60,45.32,159.61,0.6580,-1,-1,-1
122,28,65.60,605.08,40.21,110.80,0.4069,-1,-1,-1
122,31,275.81,563.94,40.48,120.83,0.6008,-1,-1,-1
123,2,1758.74,649.82,101.30,254.51,0.8086,-1,-1,-1
123,13,-13.58,568.03,61.16,187.81,0.5678,-1,-1,-1
123,22,129.03,598.54,55.25,139.36,0.4503,-1,-1,-1
123,27,196.65,580.93,44.60,154.72,0.5960,-1,-1,-1
123,28,52.84,607.67,41.42,115.08,0.3156,-1,-1,-1
123,31,265.92,559.28,43.18,129.20,0.6607,-1,-1,-1
124,2,1762.07,649.34,102.68,259.41,0.8160,-1,-1,-1
124,27,187.17,587.69,43.65,149.90,0.6279,-1,-1,-1
124,28,41.15,608.78,41.57,116.61,0.3101,-1,-1,-1
124,31,259.91,567.07,41.04,123.29,0.5866,-1,-1,-1
125,2,1767.97,648.66,103.72,262.07,0.8160,-1,-1,-1
125,27,177.30,590.40,44.21,149.06,0.6423,-1,-1,-1
125,28,29.69,611.34,40.32,114.32,0.4599,-1,-1,-1
125,31,251.27,570.03,40.43,121.42,0.5345,-1,-1,-1
126,2,1772.65,650.50,104.13,262.99,0.8114,-1,-1,-1
126,27,166.06,595.69,44.54,146.60,0.5843,-1,-1,-1
126,28,19.82,614.33,39.91,113.31,0.4120,-1,-1,-1
126,31,242.35,567.39,41.86,126.43,0.5828,-1,-1,-1
127,2,1777.03,651.09,105.32,266.11,0.8200,-1,-1,-1
127,27,156.62,600.59,44.66,145.00,0.5949,-1,-1,-1
127,28,5.90,620.98,37.76,106.60,0.3591,-1,-1,-1
127,31,234.89,569.47,41.58,126.35,0.5794,-1,-1,-1
128,2,1780.97,653.34,106.00,267.52,0.8193,-1,-1,-1
128,27,146.11,603.04,45.46,144.41,0.5498,-1,-1,-1
128,28,-4.66,621.41,37.77,109.30,0.3408,-1,-1,-1
128,31,224.12,563.08,43.63,133.51,0.6125,-1,-1,-1
129,2,1787.11,655.77,107.31,269.42,0.8236,-1,-1,-1
129,27,133.13,600.61,47.63,150.68,0.5154,-1,-1,-1
129,28,-10.25,623.45,36.11,109.29,0.3118,-1,-1,-1
129,31,216.66,566.12,43.25,133.41,0.5914,-1,-1,-1
130,2,1790.82,657.68,109.10,271.91,0.8219,-1,-1,-1
130,27,122.22,603.55,48.99,151.00,0.3295,-1,-1,-1
130,31,208.42,565.48,43.71,135.56,0.5546,-1,-1,-1
131,2,1794.41,659.12,111.71,276.68,0.8319,-1,-1,-1
131,27,105.76,599.95,50.32,156.53,0.4307,-1,-1,-1
131,31,200.39,572.27,41.84,129.59,0.4724,-1,-1,-1
132,2,1798.57,661.03,114.96,283.55,0.8652,-1,-1,-1
132,27,92.97,599.37,50.98,160.45,0.4306,-1,-1,-1
132,31,191.18,569.74,42.92,133.56,0.6432,-1,-1,-1
133,2,1802.31,662.83,117.00,289.24,0.8824,-1,-1,-1
133,27,78.78,595.31,52.86,167.59,0.5457,-1,-1,-1
133,31,182.21,566.71,43.85,136.15,0.5320,-1,-1,-1
134,2,1804.88,665.10,118.40,294.69,0.8508,-1,-1,-1
134,27,54.28,580.61,60.40,187.86,0.4959,-1,-1,-1
134,31,172.59,566.74,44.22,138.37,0.5591,-1,-1,-1
135,2,1806.46,666.29,119.72,301.24,0.8147,-1,-1,-1
135,27,37.57,574.54,64.83,197.98,0.5413,-1,-1,-1
135,31,164.56,569.74,43.81,138.26,0.5435,-1,-1,-1
135,22,-4.86,615.91,57.66,151.39,0.5673,-1,-1,-1
136,2,1809.51,669.91,119.32,305.11,0.8375,-1,-1,-1
136,27,26.99,574.26,66.54,200.66,0.5249,-1,-1,-1
136,31,155.77,567.88,44.28,140.75,0.3930,-1,-1,-1
136,34,509.35,527.25,29.41,73.78,0.5365,-1,-1,-1
136,22,-10.20,620.98,53.14,147.84,0.6005,-1,-1,-1
137,2,1813.39,677.36,117.78,307.20,0.7742,-1,-1,-1
137,27,17.74,573.50,67.63,204.36,0.6259,-1,-1,-1
137,31,147.27,572.98,43.08,137.79,0.4034,-1,-1,-1
137,34,504.32,527.34,30.05,75.42,0.5479,-1,-1,-1
138,2,1817.35,679.22,116.22,310.70,0.7835,-1,-1,-1
138,27,7.77,572.70,67.46,205.91,0.6375,-1,-1,-1
138,31,138.79,572.71,43.42,139.67,0.4940,-1,-1,-1
138,34,500.83,530.45,29.12,72.95,0.5814,-1,-1,-1
139,2,1819.71,679.89,114.95,315.31,0.7701,-1,-1,-1
139,27,-0.67,576.39,65.53,202.81,0.6160,-1,-1,-1
139,34,495.44,528.74,28.83,72.47,0.4401,-1,-1,-1
139,37,1565.72,554.19,46.03,109.11,0.5947,-1,-1,-1
140,2,1824.82,682.52,110.73,312.65,0.7505,-1,-1,-1
140,27,-10.12,575.51,66.08,210.60,0.6252,-1,-1,-1
140,34,490.28,527.40,29.14,73.28,0.4968,-1,-1,-1
140,37,1562.52,550.97,46.70,111.15,0.6625,-1,-1,-1
140,38,1696.39,552.78,51.18,115.36,0.5277,-1,-1,-1
141,2,1830.06,680.41,106.92,312.18,0.6799,-1,-1,-1
141,27,-15.19,579.13,62.82,208.62,0.5907,-1,-1,-1
141,34,484.68,527.78,29.19,73.68,0.5268,-1,-1,-1
141,37,1559.63,550.18,46.54,111.30,0.7275,-1,-1,-1
141,38,1696.21,551.90,51.39,116.17,0.4524,-1,-1,-1
142,2,1837.24,693.51,99.39,300.22,0.6423,-1,-1,-1
142,34,480.05,527.31,29.68,75.08,0.4995,-1,-1,-1
142,37,1557.95,551.77,45.06,108.07,0.6806,-1,-1,-1
142,38,1696.99,555.84,50.38,114.55,0.4370,-1,-1,-1
143,2,1842.70,702.82,94.66,297.12,0.5927,-1,-1,-1
143,34,477.15,527.37,29.37,73.78,0.5369,-1,-1,-1
143,37,1554.71,553.32,45.18,108.89,0.5899,-1,-1,-1
143,38,1696.32,561.85,47.77,109.19,0.3686,-1,-1,-1
144,34,472.96,527.38,29.59,74.83,0.5946,-1,-1,-1
144,37,1551.10,555.64,44.83,109.07,0.7093,-1,-1,-1
144,38,1694.56,566.80,46.59,106.91,0.4585,-1,-1,-1
145,34,467.93,527.15,29.25,74.07,0.5255,-1,-1,-1
145,37,1546.44,557.09,43.95,107.91,0.6957,-1,-1,-1
145,38,1692.95,570.21,46.21,106.47,0.6018,-1,-1,-1
146,34,462.76,526.23,29.31,74.57,0.5848,-1,-1,-1
146,37,1542.40,556.16,44.48,110.14,0.6497,-1,-1,-1
146,38,1692.62,573.99,44.10,101.72,0.6214,-1,-1,-1
147,34,457.23,526.48,29.72,75.61,0.5244,-1,-1,-1
147,37,1538.61,557.09,43.92,109.53,0.6766,-1,-1,-1
147,38,1690.16,574.68,44.32,102.79,0.5343,-1,-1,-1
148,34,453.07,528.58,29.29,74.20,0.5903,-1,-1,-1
148,37,1532.21,555.36,45.26,112.55,0.6901,-1,-1,-1
148,38,1685.19,571.93,45.45,105.12,0.4709,-1,-1,-1
149,34,448.17,528.90,29.45,74.86,0.5575,-1,-1,-1
149,37,1524.38,554.74,46.52,113.55,0.6863,-1,-1,-1
149,38,1680.93,571.38,45.29,105.19,0.6105,-1,-1,-1
150,34,442.77,528.66,30.03,76.38,0.5841,-1,-1,-1
150,37,1518.95,558.40,46.27,109.61,0.7187,-1,-1,-1
150,38,1678.08,567.94,45.68,106.81,0.6682,-1,-1,-1
151,34,436.06,527.39,30.62,77.92,0.5415,-1,-1,-1
151,37,1515.55,559.72,46.94,109.02,0.7009,-1,-1,-1
151,38,1674.97,567.71,45.68,107.39,0.5866,-1,-1,-1
152,34,429.86,529.34,30.35,76.98,0.5592,-1,-1,-1
152,37,1511.68,558.48,48.06,110.43,0.6990,-1,-1,-1
152,38,1672.27,567.52,44.81,105.65,0.5131,-1,-1,-1
153,34,424.47,530.56,29.56,75.37,0.5252,-1,-1,-1
153,37,1507.08,557.68,48.74,110.09,0.6614,-1,-1,-1
153,38,1672.50,567.17,40.83,96.90,0.4089,-1,-1,-1
154,34,417.74,531.83,30.15,76.82,0.5157,-1,-1,-1
154,37,1500.07,553.95,50.12,113.18,0.6689,-1,-1,-1
155,34,410.83,530.33,30.92,79.27,0.5748,-1,-1,-1
155,37,1492.95,552.82,49.96,113.09,0.6495,-1,-1,-1
156,34,404.01,532.52,30.78,78.76,0.5339,-1,-1,-1
156,37,1486.60,550.98,50.37,115.37,0.6682,-1,-1,-1
157,34,398.05,534.52,30.39,77.79,0.5838,-1,-1,-1
157,37,1479.95,551.36,49.26,113.82,0.6720,-1,-1,-1
158,34,392.36,535.65,30.52,78.72,0.5319,-1,-1,-1
158,37,1472.60,548.66,49.74,116.00,0.7304,-1,-1,-1
159,34,386.75,537.09,30.17,78.30,0.5667,-1,-1,-1
159,37,1467.19,546.89,49.89,117.90,0.7112,-1,-1,-1
160,34,380.25,538.20,30.67,79.48,0.5007,-1,-1,-1
160,37,1462.60,545.87,49.63,118.99,0.6753,-1,-1,-1
161,34,375.63,538.65,30.55,79.30,0.4978,-1,-1,-1
161,37,1458.51,546.67,48.72,117.96,0.6508,-1,-1,-1
162,34,371.27,539.84,30.37,78.37,0.5280,-1,-1,-1
162,37,1455.61,548.87,46.77,113.53,0.6770,-1,-1,-1
163,34,365.16,540.51,30.92,79.70,0.4652,-1,-1,-1
163,37,1450.97,549.64,46.82,113.42,0.6457,-1,-1,-1
164,34,360.70,540.73,31.19,80.02,0.5371,-1,-1,-1
164,37,1446.53,548.72,47.16,114.19,0.6249,-1,-1,-1
165,34,354.91,541.48,31.43,80.51,0.5057,-1,-1,-1
165,37,1440.43,547.93,48.09,115.55,0.6663,-1,-1,-1
166,34,349.89,543.22,30.84,79.48,0.5511,-1,-1,-1
166,37,1435.00,548.28,48.28,115.51,0.6798,-1,-1,-1
167,34,344.77,543.69,30.68,78.83,0.6244,-1,-1,-1
167,37,1430.64,545.14,48.58,117.19,0.6658,-1,-1,-1
168,34,339.49,543.67,31.18,79.39,0.5757,-1,-1,-1
168,37,1426.18,543.33,48.08,117.18,0.6641,-1,-1,-1
169,34,335.27,544.01,31.38,79.05,0.5617,-1,-1,-1
169,37,1422.09,543.79,47.58,117.45,0.6759,-1,-1,-1
170,34,330.34,543.60,31.31,78.93,0.5520,-1,-1,-1
170,37,1417.50,540.72,47.98,120.22,0.6740,-1,-1,-1
171,34,325.50,543.94,31.02,77.90,0.5632,-1,-1,-1
171,37,1412.54,539.30,48.75,123.21,0.5670,-1,-1,-1
172,34,320.47,542.30,31.11,78.11,0.5779,-1,-1,-1
172,37,1407.56,535.41,49.09,125.76,0.6204,-1,-1,-1
173,34,315.03,541.44,32.27,80.82,0.5737,-1,-1,-1
173,37,1402.71,532.54,49.53,128.40,0.5631,-1,-1,-1
174,34,311.52,542.88,32.03,79.39,0.6001,-1,-1,-1
174,37,1399.47,531.26,50.08,130.96,0.6384,-1,-1,-1
175,34,307.31,541.94,32.44,79.72,0.4848,-1,-1,-1
175,37,1394.16,531.88,50.82,131.47,0.6645,-1,-1,-1
176,34,302.03,541.76,32.88,80.60,0.5860,-1,-1,-1
176,37,1389.84,534.48,50.77,129.55,0.6767,-1,-1,-1
177,34,298.06,542.16,32.36,78.49,0.6517,-1,-1,-1
177,37,1386.49,534.22,51.58,130.35,0.7054,-1,-1,-1
178,34,293.32,541.84,33.36,80.92,0.6082,-1,-1,-1
178,37,1385.46,534.55,51.71,130.57,0.6719,-1,-1,-1
179,34,289.16,540.75,34.24,82.97,0.6119,-1,-1,-1
179,37,1384.74,535.82,51.05,129.44,0.6810,-1,-1,-1
180,34,285.05,542.95,34.08,81.92,0.5634,-1,-1,-1
180,37,1382.49,535.18,51.09,130.33,0.7040,-1,-1,-1
181,34,280.99,542.83,34.68,83.23,0.5570,-1,-1,-1
181,37,1380.37,536.22,49.40,127.99,0.7124,-1,-1,-1
182,34,275.43,543.40,34.80,83.43,0.5938,-1,-1,-1
182,37,1377.07,537.10,48.76,127.79,0.7275,-1,-1,-1
183,34,271.30,543.98,35.14,84.78,0.6421,-1,-1,-1
183,37,1373.41,536.72,48.57,128.50,0.7399,-1,-1,-1
184,34,266.75,545.97,34.94,84.34,0.6225,-1,-1,-1
184,37,1370.42,536.15,48.33,129.43,0.7634,-1,-1,-1
185,34,262.57,547.37,34.68,83.53,0.5510,-1,-1,-1
185,37,1368.04,534.68,48.57,131.34,0.7475,-1,-1,-1
186,34,258.97,547.22,35.16,84.65,0.5228,-1,-1,-1
186,37,1366.09,534.29,48.29,132.35,0.7192,-1,-1,-1
187,34,254.43,548.12,35.48,85.65,0.5690,-1,-1,-1
187,37,1364.00,533.80,48.01,133.12,0.7051,-1,-1,-1
188,34,249.69,549.47,35.64,86.24,0.5666,-1,-1,-1
188,37,1362.19,534.03,48.02,134.25,0.6752,-1,-1,-1
189,34,245.47,549.85,36.57,89.15,0.5181,-1,-1,-1
189,37,1358.63,532.61,49.18,137.28,0.6417,-1,-1,-1
190,34,241.35,549.72,37.08,90.42,0.5532,-1,-1,-1
190,37,1356.74,533.69,48.99,136.01,0.6758,-1,-1,-1
191,34,238.06,552.85,36.29,88.30,0.5020,-1,-1,-1
191,37,1354.84,534.49,49.09,135.28,0.6663,-1,-1,-1
191,40,1596.89,539.37,60.63,137.17,0.5088,-1,-1,-1
192,34,234.68,553.01,36.42,88.04,0.5345,-1,-1,-1
192,37,1353.48,539.85,47.52,129.56,0.6262,-1,-1,-1
192,40,1601.02,540.46,59.20,134.33,0.4879,-1,-1,-1
193,34,229.74,555.57,36.14,86.67,0.6065,-1,-1,-1
193,37,1351.38,540.55,48.04,129.97,0.6603,-1,-1,-1
193,40,1601.97,539.32,59.54,135.34,0.5483,-1,-1,-1
194,34,225.89,558.73,35.60,85.54,0.5888,-1,-1,-1
194,37,1349.04,541.73,47.69,128.63,0.6725,-1,-1,-1
194,40,1606.68,548.39,55.69,126.56,0.5190,-1,-1,-1
195,34,221.89,559.85,35.13,84.59,0.5122,-1,-1,-1
195,37,1346.44,541.47,48.11,129.66,0.6875,-1,-1,-1
195,40,1606.17,548.52,55.99,126.86,0.5450,-1,-1,-1
196,34,218.25,560.93,35.75,86.32,0.4654,-1,-1,-1
196,37,1344.85,542.02,48.29,130.82,0.6782,-1,-1,-1
196,40,1608.38,548.90,55.85,126.48,0.5421,-1,-1,-1
197,34,213.89,561.86,35.81,86.40,0.4672,-1,-1,-1
197,37,1343.63,541.45,48.25,131.79,0.6293,-1,-1,-1
197,40,1610.78,549.75,54.97,124.92,0.4579,-1,-1,-1
198,34,210.78,562.61,35.42,85.84,0.5394,-1,-1,-1
198,37,1343.19,542.66,46.75,128.66,0.4941,-1,-1,-1
198,40,1615.21,551.96,53.33,122.26,0.5008,-1,-1,-1
199,34,206.52,562.81,35.69,86.65,0.5186,-1,-1,-1
199,37,1342.66,543.42,45.88,126.77,0.6218,-1,-1,-1
199,40,1617.95,553.86,51.99,120.49,0.5727,-1,-1,-1
200,34,202.76,563.61,36.55,88.42,0.4726,-1,-1,-1
200,37,1341.77,544.95,45.76,126.58,0.6267,-1,-1,-1
200,40,1618.75,555.72,51.11,119.44,0.5277,-1,-1,-1
201,34,199.21,563.96,36.58,89.15,0.4735,-1,-1,-1
201,37,1341.21,547.89,44.89,124.06,0.6503,-1,-1,-1
201,40,1618.88,554.47,51.85,121.35,0.6185,-1,-1,-1
202,34,194.12,563.56,37.56,91.57,0.6059,-1,-1,-1
202,37,1339.58,548.48,45.10,124.44,0.6763,-1,-1,-1
202,40,1620.51,553.95,52.31,122.69,0.6072,-1,-1,-1
203,34,190.43,563.99,38.15,92.22,0.5574,-1,-1,-1
203,37,1338.69,551.26,44.31,120.91,0.7051,-1,-1,-1
203,40,1622.87,554.07,52.48,123.92,0.5664,-1,-1,-1
204,34,187.68,565.45,38.12,91.83,0.5613,-1,-1,-1
204,37,1337.65,551.26,44.76,121.27,0.7168,-1,-1,-1
204,40,1627.94,553.26,51.65,123.12,0.6135,-1,-1,-1
205,34,182.76,566.74,37.86,91.20,0.5739,-1,-1,-1
205,37,1336.00,548.00,46.07,124.64,0.7263,-1,-1,-1
205,40,1630.15,554.79,50.36,120.64,0.6115,-1,-1,-1
206,34,178.72,567.75,37.90,90.72,0.5752,-1,-1,-1
206,37,1335.50,547.85,46.34,125.21,0.7371,-1,-1,-1
206,40,1629.07,555.12,51.33,122.20,0.5101,-1,-1,-1
207,34,173.58,569.87,38.51,92.09,0.5725,-1,-1,-1
207,37,1334.22,548.80,46.76,126.37,0.7599,-1,-1,-1
207,40,1629.50,556.75,51.93,122.43,0.4882,-1,-1,-1
208,34,168.98,570.55,38.64,92.37,0.5600,-1,-1,-1
208,37,1333.16,547.57,47.78,128.78,0.7474,-1,-1,-1
208,40,1638.84,556.96,50.62,121.98,0.4171,-1,-1,-1
209,34,165.39,569.82,38.92,93.00,0.5244,-1,-1,-1
209,37,1331.49,545.25,49.02,132.10,0.7468,-1,-1,-1
209,40,1642.77,558.30,50.23,122.92,0.6142,-1,-1,-1
210,34,161.93,570.67,38.88,93.35,0.4564,-1,-1,-1
210,37,1329.98,543.08,49.71,134.33,0.7449,-1,-1,-1
210,40,1645.35,559.76,50.03,123.36,0.5731,-1,-1,-1
211,34,159.12,570.78,39.77,94.88,0.5727,-1,-1,-1
211,37,1329.03,544.55,49.29,133.73,0.7634,-1,-1,-1
211,40,1651.16,565.43,48.05,119.63,0.5296,-1,-1,-1
212,34,155.92,570.78,40.02,95.36,0.6044,-1,-1,-1
212,37,1328.27,546.18,48.85,132.34,0.7383,-1,-1,-1
212,40,1655.48,560.44,50.27,126.20,0.5281,-1,-1,-1
213,34,153.39,571.72,40.04,95.23,0.5522,-1,-1,-1
213,37,1328.65,548.06,48.69,131.68,0.7345,-1,-1,-1
213,40,1654.27,561.13,52.28,128.40,0.4816,-1,-1,-1
214,34,151.02,573.63,39.89,94.57,0.5941,-1,-1,-1
214,37,1329.52,547.50,49.29,133.43,0.6757,-1,-1,-1
214,40,1657.24,560.46,53.07,128.32,0.5132,-1,-1,-1
215,34,148.77,572.46,40.03,95.01,0.5917,-1,-1,-1
215,37,1329.74,548.06,49.78,134.81,0.6778,-1,-1,-1
215,40,1666.15,559.59,52.86,129.55,0.5428,-1,-1,-1
216,34,146.10,573.90,38.95,93.05,0.4253,-1,-1,-1
216,37,1331.03,550.30,49.67,134.97,0.6689,-1,-1,-1
216,40,1672.96,562.81,50.96,126.32,0.6051,-1,-1,-1
217,34,141.78,573.41,39.33,94.81,0.4762,-1,-1,-1
217,37,1331.92,550.72,49.76,135.53,0.7014,-1,-1,-1
217,40,1678.53,562.01,49.89,124.84,0.4835,-1,-1,-1
218,34,139.18,573.65,39.04,94.36,0.4896,-1,-1,-1
218,37,1333.72,549.80,49.53,135.56,0.7457,-1,-1,-1
218,40,1680.69,562.13,52.29,127.19,0.4890,-1,-1,-1
219,34,138.77,573.19,39.21,94.89,0.4862,-1,-1,-1
219,37,1335.34,550.24,49.52,136.29,0.7612,-1,-1,-1
219,40,1690.19,561.75,51.49,126.25,0.5400,-1,-1,-1
220,34,137.18,575.08,39.23,95.17,0.4596,-1,-1,-1
220,37,1337.46,549.29,50.07,138.36,0.7627,-1,-1,-1
220,40,1695.97,563.62,50.90,124.85,0.5392,-1,-1,-1
221,34,133.48,574.44,39.83,96.68,0.4649,-1,-1,-1
221,37,1339.97,548.23,50.68,141.07,0.7531,-1,-1,-1
221,40,1702.46,565.94,49.67,123.12,0.5218,-1,-1,-1
221,41,13.72,580.33,37.47,87.81,0.5348,-1,-1,-1
222,34,130.16,573.91,40.50,98.46,0.4811,-1,-1,-1
222,37,1342.95,546.40,49.82,140.13,0.7572,-1,-1,-1
222,40,1704.85,561.65,52.66,127.05,0.5033,-1,-1,-1
222,41,12.67,580.05,38.00,89.00,0.5541,-1,-1,-1
223,34,128.26,574.20,40.32,98.25,0.5022,-1,-1,-1
223,37,1345.21,546.62,49.53,140.01,0.7557,-1,-1,-1
223,40,1714.78,562.99,51.70,126.11,0.5336,-1,-1,-1
223,41,10.30,579.57,38.16,89.44,0.4608,-1,-1,-1
224,34,128.35,576.88,40.00,97.12,0.4719,-1,-1,-1
224,37,1347.20,544.61,49.73,141.23,0.7570,-1,-1,-1
224,40,1720.60,561.66,51.42,126.05,0.4782,-1,-1,-1
225,34,127.11,577.63,40.07,97.24,0.4994,-1,-1,-1
225,37,1349.96,545.35,49.01,139.20,0.7485,-1,-1,-1
225,40,1728.87,556.46,52.91,129.11,0.5429,-1,-1,-1
226,34,127.04,583.85,39.31,94.35,0.4238,-1,-1,-1
226,37,1351.99,546.69,48.46,137.68,0.7008,-1,-1,-1
226,40,1734.47,557.34,52.82,126.79,0.5111,-1,-1,-1
227,34,122.20,584.79,39.85,95.61,0.3098,-1,-1,-1
227,37,1353.99,547.01,49.02,139.27,0.7483,-1,-1,-1
227,40,1743.15,558.25,52.27,126.37,0.5236,-1,-1,-1
228,34,118.03,586.27,39.79,96.07,0.3373,-1,-1,-1
228,37,1355.62,548.38,49.62,141.50,0.7463,-1,-1,-1
228,40,1750.89,554.83,53.28,128.67,0.5434,-1,-1,-1
229,34,115.58,586.61,39.59,96.41,0.4067,-1,-1,-1
229,37,1357.62,548.15,49.43,141.26,0.7454,-1,-1,-1
229,40,1755.84,557.13,53.82,128.05,0.5028,-1,-1,-1
230,34,114.04,587.04,39.32,97.21,0.3009,-1,-1,-1
230,37,1361.11,549.30,49.18,140.73,0.7491,-1,-1,-1
230,40,1764.62,555.94,53.51,127.43,0.5397,-1,-1,-1
231,34,113.69,588.16,39.01,97.27,0.3338,-1,-1,-1
231,37,1363.59,551.58,48.66,138.73,0.7345,-1,-1,-1
231,40,1774.36,553.92,54.79,130.23,0.5590,-1,-1,-1
232,37,1366.12,552.66,48.54,138.54,0.7349,-1,-1,-1
232,40,1780.66,553.72,56.13,131.29,0.5180,-1,-1,-1
233,37,1367.89,551.75,49.26,140.80,0.7661,-1,-1,-1
233,40,1791.07,556.64,55.34,128.93,0.5370,-1,-1,-1
234,37,1370.41,553.09,48.56,138.72,0.7041,-1,-1,-1
234,40,1796.91,559.09,56.42,128.94,0.4532,-1,-1,-1
235,37,1374.41,553.94,48.05,136.97,0.6636,-1,-1,-1
235,40,1808.02,559.33,56.37,128.94,0.4599,-1,-1,-1
236,37,1378.56,553.07,48.41,136.76,0.7028,-1,-1,-1
236,40,1822.49,554.02,55.19,126.09,0.5267,-1,-1,-1
237,37,1381.99,552.05,49.15,137.17,0.6999,-1,-1,-1
237,40,1834.52,549.61,55.54,126.41,0.5034,-1,-1,-1
238,37,1384.76,552.91,49.08,136.71,0.7134,-1,-1,-1
238,40,1843.97,546.73,58.90,134.72,0.5070,-1,-1,-1
239,37,1387.02,553.39,49.40,137.15,0.6842,-1,-1,-1
239,40,1850.21,545.02,61.40,139.71,0.4651,-1,-1,-1
240,37,1389.76,550.63,50.71,141.28,0.7217,-1,-1,-1
240,40,1861.98,543.41,58.82,134.63,0.4512,-1,-1,-1
241,37,1393.76,548.32,51.48,144.59,0.7552,-1,-1,-1
241,40,1867.27,545.67,58.67,136.62,0.4767,-1,-1,-1
242,37,1398.53,548.10,51.63,145.88,0.6746,-1,-1,-1
243,37,1403.21,550.14,50.52,143.45,0.6901,-1,-1,-1
244,37,1408.93,553.77,49.24,139.92,0.7140,-1,-1,-1
245,37,1414.82,555.40,48.72,139.22,0.7655,-1,-1,-1
246,37,1420.57,554.64,49.02,140.84,0.7619,-1,-1,-1
247,37,1425.84,555.64,48.92,141.13,0.7415,-1,-1,-1
248,37,1432.29,556.33,48.93,141.65,0.7561,-1,-1,-1
249,37,1437.90,554.68,49.66,144.90,0.7948,-1,-1,-1
250,37,1444.29,549.80,50.66,148.82,0.7218,-1,-1,-1
251,37,1450.14,545.38,51.94,155.66,0.7527,-1,-1,-1
252,37,1457.49,547.61,50.38,152.32,0.7404,-1,-1,-1
253,37,1464.43,542.18,51.12,156.63,0.7455,-1,-1,-1
254,37,1470.24,539.62,51.20,158.29,0.7033,-1,-1,-1
255,37,1477.49,536.22,50.26,157.16,0.7114,-1,-1,-1
256,37,1486.13,537.98,49.76,156.41,0.7257,-1,-1,-1
257,37,1494.81,537.99,48.64,154.11,0.7083,-1,-1,-1
258,37,1504.00,543.59,47.64,151.23,0.6423,-1,-1,-1
259,37,1513.17,549.60,46.58,145.94,0.5939,-1,-1,-1
260,37,1518.41,550.81,48.76,146.99,0.6694,-1,-1,-1
261,37,1526.92,553.62,49.93,145.36,0.5765,-1,-1,-1
262,37,1533.54,561.98,50.00,136.06,0.4398,-1,-1,-1
272,46,12.55,605.40,43.44,99.66,0.5138,-1,-1,-1
273,46,14.35,606.04,43.72,100.27,0.5929,-1,-1,-1
274,46,13.99,601.59,44.66,102.54,0.4455,-1,-1,-1
275,46,15.88,597.83,46.50,106.70,0.6144,-1,-1,-1
276,46,18.49,599.32,46.06,105.47,0.6279,-1,-1,-1
277,46,20.20,598.45,46.79,107.11,0.6056,-1,-1,-1
277,47,1669.37,590.94,73.42,227.73,0.5055,-1,-1,-1
278,46,21.42,597.72,47.62,109.05,0.5956,-1,-1,-1
278,47,1683.46,596.33,73.44,227.14,0.4514,-1,-1,-1
279,46,23.89,597.92,48.02,109.92,0.6058,-1,-1,-1
279,47,1698.28,595.76,75.78,233.31,0.5978,-1,-1,-1
280,46,25.46,599.08,48.71,111.58,0.6286,-1,-1,-1
281,46,26.44,600.81,49.32,112.70,0.6286,-1,-1,-1
281,47,1734.53,608.17,77.45,233.99,0.5484,-1,-1,-1
282,46,28.50,603.61,48.79,111.39,0.6182,-1,-1,-1
282,47,1750.65,611.30,80.22,235.73,0.6271,-1,-1,-1
283,46,30.84,608.14,47.88,109.20,0.6025,-1,-1,-1
283,47,1781.06,610.21,82.29,240.37,0.6215,-1,-1,-1
284,46,32.66,609.70,48.11,109.80,0.6394,-1,-1,-1
284,47,1804.83,610.43,84.60,244.03,0.7479,-1,-1,-1
285,46,34.64,611.46,48.16,110.22,0.6388,-1,-1,-1
285,47,1827.13,612.77,85.65,245.93,0.8108,-1,-1,-1
285,48,1764.88,550.30,57.92,183.06,0.6448,-1,-1,-1
286,46,35.56,612.62,48.66,111.58,0.6464,-1,-1,-1
286,47,1841.17,612.01,86.39,250.75,0.7455,-1,-1,-1
286,48,1776.43,547.20,59.64,188.35,0.7142,-1,-1,-1
287,46,37.28,613.47,49.07,112.42,0.6323,-1,-1,-1
287,47,1853.96,615.28,84.13,251.58,0.7013,-1,-1,-1
287,48,1793.54,547.89,60.54,191.15,0.7020,-1,-1,-1
288,46,39.22,614.56,49.26,112.34,0.6126,-1,-1,-1
288,48,1807.34,547.70,61.91,194.51,0.6716,-1,-1,-1
289,46,40.01,614.82,49.95,113.72,0.5697,-1,-1,-1
289,48,1820.77,544.80,63.06,197.77,0.7279,-1,-1,-1
290,46,41.88,613.34,51.00,115.83,0.6098,-1,-1,-1
290,48,1836.42,543.85,64.12,199.51,0.7608,-1,-1,-1
291,46,44.56,613.63,52.22,118.10,0.6152,-1,-1,-1
291,48,1847.58,539.20,65.18,203.82,0.7573,-1,-1,-1
292,46,45.41,612.84,53.53,121.08,0.6634,-1,-1,-1
292,48,1858.52,540.21,65.25,205.53,0.7129,-1,-1,-1
293,46,46.93,614.68,54.12,122.65,0.6508,-1,-1,-1
293,48,1867.98,539.98,64.38,208.06,0.6244,-1,-1,-1
294,46,48.37,618.18,53.56,121.16,0.6003,-1,-1,-1
295,46,49.36,620.23,53.33,119.78,0.6144,-1,-1,-1
296,46,50.55,620.94,53.55,119.26,0.5635,-1,-1,-1
297,46,50.97,621.63,54.30,120.16,0.6090,-1,-1,-1
298,46,50.99,621.82,54.64,120.30,0.6082,-1,-1,-1
299,46,51.25,622.74,54.59,119.59,0.6155,-1,-1,-1
300,46,50.98,621.12,56.11,122.61,0.5867,-1,-1,-1
301,46,49.82,623.50,56.14,122.79,0.5044,-1,-1,-1
302,46,49.54,623.43,56.74,123.90,0.4920,-1,-1,-1
303,46,47.15,626.83,56.73,124.09,0.4652,-1,-1,-1
304,46,46.79,627.74,56.52,123.82,0.4480,-1,-1,-1
305,46,49.93,633.69,55.16,119.79,0.4621,-1,-1,-1
306,46,49.65,635.90,54.69,118.01,0.4345,-1,-1,-1
307,46,47.92,635.85,56.21,120.67,0.4808,-1,-1,-1
308,46,46.40,637.09,58.54,125.24,0.5546,-1,-1,-1
309,46,45.22,637.19,59.26,126.46,0.6164,-1,-1,-1
310,46,44.15,638.45,59.58,126.76,0.5955,-1,-1,-1
311,46,43.06,641.04,60.03,126.92,0.6292,-1,-1,-1
312,46,41.56,641.54,60.14,126.73,0.5799,-1,-1,-1
313,46,40.35,643.11,61.33,128.75,0.6416,-1,-1,-1
314,46,38.31,644.98,61.34,128.85,0.5439,-1,-1,-1
315,46,36.77,645.26,61.32,129.15,0.5438,-1,-1,-1
316,46,33.93,645.64,61.32,129.99,0.4176,-1,-1,-1
317,46,32.53,646.23,61.12,130.84,0.3997,-1,-1,-1
318,46,31.73,647.32,60.90,131.44,0.4660,-1,-1,-1
319,46,30.62,648.69,60.37,131.55,0.4419,-1,-1,-1
320,46,28.31,648.28,61.02,133.52,0.4502,-1,-1,-1
321,46,26.10,648.71,61.72,135.34,0.5092,-1,-1,-1
322,46,23.85,649.05,61.98,136.26,0.4720,-1,-1,-1
323,46,20.81,648.57,62.55,137.76,0.5179,-1,-1,-1
323,51,1538.49,584.52,59.14,142.56,0.5776,-1,-1,-1
324,46,17.26,647.29,62.68,138.30,0.5101,-1,-1,-1
324,51,1542.27,590.14,56.77,136.82,0.5380,-1,-1,-1
325,46,15.11,648.02,62.24,137.20,0.5181,-1,-1,-1
325,51,1548.14,606.48,51.49,124.02,0.4965,-1,-1,-1
326,46,11.48,647.57,62.20,137.38,0.5601,-1,-1,-1
326,51,1548.55,596.58,56.14,135.94,0.4850,-1,-1,-1
326,52,1415.64,598.35,63.94,150.98,0.5391,-1,-1,-1
327,46,8.48,647.41,62.14,137.42,0.6158,-1,-1,-1
327,51,1553.92,601.46,54.56,132.23,0.4788,-1,-1,-1
327,52,1417.05,599.14,63.75,150.60,0.6185,-1,-1,-1
328,46,6.49,651.73,60.91,134.58,0.6030,-1,-1,-1
328,51,1556.47,594.07,57.79,140.84,0.3883,-1,-1,-1
328,52,1418.26,595.57,65.70,155.28,0.6021,-1,-1,-1
329,46,5.39,650.09,60.32,135.44,0.4845,-1,-1,-1
329,51,1558.94,588.26,60.67,149.13,0.4984,-1,-1,-1
329,52,1418.85,596.94,64.83,153.28,0.5802,-1,-1,-1
330,46,2.65,651.86,58.35,132.59,0.5153,-1,-1,-1
330,51,1560.99,587.12,63.04,155.78,0.4764,-1,-1,-1
330,52,1420.32,596.43,65.11,154.67,0.5070,-1,-1,-1
331,46,0.70,651.83,57.71,132.81,0.5149,-1,-1,-1
331,51,1554.44,565.50,71.95,178.18,0.3547,-1,-1,-1
331,52,1424.14,596.57,64.68,154.81,0.6447,-1,-1,-1
332,46,-2.61,647.86,56.67,133.07,0.5161,-1,-1,-1
332,51,1566.64,583.51,62.66,155.18,0.4262,-1,-1,-1
332,52,1427.70,599.97,62.84,151.26,0.6267,-1,-1,-1
333,46,-5.47,646.33,55.57,133.48,0.5680,-1,-1,-1
333,51,1568.41,575.64,65.54,164.46,0.3443,-1,-1,-1
333,52,1428.57,597.10,64.36,155.31,0.5239,-1,-1,-1
334,46,-7.36,646.38,53.60,132.59,0.5768,-1,-1,-1
334,51,1576.21,581.28,62.17,157.14,0.4692,-1,-1,-1
334,52,1425.54,595.03,65.88,158.12,0.5211,-1,-1,-1
335,46,-9.30,646.13,51.82,133.20,0.4921,-1,-1,-1
335,51,1582.69,587.05,59.02,148.89,0.3752,-1,-1,-1
335,52,1423.46,594.03,68.03,159.58,0.3427,-1,-1,-1
335,55,1823.19,519.61,50.89,134.54,0.6376,-1,-1,-1
336,46,-10.60,647.43,49.89,133.98,0.5375,-1,-1,-1
336,51,1572.59,552.86,74.30,191.56,0.3026,-1,-1,-1
336,52,1426.42,589.48,70.99,163.86,0.5722,-1,-1,-1
336,55,1827.38,515.02,51.45,135.91,0.5639,-1,-1,-1
337,51,1568.73,538.22,80.45,211.12,0.4365,-1,-1,-1
337,52,1430.31,591.14,72.92,167.07,0.6618,-1,-1,-1
337,55,1834.49,517.17,51.78,137.02,0.4645,-1,-1,-1
338,51,1568.14,532.47,81.64,217.31,0.3700,-1,-1,-1
338,52,1434.92,592.37,74.12,167.31,0.5655,-1,-1,-1
338,55,1840.84,518.80,50.24,132.88,0.5996,-1,-1,-1
339,51,1573.84,533.54,83.36,225.39,0.5213,-1,-1,-1
339,52,1436.22,596.57,76.13,167.75,0.7191,-1,-1,-1
339,55,1845.93,518.94,50.04,132.52,0.5667,-1,-1,-1
340,51,1574.28,534.48,84.80,230.16,0.5742,-1,-1,-1
340,52,1438.46,596.58,78.24,169.68,0.7526,-1,-1,-1
340,55,1850.19,518.63,49.73,131.63,0.5756,-1,-1,-1
341,51,1582.67,543.08,80.75,226.26,0.3670,-1,-1,-1
341,52,1439.48,599.74,79.83,171.59,0.7355,-1,-1,-1
342,51,1583.75,550.98,78.56,221.53,0.3157,-1,-1,-1
342,52,1432.45,601.65,82.60,175.39,0.6930,-1,-1,-1
343,51,1576.99,547.48,81.95,229.38,0.4119,-1,-1,-1
343,52,1437.29,610.47,80.01,172.05,0.6041,-1,-1,-1
344,51,1578.06,558.73,81.54,224.07,0.3273,-1,-1,-1
344,52,1439.04,615.65,79.05,171.64,0.6753,-1,-1,-1
345,52,1439.13,618.38,81.13,179.01,0.6134,-1,-1,-1
346,52,1436.42,621.70,81.07,181.78,0.5912,-1,-1,-1
347,52,1432.79,625.89,82.10,185.08,0.5993,-1,-1,-1
347,51,1570.72,589.32,71.20,199.63,0.5165,-1,-1,-1
348,52,1437.19,630.00,80.92,187.05,0.6564,-1,-1,-1
348,51,1573.77,597.90,67.79,191.16,0.5148,-1,-1,-1
349,52,1438.55,634.20,81.21,190.69,0.6875,-1,-1,-1
349,51,1577.12,610.07,65.25,184.33,0.4367,-1,-1,-1
350,52,1441.02,638.33,81.21,191.15,0.6503,-1,-1,-1
350,51,1582.32,615.05,65.46,182.55,0.5738,-1,-1,-1
351,52,1441.85,644.39,80.95,189.37,0.7042,-1,-1,-1
351,51,1583.02,612.24,66.85,185.94,0.4102,-1,-1,-1
352,52,1436.96,649.06,82.87,190.30,0.6594,-1,-1,-1
352,51,1586.01,609.83,72.15,199.03,0.5264,-1,-1,-1
352,59,88.93,673.68,59.82,176.30,0.5697,-1,-1,-1
353,52,1439.72,651.85,84.32,191.69,0.6676,-1,-1,-1
353,51,1584.79,611.26,72.99,201.53,0.5756,-1,-1,-1
353,59,85.09,678.73,58.58,172.16,0.4339,-1,-1,-1
354,52,1443.92,655.64,85.65,195.77,0.6894,-1,-1,-1
354,51,1583.93,618.04,72.36,199.84,0.5588,-1,-1,-1
354,59,83.38,682.26,58.63,171.67,0.5197,-1,-1,-1
355,52,1444.98,657.33,85.82,196.59,0.6566,-1,-1,-1
355,51,1584.41,625.82,70.90,194.86,0.5786,-1,-1,-1
355,59,81.51,679.90,60.05,177.14,0.4127,-1,-1,-1
356,52,1444.46,659.25,87.49,198.68,0.6952,-1,-1,-1
356,51,1584.48,631.80,71.85,195.67,0.5770,-1,-1,-1
356,59,67.32,681.39,60.57,177.74,0.4241,-1,-1,-1
357,52,1447.17,664.97,87.17,198.15,0.7572,-1,-1,-1
357,51,1583.73,641.34,72.32,193.10,0.6404,-1,-1,-1
357,59,68.09,680.30,59.74,177.12,0.3899,-1,-1,-1
358,52,1448.79,670.53,85.49,195.03,0.7842,-1,-1,-1
358,51,1584.30,647.35,73.58,191.11,0.6255,-1,-1,-1
358,59,61.02,682.72,60.65,180.26,0.5443,-1,-1,-1
359,52,1448.86,679.13,84.34,193.71,0.6677,-1,-1,-1
359,51,1586.18,650.70,76.25,193.62,0.6683,-1,-1,-1
359,59,50.45,689.99,59.50,177.09,0.3690,-1,-1,-1
360,52,1449.95,683.60,83.41,193.65,0.7213,-1,-1,-1
360,51,1587.06,655.81,78.48,195.87,0.6186,-1,-1,-1
360,59,41.68,691.93,59.74,177.99,0.4084,-1,-1,-1
361,52,1449.07,686.34,83.79,197.84,0.7348,-1,-1,-1
361,51,1587.25,661.24,79.70,195.36,0.6780,-1,-1,-1
361,59,34.11,690.34,60.93,181.78,0.4913,-1,-1,-1
362,52,1449.06,684.74,85.30,203.64,0.7320,-1,-1,-1
362,51,1586.56,662.64,82.18,199.94,0.6443,-1,-1,-1
362,59,27.46,692.10,62.18,184.08,0.4408,-1,-1,-1
363,52,1448.36,682.06,88.46,214.97,0.7406,-1,-1,-1
363,51,1585.33,662.96,83.74,203.79,0.5625,-1,-1,-1
363,59,19.50,692.90,64.03,189.00,0.3859,-1,-1,-1
363,62,1340.71,599.82,54.89,221.53,0.5457,-1,-1,-1
364,52,1448.12,686.95,89.90,220.26,0.7584,-1,-1,-1
364,51,1580.77,663.58,86.14,211.49,0.6292,-1,-1,-1
364,59,12.30,696.28,64.05,188.48,0.4325,-1,-1,-1
364,62,1341.08,608.54,50.52,203.35,0.3122,-1,-1,-1
365,52,1448.45,691.54,90.50,221.15,0.6988,-1,-1,-1
365,51,1578.84,666.12,86.04,213.96,0.5975,-1,-1,-1
365,59,4.55,699.64,65.00,191.93,0.4497,-1,-1,-1
365,62,1342.64,626.54,41.90,167.57,0.3369,-1,-1,-1
366,52,1449.85,696.69,91.98,223.52,0.7253,-1,-1,-1
366,51,1575.97,665.76,86.38,217.62,0.6737,-1,-1,-1
366,59,1.58,704.07,63.55,190.45,0.5091,-1,-1,-1
366,62,1339.67,634.50,50.43,201.94,0.3635,-1,-1,-1
366,63,1372.04,632.14,70.97,217.64,0.6042,-1,-1,-1
367,52,1452.96,704.21,91.70,222.75,0.7107,-1,-1,-1
367,51,1574.05,664.04,89.85,228.85,0.6498,-1,-1,-1
367,59,-2.21,711.49,61.81,187.85,0.5156,-1,-1,-1
367,62,1339.23,641.72,43.90,173.83,0.4946,-1,-1,-1
367,63,1373.07,637.28,70.03,214.86,0.5760,-1,-1,-1
367,64,44.26,700.87,52.66,172.68,0.5367,-1,-1,-1
368,52,1455.29,710.33,92.01,223.74,0.7127,-1,-1,-1
368,51,1573.31,664.74,91.62,234.69,0.6304,-1,-1,-1
368,59,-7.44,715.26,61.12,190.23,0.4644,-1,-1,-1
368,62,1337.54,646.16,42.79,167.91,0.4757,-1,-1,-1
368,63,1369.73,639.29,70.37,216.63,0.5891,-1,-1,-1
368,64,37.12,706.17,53.12,174.15,0.3835,-1,-1,-1
369,52,1458.37,711.62,93.25,227.93,0.5707,-1,-1,-1
369,51,1573.75,664.80,92.33,238.25,0.6316,-1,-1,-1
369,59,-10.49,715.90,60.90,195.41,0.4829,-1,-1,-1
369,62,1332.43,647.26,50.05,195.45,0.5574,-1,-1,-1
369,63,1369.75,641.89,70.24,217.19,0.5802,-1,-1,-1
369,64,27.14,708.14,54.72,179.29,0.6029,-1,-1,-1
370,52,1459.65,715.51,94.05,230.25,0.6383,-1,-1,-1
370,51,1569.87,664.17,94.17,240.82,0.6565,-1,-1,-1
370,62,1328.99,646.91,54.39,211.64,0.3464,-1,-1,-1
370,63,1366.31,643.94,70.87,219.96,0.5170,-1,-1,-1
370,64,15.54,710.91,55.53,181.72,0.4460,-1,-1,-1
371,52,1461.04,719.07,93.98,230.51,0.7186,-1,-1,-1
371,51,1567.51,666.83,95.45,239.07,0.6947,-1,-1,-1
371,63,1364.72,645.31,71.39,222.19,0.4880,-1,-1,-1
371,64,8.60,713.56,56.81,186.22,0.5524,-1,-1,-1
372,52,1461.26,720.84,94.77,232.56,0.7244,-1,-1,-1
372,51,1564.88,668.95,98.21,241.26,0.6669,-1,-1,-1
372,63,1362.40,646.77,71.91,223.97,0.5200,-1,-1,-1
372,64,2.06,717.20,56.52,184.89,0.6471,-1,-1,-1
373,52,1460.51,721.29,95.83,235.10,0.7239,-1,-1,-1
373,51,1566.29,671.45,100.44,244.23,0.6847,-1,-1,-1
373,63,1360.39,649.07,72.08,224.36,0.4941,-1,-1,-1
373,64,-2.51,724.48,55.30,181.56,0.5496,-1,-1,-1
374,52,1457.11,723.13,96.71,237.37,0.7138,-1,-1,-1
374,51,1565.52,676.60,101.67,244.47,0.6547,-1,-1,-1
374,63,1359.86,652.95,71.97,223.37,0.5884,-1,-1,-1
374,64,-6.50,729.54,53.51,178.23,0.6577,-1,-1,-1
375,52,1452.88,724.96,96.50,239.51,0.7044,-1,-1,-1
375,51,1564.31,675.79,102.59,245.90,0.6330,-1,-1,-1
375,63,1359.98,656.50,72.20,222.66,0.5840,-1,-1,-1
375,64,-9.92,733.16,52.60,179.59,0.5737,-1,-1,-1
376,52,1450.64,726.66,95.86,241.70,0.7020,-1,-1,-1
376,51,1561.52,678.65,102.21,244.56,0.6108,-1,-1,-1
376,63,1355.81,655.19,72.76,222.72,0.5088,-1,-1,-1
376,64,-13.26,734.98,49.30,175.20,0.5310,-1,-1,-1
377,52,1449.56,726.76,96.22,246.48,0.6784,-1,-1,-1
377,51,1557.60,682.43,100.06,239.25,0.5969,-1,-1,-1
377,63,1352.92,651.62,75.10,226.58,0.5839,-1,-1,-1
378,52,1449.46,727.10,96.81,252.48,0.6445,-1,-1,-1
378,51,1552.23,683.81,101.38,242.58,0.6499,-1,-1,-1
378,63,1347.23,648.90,77.37,230.89,0.4302,-1,-1,-1
379,52,1448.25,726.92,97.67,259.80,0.6688,-1,-1,-1
379,51,1545.46,680.28,102.30,247.48,0.7072,-1,-1,-1
379,63,1340.10,648.86,66.95,199.20,0.3057,-1,-1,-1
380,52,1446.42,726.29,98.11,266.11,0.6928,-1,-1,-1
380,51,1539.45,680.24,103.06,251.20,0.6643,-1,-1,-1
380,63,1333.46,648.46,61.85,183.83,0.4129,-1,-1,-1
381,52,1448.34,727.67,98.34,268.52,0.7050,-1,-1,-1
381,51,1527.43,680.27,103.78,257.25,0.6150,-1,-1,-1
381,63,1327.78,648.14,61.07,182.15,0.4176,-1,-1,-1
382,52,1446.90,731.30,98.01,269.51,0.6865,-1,-1,-1
382,51,1523.39,679.11,102.35,259.88,0.5855,-1,-1,-1
382,63,1322.94,648.51,60.63,181.52,0.6209,-1,-1,-1
383,52,1446.42,736.20,97.79,269.07,0.7161,-1,-1,-1
383,51,1521.55,684.68,98.60,254.07,0.5602,-1,-1,-1
383,63,1318.13,648.98,60.92,184.60,0.6668,-1,-1,-1
384,52,1445.05,740.01,98.79,270.96,0.7348,-1,-1,-1
384,51,1516.28,684.79,99.18,257.85,0.5851,-1,-1,-1
384,63,1313.66,648.17,60.74,186.59,0.6727,-1,-1,-1
385,52,1441.61,742.18,99.22,271.99,0.7481,-1,-1,-1
385,51,1515.42,687.87,97.28,253.93,0.6054,-1,-1,-1
386,52,1434.64,745.24,99.60,274.18,0.7487,-1,-1,-1
386,51,1512.43,692.90,97.10,253.38,0.5701,-1,-1,-1
387,52,1429.77,746.60,99.28,275.65,0.7025,-1,-1,-1
387,51,1506.74,693.96,98.09,256.20,0.6553,-1,-1,-1
388,52,1425.82,747.13,100.12,280.76,0.6605,-1,-1,-1
388,51,1497.60,685.55,103.00,269.12,0.5974,-1,-1,-1
389,52,1422.95,747.30,101.73,287.85,0.5931,-1,-1,-1
389,51,1490.80,684.03,105.57,273.90,0.6406,-1,-1,-1
390,52,1416.64,749.13,102.87,291.37,0.6095,-1,-1,-1
390,51,1488.19,689.17,104.33,269.58,0.5612,-1,-1,-1
391,52,1411.51,751.65,105.60,296.90,0.5774,-1,-1,-1
391,51,1487.46,705.97,98.40,250.20,0.5664,-1,-1,-1
392,52,1402.48,755.43,106.09,297.53,0.6735,-1,-1,-1
392,51,1478.61,708.15,100.27,251.70,0.5198,-1,-1,-1
393,52,1397.91,760.68,106.77,297.75,0.6515,-1,-1,-1
394,52,1389.70,764.19,107.22,299.65,0.5831,-1,-1,-1
395,52,1379.89,767.22,107.20,301.73,0.6790,-1,-1,-1
395,68,1173.70,649.19,68.07,236.41,0.6525,-1,-1,-1
395,51,1440.12,710.77,99.82,255.66,0.5118,-1,-1,-1
396,52,1372.71,771.19,107.41,302.92,0.7461,-1,-1,-1
396,68,1167.44,648.68,64.81,224.62,0.5778,-1,-1,-1
396,51,1429.32,706.59,97.69,253.37,0.4948,-1,-1,-1
397,52,1364.74,772.94,107.70,305.41,0.6440,-1,-1,-1
397,68,1154.78,648.74,66.26,229.03,0.6025,-1,-1,-1
397,51,1415.98,714.16,98.61,259.24,0.4163,-1,-1,-1
398,52,1359.04,771.60,108.58,306.50,0.5333,-1,-1,-1
398,68,1145.11,648.62,68.71,236.95,0.5449,-1,-1,-1
399,52,1350.49,770.07,110.24,310.87,0.3335,-1,-1,-1
399,68,1132.39,652.35,66.30,228.30,0.6109,-1,-1,-1
399,73,1295.48,553.13,48.49,128.19,0.5964,-1,-1,-1
400,52,1341.86,770.98,110.35,310.79,0.3856,-1,-1,-1
400,68,1120.03,652.87,75.55,257.15,0.5451,-1,-1,-1
400,73,1288.51,556.59,47.46,125.83,0.6083,-1,-1,-1
401,52,1328.84,772.14,110.33,309.13,0.5653,-1,-1,-1
401,68,1102.08,655.98,74.81,252.50,0.7007,-1,-1,-1
401,73,1278.32,553.63,48.90,129.81,0.6619,-1,-1,-1
402,52,1319.31,775.77,109.69,305.38,0.6448,-1,-1,-1
402,68,1087.56,656.12,76.77,253.11,0.6523,-1,-1,-1
402,73,1268.64,552.05,48.72,129.41,0.4939,-1,-1,-1
403,52,1309.29,767.25,113.54,313.07,0.6407,-1,-1,-1
403,68,1071.62,656.42,84.94,274.20,0.6647,-1,-1,-1
403,73,1259.33,553.02,48.05,128.61,0.4628,-1,-1,-1
404,52,1295.15,767.62,114.83,312.30,0.7311,-1,-1,-1
404,68,1066.49,659.11,87.51,281.39,0.6716,-1,-1,-1
404,73,1249.70,548.70,48.49,130.41,0.4947,-1,-1,-1
404,76,1309.63,543.16,51.60,105.40,0.5543,-1,-1,-1
405,52,1277.72,778.22,114.47,302.51,0.6210,-1,-1,-1
405,68,1050.42,660.06,89.33,282.85,0.6304,-1,-1,-1
405,73,1238.17,546.57,49.05,133.70,0.4920,-1,-1,-1
405,76,1298.16,541.94,52.83,108.06,0.4407,-1,-1,-1
406,52,1244.81,782.00,119.54,298.06,0.5779,-1,-1,-1
406,68,1028.72,661.49,92.22,284.72,0.7467,-1,-1,-1
406,73,1228.09,547.27,47.58,130.27,0.6197,-1,-1,-1
406,76,1289.27,542.28,51.44,105.65,0.6222,-1,-1,-1
407,52,1219.72,781.70,126.01,298.31,0.6123,-1,-1,-1
407,68,1010.33,663.83,95.31,287.08,0.5517,-1,-1,-1
407,73,1216.22,543.69,49.64,137.23,0.5248,-1,-1,-1
407,76,1278.25,547.97,49.40,101.89,0.5676,-1,-1,-1
408,52,1212.34,790.53,125.75,288.74,0.5678,-1,-1,-1
408,68,999.86,666.81,96.66,289.31,0.6287,-1,-1,-1
408,73,1204.88,545.20,48.43,134.13,0.5757,-1,-1,-1
408,76,1265.34,544.41,50.17,104.21,0.6265,-1,-1,-1
409,52,1201.23,792.23,126.99,287.73,0.7033,-1,-1,-1
409,68,978.45,665.98,99.75,292.70,0.6842,-1,-1,-1
409,73,1192.99,543.27,49.34,137.46,0.5569,-1,-1,-1
409,76,1252.30,546.73,50.04,104.03,0.4838,-1,-1,-1
410,52,1191.64,804.92,122.37,275.51,0.5441,-1,-1,-1
410,68,954.92,668.12,101.86,294.69,0.7119,-1,-1,-1
410,73,1180.55,542.86,48.92,136.67,0.5673,-1,-1,-1
410,76,1239.39,543.26,51.01,106.48,0.5803,-1,-1,-1
411,52,1175.05,813.43,120.05,266.04,0.7390,-1,-1,-1
411,68,939.00,669.45,102.81,294.39,0.5428,-1,-1,-1
411,73,1167.42,540.79,49.74,140.06,0.3982,-1,-1,-1
411,76,1227.06,544.60,51.05,107.15,0.5131,-1,-1,-1
412,52,1159.30,823.03,116.80,255.19,0.6996,-1,-1,-1
412,68,917.41,667.72,107.86,300.63,0.6780,-1,-1,-1
412,73,1153.63,540.45,48.89,137.46,0.5157,-1,-1,-1
412,76,1213.09,540.85,51.89,110.29,0.5604,-1,-1,-1
413,52,1132.39,818.31,121.81,261.25,0.5992,-1,-1,-1
413,68,902.33,669.73,109.65,300.42,0.6614,-1,-1,-1
413,73,1138.38,541.42,48.72,138.13,0.4519,-1,-1,-1
413,76,1196.50,538.43,53.73,115.40,0.5650,-1,-1,-1
414,52,1118.81,824.84,119.43,254.95,0.6701,-1,-1,-1
414,68,873.51,671.45,110.63,302.36,0.7009,-1,-1,-1
414,76,1182.10,538.48,53.50,115.48,0.6610,-1,-1,-1
415,52,1090.41,822.82,122.12,256.54,0.5636,-1,-1,-1
415,68,846.55,671.91,112.32,304.90,0.7166,-1,-1,-1
415,76,1165.87,536.32,54.30,117.64,0.6299,-1,-1,-1
416,52,1073.18,827.52,119.87,250.16,0.6422,-1,-1,-1
416,68,816.97,672.62,113.07,307.79,0.7553,-1,-1,-1
416,76,1148.84,535.69,54.30,118.15,0.5831,-1,-1,-1
416,73,1096.26,537.02,50.08,142.28,0.5351,-1,-1,-1
417,52,1041.77,830.89,120.98,246.64,0.5397,-1,-1,-1
417,68,787.73,675.13,113.34,308.77,0.7304,-1,-1,-1
417,76,1135.17,533.73,54.45,118.61,0.5393,-1,-1,-1
417,73,1084.10,538.56,47.16,132.92,0.4162,-1,-1,-1
418,52,1023.13,834.10,120.51,245.17,0.6615,-1,-1,-1
418,68,757.35,675.98,114.17,311.40,0.7946,-1,-1,-1
418,76,1119.52,531.94,54.73,118.74,0.7112,-1,-1,-1
418,73,1065.05,539.24,48.53,136.38,0.4719,-1,-1,-1
419,52,1005.25,836.95,118.49,242.95,0.6643,-1,-1,-1
419,68,724.93,677.23,116.36,315.32,0.7996,-1,-1,-1
419,76,1102.82,531.49,54.29,118.45,0.5705,-1,-1,-1
419,73,1050.18,539.44,47.94,133.73,0.4720,-1,-1,-1
420,52,977.75,837.89,118.06,242.22,0.7124,-1,-1,-1
420,68,695.12,679.81,117.68,315.88,0.7663,-1,-1,-1
420,76,1089.63,531.44,53.29,116.60,0.6096,-1,-1,-1
420,73,1035.10,533.63,48.73,135.31,0.4455,-1,-1,-1
420,82,904.94,782.90,116.61,296.76,0.5557,-1,-1,-1
421,52,948.88,835.79,119.06,244.38,0.6579,-1,-1,-1
421,68,665.17,680.72,119.51,317.88,0.7828,-1,-1,-1
421,76,1073.26,531.71,53.65,117.05,0.6502,-1,-1,-1
421,73,1014.83,535.68,49.92,137.95,0.5131,-1,-1,-1
421,82,876.29,772.95,120.60,306.97,0.3357,-1,-1,-1
421,83,1755.29,578.21,69.90,201.72,0.6453,-1,-1,-1
422,52,920.39,843.34,116.17,236.78,0.7687,-1,-1,-1
422,68,635.36,679.80,124.20,325.56,0.8119,-1,-1,-1
422,76,1054.40,529.96,53.50,116.98,0.5807,-1,-1,-1
422,73,994.84,529.65,52.29,142.50,0.5408,-1,-1,-1
422,82,852.33,786.83,114.55,292.30,0.5142,-1,-1,-1
423,52,889.34,848.61,114.55,231.53,0.7497,-1,-1,-1
423,68,606.85,682.60,125.15,325.33,0.7453,-1,-1,-1
423,76,1035.94,528.48,54.73,118.94,0.5553,-1,-1,-1
423,73,974.91,528.37,52.03,140.89,0.5009,-1,-1,-1
423,82,819.59,799.57,109.27,278.67,0.5449,-1,-1,-1
423,86,1547.92,607.66,84.37,171.59,0.6357,-1,-1,-1
424,52,861.76,855.96,111.55,224.18,0.7105,-1,-1,-1
424,68,574.63,687.15,127.14,325.04,0.7652,-1,-1,-1
424,76,1017.56,528.72,54.64,117.50,0.5796,-1,-1,-1
424,73,957.11,527.28,51.75,139.97,0.5572,-1,-1,-1
424,82,791.31,813.33,104.59,266.12,0.4699,-1,-1,-1
424,86,1534.17,609.77,83.29,170.09,0.6043,-1,-1,-1
425,52,829.32,861.91,109.72,218.22,0.7476,-1,-1,-1
425,68,535.13,687.27,130.93,329.60,0.7404,-1,-1,-1
425,76,997.26,527.96,56.01,120.67,0.5311,-1,-1,-1
425,73,937.06,526.22,52.59,141.77,0.4811,-1,-1,-1
425,82,755.46,806.50,106.99,272.30,0.5018,-1,-1,-1
425,86,1515.86,609.41,82.52,169.52,0.6158,-1,-1,-1
425,88,1677.45,572.27,70.94,208.19,0.6589,-1,-1,-1
426,52,797.53,867.49,108.03,212.62,0.7128,-1,-1,-1
426,68,489.94,691.72,130.80,329.67,0.6080,-1,-1,-1
426,76,978.16,527.48,56.38,121.45,0.5633,-1,-1,-1
426,73,917.96,523.30,53.86,145.01,0.5140,-1,-1,-1
426,82,721.05,815.56,103.45,264.04,0.3794,-1,-1,-1
426,86,1499.54,609.92,80.58,167.07,0.5682,-1,-1,-1
426,88,1660.80,576.89,68.93,202.13,0.6671,-1,-1,-1
427,52,764.04,873.14,106.58,206.95,0.4977,-1,-1,-1
427,68,458.77,696.10,137.08,333.66,0.6912,-1,-1,-1
427,76,958.46,529.59,56.05,121.23,0.5067,-1,-1,-1
427,73,898.81,525.97,52.61,140.62,0.4801,-1,-1,-1
427,86,1482.13,608.49,81.45,170.37,0.5369,-1,-1,-1
427,88,1638.23,580.40,69.38,202.93,0.5688,-1,-1,-1
428,52,729.98,883.71,102.75,195.93,0.5370,-1,-1,-1
428,68,425.64,699.43,143.29,339.97,0.5711,-1,-1,-1
428,76,938.51,529.79,57.09,123.75,0.5224,-1,-1,-1
428,73,874.20,527.62,54.02,142.03,0.5738,-1,-1,-1
428,86,1463.93,607.99,81.63,172.59,0.4352,-1,-1,-1
428,88,1616.36,583.18,70.05,204.11,0.5802,-1,-1,-1
429,52,695.09,892.57,99.76,186.80,0.6580,-1,-1,-1
429,68,390.45,703.18,135.39,322.99,0.4227,-1,-1,-1
429,76,918.19,530.23,57.39,125.31,0.4321,-1,-1,-1
429,73,855.54,530.26,52.31,137.55,0.4167,-1,-1,-1
429,86,1447.04,609.30,83.64,178.61,0.4652,-1,-1,-1
429,88,1592.78,586.85,70.46,203.36,0.4164,-1,-1,-1
430,52,653.34,903.08,97.77,176.38,0.6652,-1,-1,-1
430,68,343.00,707.63,141.83,331.46,0.7221,-1,-1,-1
430,76,895.48,530.60,58.01,126.56,0.3252,-1,-1,-1
430,73,834.00,530.84,53.51,136.60,0.3031,-1,-1,-1
430,86,1430.66,611.13,85.35,184.48,0.6185,-1,-1,-1
430,88,1567.34,588.07,70.47,201.79,0.6544,-1,-1,-1
431,52,620.93,914.20,92.74,164.93,0.5316,-1,-1,-1
431,68,305.32,712.48,140.59,329.22,0.5726,-1,-1,-1
431,73,808.85,539.28,53.84,134.58,0.4177,-1,-1,-1
431,86,1410.57,614.94,84.36,183.75,0.4846,-1,-1,-1
431,88,1546.72,592.09,72.25,204.85,0.4344,-1,-1,-1
432,52,582.80,925.07,88.46,154.42,0.6391,-1,-1,-1
432,68,258.81,716.03,148.78,344.63,0.3326,-1,-1,-1
432,86,1397.63,617.91,82.89,181.17,0.4413,-1,-1,-1
432,88,1522.73,592.70,73.29,205.64,0.6078,-1,-1,-1
433,52,541.69,936.47,84.77,143.40,0.6462,-1,-1,-1
433,68,220.15,724.13,144.40,331.58,0.5648,-1,-1,-1
433,86,1380.55,624.47,82.41,180.26,0.3765,-1,-1,-1
433,88,1503.88,595.79,76.09,210.09,0.5098,-1,-1,-1
434,52,499.40,947.58,80.08,130.48,0.6239,-1,-1,-1
434,68,155.67,728.68,142.29,337.85,0.6667,-1,-1,-1
434,86,1362.62,625.92,83.91,182.70,0.5637,-1,-1,-1
434,88,1478.72,595.72,76.29,210.49,0.5550,-1,-1,-1
434,92,300.46,878.25,202.44,201.75,0.7393,-1,-1,-1
435,52,452.12,959.96,76.80,118.97,0.6150,-1,-1,-1
435,68,102.58,734.22,139.52,341.27,0.6873,-1,-1,-1
435,86,1344.04,629.12,83.34,181.53,0.5609,-1,-1,-1
435,88,1455.88,599.27,75.81,209.35,0.5298,-1,-1,-1
435,92,268.33,886.68,193.71,193.32,0.7124,-1,-1,-1
436,52,402.51,968.33,75.72,111.37,0.5863,-1,-1,-1
436,68,50.53,736.25,137.16,343.08,0.7330,-1,-1,-1
436,86,1326.04,631.40,83.80,181.74,0.6079,-1,-1,-1
436,88,1432.05,601.22,75.52,208.84,0.6335,-1,-1,-1
436,92,228.39,893.21,186.26,186.79,0.7745,-1,-1,-1
437,52,348.53,977.50,71.77,101.34,0.5183,-1,-1,-1
437,68,5.74,739.46,136.56,342.20,0.7426,-1,-1,-1
437,86,1305.22,633.08,84.65,182.62,0.6758,-1,-1,-1
437,88,1407.76,601.22,74.77,208.79,0.5367,-1,-1,-1
437,92,181.51,903.01,175.93,176.99,0.7789,-1,-1,-1
437,97,1223.93,644.22,83.37,231.93,0.5706,-1,-1,-1
438,86,1283.70,632.13,85.23,184.47,0.5936,-1,-1,-1
438,88,1383.44,598.63,74.00,208.45,0.6426,-1,-1,-1
438,92,128.22,912.52,166.08,167.48,0.7473,-1,-1,-1
438,97,1205.29,644.30,84.74,236.37,0.5704,-1,-1,-1
438,73,655.13,546.97,54.87,133.90,0.5398,-1,-1,-1
439,86,1262.49,632.68,84.07,183.57,0.5901,-1,-1,-1
439,88,1358.78,599.55,73.79,209.95,0.6038,-1,-1,-1
439,92,71.72,921.19,157.34,158.81,0.7723,-1,-1,-1
439,97,1183.58,645.79,86.09,240.02,0.6064,-1,-1,-1
439,73,631.45,548.12,56.04,134.87,0.4494,-1,-1,-1
440,86,1240.94,633.95,86.12,189.68,0.5396,-1,-1,-1
440,88,1334.61,600.75,73.16,209.26,0.6070,-1,-1,-1
440,92,13.50,931.18,148.29,148.82,0.7368,-1,-1,-1
440,97,1159.22,653.28,86.22,239.53,0.6821,-1,-1,-1
440,73,604.31,551.94,53.55,130.11,0.6285,-1,-1,-1
441,86,1219.16,633.85,86.89,194.64,0.5350,-1,-1,-1
441,88,1307.63,599.31,75.55,217.10,0.5848,-1,-1,-1
441,92,-22.96,941.84,134.83,138.16,0.5770,-1,-1,-1
441,97,1135.96,656.76,86.85,239.82,0.7630,-1,-1,-1
441,73,580.36,549.33,54.37,132.67,0.5486,-1,-1,-1
442,86,1200.72,636.54,85.37,194.52,0.5192,-1,-1,-1
442,88,1283.53,600.81,74.59,215.81,0.6018,-1,-1,-1
442,97,1112.02,667.44,85.03,232.15,0.7682,-1,-1,-1
442,73,555.67,550.09,53.33,130.81,0.5147,-1,-1,-1
443,86,1180.17,637.18,85.34,197.46,0.6803,-1,-1,-1
443,88,1256.34,602.63,75.65,219.94,0.5905,-1,-1,-1
443,97,1091.28,674.24,84.83,227.49,0.7825,-1,-1,-1
443,73,531.73,563.55,48.52,119.22,0.5186,-1,-1,-1
444,86,1159.08,638.79,84.28,197.42,0.7124,-1,-1,-1
444,88,1231.39,604.45,74.96,217.74,0.6595,-1,-1,-1
444,97,1063.66,677.45,87.01,229.96,0.7158,-1,-1,-1
444,73,505.31,566.49,47.54,117.33,0.5784,-1,-1,-1
445,86,1136.12,637.92,85.56,202.73,0.6517,-1,-1,-1
445,88,1202.45,602.99,75.70,222.37,0.6144,-1,-1,-1
445,97,1034.79,678.46,88.90,233.27,0.7714,-1,-1,-1
445,73,479.86,569.96,47.66,118.57,0.5718,-1,-1,-1
446,86,1113.90,640.52,84.09,201.32,0.6798,-1,-1,-1
446,88,1179.15,603.80,75.60,222.29,0.6724,-1,-1,-1
446,97,1004.59,677.69,91.71,239.79,0.7730,-1,-1,-1
446,73,454.16,570.99,47.72,118.79,0.5701,-1,-1,-1
447,86,1087.96,643.73,84.00,202.89,0.6834,-1,-1,-1
447,88,1153.17,602.23,75.78,223.86,0.6953,-1,-1,-1
447,97,975.35,674.23,94.97,249.12,0.6439,-1,-1,-1
447,73,427.67,573.04,47.39,117.89,0.5538,-1,-1,-1
448,86,1064.44,641.62,83.62,204.45,0.6315,-1,-1,-1
448,88,1124.57,604.11,74.21,221.40,0.6608,-1,-1,-1
448,97,943.98,672.46,96.49,253.75,0.6800,-1,-1,-1
448,73,400.92,574.82,47.05,116.38,0.4296,-1,-1,-1
449,86,1039.93,640.37,84.66,208.21,0.6349,-1,-1,-1
449,88,1095.79,605.87,72.87,220.44,0.5668,-1,-1,-1
449,97,916.19,671.52,101.33,264.94,0.6896,-1,-1,-1
449,73,373.12,571.01,49.05,119.91,0.6232,-1,-1,-1
450,86,1017.19,642.45,81.70,203.68,0.5216,-1,-1,-1
450,88,1067.55,606.65,71.64,220.35,0.4625,-1,-1,-1
450,97,884.15,675.44,99.28,260.12,0.6483,-1,-1,-1
450,73,343.80,569.22,50.11,121.35,0.5484,-1,-1,-1
451,86,990.71,637.56,85.58,213.19,0.5234,-1,-1,-1
451,88,1035.47,607.41,72.79,227.86,0.3174,-1,-1,-1
451,97,848.62,681.57,100.80,266.99,0.7650,-1,-1,-1
451,73,315.59,567.06,50.76,122.76,0.3530,-1,-1,-1
451,103,1821.49,774.88,86.09,304.17,0.8401,-1,-1,-1
452,86,963.55,621.50,92.61,232.67,0.4451,-1,-1,-1
452,97,819.30,686.65,102.26,270.49,0.8028,-1,-1,-1
452,73,284.89,567.79,50.52,123.33,0.4945,-1,-1,-1
452,103,1806.42,774.37,87.09,303.49,0.8553,-1,-1,-1
453,86,939.58,618.66,93.96,237.11,0.5614,-1,-1,-1
453,97,789.43,692.04,102.21,269.27,0.7357,-1,-1,-1
453,73,254.36,569.35,50.86,123.96,0.3510,-1,-1,-1
453,103,1787.58,773.69,90.05,304.64,0.8488,-1,-1,-1
454,86,910.96,614.40,95.40,244.82,0.6743,-1,-1,-1
454,97,753.79,695.47,103.10,271.47,0.7773,-1,-1,-1
454,73,226.14,571.17,50.91,124.02,0.3433,-1,-1,-1
454,103,1760.18,771.72,94.38,307.53,0.8562,-1,-1,-1
455,86,883.39,616.22,95.05,247.74,0.7287,-1,-1,-1
455,97,717.67,698.92,103.56,273.82,0.7854,-1,-1,-1
455,103,1729.06,772.00,98.61,307.77,0.8523,-1,-1,-1
456,86,855.02,614.10,94.47,250.91,0.6912,-1,-1,-1
456,97,676.22,697.16,107.14,288.27,0.7836,-1,-1,-1
456,103,1693.77,767.92,104.47,311.35,0.8585,-1,-1,-1
457,86,824.57,619.73,94.13,251.49,0.5786,-1,-1,-1
457,97,636.49,696.91,110.37,303.27,0.7722,-1,-1,-1
457,103,1656.26,762.51,111.11,316.66,0.8524,-1,-1,-1
457,105,762.98,629.44,67.56,227.48,0.6255,-1,-1,-1
458,86,794.32,621.22,95.21,255.99,0.7007,-1,-1,-1
458,97,602.27,700.14,113.09,313.81,0.7407,-1,-1,-1
458,103,1619.01,760.41,116.91,318.38,0.8505,-1,-1,-1
459,86,770.57,657.62,84.44,223.81,0.4768,-1,-1,-1
459,97,562.08,703.56,114.94,322.38,0.7353,-1,-1,-1
459,103,1580.97,755.92,123.90,323.69,0.8502,-1,-1,-1
460,86,737.16,667.86,84.21,219.09,0.6046,-1,-1,-1
460,97,517.79,706.72,117.50,333.31,0.7355,-1,-1,-1
460,103,1543.40,756.52,128.83,323.26,0.8536,-1,-1,-1
461,86,703.12,650.00,91.95,242.30,0.6979,-1,-1,-1
461,97,473.27,720.12,116.60,332.47,0.7103,-1,-1,-1
461,103,1505.45,758.90,132.67,321.07,0.8649,-1,-1,-1
462,86,669.51,639.57,97.07,257.89,0.5890,-1,-1,-1
462,97,431.37,730.61,116.23,328.91,0.7560,-1,-1,-1
462,103,1470.19,769.48,133.35,310.56,0.8505,-1,-1,-1
463,86,638.76,645.48,98.61,259.34,0.7212,-1,-1,-1
463,97,388.89,738.70,117.67,329.91,0.7758,-1,-1,-1
463,103,1434.49,783.98,132.27,296.07,0.8486,-1,-1,-1
464,86,604.25,644.84,101.60,265.28,0.6788,-1,-1,-1
464,97,345.41,747.99,119.89,329.30,0.6680,-1,-1,-1
464,103,1399.99,798.42,131.25,281.63,0.8722,-1,-1,-1
465,86,566.63,646.93,103.89,268.33,0.7090,-1,-1,-1
465,97,299.96,750.46,124.50,331.66,0.7200,-1,-1,-1
465,103,1365.06,813.98,129.69,266.06,0.8568,-1,-1,-1
466,86,534.90,672.49,98.84,251.94,0.6716,-1,-1,-1
466,97,250.25,757.36,127.52,326.29,0.8048,-1,-1,-1
466,103,1330.19,826.59,129.18,253.45,0.8279,-1,-1,-1
467,86,498.37,681.11,100.11,251.30,0.6665,-1,-1,-1
467,97,198.31,763.21,130.44,320.66,0.8410,-1,-1,-1
467,103,1296.36,837.81,128.48,241.53,0.7981,-1,-1,-1
468,86,461.42,694.16,98.21,244.09,0.6066,-1,-1,-1
468,97,142.71,765.53,134.32,316.96,0.8536,-1,-1,-1
468,103,1261.96,848.57,128.15,231.22,0.8419,-1,-1,-1
469,86,421.61,697.51,100.23,245.77,0.5592,-1,-1,-1
469,97,84.54,773.01,136.77,308.73,0.8414,-1,-1,-1
469,103,1227.51,855.79,128.36,223.75,0.8573,-1,-1,-1
470,86,381.02,700.12,102.95,250.28,0.6652,-1,-1,-1
470,97,27.74,776.23,140.07,306.09,0.8448,-1,-1,-1
470,103,1191.00,856.96,131.74,222.90,0.8428,-1,-1,-1
471,86,342.83,700.42,105.06,254.60,0.6806,-1,-1,-1
471,97,-6.70,783.30,135.18,296.52,0.7705,-1,-1,-1
471,103,1151.61,855.39,136.11,224.31,0.8499,-1,-1,-1
472,86,302.11,700.17,106.32,257.05,0.6604,-1,-1,-1
472,103,1111.20,853.60,140.60,226.31,0.8267,-1,-1,-1
472,119,224.67,653.36,98.07,283.26,0.5760,-1,-1,-1
473,86,262.09,699.90,107.63,261.21,0.6885,-1,-1,-1
473,103,1070.77,852.76,144.49,227.22,0.8491,-1,-1,-1
474,86,220.58,703.47,106.68,260.99,0.6903,-1,-1,-1
474,103,1030.14,852.11,148.36,227.90,0.8508,-1,-1,-1
474,120,132.55,656.94,112.55,291.61,0.6520,-1,-1,-1
475,86,176.73,702.72,108.71,268.56,0.7059,-1,-1,-1
475,103,987.40,851.98,150.94,227.70,0.8338,-1,-1,-1
476,86,131.61,705.13,110.19,272.06,0.7533,-1,-1,-1
476,103,943.77,858.07,149.37,221.82,0.7548,-1,-1,-1
477,86,82.88,705.33,113.14,279.60,0.7144,-1,-1,-1
477,103,906.70,863.21,150.53,216.76,0.6598,-1,-1,-1
478,103,864.90,868.83,151.32,211.17,0.7546,-1,-1,-1
479,103,821.06,880.24,148.10,199.77,0.6746,-1,-1,-1
480,103,775.58,889.70,145.98,190.32,0.6640,-1,-1,-1
481,103,724.28,884.38,153.03,195.63,0.7855,-1,-1,-1
482,103,687.26,880.69,155.13,199.32,0.7741,-1,-1,-1
483,103,629.67,879.15,157.76,200.59,0.8149,-1,-1,-1
483,123,1800.81,657.15,90.25,235.32,0.7170,-1,-1,-1
484,103,574.49,877.74,160.24,201.72,0.8335,-1,-1,-1
484,123,1762.54,656.37,91.70,238.89,0.6562,-1,-1,-1
485,103,520.77,878.56,160.84,200.85,0.8322,-1,-1,-1
485,123,1716.93,658.15,90.75,236.45,0.6314,-1,-1,-1
486,103,468.35,880.07,160.27,198.42,0.8497,-1,-1,-1
486,123,1676.66,657.37,81.62,212.27,0.6011,-1,-1,-1
487,103,416.22,887.81,156.23,190.86,0.8557,-1,-1,-1
487,123,1634.79,659.05,78.74,204.24,0.3948,-1,-1,-1
488,103,365.10,898.83,150.22,180.13,0.8582,-1,-1,-1
488,123,1597.85,659.98,64.55,164.47,0.3911,-1,-1,-1
489,103,317.34,912.85,141.37,165.81,0.8445,-1,-1,-1
489,123,1558.59,660.85,57.69,144.76,0.3816,-1,-1,-1
490,103,269.16,926.40,132.81,152.51,0.8214,-1,-1,-1
490,123,1516.51,666.20,56.07,137.77,0.4470,-1,-1,-1
491,103,222.14,942.19,123.09,137.47,0.8063,-1,-1,-1
492,103,171.59,950.94,118.73,128.99,0.8022,-1,-1,-1
493,103,119.39,958.97,115.21,121.03,0.8062,-1,-1,-1
494,103,61.81,965.48,112.69,114.55,0.7975,-1,-1,-1
495,103,9.18,967.71,112.00,112.24,0.8047,-1,-1,-1
496,103,-28.31,968.65,106.03,111.35,0.5919,-1,-1,-1
497,132,1184.48,688.07,69.78,272.69,0.5610,-1,-1,-1
501,137,1004.45,685.52,82.40,271.06,0.6590,-1,-1,-1
502,139,952.70,684.62,91.69,273.33,0.5906,-1,-1,-1
503,140,903.34,683.48,93.73,269.82,0.5857,-1,-1,-1
504,140,873.66,686.20,95.70,276.42,0.5891,-1,-1,-1
505,140,826.36,691.30,101.46,294.79,0.5896,-1,-1,-1
506,140,774.32,696.16,102.95,300.40,0.5742,-1,-1,-1
507,140,706.96,701.02,107.39,311.61,0.7068,-1,-1,-1
507,149,1826.31,654.23,61.81,181.63,0.7320,-1,-1,-1
508,140,650.12,709.09,111.98,323.52,0.7299,-1,-1,-1
509,140,598.29,716.03,112.27,324.10,0.7480,-1,-1,-1
510,140,547.82,723.13,113.79,330.01,0.6782,-1,-1,-1
511,140,496.48,732.22,113.49,330.47,0.7495,-1,-1,-1
512,140,435.89,742.44,113.44,324.49,0.7187,-1,-1,-1
513,140,380.78,748.73,116.34,330.72,0.7005,-1,-1,-1
513,165,1532.05,670.70,79.57,179.38,0.7514,-1,-1,-1
514,140,322.18,754.30,117.02,328.56,0.7654,-1,-1,-1
514,165,1556.92,671.71,85.68,193.52,0.6805,-1,-1,-1
515,140,268.65,760.14,116.20,323.54,0.6420,-1,-1,-1
515,165,1538.66,673.20,87.67,199.18,0.6554,-1,-1,-1
516,140,210.07,764.87,114.43,317.23,0.6316,-1,-1,-1
517,140,138.56,770.08,116.95,312.84,0.7482,-1,-1,-1
518,140,78.62,777.24,116.68,306.17,0.6758,-1,-1,-1
518,179,1837.12,731.80,68.43,274.53,0.6593,-1,-1,-1
519,140,19.34,784.34,117.12,298.69,0.8029,-1,-1,-1
519,179,1806.29,732.42,68.59,272.14,0.7417,-1,-1,-1
520,140,-19.50,790.97,111.43,290.91,0.3791,-1,-1,-1
520,179,1771.17,733.25,69.87,273.43,0.5995,-1,-1,-1
520,185,1294.24,675.73,87.70,188.09,0.7500,-1,-1,-1
520,186,1388.54,677.09,61.46,196.56,0.7171,-1,-1,-1
521,179,1733.75,732.17,71.82,275.44,0.5822,-1,-1,-1
521,185,1264.34,680.64,85.93,184.15,0.7217,-1,-1,-1
521,186,1360.24,678.60,63.31,202.13,0.7112,-1,-1,-1
522,179,1690.90,731.99,74.51,277.15,0.3797,-1,-1,-1
522,185,1229.69,680.78,85.95,184.51,0.7215,-1,-1,-1
522,186,1324.17,677.89,63.66,202.93,0.6762,-1,-1,-1
523,179,1662.12,730.17,75.11,271.15,0.6685,-1,-1,-1
523,185,1195.64,684.40,84.12,181.15,0.7331,-1,-1,-1
523,186,1289.53,679.06,64.98,205.96,0.7021,-1,-1,-1
524,179,1628.90,727.27,78.07,274.49,0.6905,-1,-1,-1
524,185,1163.63,686.92,84.85,183.77,0.7118,-1,-1,-1
524,186,1257.12,681.33,65.64,206.87,0.7239,-1,-1,-1
525,179,1596.32,727.57,80.45,274.54,0.7927,-1,-1,-1
525,185,1128.26,682.93,87.55,191.73,0.6775,-1,-1,-1
525,186,1221.21,678.79,67.84,212.85,0.6373,-1,-1,-1
526,179,1562.00,724.51,83.26,276.09,0.7742,-1,-1,-1
526,185,1094.46,685.20,87.81,194.58,0.7436,-1,-1,-1
526,186,1185.46,678.40,70.43,218.79,0.7257,-1,-1,-1
527,179,1528.86,723.31,84.87,274.17,0.5372,-1,-1,-1
527,185,1063.86,684.99,87.13,195.74,0.6846,-1,-1,-1
527,186,1150.33,681.21,71.60,220.32,0.6787,-1,-1,-1
528,179,1494.37,725.16,86.35,270.64,0.7009,-1,-1,-1
528,185,1030.22,685.97,88.16,200.95,0.6997,-1,-1,-1
528,186,1116.42,684.21,73.50,223.32,0.7574,-1,-1,-1
529,179,1458.02,726.22,90.43,274.81,0.6292,-1,-1,-1
529,185,996.76,687.51,89.62,207.17,0.7331,-1,-1,-1
529,186,1077.78,687.49,76.62,227.44,0.7584,-1,-1,-1
530,179,1424.47,728.20,95.77,283.26,0.7403,-1,-1,-1
530,185,963.57,694.71,89.38,209.20,0.6681,-1,-1,-1
530,186,1042.50,690.54,79.29,230.12,0.6775,-1,-1,-1
531,179,1393.32,727.16,100.60,289.88,0.8185,-1,-1,-1
531,185,931.59,698.78,87.66,207.30,0.6237,-1,-1,-1
531,186,1008.53,695.74,81.94,231.52,0.7042,-1,-1,-1
532,179,1366.07,731.80,103.89,290.73,0.7072,-1,-1,-1
532,185,896.55,702.22,89.09,211.47,0.6622,-1,-1,-1
532,186,973.36,701.39,85.79,237.31,0.6895,-1,-1,-1
533,179,1333.13,734.87,105.23,292.53,0.7369,-1,-1,-1
533,185,861.05,706.77,88.37,210.08,0.6865,-1,-1,-1
533,186,942.79,702.78,88.32,241.69,0.7112,-1,-1,-1
534,179,1302.92,737.16,106.17,293.59,0.7131,-1,-1,-1
534,185,830.49,706.13,88.82,212.39,0.6525,-1,-1,-1
534,186,915.24,705.88,87.33,236.87,0.7622,-1,-1,-1
535,179,1275.74,739.06,106.81,294.35,0.7396,-1,-1,-1
535,185,798.20,706.14,91.30,220.67,0.6751,-1,-1,-1
535,186,882.65,707.83,89.41,242.60,0.7502,-1,-1,-1
536,179,1249.59,738.94,106.84,293.99,0.7715,-1,-1,-1
536,185,763.91,706.55,92.07,226.50,0.6747,-1,-1,-1
536,186,847.51,707.77,92.06,249.46,0.8327,-1,-1,-1
537,179,1221.59,735.49,107.58,297.03,0.6899,-1,-1,-1
537,185,726.72,705.34,92.66,235.14,0.6369,-1,-1,-1
537,186,815.48,710.07,92.37,252.23,0.7013,-1,-1,-1
538,179,1194.87,736.04,106.80,295.32,0.7852,-1,-1,-1
538,185,692.24,708.51,90.06,234.37,0.5697,-1,-1,-1
538,186,777.60,710.48,94.32,258.98,0.6952,-1,-1,-1
539,179,1169.40,735.52,107.20,296.63,0.7507,-1,-1,-1
539,185,659.28,712.96,88.02,232.77,0.7134,-1,-1,-1
539,186,742.77,713.61,96.56,266.70,0.7926,-1,-1,-1
540,179,1139.58,737.53,108.66,301.76,0.7527,-1,-1,-1
540,185,621.25,716.83,90.55,239.08,0.6407,-1,-1,-1
540,186,708.71,717.24,95.65,268.74,0.6594,-1,-1,-1
541,179,1110.38,740.57,108.38,302.53,0.7251,-1,-1,-1
541,185,579.70,721.52,94.65,246.81,0.7052,-1,-1,-1
541,186,672.54,722.88,97.97,274.41,0.6790,-1,-1,-1
542,179,1075.23,747.93,111.82,309.98,0.6380,-1,-1,-1
542,185,538.10,724.80,98.21,249.74,0.6912,-1,-1,-1
542,186,636.51,729.47,98.72,274.64,0.7086,-1,-1,-1
542,209,942.76,583.01,43.10,111.65,0.7009,-1,-1,-1
543,179,1049.88,751.72,111.22,308.03,0.7283,-1,-1,-1
543,185,500.59,730.67,103.10,255.27,0.7032,-1,-1,-1
543,186,599.47,735.19,100.90,280.48,0.7804,-1,-1,-1
543,209,924.75,584.08,42.94,110.94,0.6851,-1,-1,-1
544,179,1023.41,758.11,111.52,309.25,0.7081,-1,-1,-1
544,185,463.47,742.48,107.54,259.52,0.7274,-1,-1,-1
544,186,560.53,744.78,105.93,294.79,0.7091,-1,-1,-1
544,209,901.44,585.58,43.34,111.70,0.7090,-1,-1,-1
545,179,992.92,757.07,113.61,314.44,0.7430,-1,-1,-1
545,185,432.35,746.91,107.71,252.52,0.7176,-1,-1,-1
545,186,526.84,747.69,106.54,295.99,0.7578,-1,-1,-1
545,209,881.82,584.31,43.77,112.15,0.7021,-1,-1,-1
546,179,968.96,758.24,112.65,311.69,0.6960,-1,-1,-1
546,185,394.36,746.72,111.15,258.39,0.7419,-1,-1,-1
546,186,489.71,750.12,109.12,302.51,0.7639,-1,-1,-1
546,209,861.03,584.95,43.90,112.00,0.7116,-1,-1,-1
547,179,939.66,756.67,114.31,313.57,0.7429,-1,-1,-1
547,185,356.25,748.08,112.10,263.23,0.7223,-1,-1,-1
547,186,454.38,753.53,107.90,300.76,0.8201,-1,-1,-1
547,209,841.64,584.74,44.39,112.33,0.7228,-1,-1,-1
548,179,915.19,760.83,112.45,306.94,0.7660,-1,-1,-1
548,185,314.65,751.54,114.21,271.61,0.7353,-1,-1,-1
548,186,414.04,754.28,108.63,305.57,0.7997,-1,-1,-1
548,209,822.71,584.95,44.85,112.30,0.7541,-1,-1,-1
549,179,887.23,755.92,114.55,310.68,0.7788,-1,-1,-1
549,185,276.70,758.09,113.35,272.08,0.7634,-1,-1,-1
549,186,374.85,757.93,110.49,311.16,0.7927,-1,-1,-1
549,209,801.86,582.85,45.89,113.54,0.7152,-1,-1,-1
550,179,861.78,757.90,114.70,310.23,0.7359,-1,-1,-1
550,185,235.90,759.78,115.36,281.30,0.7293,-1,-1,-1
550,186,337.41,760.36,112.14,313.94,0.7553,-1,-1,-1
550,209,782.56,583.20,47.05,115.37,0.7180,-1,-1,-1
551,179,842.37,769.60,110.70,299.52,0.6297,-1,-1,-1
551,185,190.76,762.52,118.53,294.31,0.7373,-1,-1,-1
551,186,293.14,764.78,110.76,310.40,0.7213,-1,-1,-1
551,209,763.08,584.64,47.60,116.07,0.6974,-1,-1,-1
552,179,805.05,732.74,125.98,342.59,0.7284,-1,-1,-1
552,185,147.87,767.66,120.49,304.59,0.6995,-1,-1,-1
552,186,247.89,768.43,111.52,311.55,0.7925,-1,-1,-1
552,209,745.57,584.78,47.93,115.27,0.7550,-1,-1,-1
553,179,784.91,739.91,124.05,339.06,0.7112,-1,-1,-1
553,185,101.99,773.09,119.76,307.27,0.6905,-1,-1,-1
553,186,200.65,775.50,110.76,306.53,0.7402,-1,-1,-1
553,209,726.58,583.06,49.38,117.47,0.7020,-1,-1,-1
554,179,763.71,751.97,120.18,328.17,0.7557,-1,-1,-1
554,185,60.02,780.46,116.67,301.93,0.7074,-1,-1,-1
554,186,153.86,781.86,110.64,300.89,0.7760,-1,-1,-1
554,209,707.04,582.28,50.56,119.02,0.7027,-1,-1,-1
555,179,732.62,757.63,119.16,318.06,0.7076,-1,-1,-1
555,185,16.63,789.31,113.12,293.40,0.7458,-1,-1,-1
555,186,112.18,793.57,109.53,289.22,0.7606,-1,-1,-1
555,209,688.64,583.88,50.57,118.75,0.7199,-1,-1,-1
556,179,706.93,761.67,116.01,304.60,0.7482,-1,-1,-1
556,185,-17.82,796.89,106.99,286.52,0.6618,-1,-1,-1
556,186,64.51,803.44,107.69,278.65,0.7983,-1,-1,-1
556,209,669.99,581.71,51.52,120.36,0.7647,-1,-1,-1
557,179,683.36,764.89,118.56,310.69,0.7032,-1,-1,-1
557,186,15.31,814.00,105.72,267.37,0.8289,-1,-1,-1
557,209,651.39,579.75,51.88,121.13,0.7397,-1,-1,-1
558,179,656.21,764.78,119.38,310.95,0.7617,-1,-1,-1
558,186,-18.78,818.98,98.98,259.23,0.7041,-1,-1,-1
558,209,632.81,577.39,53.41,124.26,0.7541,-1,-1,-1
559,179,630.42,765.52,120.26,311.13,0.8016,-1,-1,-1
559,209,614.91,576.50,54.01,125.83,0.7400,-1,-1,-1
560,179,606.72,761.82,122.55,317.48,0.7896,-1,-1,-1
560,209,596.62,579.37,53.97,125.96,0.7687,-1,-1,-1
561,179,579.50,759.08,124.12,321.17,0.8302,-1,-1,-1
561,209,579.43,576.28,55.95,130.02,0.7432,-1,-1,-1
562,179,552.61,758.12,124.90,322.44,0.7907,-1,-1,-1
562,209,561.95,579.08,56.21,130.00,0.7125,-1,-1,-1
563,179,527.69,757.19,124.80,323.26,0.8607,-1,-1,-1
563,209,545.69,582.23,56.90,130.55,0.7620,-1,-1,-1
564,179,502.47,758.48,124.44,322.05,0.8215,-1,-1,-1
564,209,531.40,584.74,56.42,128.50,0.6849,-1,-1,-1
565,179,476.20,760.76,124.43,319.76,0.7227,-1,-1,-1
565,209,513.72,584.24,57.93,131.36,0.7126,-1,-1,-1
566,179,447.34,765.08,125.13,315.40,0.7203,-1,-1,-1
566,209,497.61,585.19,58.55,131.04,0.7681,-1,-1,-1
567,179,424.59,775.02,123.27,305.41,0.8360,-1,-1,-1
567,209,481.85,587.20,59.45,132.37,0.7734,-1,-1,-1
568,179,395.40,783.06,123.13,296.38,0.7891,-1,-1,-1
568,209,464.14,587.80,60.63,134.11,0.7325,-1,-1,-1
569,179,371.04,788.86,124.31,291.12,0.7919,-1,-1,-1
569,209,446.07,588.28,62.51,136.11,0.6931,-1,-1,-1
570,179,344.31,790.70,126.42,288.77,0.7938,-1,-1,-1
570,209,429.98,588.33,63.99,138.54,0.7264,-1,-1,-1
571,179,318.82,794.82,127.90,285.13,0.8197,-1,-1,-1
571,209,414.56,590.63,64.54,138.88,0.7138,-1,-1,-1
572,179,294.35,797.99,127.99,279.93,0.5795,-1,-1,-1
572,209,398.33,594.19,64.71,138.07,0.6665,-1,-1,-1
573,179,277.73,798.90,116.38,245.56,0.5712,-1,-1,-1
573,209,381.37,594.51,66.33,141.31,0.7178,-1,-1,-1
574,179,239.37,800.12,129.41,267.96,0.5440,-1,-1,-1
574,209,366.51,597.07,66.86,141.45,0.7035,-1,-1,-1
575,179,218.56,800.71,120.98,242.99,0.6270,-1,-1,-1
575,209,348.51,598.25,67.35,140.96,0.7106,-1,-1,-1
576,179,181.52,805.55,132.36,261.23,0.6867,-1,-1,-1
576,209,330.86,598.85,69.27,144.13,0.7441,-1,-1,-1
577,179,161.02,808.43,121.68,231.44,0.5247,-1,-1,-1
577,209,314.55,599.51,70.07,144.46,0.6863,-1,-1,-1
578,179,122.96,811.48,136.18,254.90,0.4211,-1,-1,-1
578,209,296.15,598.29,72.46,148.79,0.7531,-1,-1,-1
579,179,101.11,817.33,125.59,225.96,0.5873,-1,-1,-1
579,209,277.97,598.14,73.62,151.63,0.7546,-1,-1,-1
580,179,67.25,822.80,134.84,238.40,0.4697,-1,-1,-1
580,209,263.08,600.20,73.47,151.11,0.6790,-1,-1,-1
580,210,1811.12,591.08,57.22,178.02,0.6318,-1,-1,-1
581,179,27.58,828.46,142.12,245.38,0.7612,-1,-1,-1
581,209,245.04,597.81,76.03,156.92,0.7598,-1,-1,-1
581,210,1805.67,590.69,58.16,180.78,0.4666,-1,-1,-1
582,179,4.34,833.33,143.39,245.26,0.8050,-1,-1,-1
582,209,228.29,598.58,76.13,158.10,0.7674,-1,-1,-1
582,210,1798.66,589.77,59.32,183.98,0.5943,-1,-1,-1
583,179,-9.32,836.46,138.30,237.52,0.6352,-1,-1,-1
583,209,211.38,599.46,77.29,159.97,0.7496,-1,-1,-1
583,210,1794.36,601.91,56.10,172.69,0.5116,-1,-1,-1
584,179,-22.80,836.90,134.99,238.27,0.7330,-1,-1,-1
584,209,194.49,598.86,79.96,165.77,0.7856,-1,-1,-1
584,210,1789.21,613.54,53.15,161.88,0.4755,-1,-1,-1
585,179,-33.23,843.26,127.16,234.81,0.7105,-1,-1,-1
585,209,181.04,600.47,81.60,170.74,0.8117,-1,-1,-1
585,210,1783.58,609.78,54.42,164.12,0.3031,-1,-1,-1
586,209,166.01,603.80,81.40,170.55,0.7213,-1,-1,-1
586,210,1777.15,594.06,59.22,178.15,0.3876,-1,-1,-1
587,209,153.78,606.77,81.66,170.79,0.7766,-1,-1,-1
587,210,1774.00,591.73,55.83,168.00,0.3607,-1,-1,-1
588,209,139.95,609.02,82.81,173.39,0.7847,-1,-1,-1
588,210,1772.59,587.33,54.88,164.66,0.4643,-1,-1,-1
589,209,126.52,611.99,83.43,174.11,0.7694,-1,-1,-1
589,210,1768.43,584.10,54.43,163.03,0.5740,-1,-1,-1
590,209,112.99,613.71,84.91,177.14,0.7594,-1,-1,-1
590,210,1765.96,581.82,56.32,168.34,0.6646,-1,-1,-1
591,209,97.75,614.35,85.68,179.39,0.7862,-1,-1,-1
591,210,1765.49,581.32,57.00,169.25,0.7534,-1,-1,-1
592,209,84.85,617.42,85.08,177.61,0.7912,-1,-1,-1
592,210,1765.30,579.22,57.14,168.13,0.7301,-1,-1,-1
593,209,70.50,617.71,86.91,181.76,0.7663,-1,-1,-1
593,210,1764.99,581.03,57.63,168.24,0.7708,-1,-1,-1
594,209,56.68,620.22,88.58,184.35,0.7571,-1,-1,-1
594,210,1763.61,580.02,59.44,171.44,0.7166,-1,-1,-1
595,209,42.44,621.05,89.99,187.90,0.7899,-1,-1,-1
595,210,1758.85,580.75,62.72,175.66,0.7262,-1,-1,-1
596,209,28.69,624.69,90.77,189.53,0.7928,-1,-1,-1
596,210,1757.07,580.61,65.17,177.38,0.7310,-1,-1,-1
596,213,321.35,536.09,41.88,97.38,0.5003,-1,-1,-1
597,209,14.42,626.44,91.98,192.18,0.7592,-1,-1,-1
597,210,1760.56,585.03,65.00,173.17,0.7489,-1,-1,-1
597,213,315.00,532.57,44.42,103.43,0.6774,-1,-1,-1
598,209,2.61,634.27,92.76,192.62,0.7891,-1,-1,-1
598,210,1764.23,585.56,65.91,171.50,0.7621,-1,-1,-1
598,213,309.72,535.14,45.10,105.23,0.5361,-1,-1,-1
599,209,-6.16,638.17,92.12,193.19,0.7887,-1,-1,-1
599,210,1768.69,583.87,67.79,172.87,0.7710,-1,-1,-1
599,213,307.86,540.75,43.12,100.66,0.4999,-1,-1,-1
600,209,-11.71,645.49,89.98,192.24,0.7799,-1,-1,-1
600,210,1770.20,582.35,70.19,176.15,0.7862,-1,-1,-1
600,213,304.82,544.29,42.45,98.82,0.4881,-1,-1,-1
601,209,-16.80,649.57,87.37,192.70,0.7086,-1,-1,-1
601,210,1775.12,580.62,71.16,178.39,0.7812,-1,-1,-1
601,213,300.06,541.19,44.49,103.19,0.4740,-1,-1,-1
602,209,-19.23,659.32,80.88,185.48,0.5064,-1,-1,-1
602,210,1780.38,577.71,71.76,181.45,0.7091,-1,-1,-1
602,213,295.51,538.18,46.83,108.31,0.4386,-1,-1,-1
603,210,1784.42,578.63,71.19,182.26,0.6265,-1,-1,-1
603,213,289.48,527.39,51.88,120.81,0.5466,-1,-1,-1
604,210,1790.75,575.65,70.61,186.19,0.4709,-1,-1,-1
604,213,288.84,539.81,47.43,109.78,0.6024,-1,-1,-1
605,210,1799.32,579.93,67.56,183.74,0.5071,-1,-1,-1
605,213,283.71,523.56,53.93,125.62,0.4644,-1,-1,-1
605,215,1239.14,518.87,30.16,88.21,0.6185,-1,-1,-1
606,213,281.54,528.75,52.02,121.07,0.5505,-1,-1,-1
606,215,1241.05,515.48,30.91,90.59,0.6174,-1,-1,-1
607,213,280.55,538.11,48.83,112.75,0.5706,-1,-1,-1
607,215,1243.00,514.85,31.13,91.35,0.6151,-1,-1,-1
608,213,278.55,541.13,47.26,108.50,0.6194,-1,-1,-1
608,215,1246.05,516.19,30.89,90.75,0.3066,-1,-1,-1
609,213,277.91,545.66,44.70,101.46,0.4792,-1,-1,-1
609,215,1250.29,517.75,30.72,90.09,0.5396,-1,-1,-1
610,213,273.34,530.48,50.19,114.53,0.5587,-1,-1,-1
610,215,1253.08,517.74,31.30,91.47,0.4888,-1,-1,-1
611,213,268.78,516.55,55.27,127.50,0.5750,-1,-1,-1
611,215,1254.50,516.42,32.50,95.61,0.4308,-1,-1,-1
612,213,264.19,507.46,58.37,136.80,0.6361,-1,-1,-1
612,215,1258.11,519.26,31.94,94.35,0.4562,-1,-1,-1
613,213,260.33,500.06,60.63,143.68,0.6912,-1,-1,-1
613,215,1262.03,521.92,31.33,92.88,0.5649,-1,-1,-1
613,210,1822.05,595.46,63.80,179.66,0.5438,-1,-1,-1
614,213,257.38,497.87,61.10,146.30,0.7440,-1,-1,-1
614,215,1265.36,523.61,30.74,91.34,0.6230,-1,-1,-1
614,210,1830.37,596.50,65.46,185.95,0.5610,-1,-1,-1
615,213,254.29,496.52,60.98,148.06,0.7417,-1,-1,-1
615,215,1267.52,524.53,30.63,91.06,0.6180,-1,-1,-1
615,210,1835.87,600.23,67.12,192.80,0.5262,-1,-1,-1
616,213,251.10,497.91,59.54,146.99,0.6219,-1,-1,-1
616,215,1269.42,526.76,31.37,93.45,0.6309,-1,-1,-1
616,210,1842.66,603.56,66.05,192.80,0.5736,-1,-1,-1
617,213,249.68,499.28,58.03,144.95,0.6405,-1,-1,-1
617,215,1272.00,528.09,31.99,95.71,0.5778,-1,-1,-1
617,210,1846.96,609.83,64.16,191.28,0.5695,-1,-1,-1
618,213,246.84,501.53,56.77,143.51,0.6317,-1,-1,-1
618,215,1274.99,530.65,32.21,96.27,0.5522,-1,-1,-1
618,210,1852.77,610.98,65.60,196.14,0.6581,-1,-1,-1
619,213,244.88,504.27,55.87,142.75,0.6438,-1,-1,-1
619,215,1277.17,532.13,32.39,96.19,0.6064,-1,-1,-1
619,210,1857.06,610.04,66.40,202.02,0.6305,-1,-1,-1
620,213,243.00,505.33,55.42,142.96,0.5905,-1,-1,-1
620,215,1278.42,532.85,33.47,98.39,0.6345,-1,-1,-1
620,210,1861.50,610.41,65.86,206.27,0.6591,-1,-1,-1
621,213,240.49,502.29,56.32,147.20,0.6202,-1,-1,-1
621,215,1282.28,531.24,34.60,101.99,0.6011,-1,-1,-1
621,210,1866.81,610.60,63.56,207.01,0.5314,-1,-1,-1
622,213,237.91,501.53,56.04,148.32,0.6673,-1,-1,-1
622,215,1285.64,530.92,35.15,105.15,0.5723,-1,-1,-1
622,210,1871.41,611.41,59.65,202.05,0.6150,-1,-1,-1
623,213,234.43,499.78,57.16,153.76,0.6347,-1,-1,-1
623,215,1291.28,529.27,34.88,104.52,0.6337,-1,-1,-1
624,213,232.99,499.31,56.37,153.87,0.6679,-1,-1,-1
624,215,1295.58,530.37,35.30,105.52,0.6203,-1,-1,-1
625,213,232.78,507.96,54.08,148.90,0.6579,-1,-1,-1
625,215,1300.66,534.69,34.83,103.70,0.6304,-1,-1,-1
626,213,233.97,517.87,50.40,138.45,0.6768,-1,-1,-1
626,215,1306.52,532.35,36.76,107.68,0.5578,-1,-1,-1
627,213,234.61,532.10,47.18,128.96,0.6338,-1,-1,-1
627,215,1312.22,530.86,37.41,109.47,0.6457,-1,-1,-1
628,213,235.44,537.73,45.92,124.51,0.6426,-1,-1,-1
628,215,1318.19,531.65,37.32,108.69,0.6342,-1,-1,-1
629,213,235.79,550.04,43.93,117.86,0.7022,-1,-1,-1
629,215,1324.32,531.02,37.08,107.13,0.7123,-1,-1,-1
630,213,236.17,551.23,44.51,118.56,0.6715,-1,-1,-1
630,215,1331.86,530.71,37.81,107.59,0.6755,-1,-1,-1
631,213,237.98,552.85,44.85,117.45,0.6435,-1,-1,-1
631,215,1339.12,529.39,38.36,109.30,0.6769,-1,-1,-1
632,213,239.75,554.28,45.86,118.45,0.6209,-1,-1,-1
632,215,1346.50,530.76,38.49,108.92,0.7132,-1,-1,-1
633,213,240.63,552.40,47.91,122.17,0.6099,-1,-1,-1
633,215,1354.71,534.58,38.98,108.88,0.6610,-1,-1,-1
634,213,240.46,553.13,48.82,124.29,0.6022,-1,-1,-1
634,215,1363.09,536.37,38.80,107.96,0.6405,-1,-1,-1
635,213,241.85,550.56,50.22,127.28,0.5529,-1,-1,-1
635,215,1369.45,533.12,41.79,115.79,0.7261,-1,-1,-1
636,213,243.07,550.37,50.89,129.00,0.5862,-1,-1,-1
636,215,1377.73,537.49,41.40,114.31,0.6076,-1,-1,-1
637,213,244.01,543.33,54.23,137.89,0.5289,-1,-1,-1
637,215,1387.20,538.24,41.65,115.41,0.4784,-1,-1,-1
638,213,244.11,536.40,57.21,146.72,0.6135,-1,-1,-1
638,215,1395.95,538.47,43.30,120.13,0.6066,-1,-1,-1
639,213,246.13,536.82,57.67,148.76,0.6487,-1,-1,-1
639,215,1408.40,547.56,40.92,114.47,0.4551,-1,-1,-1
640,213,247.57,535.68,58.27,152.07,0.6525,-1,-1,-1
640,215,1418.41,552.49,39.35,109.47,0.3656,-1,-1,-1
641,213,250.78,537.57,57.75,152.15,0.6611,-1,-1,-1
641,215,1429.45,553.53,38.25,106.43,0.5201,-1,-1,-1
642,213,253.48,535.65,58.15,154.92,0.5651,-1,-1,-1
642,215,1441.16,558.13,38.16,105.92,0.5630,-1,-1,-1
643,213,254.91,532.06,59.32,160.59,0.5508,-1,-1,-1
643,215,1454.09,561.75,35.78,98.87,0.3616,-1,-1,-1
644,213,256.84,530.18,59.00,162.95,0.4253,-1,-1,-1
645,213,264.61,557.35,50.13,137.47,0.3867,-1,-1,-1
646,213,270.60,568.69,46.93,128.30,0.4154,-1,-1,-1
647,213,270.12,546.64,53.70,150.49,0.4641,-1,-1,-1
648,213,276.82,558.63,49.52,138.65,0.5229,-1,-1,-1
649,213,278.92,542.90,52.49,149.42,0.4939,-1,-1,-1
650,213,281.56,535.26,54.93,158.45,0.5935,-1,-1,-1
651,213,286.91,531.69,56.31,164.36,0.4293,-1,-1,-1
652,213,297.09,545.93,48.57,141.08,0.5725,-1,-1,-1
653,213,305.94,553.99,45.37,132.24,0.3337,-1,-1,-1
654,213,310.26,556.01,45.52,133.95,0.5726,-1,-1,-1
655,213,313.78,531.11,51.86,156.35,0.4945,-1,-1,-1
656,213,321.15,531.62,53.31,163.44,0.5395,-1,-1,-1
657,213,329.04,531.27,54.38,169.65,0.5519,-1,-1,-1
658,213,343.25,560.55,46.83,145.06,0.3959,-1,-1,-1
659,213,350.53,581.23,44.95,136.48,0.3628,-1,-1,-1
660,213,359.11,588.46,43.78,131.81,0.4924,-1,-1,-1
661,213,363.19,592.04,44.48,131.78,0.5637,-1,-1,-1
662,213,370.42,596.56,44.07,127.22,0.5369,-1,-1,-1
663,213,380.26,599.72,42.76,121.87,0.5336,-1,-1,-1
664,213,386.76,595.73,44.62,124.14,0.6049,-1,-1,-1
665,213,394.66,597.87,44.38,119.60,0.4860,-1,-1,-1
666,213,401.97,595.35,46.33,119.63,0.6449,-1,-1,-1
667,213,407.46,589.88,50.84,124.93,0.5617,-1,-1,-1
668,213,411.84,584.70,57.30,133.34,0.6016,-1,-1,-1
669,213,420.53,578.11,63.17,138.98,0.4365,-1,-1,-1
670,213,429.07,573.67,67.85,142.08,0.6277,-1,-1,-1
671,213,438.49,570.04,71.48,144.43,0.5765,-1,-1,-1
700,225,854.14,583.66,97.24,159.43,0.5884,-1,-1,-1
701,225,875.18,589.28,95.95,157.49,0.4995,-1,-1,-1
702,225,908.69,597.97,92.98,153.97,0.5881,-1,-1,-1
703,225,934.20,604.18,91.41,153.40,0.5376,-1,-1,-1
704,225,948.89,611.17,90.94,154.04,0.6474,-1,-1,-1
704,227,555.90,508.10,32.50,91.29,0.5844,-1,-1,-1
705,225,966.63,613.88,90.25,155.01,0.6481,-1,-1,-1
705,227,557.33,508.11,33.55,93.85,0.5363,-1,-1,-1
706,225,980.92,616.64,91.30,158.03,0.7583,-1,-1,-1
706,227,561.52,510.15,33.39,93.40,0.6116,-1,-1,-1
707,225,993.08,616.11,95.33,165.75,0.7423,-1,-1,-1
707,227,563.92,512.43,34.00,95.21,0.6616,-1,-1,-1
708,225,1001.50,617.11,99.21,171.23,0.6746,-1,-1,-1
708,227,566.44,516.52,34.16,95.87,0.6891,-1,-1,-1
709,225,1012.03,612.94,104.41,177.51,0.7636,-1,-1,-1
709,227,568.38,519.56,34.88,98.03,0.6430,-1,-1,-1
710,225,1025.64,619.88,107.28,179.66,0.7748,-1,-1,-1
710,227,574.23,527.76,33.08,92.62,0.6403,-1,-1,-1
711,225,1048.64,620.95,107.39,178.45,0.7111,-1,-1,-1
711,227,576.81,532.99,32.25,89.79,0.5305,-1,-1,-1
712,225,1069.94,630.26,107.30,178.28,0.4789,-1,-1,-1
712,227,578.06,535.60,33.34,92.22,0.7177,-1,-1,-1
713,225,1104.83,632.14,101.38,172.63,0.5796,-1,-1,-1
713,227,578.17,536.15,34.24,94.11,0.7372,-1,-1,-1
714,225,1126.41,636.20,100.41,171.05,0.7374,-1,-1,-1
714,227,580.11,541.49,35.64,97.79,0.6552,-1,-1,-1
715,225,1141.01,636.52,101.54,173.28,0.7451,-1,-1,-1
715,227,580.71,541.17,37.07,101.50,0.5902,-1,-1,-1
716,225,1155.48,634.10,104.13,178.16,0.7684,-1,-1,-1
716,227,581.99,544.06,37.16,101.54,0.5081,-1,-1,-1
717,225,1171.81,631.49,106.70,183.15,0.7812,-1,-1,-1
717,227,581.75,545.60,37.57,101.98,0.5572,-1,-1,-1
718,225,1188.07,627.60,111.62,192.25,0.7914,-1,-1,-1
718,227,584.56,551.52,36.35,98.80,0.4841,-1,-1,-1
719,225,1208.28,631.39,112.38,193.79,0.6608,-1,-1,-1
719,227,585.61,549.49,36.93,100.00,0.5349,-1,-1,-1
720,225,1228.16,632.27,114.51,197.50,0.6718,-1,-1,-1
720,227,586.54,551.83,37.68,101.58,0.5675,-1,-1,-1
721,225,1255.80,635.59,104.63,180.84,0.4787,-1,-1,-1
721,227,588.90,552.46,38.44,102.82,0.4913,-1,-1,-1
722,225,1280.75,644.80,108.87,192.84,0.4726,-1,-1,-1
722,227,591.83,554.08,38.36,102.76,0.5360,-1,-1,-1
723,225,1305.43,653.39,108.96,194.10,0.4478,-1,-1,-1
723,227,593.82,552.42,39.16,104.92,0.3706,-1,-1,-1
724,225,1334.80,661.21,108.34,196.33,0.5486,-1,-1,-1
724,227,594.74,560.06,38.65,103.80,0.4859,-1,-1,-1
725,225,1360.19,663.85,110.00,202.98,0.7108,-1,-1,-1
725,227,595.18,564.85,38.60,103.98,0.5707,-1,-1,-1
726,225,1380.30,671.07,111.91,207.57,0.6203,-1,-1,-1
726,227,596.86,566.30,38.35,103.51,0.5734,-1,-1,-1
727,225,1417.02,672.67,97.83,184.87,0.4060,-1,-1,-1
727,227,598.48,569.63,39.52,105.95,0.7153,-1,-1,-1
728,225,1422.05,679.93,111.99,209.22,0.5803,-1,-1,-1
728,227,599.52,570.03,39.95,106.19,0.6729,-1,-1,-1
729,225,1439.61,681.16,118.87,218.56,0.7226,-1,-1,-1
729,227,599.76,568.02,41.31,109.16,0.6381,-1,-1,-1
730,227,601.14,569.87,42.33,111.00,0.5670,-1,-1,-1
731,227,601.94,566.88,44.09,114.79,0.6680,-1,-1,-1
732,227,603.03,566.10,44.93,116.55,0.6757,-1,-1,-1
733,227,603.75,567.84,44.89,116.03,0.6499,-1,-1,-1
733,225,1568.92,705.15,119.14,226.71,0.7019,-1,-1,-1
734,227,603.07,562.97,46.56,120.31,0.6868,-1,-1,-1
734,225,1591.32,708.12,120.11,229.79,0.6281,-1,-1,-1
735,227,603.25,563.14,47.14,121.81,0.6948,-1,-1,-1
735,225,1612.98,706.87,121.94,232.72,0.7441,-1,-1,-1
736,227,605.76,561.04,47.07,122.14,0.6750,-1,-1,-1
736,225,1633.24,706.50,128.46,243.85,0.7151,-1,-1,-1
737,227,606.98,561.70,47.05,122.32,0.6584,-1,-1,-1
737,225,1656.81,698.90,134.98,257.33,0.7946,-1,-1,-1
738,227,607.58,562.61,47.41,122.98,0.6593,-1,-1,-1
738,225,1685.54,705.56,137.72,262.39,0.7550,-1,-1,-1
739,227,608.43,564.46,47.90,123.73,0.6562,-1,-1,-1
739,225,1718.26,717.22,138.95,261.15,0.7532,-1,-1,-1
740,227,608.82,566.46,48.09,123.84,0.6847,-1,-1,-1
740,225,1748.52,733.34,136.46,254.08,0.7464,-1,-1,-1
741,227,608.97,568.45,48.33,124.22,0.6776,-1,-1,-1
741,225,1778.70,732.37,140.29,262.72,0.5816,-1,-1,-1
742,227,609.40,569.94,48.13,123.87,0.6455,-1,-1,-1
742,225,1809.36,748.83,132.94,258.10,0.4326,-1,-1,-1
743,227,608.87,571.50,49.01,125.31,0.6303,-1,-1,-1
744,227,607.38,572.14,49.77,126.97,0.6293,-1,-1,-1
745,227,606.11,573.38,50.61,128.62,0.6668,-1,-1,-1
746,227,604.28,574.19,51.20,130.27,0.6264,-1,-1,-1
747,227,603.55,575.06,51.88,132.30,0.6538,-1,-1,-1
747,231,844.54,524.74,23.61,64.13,0.5047,-1,-1,-1
748,227,602.98,575.57,52.17,133.31,0.6733,-1,-1,-1
749,227,602.91,577.19,51.78,132.37,0.6753,-1,-1,-1
750,227,602.57,579.43,51.23,130.77,0.6232,-1,-1,-1
