1,1,1338.48,417.88,163.01,358.61,0.8093,-1,-1,-1
1,2,584.16,443.38,91.76,264.69,0.7630,-1,-1,-1
1,3,439.99,445.88,112.20,273.42,0.6760,-1,-1,-1
1,4,1455.13,432.63,141.44,332.68,0.6426,-1,-1,-1
1,5,730.90,456.73,35.97,111.40,0.5625,-1,-1,-1
2,1,1342.76,417.60,160.35,359.17,0.8313,-1,-1,-1
2,2,584.51,442.91,92.31,264.19,0.7656,-1,-1,-1
2,3,437.66,445.28,116.80,274.27,0.6901,-1,-1,-1
2,4,1452.15,436.86,146.67,331.72,0.6726,-1,-1,-1
2,5,731.47,457.28,36.30,110.28,0.5322,-1,-1,-1
3,1,1343.63,423.32,175.81,365.87,0.8358,-1,-1,-1
3,2,584.48,443.04,93.55,263.65,0.7561,-1,-1,-1
3,3,437.22,443.75,117.93,276.33,0.6979,-1,-1,-1
3,4,1466.12,441.59,138.80,327.08,0.7325,-1,-1,-1
3,5,731.30,460.21,36.82,106.78,0.5315,-1,-1,-1
4,1,1348.57,421.73,179.33,375.82,0.8240,-1,-1,-1
4,2,584.44,443.81,93.19,264.26,0.7670,-1,-1,-1
4,3,438.60,442.96,119.11,276.70,0.7436,-1,-1,-1
4,4,1478.41,434.62,126.14,333.26,0.7303,-1,-1,-1
4,5,732.04,459.14,36.84,109.28,0.5187,-1,-1,-1
5,1,1351.71,419.43,178.44,385.08,0.8483,-1,-1,-1
5,2,584.71,444.03,93.12,264.05,0.7658,-1,-1,-1
5,3,442.38,443.59,119.27,274.36,0.6899,-1,-1,-1
5,4,1485.90,429.52,116.05,338.50,0.7403,-1,-1,-1
5,5,732.67,459.01,35.89,109.28,0.5181,-1,-1,-1
6,1,1357.99,418.60,174.37,388.34,0.8471,-1,-1,-1
6,2,584.12,443.51,92.55,266.94,0.7617,-1,-1,-1
6,3,448.71,443.81,117.46,274.34,0.6951,-1,-1,-1
6,4,1494.98,426.49,107.82,342.02,0.7237,-1,-1,-1
6,5,733.36,457.57,34.52,110.22,0.5346,-1,-1,-1
7,1,1368.03,419.05,160.35,385.22,0.8559,-1,-1,-1
7,2,584.46,443.01,91.76,268.09,0.7671,-1,-1,-1
7,3,447.32,444.57,119.97,274.33,0.7308,-1,-1,-1
7,4,1500.63,430.34,102.39,339.34,0.7679,-1,-1,-1
7,5,733.52,457.85,33.88,109.91,0.5489,-1,-1,-1
8,1,1385.37,415.30,142.28,386.75,0.8056,-1,-1,-1
8,2,584.70,442.96,91.83,267.36,0.7823,-1,-1,-1
8,3,448.67,444.08,119.50,274.59,0.7468,-1,-1,-1
8,4,1505.57,422.73,98.90,347.94,0.7695,-1,-1,-1
8,5,733.48,457.17,34.27,109.68,0.5422,-1,-1,-1
9,1,1400.69,409.61,130.08,392.08,0.7453,-1,-1,-1
9,2,585.14,442.65,90.88,268.12,0.7793,-1,-1,-1
9,3,454.78,444.16,114.63,274.29,0.7434,-1,-1,-1
9,4,1512.02,422.00,94.55,347.94,0.7485,-1,-1,-1
9,5,733.12,457.02,35.07,110.99,0.5346,-1,-1,-1
10,1,1416.27,413.50,120.40,382.63,0.7915,-1,-1,-1
10,2,585.36,442.79,91.41,268.21,0.7823,-1,-1,-1
10,3,457.15,443.88,114.11,274.35,0.7179,-1,-1,-1
10,4,1507.35,418.07,109.05,355.35,0.6691,-1,-1,-1
10,5,732.78,457.47,35.88,109.78,0.5202,-1,-1,-1
11,1,1426.75,412.61,119.34,385.72,0.7691,-1,-1,-1
11,2,585.91,442.83,91.17,267.06,0.7705,-1,-1,-1
11,3,455.63,442.76,115.24,275.85,0.6894,-1,-1,-1
11,4,1525.73,418.81,97.88,350.61,0.7954,-1,-1,-1
11,5,732.59,458.51,37.08,110.58,0.5668,-1,-1,-1
12,1,1438.36,409.16,117.20,388.30,0.7273,-1,-1,-1
12,2,585.72,442.28,91.73,266.93,0.7667,-1,-1,-1
12,3,451.61,442.23,119.26,276.27,0.6674,-1,-1,-1
12,4,1537.11,418.84,94.20,353.07,0.7732,-1,-1,-1
12,5,731.65,456.76,38.07,112.95,0.6052,-1,-1,-1
13,1,1446.25,411.86,121.77,386.79,0.7015,-1,-1,-1
13,2,585.37,442.04,92.48,267.28,0.7539,-1,-1,-1
13,3,446.84,442.92,123.50,276.33,0.7038,-1,-1,-1
13,4,1540.10,420.20,104.26,357.62,0.7515,-1,-1,-1
13,5,730.77,456.29,38.75,117.02,0.5822,-1,-1,-1
14,1,1453.66,410.23,128.36,387.34,0.5769,-1,-1,-1
14,2,584.35,442.17,93.98,268.00,0.7504,-1,-1,-1
14,3,447.05,442.03,122.01,280.35,0.6394,-1,-1,-1
14,4,1538.74,416.60,130.65,370.01,0.6144,-1,-1,-1
14,5,730.25,456.45,39.43,118.47,0.5512,-1,-1,-1
15,2,583.99,442.43,93.22,269.26,0.7700,-1,-1,-1
15,3,446.43,442.85,120.93,282.07,0.6578,-1,-1,-1
15,4,1539.18,421.85,160.18,373.43,0.5959,-1,-1,-1
15,5,730.37,453.31,39.87,123.60,0.6068,-1,-1,-1
16,2,583.63,443.69,92.96,267.45,0.7683,-1,-1,-1
16,3,445.86,442.66,117.80,283.48,0.6511,-1,-1,-1
16,4,1547.74,421.11,176.65,381.49,0.6740,-1,-1,-1
17,2,583.36,445.39,93.01,267.31,0.7652,-1,-1,-1
17,3,446.19,442.69,116.12,284.55,0.6589,-1,-1,-1
17,4,1556.50,420.99,186.38,385.26,0.7724,-1,-1,-1
18,2,583.57,445.05,93.02,268.36,0.7898,-1,-1,-1
18,3,448.03,442.96,114.08,284.66,0.7161,-1,-1,-1
18,4,1570.56,426.26,181.75,383.23,0.7103,-1,-1,-1
18,1,1459.38,419.26,202.56,391.49,0.6832,-1,-1,-1
19,2,584.19,445.13,94.18,269.27,0.7677,-1,-1,-1
19,3,450.16,444.57,112.76,284.60,0.7092,-1,-1,-1
19,4,1566.71,451.87,191.07,361.86,0.6827,-1,-1,-1
20,2,584.52,445.77,97.93,267.63,0.7783,-1,-1,-1
20,3,451.45,448.59,113.96,279.94,0.7097,-1,-1,-1
20,4,1587.28,457.30,186.32,349.52,0.6328,-1,-1,-1
21,2,584.77,444.50,101.31,269.09,0.7905,-1,-1,-1
21,3,452.41,448.09,112.85,279.27,0.6969,-1,-1,-1
21,4,1612.16,455.46,157.66,348.90,0.6553,-1,-1,-1
21,1,1464.40,414.59,244.60,405.23,0.7286,-1,-1,-1
22,2,584.77,444.12,103.21,269.12,0.7777,-1,-1,-1
22,3,454.15,447.21,112.81,280.36,0.5988,-1,-1,-1
22,4,1627.27,436.60,152.29,364.48,0.7015,-1,-1,-1
22,1,1464.92,412.85,235.03,405.88,0.5296,-1,-1,-1
23,2,583.90,443.84,105.29,269.03,0.7759,-1,-1,-1
23,3,461.34,446.36,109.95,281.48,0.6875,-1,-1,-1
23,4,1633.95,427.11,131.96,374.41,0.6267,-1,-1,-1
24,2,584.38,443.82,105.42,268.56,0.7548,-1,-1,-1
24,3,466.98,445.37,109.41,284.98,0.6836,-1,-1,-1
24,4,1644.15,421.25,123.11,378.27,0.6253,-1,-1,-1
24,1,1478.99,408.08,224.34,412.97,0.7030,-1,-1,-1
25,2,585.07,443.72,105.17,268.72,0.7430,-1,-1,-1
25,3,467.30,444.77,111.17,288.26,0.6333,-1,-1,-1
25,4,1655.83,417.19,122.31,384.66,0.6677,-1,-1,-1
25,1,1487.11,407.08,216.46,412.61,0.6348,-1,-1,-1
26,2,586.22,444.08,103.15,268.69,0.7238,-1,-1,-1
26,3,467.95,442.04,112.29,293.44,0.6586,-1,-1,-1
26,4,1662.62,419.53,115.18,381.92,0.6618,-1,-1,-1
26,1,1495.69,409.05,230.66,410.85,0.5970,-1,-1,-1
27,2,587.88,443.58,100.79,269.91,0.7290,-1,-1,-1
27,3,469.25,443.51,112.16,290.47,0.6226,-1,-1,-1
27,4,1674.26,414.34,112.45,384.15,0.6655,-1,-1,-1
27,1,1510.74,410.78,220.15,410.99,0.5632,-1,-1,-1
28,2,591.52,443.41,98.45,270.64,0.7387,-1,-1,-1
28,3,471.76,442.00,110.93,292.65,0.6030,-1,-1,-1
28,4,1682.88,411.13,114.25,385.21,0.6566,-1,-1,-1
28,1,1530.69,405.36,187.07,422.14,0.5830,-1,-1,-1
29,2,593.72,443.54,97.29,270.65,0.7305,-1,-1,-1
29,3,474.25,442.07,110.08,292.07,0.5853,-1,-1,-1
29,4,1684.70,418.81,128.15,381.57,0.7144,-1,-1,-1
29,1,1548.76,396.97,167.12,431.92,0.7036,-1,-1,-1
29,6,1426.90,436.15,54.43,121.99,0.5399,-1,-1,-1
30,2,595.20,443.49,97.13,271.23,0.7479,-1,-1,-1
30,3,476.45,442.17,109.46,292.13,0.6444,-1,-1,-1
30,4,1680.15,426.38,152.84,374.56,0.6397,-1,-1,-1
30,1,1575.40,392.23,149.86,436.63,0.7467,-1,-1,-1
30,6,1432.21,433.20,49.29,124.55,0.5942,-1,-1,-1
31,2,597.91,443.19,95.56,272.11,0.7511,-1,-1,-1
31,3,477.02,443.17,111.11,288.63,0.6511,-1,-1,-1
31,4,1694.76,418.87,182.59,387.23,0.6599,-1,-1,-1
31,1,1594.97,390.96,155.71,436.96,0.7353,-1,-1,-1
31,6,1440.83,430.32,43.42,127.31,0.5751,-1,-1,-1
32,2,599.78,443.08,94.94,272.77,0.7619,-1,-1,-1
32,3,478.55,444.27,110.59,288.64,0.6380,-1,-1,-1
32,4,1715.50,417.86,184.88,389.60,0.7325,-1,-1,-1
32,1,1606.69,394.11,162.29,440.75,0.7909,-1,-1,-1
32,6,1446.78,430.69,39.99,126.59,0.5304,-1,-1,-1
33,2,601.20,443.89,94.72,271.68,0.7666,-1,-1,-1
33,3,479.58,444.08,110.01,292.81,0.7036,-1,-1,-1
33,4,1730.93,414.38,185.28,396.80,0.6489,-1,-1,-1
33,1,1612.62,394.48,170.65,449.80,0.8077,-1,-1,-1
33,6,1450.70,431.13,39.22,126.24,0.5779,-1,-1,-1
34,2,604.26,443.48,91.99,271.87,0.7622,-1,-1,-1
34,3,479.56,443.99,110.43,298.45,0.7295,-1,-1,-1
34,1,1616.18,394.52,181.41,447.81,0.8033,-1,-1,-1
34,6,1454.58,430.85,39.41,126.58,0.6021,-1,-1,-1
35,2,605.52,443.93,91.43,271.21,0.7727,-1,-1,-1
35,3,478.68,443.91,111.24,300.12,0.7405,-1,-1,-1
35,1,1621.92,393.37,193.78,453.87,0.8494,-1,-1,-1
35,6,1456.47,431.76,38.93,124.95,0.5704,-1,-1,-1
36,2,607.03,444.21,90.33,270.68,0.7727,-1,-1,-1
36,3,477.46,443.97,112.67,302.03,0.7073,-1,-1,-1
36,1,1628.87,394.86,211.05,465.71,0.8186,-1,-1,-1
36,6,1457.55,432.71,40.96,124.79,0.5763,-1,-1,-1
36,4,1763.91,413.79,159.54,405.51,0.5498,-1,-1,-1
37,2,608.48,444.77,89.96,270.11,0.7701,-1,-1,-1
37,3,477.36,444.49,112.64,296.97,0.6661,-1,-1,-1
37,1,1633.89,396.67,242.23,471.35,0.7919,-1,-1,-1
37,6,1460.98,433.12,42.18,125.30,0.5473,-1,-1,-1
37,4,1774.44,418.28,147.44,401.66,0.6041,-1,-1,-1
38,2,608.97,444.22,90.34,271.03,0.7670,-1,-1,-1
38,3,477.56,444.70,113.92,291.40,0.6848,-1,-1,-1
38,1,1634.98,400.76,251.94,473.36,0.8537,-1,-1,-1
38,6,1463.03,432.29,43.44,126.02,0.6036,-1,-1,-1
39,2,609.25,443.39,91.74,272.12,0.7798,-1,-1,-1
39,3,478.03,444.56,114.29,293.43,0.7065,-1,-1,-1
39,1,1635.63,403.21,260.78,472.93,0.8708,-1,-1,-1
39,6,1464.37,431.91,44.96,125.77,0.5842,-1,-1,-1
39,4,1809.32,428.35,112.39,379.86,0.5196,-1,-1,-1
40,2,610.00,443.65,91.69,272.30,0.7745,-1,-1,-1
40,3,477.32,445.54,116.27,295.01,0.6819,-1,-1,-1
40,1,1635.77,404.19,269.68,474.03,0.8623,-1,-1,-1
40,6,1466.11,432.82,46.66,124.12,0.5641,-1,-1,-1
40,4,1819.21,424.62,102.66,386.41,0.5961,-1,-1,-1
41,2,612.04,443.59,91.77,272.68,0.7916,-1,-1,-1
41,3,478.71,446.88,114.48,295.04,0.6836,-1,-1,-1
41,1,1639.66,401.91,279.58,481.91,0.8655,-1,-1,-1
41,6,1466.20,434.00,50.20,121.72,0.5075,-1,-1,-1
41,4,1831.27,405.66,90.57,409.40,0.6854,-1,-1,-1
42,2,613.67,443.01,90.65,272.30,0.7989,-1,-1,-1
42,3,476.18,447.36,117.36,300.97,0.6607,-1,-1,-1
42,1,1644.90,401.38,276.14,480.51,0.8417,-1,-1,-1
42,6,1467.84,434.50,50.70,121.07,0.5558,-1,-1,-1
42,4,1841.98,395.62,79.37,421.76,0.6497,-1,-1,-1
43,2,615.28,443.34,89.95,271.82,0.7886,-1,-1,-1
43,3,470.12,446.10,121.83,306.42,0.6241,-1,-1,-1
43,1,1654.06,402.96,268.46,480.73,0.8501,-1,-1,-1
43,6,1469.63,433.55,51.57,121.75,0.5799,-1,-1,-1
43,4,1852.09,393.99,68.78,425.11,0.5920,-1,-1,-1
44,2,615.60,443.57,90.58,271.40,0.7992,-1,-1,-1
44,3,468.99,446.14,123.77,312.17,0.6486,-1,-1,-1
44,1,1665.14,396.18,255.02,485.08,0.8458,-1,-1,-1
44,6,1472.62,434.90,50.10,120.66,0.5326,-1,-1,-1
45,2,616.58,443.11,90.95,271.52,0.7777,-1,-1,-1
45,3,468.01,444.23,123.65,314.77,0.6357,-1,-1,-1
45,1,1684.92,394.19,231.91,485.11,0.7946,-1,-1,-1
46,2,617.21,442.38,93.08,272.39,0.7591,-1,-1,-1
46,3,466.42,444.78,125.94,318.03,0.6338,-1,-1,-1
46,1,1708.58,392.31,211.41,487.33,0.6319,-1,-1,-1
46,6,1483.28,435.38,38.36,119.51,0.5208,-1,-1,-1
47,2,617.18,441.74,93.11,272.75,0.7759,-1,-1,-1
47,3,464.74,444.44,127.61,320.14,0.6297,-1,-1,-1
47,1,1757.87,387.19,161.66,493.59,0.7059,-1,-1,-1
47,6,1488.27,432.61,34.34,120.73,0.5143,-1,-1,-1
48,2,618.45,441.27,93.55,272.59,0.7453,-1,-1,-1
48,3,468.21,443.93,123.53,319.41,0.6478,-1,-1,-1
48,1,1775.57,386.12,144.83,491.94,0.7899,-1,-1,-1
49,2,619.10,441.23,94.11,272.06,0.7551,-1,-1,-1
49,3,470.62,444.22,120.58,318.46,0.6377,-1,-1,-1
49,1,1795.83,385.26,125.21,492.78,0.8007,-1,-1,-1
50,2,618.54,441.52,97.64,272.23,0.7557,-1,-1,-1
50,3,465.83,443.77,124.15,317.09,0.6202,-1,-1,-1
50,1,1810.41,385.20,110.95,496.53,0.8414,-1,-1,-1
51,2,618.72,441.45,99.41,272.33,0.7625,-1,-1,-1
51,3,455.85,443.46,133.74,315.51,0.6074,-1,-1,-1
51,1,1818.91,383.93,101.55,498.73,0.8291,-1,-1,-1
52,2,619.73,442.30,99.17,271.63,0.7491,-1,-1,-1
52,3,463.40,444.45,127.29,315.21,0.6583,-1,-1,-1
52,1,1827.01,385.12,92.88,495.70,0.8109,-1,-1,-1
53,2,620.78,443.18,97.42,270.47,0.7479,-1,-1,-1
53,3,463.72,445.79,127.60,313.04,0.6521,-1,-1,-1
53,1,1829.23,383.96,90.70,499.83,0.7787,-1,-1,-1
54,2,622.84,442.76,96.52,271.81,0.7377,-1,-1,-1
54,3,466.58,445.91,125.36,313.96,0.6934,-1,-1,-1
54,1,1825.93,388.64,94.38,497.74,0.7337,-1,-1,-1
54,8,1259.52,430.29,40.32,115.23,0.5063,-1,-1,-1
55,2,623.55,442.21,93.62,272.69,0.7448,-1,-1,-1
55,3,469.25,445.30,122.22,315.01,0.7045,-1,-1,-1
55,1,1825.75,411.24,94.69,476.41,0.7186,-1,-1,-1
55,8,1259.71,429.65,40.30,116.22,0.5005,-1,-1,-1
56,2,623.82,441.68,92.80,273.32,0.7329,-1,-1,-1
56,3,471.56,445.43,119.84,314.41,0.7116,-1,-1,-1
56,1,1827.28,429.19,92.73,458.39,0.5919,-1,-1,-1
56,8,1259.98,426.82,40.51,118.74,0.5103,-1,-1,-1
57,2,623.92,442.33,91.26,272.95,0.7314,-1,-1,-1
57,3,470.92,446.69,120.90,313.11,0.6682,-1,-1,-1
57,8,1260.29,430.81,39.90,114.39,0.5175,-1,-1,-1
58,2,625.52,443.35,92.58,271.82,0.7337,-1,-1,-1
58,3,473.17,445.78,119.31,312.57,0.6648,-1,-1,-1
58,8,1260.61,432.56,40.41,112.77,0.5224,-1,-1,-1
59,2,626.32,443.04,92.63,271.96,0.7172,-1,-1,-1
59,3,474.55,443.97,119.50,315.66,0.7116,-1,-1,-1
59,8,1260.31,432.90,42.29,112.34,0.5377,-1,-1,-1
60,2,625.85,443.15,92.92,274.04,0.7132,-1,-1,-1
60,3,473.55,442.16,125.07,318.32,0.7233,-1,-1,-1
60,8,1260.04,434.75,42.46,111.03,0.5482,-1,-1,-1
61,2,624.95,443.63,93.54,276.42,0.7075,-1,-1,-1
61,3,473.76,443.16,131.56,316.80,0.6856,-1,-1,-1
61,8,1259.67,430.07,42.62,115.73,0.5334,-1,-1,-1
61,10,699.45,455.61,67.73,216.75,0.5448,-1,-1,-1
62,2,624.19,444.48,91.65,275.77,0.7224,-1,-1,-1
62,3,478.16,442.92,134.79,318.20,0.7249,-1,-1,-1
62,8,1259.51,430.32,41.45,115.14,0.5512,-1,-1,-1
62,10,699.11,454.25,67.27,218.39,0.6201,-1,-1,-1
63,2,621.51,444.01,92.99,278.97,0.7393,-1,-1,-1
63,3,479.17,441.15,138.14,319.68,0.7251,-1,-1,-1
63,8,1259.64,431.17,40.70,113.81,0.5324,-1,-1,-1
63,10,697.27,457.59,69.34,214.58,0.6620,-1,-1,-1
64,2,619.78,444.22,93.21,278.78,0.7432,-1,-1,-1
64,3,483.02,441.85,139.04,318.90,0.7205,-1,-1,-1
64,8,1259.43,433.30,40.24,111.05,0.5248,-1,-1,-1
64,10,696.87,453.25,69.70,219.97,0.6377,-1,-1,-1
65,2,619.34,446.48,92.61,277.11,0.7429,-1,-1,-1
65,3,491.98,444.44,134.72,316.95,0.7891,-1,-1,-1
65,8,1259.17,437.47,40.22,107.03,0.5287,-1,-1,-1
65,10,696.08,450.44,69.32,225.06,0.6806,-1,-1,-1
66,2,620.12,447.70,91.34,276.19,0.7595,-1,-1,-1
66,3,494.99,446.53,138.34,317.04,0.7284,-1,-1,-1
66,8,1259.02,439.00,40.36,105.65,0.5299,-1,-1,-1
66,10,697.46,452.19,69.10,223.80,0.6783,-1,-1,-1
67,2,619.43,447.43,92.22,275.49,0.7469,-1,-1,-1
67,3,490.02,447.16,146.48,320.74,0.6449,-1,-1,-1
67,8,1259.88,441.03,39.05,103.33,0.5143,-1,-1,-1
67,10,698.03,453.17,70.68,223.89,0.6747,-1,-1,-1
68,2,617.05,446.69,95.11,275.46,0.7347,-1,-1,-1
68,3,488.57,448.53,150.62,318.49,0.6441,-1,-1,-1
68,10,699.34,454.84,71.14,221.32,0.6769,-1,-1,-1
69,2,614.97,446.89,96.94,275.26,0.7571,-1,-1,-1
69,3,488.84,446.92,153.42,320.45,0.6178,-1,-1,-1
69,10,698.17,456.05,72.33,220.96,0.6660,-1,-1,-1
69,8,1259.94,437.98,39.12,106.51,0.5127,-1,-1,-1
70,2,612.12,446.19,99.57,275.17,0.7602,-1,-1,-1
70,3,491.58,444.32,150.57,322.10,0.7277,-1,-1,-1
70,10,698.25,457.34,72.04,220.30,0.6304,-1,-1,-1
70,8,1259.74,437.90,39.18,106.74,0.5124,-1,-1,-1
70,6,1542.30,420.01,46.50,132.74,0.5866,-1,-1,-1
71,2,611.14,445.77,100.02,276.06,0.7686,-1,-1,-1
71,3,495.97,443.37,147.40,323.61,0.7339,-1,-1,-1
71,10,698.54,458.58,69.48,219.86,0.5866,-1,-1,-1
71,8,1259.64,437.30,39.27,107.41,0.5172,-1,-1,-1
71,6,1543.06,420.30,47.30,132.57,0.5760,-1,-1,-1
72,2,611.82,444.80,98.37,277.15,0.7655,-1,-1,-1
72,3,498.22,443.79,145.66,323.44,0.7412,-1,-1,-1
72,10,698.94,458.56,70.22,220.90,0.5837,-1,-1,-1
72,8,1259.65,432.02,40.02,112.67,0.5145,-1,-1,-1
72,6,1543.54,420.47,46.62,132.16,0.5699,-1,-1,-1
73,2,614.26,443.90,96.32,278.02,0.7676,-1,-1,-1
73,3,501.97,444.43,142.07,323.50,0.7758,-1,-1,-1
73,10,700.09,458.51,70.83,220.41,0.5996,-1,-1,-1
73,8,1259.77,431.08,40.29,113.35,0.5074,-1,-1,-1
73,6,1545.76,419.50,44.76,132.68,0.5323,-1,-1,-1
74,2,617.63,442.86,92.88,280.11,0.7757,-1,-1,-1
74,3,506.02,444.18,139.96,326.28,0.7379,-1,-1,-1
74,10,701.55,455.88,74.78,222.04,0.5739,-1,-1,-1
74,8,1260.16,428.90,40.55,115.83,0.5172,-1,-1,-1
75,2,619.65,441.01,89.43,282.44,0.7706,-1,-1,-1
75,3,507.13,442.67,138.94,326.34,0.7339,-1,-1,-1
75,10,702.31,454.98,75.91,221.71,0.6329,-1,-1,-1
75,8,1259.70,428.19,40.99,117.02,0.5276,-1,-1,-1
76,2,621.74,441.36,87.20,282.09,0.7708,-1,-1,-1
76,3,512.38,445.34,132.24,321.82,0.7659,-1,-1,-1
76,10,702.41,452.08,79.31,224.49,0.6644,-1,-1,-1
76,8,1259.77,427.69,41.29,117.32,0.5213,-1,-1,-1
77,2,622.52,441.09,85.27,283.85,0.7672,-1,-1,-1
77,3,517.38,446.54,127.07,320.32,0.7638,-1,-1,-1
77,10,701.74,448.32,82.91,228.20,0.6311,-1,-1,-1
77,8,1259.84,427.51,41.31,117.38,0.5267,-1,-1,-1
78,2,626.61,441.40,81.59,281.91,0.7763,-1,-1,-1
78,3,517.08,445.69,126.85,321.60,0.7205,-1,-1,-1
78,10,702.39,451.39,86.17,225.74,0.6610,-1,-1,-1
79,2,629.16,440.62,78.93,282.34,0.7683,-1,-1,-1
79,3,515.96,446.08,127.37,322.47,0.5523,-1,-1,-1
79,10,703.84,455.65,90.97,221.34,0.6625,-1,-1,-1
80,2,630.26,439.70,79.26,283.79,0.7412,-1,-1,-1
80,3,511.58,445.78,133.45,324.72,0.5070,-1,-1,-1
80,10,706.25,457.56,95.22,219.93,0.7267,-1,-1,-1
81,2,631.53,437.30,80.46,287.73,0.7146,-1,-1,-1
81,10,707.64,458.31,98.60,220.14,0.7116,-1,-1,-1
82,2,632.55,438.59,79.73,288.26,0.6814,-1,-1,-1
82,10,708.35,458.61,103.49,220.43,0.7306,-1,-1,-1
82,8,1261.01,438.73,40.56,106.00,0.5000,-1,-1,-1
82,3,547.91,447.26,98.34,330.82,0.5208,-1,-1,-1
83,2,633.57,440.40,80.34,288.26,0.6484,-1,-1,-1
83,10,710.44,458.30,104.94,222.07,0.7128,-1,-1,-1
84,2,633.18,441.89,85.25,288.33,0.5866,-1,-1,-1
84,10,711.68,460.00,107.80,221.08,0.7028,-1,-1,-1
84,3,564.13,443.33,85.33,338.02,0.5377,-1,-1,-1
85,2,632.66,443.58,86.72,288.13,0.5711,-1,-1,-1
85,10,716.60,458.77,104.49,223.55,0.7238,-1,-1,-1
86,2,632.60,444.10,91.47,288.49,0.5456,-1,-1,-1
86,10,719.31,457.28,102.16,225.25,0.7347,-1,-1,-1
87,2,634.32,443.81,90.26,288.58,0.5310,-1,-1,-1
87,10,720.38,456.39,101.72,225.39,0.7198,-1,-1,-1
88,2,635.99,446.11,93.08,286.61,0.5827,-1,-1,-1
88,10,723.19,454.35,99.38,227.65,0.6862,-1,-1,-1
89,2,638.41,448.72,93.68,284.53,0.5881,-1,-1,-1
89,10,724.60,452.11,99.03,230.13,0.7351,-1,-1,-1
90,2,641.67,446.62,90.65,286.19,0.6022,-1,-1,-1
90,10,728.11,451.74,96.25,230.63,0.7265,-1,-1,-1
90,12,514.13,449.07,95.97,305.51,0.5634,-1,-1,-1
91,2,643.62,443.27,91.75,290.68,0.6814,-1,-1,-1
91,10,731.61,453.40,93.23,229.02,0.6912,-1,-1,-1
91,12,512.72,449.24,97.57,299.83,0.6319,-1,-1,-1
91,3,582.54,446.41,82.33,288.34,0.5621,-1,-1,-1
92,2,642.76,439.52,94.53,294.93,0.6772,-1,-1,-1
92,10,732.84,453.98,93.17,228.16,0.6874,-1,-1,-1
92,12,511.18,448.22,98.93,301.31,0.6139,-1,-1,-1
93,2,641.80,438.69,96.54,296.06,0.6733,-1,-1,-1
93,10,735.28,456.54,91.98,225.23,0.7076,-1,-1,-1
93,12,511.24,447.89,99.36,302.27,0.6227,-1,-1,-1
94,2,643.48,439.44,95.08,297.30,0.7237,-1,-1,-1
94,10,737.89,454.88,91.32,226.84,0.7048,-1,-1,-1
94,12,515.02,448.51,95.35,302.45,0.5699,-1,-1,-1
95,2,643.28,439.92,97.43,297.95,0.7413,-1,-1,-1
95,10,740.10,452.99,90.16,229.69,0.6683,-1,-1,-1
95,12,512.89,448.30,96.88,302.08,0.5600,-1,-1,-1
95,8,1258.19,435.49,42.49,110.75,0.5238,-1,-1,-1
96,2,642.65,440.90,98.31,297.42,0.7595,-1,-1,-1
96,10,744.08,454.46,87.69,228.66,0.6825,-1,-1,-1
96,12,510.04,447.11,97.98,303.56,0.5007,-1,-1,-1
97,2,644.28,441.34,98.08,296.87,0.7520,-1,-1,-1
97,10,747.15,455.76,87.62,229.16,0.6975,-1,-1,-1
97,12,508.84,446.60,99.06,303.51,0.5032,-1,-1,-1
98,2,645.99,442.29,98.76,296.15,0.7792,-1,-1,-1
98,10,751.02,457.42,87.43,228.57,0.7152,-1,-1,-1
98,12,506.12,446.52,100.59,304.53,0.5049,-1,-1,-1
98,3,554.90,440.54,112.23,355.15,0.5219,-1,-1,-1
98,8,1257.47,438.01,42.31,108.55,0.5486,-1,-1,-1
99,2,647.24,442.59,99.41,295.89,0.7606,-1,-1,-1
99,10,751.55,456.67,89.06,229.65,0.7761,-1,-1,-1
99,12,501.84,444.70,105.12,305.00,0.5339,-1,-1,-1
99,3,559.61,441.92,107.40,357.85,0.5669,-1,-1,-1
99,8,1257.83,439.92,41.08,106.59,0.5311,-1,-1,-1
100,2,648.29,442.11,100.99,296.91,0.6840,-1,-1,-1
100,10,753.67,454.52,87.00,231.73,0.7635,-1,-1,-1
100,12,498.11,441.21,105.43,304.23,0.5654,-1,-1,-1
100,3,567.03,443.16,100.92,356.85,0.5904,-1,-1,-1
100,8,1257.96,441.31,40.42,105.40,0.5535,-1,-1,-1
101,2,648.39,442.50,104.23,296.87,0.7108,-1,-1,-1
101,10,755.11,455.60,85.39,232.14,0.7579,-1,-1,-1
101,12,496.18,442.25,108.68,305.21,0.5476,-1,-1,-1
101,3,562.71,442.07,106.67,360.27,0.6094,-1,-1,-1
101,8,1257.87,441.79,39.65,104.89,0.5546,-1,-1,-1
102,2,650.09,441.89,103.36,294.44,0.7176,-1,-1,-1
102,10,754.82,456.58,87.60,231.08,0.7433,-1,-1,-1
102,12,496.88,441.15,104.38,305.42,0.5780,-1,-1,-1
102,3,564.55,443.21,105.10,360.31,0.6214,-1,-1,-1
102,8,1256.97,441.01,37.68,105.87,0.5570,-1,-1,-1
103,2,650.95,440.89,105.63,294.54,0.7067,-1,-1,-1
103,10,754.51,457.07,87.57,228.72,0.7246,-1,-1,-1
103,12,497.95,443.29,101.34,302.48,0.5501,-1,-1,-1
103,3,565.78,443.72,105.80,360.20,0.5751,-1,-1,-1
104,2,653.57,440.54,105.54,295.64,0.7207,-1,-1,-1
104,10,755.41,457.78,87.36,229.44,0.7326,-1,-1,-1
104,3,552.57,440.32,120.31,363.61,0.6641,-1,-1,-1
105,2,655.40,439.97,105.74,297.30,0.7537,-1,-1,-1
105,10,758.62,459.32,85.61,231.73,0.7589,-1,-1,-1
105,3,541.35,437.52,132.73,365.18,0.7286,-1,-1,-1
106,2,656.89,441.24,105.94,295.40,0.7511,-1,-1,-1
106,10,760.08,459.05,85.40,233.69,0.7376,-1,-1,-1
106,3,535.67,437.84,139.78,365.00,0.6724,-1,-1,-1
107,2,658.19,441.22,108.77,295.28,0.7627,-1,-1,-1
107,10,761.84,459.57,85.10,235.26,0.7348,-1,-1,-1
107,3,533.72,438.22,144.12,364.08,0.6664,-1,-1,-1
108,2,659.95,439.29,107.10,296.30,0.7569,-1,-1,-1
108,10,761.23,455.88,87.32,242.03,0.7147,-1,-1,-1
108,3,536.63,437.08,143.49,367.12,0.6895,-1,-1,-1
109,2,660.83,438.54,108.35,298.21,0.7368,-1,-1,-1
109,10,762.06,455.29,87.66,243.52,0.6722,-1,-1,-1
109,3,538.92,436.88,144.62,368.43,0.6967,-1,-1,-1
110,2,662.17,437.91,105.46,301.04,0.7534,-1,-1,-1
110,10,761.22,456.76,88.96,242.56,0.7076,-1,-1,-1
110,3,539.93,437.62,145.68,368.39,0.6860,-1,-1,-1
111,2,662.88,437.86,106.63,305.17,0.7663,-1,-1,-1
111,10,761.02,455.83,88.90,243.17,0.7134,-1,-1,-1
111,3,540.09,439.93,148.57,367.74,0.6626,-1,-1,-1
112,2,665.54,437.88,105.34,306.70,0.7777,-1,-1,-1
112,10,761.48,452.87,88.32,246.81,0.7238,-1,-1,-1
112,3,540.33,437.50,148.07,369.16,0.6822,-1,-1,-1
113,2,666.89,437.85,105.93,311.95,0.7861,-1,-1,-1
113,10,763.37,451.71,87.10,247.81,0.7145,-1,-1,-1
113,3,546.48,436.03,141.56,370.78,0.6970,-1,-1,-1
114,2,668.69,438.89,103.56,314.71,0.7899,-1,-1,-1
114,10,764.64,453.22,87.54,245.71,0.7038,-1,-1,-1
114,3,540.23,434.54,148.80,372.11,0.6817,-1,-1,-1
114,8,1243.46,441.16,36.60,104.11,0.5743,-1,-1,-1
115,2,670.00,438.90,101.56,314.38,0.7876,-1,-1,-1
115,10,766.54,454.40,88.62,244.52,0.6930,-1,-1,-1
115,3,557.09,435.50,132.43,371.31,0.6534,-1,-1,-1
115,8,1242.20,441.01,36.84,102.97,0.5540,-1,-1,-1
116,2,672.38,438.89,98.23,312.43,0.7857,-1,-1,-1
116,10,767.52,451.97,88.79,247.36,0.6743,-1,-1,-1
116,3,559.33,435.25,130.22,372.69,0.6312,-1,-1,-1
116,8,1240.82,441.30,37.37,102.28,0.5973,-1,-1,-1
117,2,672.80,439.90,98.45,311.98,0.7957,-1,-1,-1
117,10,770.23,452.19,86.84,246.68,0.6473,-1,-1,-1
117,3,549.97,434.44,139.19,373.43,0.6800,-1,-1,-1
117,8,1241.24,441.47,35.98,101.01,0.5698,-1,-1,-1
118,2,674.67,440.14,94.94,313.75,0.7995,-1,-1,-1
118,10,770.02,454.36,83.44,244.87,0.6584,-1,-1,-1
118,3,543.09,435.11,145.76,377.27,0.6853,-1,-1,-1
118,8,1240.99,442.27,35.83,99.81,0.5427,-1,-1,-1
119,2,675.27,440.62,94.51,317.94,0.8141,-1,-1,-1
119,10,769.20,452.50,88.78,245.56,0.7127,-1,-1,-1
119,3,528.60,439.33,161.84,379.41,0.7319,-1,-1,-1
119,8,1239.65,442.90,36.67,97.92,0.5295,-1,-1,-1
120,2,677.25,441.33,94.31,319.51,0.8120,-1,-1,-1
120,10,770.19,451.96,92.05,246.91,0.7124,-1,-1,-1
120,3,524.01,442.49,167.67,378.98,0.7667,-1,-1,-1
120,8,1238.05,442.98,37.29,100.04,0.5371,-1,-1,-1
121,2,678.59,441.28,93.81,320.72,0.8157,-1,-1,-1
121,10,769.01,453.45,98.15,245.84,0.6841,-1,-1,-1
121,3,521.05,444.55,173.22,378.97,0.7730,-1,-1,-1
122,2,680.54,440.42,95.28,320.80,0.8005,-1,-1,-1
122,10,773.72,452.72,102.71,248.12,0.5888,-1,-1,-1
122,3,521.92,445.88,175.02,380.56,0.8126,-1,-1,-1
123,2,683.06,439.52,93.87,322.81,0.8127,-1,-1,-1
123,10,773.99,456.67,107.92,244.98,0.7214,-1,-1,-1
123,3,524.53,443.72,175.02,386.17,0.8010,-1,-1,-1
123,8,1235.88,451.45,35.69,95.26,0.5373,-1,-1,-1
124,2,684.76,438.56,92.94,325.18,0.8053,-1,-1,-1
124,10,774.78,456.99,109.93,245.42,0.7236,-1,-1,-1
124,3,526.49,442.66,174.98,391.54,0.6876,-1,-1,-1
124,8,1235.38,454.14,35.67,93.10,0.5575,-1,-1,-1
125,2,685.28,437.77,92.36,327.07,0.8170,-1,-1,-1
125,10,778.60,459.54,108.77,244.07,0.7425,-1,-1,-1
125,3,526.48,442.23,177.00,391.99,0.7677,-1,-1,-1
125,8,1233.55,454.72,36.26,93.89,0.5475,-1,-1,-1
126,2,685.55,437.73,94.23,327.39,0.8111,-1,-1,-1
126,10,780.26,457.78,105.73,246.33,0.7282,-1,-1,-1
126,3,544.55,442.16,156.51,391.58,0.6423,-1,-1,-1
126,8,1230.46,453.39,38.24,96.02,0.5450,-1,-1,-1
127,2,684.81,437.99,96.65,328.21,0.8122,-1,-1,-1
127,10,782.16,456.96,102.86,248.16,0.7183,-1,-1,-1
127,3,548.74,440.84,152.56,392.64,0.6704,-1,-1,-1
127,8,1227.48,452.43,40.74,97.91,0.5223,-1,-1,-1
128,2,684.81,437.71,101.07,329.03,0.8132,-1,-1,-1
128,10,783.30,461.51,100.91,243.26,0.6857,-1,-1,-1
128,3,556.55,440.68,147.83,392.34,0.6721,-1,-1,-1
128,8,1225.36,454.23,42.38,98.27,0.5056,-1,-1,-1
129,2,683.51,437.72,103.43,328.84,0.8329,-1,-1,-1
129,10,785.39,460.00,101.69,244.19,0.6778,-1,-1,-1
129,3,557.84,441.44,149.63,391.31,0.6805,-1,-1,-1
130,2,682.38,437.51,105.14,328.98,0.8316,-1,-1,-1
130,10,787.00,459.42,101.10,244.95,0.7440,-1,-1,-1
130,3,551.75,441.97,157.99,390.36,0.6633,-1,-1,-1
131,2,682.15,437.05,104.88,330.40,0.8231,-1,-1,-1
131,10,789.88,459.03,100.58,246.73,0.7644,-1,-1,-1
131,3,566.36,440.69,144.94,391.23,0.5515,-1,-1,-1
132,2,683.63,436.16,102.99,331.47,0.8129,-1,-1,-1
132,10,792.16,457.22,100.61,248.89,0.7880,-1,-1,-1
132,3,570.76,440.34,144.73,390.42,0.5694,-1,-1,-1
133,2,684.18,435.71,102.34,331.84,0.8010,-1,-1,-1
133,10,793.41,457.94,99.81,248.62,0.7891,-1,-1,-1
133,3,584.13,438.83,132.91,391.49,0.6248,-1,-1,-1
134,2,685.19,434.52,102.99,333.01,0.7910,-1,-1,-1
134,10,794.98,454.87,101.02,251.11,0.7736,-1,-1,-1
134,3,584.13,439.55,135.26,390.73,0.6258,-1,-1,-1
135,2,685.38,433.08,104.26,333.25,0.7845,-1,-1,-1
135,10,793.45,451.89,103.32,254.66,0.7166,-1,-1,-1
135,3,580.76,439.92,140.35,391.44,0.6394,-1,-1,-1
136,2,685.70,433.06,104.98,332.48,0.7736,-1,-1,-1
136,10,794.49,450.98,101.22,256.19,0.7076,-1,-1,-1
136,3,575.98,439.47,146.11,395.65,0.6531,-1,-1,-1
137,2,691.83,433.62,103.05,329.97,0.7812,-1,-1,-1
137,10,796.80,452.43,98.39,255.62,0.7601,-1,-1,-1
137,3,586.20,437.40,135.62,408.52,0.6708,-1,-1,-1
138,2,691.30,433.92,106.17,330.62,0.7634,-1,-1,-1
138,10,801.30,451.24,95.04,258.69,0.7548,-1,-1,-1
138,3,588.40,437.02,134.35,417.77,0.6509,-1,-1,-1
139,2,693.45,433.50,106.87,331.98,0.7558,-1,-1,-1
139,10,806.21,450.03,92.42,261.30,0.7271,-1,-1,-1
139,3,575.60,438.52,148.03,417.79,0.6134,-1,-1,-1
140,2,692.99,433.95,111.22,331.81,0.7594,-1,-1,-1
140,10,811.58,451.61,82.81,262.86,0.6994,-1,-1,-1
140,3,569.62,438.36,154.85,417.76,0.5618,-1,-1,-1
141,2,692.58,433.13,114.68,334.05,0.7575,-1,-1,-1
141,10,815.37,451.63,82.41,262.40,0.6511,-1,-1,-1
141,3,563.32,438.40,160.74,419.07,0.5603,-1,-1,-1
142,2,693.08,433.37,122.51,332.49,0.7614,-1,-1,-1
142,10,816.53,448.31,86.10,267.79,0.6417,-1,-1,-1
142,3,557.46,438.69,166.42,415.45,0.5183,-1,-1,-1
143,2,694.48,435.37,127.46,330.74,0.7707,-1,-1,-1
143,10,818.12,447.62,85.68,268.03,0.6267,-1,-1,-1
143,3,571.74,435.57,150.81,427.25,0.5327,-1,-1,-1
144,2,693.99,436.27,135.30,331.49,0.7510,-1,-1,-1
144,10,820.60,448.38,84.82,265.60,0.5448,-1,-1,-1
144,3,550.04,436.99,173.55,433.39,0.5175,-1,-1,-1
145,2,694.00,437.89,141.24,330.69,0.7511,-1,-1,-1
145,10,823.44,453.28,82.80,258.81,0.5678,-1,-1,-1
145,3,543.37,437.09,180.04,439.53,0.6339,-1,-1,-1
146,2,696.26,438.30,142.28,331.12,0.7430,-1,-1,-1
146,10,826.05,454.32,81.77,256.48,0.6558,-1,-1,-1
146,3,540.63,438.40,182.29,444.19,0.7284,-1,-1,-1
147,2,699.77,437.93,139.77,333.59,0.7977,-1,-1,-1
147,10,827.68,456.89,81.48,253.44,0.6119,-1,-1,-1
147,3,540.13,439.89,181.69,448.06,0.7202,-1,-1,-1
148,2,701.93,437.68,137.94,333.54,0.7744,-1,-1,-1
148,10,828.45,456.93,83.26,254.07,0.6526,-1,-1,-1
148,3,539.18,440.52,182.47,451.71,0.7250,-1,-1,-1
149,2,705.70,437.54,134.47,336.10,0.8076,-1,-1,-1
149,10,830.35,456.45,83.49,253.41,0.6589,-1,-1,-1
149,3,541.73,439.30,176.43,455.25,0.7301,-1,-1,-1
150,2,709.25,436.53,130.57,338.17,0.8110,-1,-1,-1
150,10,831.64,452.84,84.90,257.11,0.6492,-1,-1,-1
150,3,543.97,437.54,174.45,458.39,0.7688,-1,-1,-1
150,13,888.45,440.28,79.77,238.96,0.6119,-1,-1,-1
151,2,713.08,436.57,128.29,339.71,0.8001,-1,-1,-1
151,10,831.15,449.90,88.06,261.60,0.6711,-1,-1,-1
151,3,543.56,438.18,172.02,458.03,0.7591,-1,-1,-1
151,13,889.92,438.54,83.26,239.51,0.6622,-1,-1,-1
152,2,714.86,436.15,121.40,339.76,0.8059,-1,-1,-1
152,10,830.90,446.25,89.09,270.10,0.7111,-1,-1,-1
152,3,543.69,438.27,174.58,458.94,0.7525,-1,-1,-1
153,2,715.51,435.41,122.84,341.32,0.8437,-1,-1,-1
153,10,831.36,445.46,89.19,271.37,0.7249,-1,-1,-1
153,3,539.79,437.71,167.88,458.27,0.7399,-1,-1,-1
154,2,717.30,435.48,122.53,341.09,0.8570,-1,-1,-1
154,10,832.48,448.63,87.44,274.31,0.6949,-1,-1,-1
154,3,537.62,433.69,164.87,461.91,0.7486,-1,-1,-1
154,8,1193.98,451.62,37.85,96.08,0.5308,-1,-1,-1
154,13,894.34,436.26,74.92,240.87,0.5447,-1,-1,-1
155,2,719.27,436.22,123.17,340.66,0.8591,-1,-1,-1
155,10,833.48,448.25,87.11,278.09,0.6800,-1,-1,-1
155,3,533.07,433.56,167.84,462.87,0.7408,-1,-1,-1
155,8,1192.62,451.95,37.81,96.27,0.5442,-1,-1,-1
155,13,896.91,436.16,73.89,243.86,0.6243,-1,-1,-1
156,2,721.86,434.40,121.70,341.93,0.8377,-1,-1,-1
156,10,834.33,445.72,88.45,282.43,0.6884,-1,-1,-1
156,3,531.48,434.12,165.81,462.47,0.7565,-1,-1,-1
156,8,1191.55,450.10,36.90,97.16,0.5351,-1,-1,-1
156,13,899.30,436.60,70.76,247.58,0.5882,-1,-1,-1
157,2,723.07,433.69,125.37,342.19,0.8118,-1,-1,-1
157,10,837.33,444.81,87.95,282.75,0.6966,-1,-1,-1
157,3,529.52,434.47,166.07,462.83,0.7262,-1,-1,-1
158,2,725.89,433.25,128.42,341.57,0.7642,-1,-1,-1
158,10,841.14,444.66,90.14,284.19,0.7171,-1,-1,-1
158,3,529.85,432.55,168.01,464.85,0.7492,-1,-1,-1
159,2,730.82,434.68,128.89,339.59,0.7617,-1,-1,-1
159,10,843.83,444.83,87.63,285.49,0.7386,-1,-1,-1
159,3,524.51,431.67,174.41,464.96,0.7795,-1,-1,-1
159,14,667.06,437.49,82.57,345.04,0.5173,-1,-1,-1
160,2,736.77,431.85,122.08,343.04,0.7588,-1,-1,-1
160,10,845.61,446.64,86.10,282.88,0.7413,-1,-1,-1
160,3,525.85,432.19,171.71,462.93,0.7844,-1,-1,-1
160,14,668.37,437.76,81.95,345.48,0.5323,-1,-1,-1
161,2,740.71,430.39,118.88,344.89,0.7790,-1,-1,-1
161,10,847.43,447.48,86.65,281.87,0.7504,-1,-1,-1
161,3,526.80,433.86,170.72,459.48,0.7808,-1,-1,-1
161,14,668.49,439.79,83.01,346.92,0.6252,-1,-1,-1
162,2,743.96,429.73,116.85,347.72,0.7779,-1,-1,-1
162,10,848.91,448.67,88.39,282.10,0.7437,-1,-1,-1
162,3,525.69,433.17,176.43,460.06,0.7730,-1,-1,-1
162,14,669.52,440.77,82.52,349.84,0.6213,-1,-1,-1
163,2,746.23,431.01,115.96,347.71,0.7899,-1,-1,-1
163,10,851.32,449.47,91.26,282.17,0.7396,-1,-1,-1
163,3,526.99,432.75,178.79,461.78,0.8000,-1,-1,-1
163,14,670.65,440.87,81.44,358.28,0.5952,-1,-1,-1
163,13,920.90,439.42,80.51,257.43,0.5735,-1,-1,-1
164,2,748.88,431.47,115.87,350.32,0.7863,-1,-1,-1
164,10,852.69,449.84,98.15,283.17,0.7081,-1,-1,-1
164,3,527.09,431.73,183.21,465.54,0.7893,-1,-1,-1
164,14,671.43,439.63,83.47,362.33,0.5993,-1,-1,-1
164,13,922.50,439.82,82.67,256.34,0.5582,-1,-1,-1
164,8,1186.85,443.42,31.88,101.58,0.5076,-1,-1,-1
165,2,749.87,430.79,116.08,352.30,0.7890,-1,-1,-1
165,10,854.95,450.61,107.68,282.69,0.6614,-1,-1,-1
165,3,528.07,431.30,187.23,468.27,0.8058,-1,-1,-1
165,14,672.32,440.99,88.06,352.49,0.6939,-1,-1,-1
165,13,922.13,439.10,85.81,259.12,0.5198,-1,-1,-1
166,2,751.25,430.69,116.05,355.57,0.7908,-1,-1,-1
166,10,856.61,452.92,108.76,283.92,0.6399,-1,-1,-1
166,3,528.39,431.42,190.26,470.54,0.7935,-1,-1,-1
166,14,673.14,441.83,90.99,351.43,0.7229,-1,-1,-1
166,13,926.00,436.62,82.84,257.18,0.5078,-1,-1,-1
167,2,751.55,431.05,116.21,356.43,0.7970,-1,-1,-1
167,10,859.40,451.11,120.68,283.62,0.7054,-1,-1,-1
167,3,529.70,432.22,194.49,471.36,0.8015,-1,-1,-1
167,14,674.02,442.03,91.43,351.67,0.7096,-1,-1,-1
167,13,930.74,436.30,78.62,252.15,0.5910,-1,-1,-1
168,2,752.78,432.11,116.18,356.93,0.7932,-1,-1,-1
168,10,861.81,448.19,126.57,285.94,0.7508,-1,-1,-1
168,3,530.93,433.66,205.73,469.23,0.8078,-1,-1,-1
168,14,674.43,442.48,91.30,353.47,0.7276,-1,-1,-1
168,13,936.27,435.00,74.80,246.95,0.5948,-1,-1,-1
169,2,753.59,433.85,115.26,356.18,0.8001,-1,-1,-1
169,10,864.13,447.02,124.01,288.26,0.7801,-1,-1,-1
169,3,531.66,430.32,218.32,471.22,0.8084,-1,-1,-1
169,14,675.59,442.69,90.78,354.73,0.7356,-1,-1,-1
169,13,941.31,434.40,70.68,241.26,0.5910,-1,-1,-1
170,2,755.82,434.81,114.47,356.06,0.7810,-1,-1,-1
170,10,868.06,446.44,120.81,289.94,0.7985,-1,-1,-1
170,3,531.96,429.67,229.72,471.36,0.8299,-1,-1,-1
170,14,677.36,442.53,89.00,356.02,0.7284,-1,-1,-1
170,13,943.89,434.15,70.08,236.53,0.6173,-1,-1,-1
171,2,757.61,435.39,113.05,350.85,0.7896,-1,-1,-1
171,10,870.58,446.54,118.63,291.25,0.7918,-1,-1,-1
171,3,533.77,430.00,237.80,471.14,0.8574,-1,-1,-1
171,14,678.02,442.44,89.77,359.58,0.7301,-1,-1,-1
171,13,946.33,435.34,71.19,243.46,0.6678,-1,-1,-1
172,2,759.97,436.21,115.61,347.62,0.8126,-1,-1,-1
172,10,871.20,447.05,118.45,291.40,0.7947,-1,-1,-1
172,3,535.75,432.35,240.54,470.56,0.8476,-1,-1,-1
172,14,679.75,444.34,86.53,358.08,0.7007,-1,-1,-1
172,13,950.16,435.37,73.43,248.63,0.6841,-1,-1,-1
173,2,761.80,437.16,117.07,345.48,0.8189,-1,-1,-1
173,10,872.91,445.56,117.78,293.35,0.7873,-1,-1,-1
173,3,537.63,432.42,236.49,470.23,0.8566,-1,-1,-1
173,14,681.13,446.15,88.39,352.57,0.6240,-1,-1,-1
173,13,952.08,434.74,75.45,255.23,0.6615,-1,-1,-1
174,2,762.59,438.77,119.74,347.70,0.8228,-1,-1,-1
174,10,874.76,444.98,118.43,293.98,0.7876,-1,-1,-1
174,3,541.57,432.63,233.18,471.68,0.8522,-1,-1,-1
174,13,954.22,435.34,75.01,257.86,0.6312,-1,-1,-1
175,2,766.37,439.68,117.97,349.66,0.8434,-1,-1,-1
175,10,876.41,444.30,117.46,294.57,0.7924,-1,-1,-1
175,3,548.40,433.49,227.83,471.63,0.8355,-1,-1,-1
175,13,957.19,435.26,75.84,259.93,0.6014,-1,-1,-1
176,2,768.03,441.19,116.15,354.23,0.8305,-1,-1,-1
176,10,877.95,443.88,115.73,294.70,0.7983,-1,-1,-1
176,3,556.58,433.14,219.39,474.17,0.7968,-1,-1,-1
176,13,960.18,434.78,79.74,259.43,0.5874,-1,-1,-1
177,2,768.44,441.31,117.56,355.26,0.8228,-1,-1,-1
177,10,880.28,445.47,115.18,293.08,0.7898,-1,-1,-1
177,3,558.69,435.68,216.32,473.12,0.7982,-1,-1,-1
177,13,962.44,434.46,83.29,260.87,0.5190,-1,-1,-1
178,2,772.44,440.89,113.47,356.09,0.8096,-1,-1,-1
178,10,885.75,446.89,110.85,290.89,0.7653,-1,-1,-1
178,3,561.45,434.22,214.35,474.56,0.8392,-1,-1,-1
179,2,774.53,439.83,113.47,355.67,0.7901,-1,-1,-1
179,10,890.35,446.01,106.92,291.94,0.7734,-1,-1,-1
179,3,568.92,433.11,207.55,477.00,0.8621,-1,-1,-1
179,13,965.01,434.93,92.30,263.17,0.5232,-1,-1,-1
180,2,777.10,438.63,116.93,357.30,0.7649,-1,-1,-1
180,10,895.46,445.34,101.50,292.84,0.7770,-1,-1,-1
180,3,575.85,431.08,200.95,479.01,0.8399,-1,-1,-1
181,2,778.92,437.05,116.21,358.30,0.7561,-1,-1,-1
181,10,901.48,444.01,97.34,295.09,0.7278,-1,-1,-1
181,3,581.56,426.24,197.06,484.64,0.8645,-1,-1,-1
181,13,971.37,436.83,90.37,263.33,0.6196,-1,-1,-1
182,2,781.02,435.83,116.36,362.59,0.7532,-1,-1,-1
182,10,910.19,445.22,91.32,296.37,0.7130,-1,-1,-1
182,3,583.97,424.51,197.62,486.28,0.8653,-1,-1,-1
182,13,976.48,435.66,88.88,267.07,0.6124,-1,-1,-1
182,8,1157.41,446.44,37.76,100.16,0.5447,-1,-1,-1
183,2,783.19,434.81,117.55,366.18,0.7695,-1,-1,-1
183,10,916.09,443.64,89.94,297.84,0.7463,-1,-1,-1
183,3,587.29,424.39,195.42,486.53,0.8583,-1,-1,-1
183,13,980.30,436.72,87.06,262.71,0.6249,-1,-1,-1
183,8,1157.40,448.50,36.59,98.22,0.5412,-1,-1,-1
184,2,784.41,434.04,118.35,367.80,0.7829,-1,-1,-1
184,10,922.91,441.94,87.11,299.31,0.7691,-1,-1,-1
184,3,591.17,425.18,192.50,485.38,0.8523,-1,-1,-1
184,13,983.31,439.47,85.77,250.46,0.6323,-1,-1,-1
184,8,1155.28,450.33,39.29,97.95,0.6062,-1,-1,-1
185,2,786.12,434.28,118.35,369.07,0.7814,-1,-1,-1
185,10,926.29,441.53,86.02,302.15,0.7595,-1,-1,-1
185,3,597.86,426.87,187.30,483.52,0.8411,-1,-1,-1
185,13,986.39,440.75,84.84,251.82,0.6331,-1,-1,-1
185,8,1155.02,451.51,39.79,95.82,0.5556,-1,-1,-1
186,2,787.12,434.72,116.28,368.41,0.8028,-1,-1,-1
186,10,929.16,443.89,85.19,304.84,0.7452,-1,-1,-1
186,3,602.93,426.26,184.49,484.03,0.8440,-1,-1,-1
186,13,989.17,442.25,84.13,245.40,0.5728,-1,-1,-1
186,8,1153.57,449.11,43.69,97.70,0.5952,-1,-1,-1
187,2,789.85,435.04,114.63,368.34,0.8032,-1,-1,-1
187,10,930.18,444.74,88.46,307.13,0.7313,-1,-1,-1
187,3,608.52,427.58,179.41,484.02,0.8413,-1,-1,-1
187,13,994.48,442.66,82.48,249.21,0.6250,-1,-1,-1
187,8,1154.11,450.12,44.61,96.22,0.5453,-1,-1,-1
188,2,792.28,434.69,114.27,365.98,0.8122,-1,-1,-1
188,10,932.58,442.76,91.35,309.75,0.6870,-1,-1,-1
188,3,610.56,426.82,179.53,491.92,0.8356,-1,-1,-1
188,13,997.99,443.98,79.93,249.41,0.5058,-1,-1,-1
188,8,1155.10,451.57,43.62,95.90,0.5013,-1,-1,-1
189,2,794.66,433.59,112.71,367.47,0.8100,-1,-1,-1
189,10,934.10,442.07,101.44,311.59,0.7793,-1,-1,-1
189,3,612.63,426.23,178.47,501.24,0.7960,-1,-1,-1
189,13,1004.22,440.08,81.34,260.94,0.5323,-1,-1,-1
190,2,796.93,432.75,116.45,371.19,0.8022,-1,-1,-1
190,10,936.93,442.56,107.18,310.78,0.7576,-1,-1,-1
190,3,616.37,426.23,180.64,509.06,0.7025,-1,-1,-1
190,15,569.76,438.57,61.80,172.09,0.5402,-1,-1,-1
191,2,799.07,432.54,115.99,371.60,0.7813,-1,-1,-1
191,10,940.83,443.17,112.99,311.02,0.7603,-1,-1,-1
191,3,620.32,425.97,179.09,515.23,0.7482,-1,-1,-1
191,15,569.07,445.71,60.76,168.32,0.5801,-1,-1,-1
192,2,800.87,430.18,115.54,377.75,0.7872,-1,-1,-1
192,10,943.57,447.23,114.29,306.67,0.7593,-1,-1,-1
192,3,624.69,426.21,177.03,523.67,0.7261,-1,-1,-1
192,15,568.41,444.23,63.58,170.43,0.5892,-1,-1,-1
193,2,803.04,427.27,113.40,380.29,0.7858,-1,-1,-1
193,10,945.38,444.21,115.37,310.05,0.7560,-1,-1,-1
193,3,630.40,426.73,170.39,527.42,0.7649,-1,-1,-1
193,15,569.74,443.48,62.91,171.45,0.6286,-1,-1,-1
193,13,1015.38,438.32,91.19,262.59,0.5388,-1,-1,-1
194,2,804.73,425.42,117.13,383.17,0.7888,-1,-1,-1
194,10,947.23,443.78,111.26,310.68,0.7482,-1,-1,-1
194,3,633.00,425.85,177.00,536.47,0.7598,-1,-1,-1
194,15,570.34,443.00,62.79,173.20,0.6697,-1,-1,-1
194,13,1016.74,435.33,94.96,272.79,0.6466,-1,-1,-1
195,2,805.74,424.29,123.49,383.36,0.7892,-1,-1,-1
195,10,946.98,446.81,115.03,309.53,0.7594,-1,-1,-1
195,3,636.58,423.50,177.68,540.74,0.7844,-1,-1,-1
195,15,569.96,442.11,63.81,174.32,0.6821,-1,-1,-1
195,13,1020.51,433.90,95.91,276.85,0.6926,-1,-1,-1
196,2,807.40,425.43,132.03,381.48,0.8252,-1,-1,-1
196,10,947.71,448.45,115.61,308.74,0.7276,-1,-1,-1
196,3,642.64,423.97,173.57,539.18,0.8010,-1,-1,-1
196,15,569.95,442.73,64.95,173.91,0.6701,-1,-1,-1
196,13,1025.03,432.70,96.61,279.53,0.6812,-1,-1,-1
197,2,809.75,426.91,143.39,380.06,0.8145,-1,-1,-1
197,10,951.07,447.61,112.79,309.86,0.7515,-1,-1,-1
197,3,646.35,422.46,166.94,548.53,0.8226,-1,-1,-1
197,15,569.71,441.61,66.41,174.37,0.6701,-1,-1,-1
198,2,813.18,430.94,149.62,376.45,0.8300,-1,-1,-1
198,10,957.10,447.51,107.54,311.06,0.7685,-1,-1,-1
198,3,649.63,422.74,164.67,544.57,0.8328,-1,-1,-1
198,15,570.32,441.90,66.70,174.22,0.6822,-1,-1,-1
198,13,1035.85,433.48,92.96,280.15,0.6462,-1,-1,-1
199,2,816.08,432.73,156.31,375.64,0.8462,-1,-1,-1
199,10,964.01,447.89,104.90,312.59,0.7579,-1,-1,-1
199,3,649.57,423.24,169.81,541.65,0.8391,-1,-1,-1
199,15,571.56,443.50,65.03,172.16,0.6885,-1,-1,-1
199,13,1040.37,436.48,92.46,279.23,0.6358,-1,-1,-1
200,2,817.49,434.95,159.08,374.71,0.8426,-1,-1,-1
200,10,969.54,448.53,103.43,312.09,0.7219,-1,-1,-1
200,3,651.78,422.61,171.56,541.32,0.8591,-1,-1,-1
200,15,571.90,445.79,64.78,170.53,0.6769,-1,-1,-1
200,13,1042.90,434.89,93.07,283.15,0.6057,-1,-1,-1
201,2,820.10,436.89,159.22,373.86,0.8389,-1,-1,-1
201,10,977.47,450.80,94.95,310.24,0.7077,-1,-1,-1
201,3,656.82,422.89,173.00,539.64,0.8445,-1,-1,-1
201,15,573.31,444.97,63.90,169.75,0.6632,-1,-1,-1
201,13,1047.39,435.85,92.27,286.51,0.6135,-1,-1,-1
202,2,822.15,437.64,156.78,374.71,0.8450,-1,-1,-1
202,10,985.11,449.95,90.46,312.41,0.7740,-1,-1,-1
202,3,658.51,421.79,177.25,542.09,0.8548,-1,-1,-1
202,15,573.28,446.62,65.66,167.88,0.6782,-1,-1,-1
202,13,1050.41,436.40,94.26,283.38,0.6830,-1,-1,-1
203,2,823.91,437.91,153.65,375.62,0.8434,-1,-1,-1
203,10,988.67,449.74,91.87,313.83,0.7718,-1,-1,-1
203,3,665.73,424.74,175.61,547.37,0.8228,-1,-1,-1
203,15,573.63,444.70,67.45,170.01,0.7086,-1,-1,-1
203,13,1053.99,435.23,94.72,283.12,0.6935,-1,-1,-1
204,2,824.88,437.59,152.19,376.02,0.8423,-1,-1,-1
204,10,992.08,449.49,91.95,315.83,0.7722,-1,-1,-1
204,3,664.95,424.17,179.54,555.59,0.8435,-1,-1,-1
204,15,575.84,448.32,66.04,166.78,0.7258,-1,-1,-1
204,13,1059.71,435.03,90.39,283.04,0.6989,-1,-1,-1
205,2,825.83,435.09,151.64,378.33,0.8316,-1,-1,-1
205,10,995.12,448.17,93.02,317.01,0.7864,-1,-1,-1
205,3,668.86,424.06,176.93,564.98,0.8479,-1,-1,-1
205,15,575.72,447.13,66.19,168.88,0.7469,-1,-1,-1
205,13,1063.71,438.27,88.13,278.55,0.7152,-1,-1,-1
206,2,829.52,435.45,149.79,377.63,0.8325,-1,-1,-1
206,10,999.79,447.82,92.58,317.51,0.7752,-1,-1,-1
206,3,673.59,423.23,173.95,569.70,0.8388,-1,-1,-1
206,15,575.98,447.14,66.76,169.88,0.7255,-1,-1,-1
206,13,1066.41,437.09,86.82,280.90,0.6802,-1,-1,-1
207,2,831.28,435.51,149.54,377.14,0.8277,-1,-1,-1
207,10,1005.50,448.54,94.14,315.18,0.7192,-1,-1,-1
207,3,676.38,420.64,173.32,573.74,0.8416,-1,-1,-1
207,15,579.15,453.03,64.65,163.96,0.7391,-1,-1,-1
207,13,1073.11,435.80,80.97,283.85,0.6520,-1,-1,-1
208,2,833.25,434.89,148.57,379.05,0.8236,-1,-1,-1
208,10,1009.23,450.14,92.83,311.89,0.6928,-1,-1,-1
208,3,679.33,420.27,172.40,574.04,0.8346,-1,-1,-1
208,15,580.99,454.41,63.60,162.93,0.7305,-1,-1,-1
208,13,1076.91,434.24,77.05,297.53,0.5922,-1,-1,-1
209,2,835.82,434.59,146.72,380.24,0.8075,-1,-1,-1
209,10,1011.88,446.69,123.23,316.02,0.5993,-1,-1,-1
209,3,683.30,416.97,171.26,577.71,0.8193,-1,-1,-1
209,15,582.28,456.84,65.42,160.62,0.7433,-1,-1,-1
209,13,1082.71,433.84,76.89,287.84,0.6136,-1,-1,-1
210,2,839.61,429.93,147.73,384.48,0.8139,-1,-1,-1
210,10,1016.30,444.63,141.07,318.56,0.8152,-1,-1,-1
210,3,686.05,415.84,171.53,578.69,0.7953,-1,-1,-1
210,15,584.12,457.37,66.59,159.73,0.7272,-1,-1,-1
211,2,845.57,430.19,148.80,385.82,0.7886,-1,-1,-1
211,10,1019.48,443.71,152.74,319.74,0.8007,-1,-1,-1
211,3,686.31,418.57,174.06,576.42,0.8112,-1,-1,-1
211,15,584.91,453.63,69.67,163.24,0.7423,-1,-1,-1
212,2,851.56,430.50,147.51,386.04,0.7878,-1,-1,-1
212,10,1021.17,444.71,160.78,319.66,0.7905,-1,-1,-1
212,3,688.18,416.43,173.59,578.40,0.8253,-1,-1,-1
212,15,587.19,451.99,68.56,164.21,0.7129,-1,-1,-1
213,2,860.47,430.58,141.45,386.68,0.8084,-1,-1,-1
213,10,1021.59,446.96,164.46,319.06,0.8067,-1,-1,-1
213,3,688.72,414.55,176.32,579.73,0.8220,-1,-1,-1
213,15,588.16,452.30,68.26,164.34,0.7383,-1,-1,-1
213,13,1099.54,434.18,79.09,274.55,0.5038,-1,-1,-1
214,2,869.13,429.69,137.82,385.93,0.8162,-1,-1,-1
214,10,1021.35,448.00,166.13,319.31,0.7728,-1,-1,-1
214,3,690.13,413.71,175.96,580.04,0.8243,-1,-1,-1
214,15,589.28,451.44,67.62,166.21,0.7260,-1,-1,-1
214,13,1104.71,431.99,78.77,277.40,0.5416,-1,-1,-1
215,2,877.38,429.19,130.51,387.11,0.8101,-1,-1,-1
215,10,1021.52,447.14,164.06,321.08,0.8160,-1,-1,-1
215,3,692.92,412.12,176.11,582.12,0.8178,-1,-1,-1
215,15,591.03,453.99,66.95,163.45,0.6824,-1,-1,-1
215,13,1111.42,427.93,77.63,287.08,0.5558,-1,-1,-1
216,2,882.21,427.80,126.59,388.61,0.8191,-1,-1,-1
216,10,1022.04,446.38,167.07,323.42,0.8255,-1,-1,-1
216,3,695.25,414.04,176.38,580.04,0.7933,-1,-1,-1
216,15,593.89,455.58,65.57,165.40,0.6857,-1,-1,-1
217,2,884.59,428.40,125.19,390.86,0.8152,-1,-1,-1
217,10,1023.94,446.47,166.52,323.27,0.7896,-1,-1,-1
217,3,694.99,413.45,180.64,580.11,0.7479,-1,-1,-1
217,15,595.23,457.11,65.64,165.45,0.7145,-1,-1,-1
218,2,887.71,427.47,124.74,395.27,0.8202,-1,-1,-1
218,10,1027.60,442.69,163.76,327.45,0.7870,-1,-1,-1
218,3,697.93,411.33,184.24,582.72,0.7671,-1,-1,-1
218,15,597.61,457.77,64.79,165.18,0.6982,-1,-1,-1
219,2,890.25,426.04,126.57,400.16,0.8411,-1,-1,-1
219,10,1035.48,438.80,155.62,331.07,0.7945,-1,-1,-1
219,3,701.29,411.12,186.55,582.79,0.7602,-1,-1,-1
219,15,596.46,460.29,65.49,165.28,0.6769,-1,-1,-1
219,17,509.12,439.33,42.70,119.77,0.5114,-1,-1,-1
220,2,892.58,425.90,126.98,405.20,0.8422,-1,-1,-1
220,10,1044.33,438.74,147.50,330.87,0.8068,-1,-1,-1
220,3,708.85,410.02,191.10,583.28,0.8118,-1,-1,-1
220,15,596.93,461.37,65.40,164.96,0.7001,-1,-1,-1
220,17,508.83,438.76,43.06,120.19,0.5422,-1,-1,-1
221,2,895.70,424.97,128.14,407.97,0.8386,-1,-1,-1
221,10,1052.74,438.45,140.01,331.09,0.8092,-1,-1,-1
221,3,714.54,410.30,205.61,583.81,0.8604,-1,-1,-1
221,15,598.22,460.94,63.04,163.85,0.7230,-1,-1,-1
221,17,509.03,439.35,42.67,120.37,0.5023,-1,-1,-1
221,13,1148.99,436.98,69.04,293.49,0.5497,-1,-1,-1
222,2,897.14,424.81,130.03,409.32,0.8379,-1,-1,-1
222,10,1064.70,439.30,128.40,330.30,0.8168,-1,-1,-1
222,3,716.91,410.45,219.35,584.03,0.8614,-1,-1,-1
222,15,600.31,461.23,60.14,163.34,0.7403,-1,-1,-1
222,13,1154.91,434.59,76.46,294.86,0.5986,-1,-1,-1
223,2,899.99,426.41,129.96,411.02,0.8240,-1,-1,-1
223,10,1077.79,439.29,115.47,331.04,0.7982,-1,-1,-1
223,3,717.70,407.55,239.39,587.39,0.8502,-1,-1,-1
223,15,601.46,459.16,58.75,166.86,0.6914,-1,-1,-1
224,2,901.68,427.32,128.52,412.81,0.8212,-1,-1,-1
224,10,1093.23,440.63,108.25,333.04,0.7632,-1,-1,-1
224,3,721.29,406.78,256.08,587.11,0.8502,-1,-1,-1
224,15,603.37,459.48,57.03,165.55,0.6905,-1,-1,-1
224,17,507.18,440.21,46.16,120.60,0.5185,-1,-1,-1
225,2,903.40,428.01,128.80,414.37,0.8180,-1,-1,-1
225,10,1102.70,440.07,98.46,335.73,0.7244,-1,-1,-1
225,3,724.65,408.66,267.37,586.80,0.8309,-1,-1,-1
225,15,603.74,460.63,58.21,166.43,0.6750,-1,-1,-1
226,2,904.91,428.54,132.30,415.48,0.8178,-1,-1,-1
226,10,1109.14,437.95,94.81,340.38,0.6919,-1,-1,-1
226,3,727.57,405.31,279.81,590.85,0.8566,-1,-1,-1
226,15,604.50,461.95,57.57,167.13,0.6738,-1,-1,-1
226,13,1174.68,432.60,65.16,302.58,0.5215,-1,-1,-1
226,17,507.23,439.88,46.00,120.99,0.5070,-1,-1,-1
227,2,906.36,428.44,135.64,416.67,0.8113,-1,-1,-1
227,10,1114.77,438.10,96.72,342.37,0.7436,-1,-1,-1
227,3,729.95,404.93,289.92,590.51,0.8732,-1,-1,-1
227,15,606.49,460.05,55.71,168.04,0.6644,-1,-1,-1
227,13,1178.86,429.48,67.74,308.11,0.5511,-1,-1,-1
228,2,907.36,426.26,138.32,418.59,0.7917,-1,-1,-1
228,10,1118.11,438.50,99.25,348.32,0.7538,-1,-1,-1
228,3,734.18,406.82,293.30,588.47,0.8740,-1,-1,-1
228,15,607.56,460.61,54.34,167.06,0.6634,-1,-1,-1
229,2,907.45,426.48,139.75,418.52,0.7790,-1,-1,-1
229,10,1119.33,440.50,100.99,348.46,0.7591,-1,-1,-1
229,3,738.58,407.85,297.69,587.75,0.8633,-1,-1,-1
229,15,608.47,457.46,55.31,173.06,0.6667,-1,-1,-1
229,13,1189.47,421.53,73.84,216.78,0.5812,-1,-1,-1
230,2,908.26,425.96,143.42,417.90,0.7787,-1,-1,-1
230,10,1120.77,441.96,107.28,349.10,0.7168,-1,-1,-1
230,3,744.35,410.65,295.18,584.49,0.8321,-1,-1,-1
230,15,610.72,457.62,56.12,174.62,0.6641,-1,-1,-1
230,13,1194.22,418.52,74.13,194.96,0.5678,-1,-1,-1
231,2,910.84,425.53,138.69,417.61,0.7764,-1,-1,-1
231,10,1126.06,440.66,120.35,350.64,0.7973,-1,-1,-1
231,3,750.56,411.15,289.96,585.21,0.8498,-1,-1,-1
231,15,610.93,461.41,58.90,170.56,0.6846,-1,-1,-1
231,13,1199.21,418.35,73.31,187.08,0.5553,-1,-1,-1
232,2,913.35,425.11,134.02,419.05,0.7990,-1,-1,-1
232,10,1132.28,440.37,127.69,351.52,0.7951,-1,-1,-1
232,3,759.24,410.18,282.64,586.21,0.8219,-1,-1,-1
232,15,611.42,457.05,60.08,174.50,0.6764,-1,-1,-1
232,17,508.02,440.84,43.60,120.70,0.5419,-1,-1,-1
233,2,918.92,424.85,128.96,421.97,0.7580,-1,-1,-1
233,10,1134.35,442.01,132.23,351.59,0.8316,-1,-1,-1
233,3,766.45,411.58,276.63,585.09,0.8234,-1,-1,-1
233,15,611.60,454.75,62.54,176.55,0.6711,-1,-1,-1
233,17,508.66,440.63,41.84,120.57,0.5223,-1,-1,-1
234,2,922.96,424.57,126.11,424.97,0.7377,-1,-1,-1
234,10,1135.27,444.09,133.89,352.99,0.8436,-1,-1,-1
234,3,775.06,415.60,269.96,581.91,0.7897,-1,-1,-1
234,15,612.65,456.08,63.90,173.55,0.6641,-1,-1,-1
234,17,508.63,440.36,41.86,120.77,0.5272,-1,-1,-1
235,2,924.82,423.88,125.34,430.66,0.6978,-1,-1,-1
235,10,1135.27,444.75,137.04,355.69,0.8149,-1,-1,-1
235,3,786.26,417.88,259.00,579.44,0.8166,-1,-1,-1
235,15,615.56,454.78,61.25,175.42,0.6713,-1,-1,-1
235,17,508.72,440.56,40.81,120.49,0.5102,-1,-1,-1
235,14,737.17,427.47,155.97,435.49,0.5507,-1,-1,-1
236,2,932.47,423.36,117.86,430.14,0.6907,-1,-1,-1
236,10,1135.69,444.43,138.61,358.03,0.8209,-1,-1,-1
236,3,790.23,413.16,254.84,584.27,0.8125,-1,-1,-1
236,15,619.53,456.47,57.56,173.95,0.6884,-1,-1,-1
236,14,742.36,429.95,146.47,434.81,0.5302,-1,-1,-1
237,2,938.76,423.09,116.22,422.47,0.5452,-1,-1,-1
237,10,1137.54,442.71,139.40,360.76,0.8085,-1,-1,-1
237,3,792.69,415.62,251.12,582.03,0.8147,-1,-1,-1
237,15,621.52,455.20,55.77,175.12,0.6499,-1,-1,-1
237,14,751.64,432.04,135.32,432.34,0.5870,-1,-1,-1
238,2,943.12,422.04,116.22,411.57,0.5794,-1,-1,-1
238,10,1140.75,438.96,138.11,365.02,0.7699,-1,-1,-1
238,3,791.53,411.85,251.92,585.69,0.8136,-1,-1,-1
238,15,624.00,458.07,52.06,175.18,0.6747,-1,-1,-1
239,10,1147.09,437.91,132.38,366.81,0.7496,-1,-1,-1
239,3,793.15,409.02,249.06,589.05,0.8386,-1,-1,-1
239,15,625.89,460.17,52.51,174.21,0.6684,-1,-1,-1
240,10,1158.42,437.47,122.11,370.48,0.7143,-1,-1,-1
240,3,796.40,410.89,245.56,587.67,0.8480,-1,-1,-1
240,15,627.62,460.59,51.64,172.97,0.5954,-1,-1,-1
240,18,716.67,438.00,163.08,430.20,0.6310,-1,-1,-1
240,2,953.92,424.21,115.50,415.70,0.6240,-1,-1,-1
241,10,1169.80,437.78,113.09,371.24,0.7354,-1,-1,-1
241,3,807.39,414.47,235.73,585.13,0.8196,-1,-1,-1
241,15,628.97,458.21,55.04,174.37,0.5834,-1,-1,-1
241,18,721.19,437.26,161.77,429.61,0.6225,-1,-1,-1
241,19,1250.41,430.20,65.77,325.41,0.5438,-1,-1,-1
241,2,959.48,425.03,111.22,416.93,0.6740,-1,-1,-1
242,10,1179.46,437.46,110.65,368.72,0.6818,-1,-1,-1
242,3,820.19,420.71,221.96,581.56,0.8240,-1,-1,-1
242,15,629.19,459.10,56.99,171.78,0.5867,-1,-1,-1
242,18,749.91,437.15,135.16,433.73,0.6463,-1,-1,-1
242,2,959.36,425.53,113.71,413.68,0.5606,-1,-1,-1
243,10,1187.92,435.94,108.05,368.87,0.6389,-1,-1,-1
243,3,828.35,409.06,214.52,595.31,0.8007,-1,-1,-1
243,15,630.36,460.83,59.60,169.06,0.5670,-1,-1,-1
243,18,740.20,436.92,147.88,433.26,0.6695,-1,-1,-1
244,10,1197.62,434.07,111.74,370.06,0.7684,-1,-1,-1
244,3,838.85,399.72,205.70,607.80,0.7915,-1,-1,-1
244,15,631.35,461.92,63.83,168.89,0.5952,-1,-1,-1
244,18,737.38,436.16,151.51,433.26,0.6903,-1,-1,-1
245,10,1204.56,432.34,115.15,372.01,0.7983,-1,-1,-1
245,3,847.31,400.13,201.76,613.43,0.7382,-1,-1,-1
245,15,631.72,462.81,65.35,168.66,0.5915,-1,-1,-1
245,18,736.89,437.11,155.79,434.53,0.6435,-1,-1,-1
246,10,1209.21,431.51,113.31,371.60,0.7652,-1,-1,-1
246,3,855.69,407.91,197.57,615.61,0.7832,-1,-1,-1
246,15,632.60,461.73,64.87,169.23,0.5923,-1,-1,-1
246,18,736.65,438.62,161.92,434.19,0.5698,-1,-1,-1
247,10,1212.56,430.66,117.99,370.61,0.7320,-1,-1,-1
247,3,865.65,416.60,190.00,615.37,0.7729,-1,-1,-1
247,15,632.50,459.25,68.00,172.22,0.5075,-1,-1,-1
247,18,760.84,436.99,144.55,438.81,0.5569,-1,-1,-1
248,10,1216.37,430.96,130.04,371.32,0.8024,-1,-1,-1
248,3,876.27,419.09,185.91,618.90,0.7379,-1,-1,-1
248,15,636.49,460.58,62.54,171.42,0.5894,-1,-1,-1
248,18,770.00,434.96,138.56,442.26,0.5747,-1,-1,-1
249,10,1219.27,431.00,145.85,371.80,0.6993,-1,-1,-1
249,3,884.66,421.90,182.15,620.90,0.7133,-1,-1,-1
249,15,637.35,455.11,61.98,177.66,0.5774,-1,-1,-1
249,18,778.68,432.09,140.27,445.69,0.7505,-1,-1,-1
250,10,1221.09,431.79,165.10,372.46,0.7418,-1,-1,-1
250,3,891.29,423.07,208.39,617.93,0.7204,-1,-1,-1
250,15,641.86,451.53,64.60,181.98,0.6447,-1,-1,-1
250,18,781.51,428.80,144.73,449.38,0.7529,-1,-1,-1
251,10,1220.41,430.43,183.34,374.37,0.8487,-1,-1,-1
251,3,901.05,414.34,213.80,629.61,0.7894,-1,-1,-1
251,15,646.57,450.11,66.68,182.26,0.6700,-1,-1,-1
251,18,785.37,428.44,141.87,450.07,0.7635,-1,-1,-1
252,10,1220.15,428.01,196.75,377.77,0.8414,-1,-1,-1
252,3,909.17,407.05,216.47,634.98,0.8474,-1,-1,-1
252,15,649.42,448.30,67.39,183.72,0.7185,-1,-1,-1
252,18,786.52,428.95,142.56,450.66,0.7428,-1,-1,-1
253,10,1220.39,427.34,203.61,379.79,0.8539,-1,-1,-1
253,3,917.34,405.05,212.98,636.91,0.8429,-1,-1,-1
253,15,651.80,447.04,66.47,185.27,0.6938,-1,-1,-1
253,18,789.84,430.98,138.06,447.12,0.7412,-1,-1,-1
254,10,1219.95,424.93,204.58,383.96,0.8595,-1,-1,-1
254,3,922.66,407.59,206.85,634.09,0.8355,-1,-1,-1
254,15,654.84,447.61,63.96,184.51,0.7196,-1,-1,-1
254,18,789.15,432.30,138.42,445.55,0.7462,-1,-1,-1
254,20,1841.33,408.86,78.15,371.18,0.5196,-1,-1,-1
255,10,1219.94,426.39,209.50,384.66,0.8621,-1,-1,-1
255,3,926.76,405.73,196.34,637.29,0.8328,-1,-1,-1
255,15,656.87,448.55,64.06,183.97,0.6826,-1,-1,-1
255,18,797.49,431.11,135.00,446.22,0.7032,-1,-1,-1
255,20,1820.57,394.57,98.93,385.18,0.7462,-1,-1,-1
256,10,1223.18,427.39,210.22,385.77,0.8679,-1,-1,-1
256,3,930.06,407.23,195.43,633.87,0.8421,-1,-1,-1
256,15,658.14,449.59,67.32,183.88,0.7103,-1,-1,-1
256,18,805.17,431.83,130.51,448.65,0.7444,-1,-1,-1
256,20,1807.55,393.18,111.85,386.70,0.7645,-1,-1,-1
257,10,1227.55,428.23,209.53,385.98,0.8663,-1,-1,-1
257,3,932.17,407.41,190.65,634.24,0.8272,-1,-1,-1
257,15,658.54,451.39,70.21,183.05,0.7086,-1,-1,-1
257,18,810.00,432.99,128.39,457.02,0.7060,-1,-1,-1
257,20,1806.80,393.10,112.64,387.45,0.7880,-1,-1,-1
258,10,1237.23,427.65,201.74,386.04,0.8651,-1,-1,-1
258,3,936.08,400.94,186.34,640.45,0.8026,-1,-1,-1
258,15,659.58,449.05,71.78,189.06,0.7454,-1,-1,-1
258,18,800.26,433.04,139.37,468.41,0.6284,-1,-1,-1
258,20,1803.75,395.22,115.14,384.47,0.7381,-1,-1,-1
259,10,1247.67,427.33,191.65,385.95,0.8004,-1,-1,-1
259,3,936.78,396.53,183.15,645.69,0.7606,-1,-1,-1
259,15,660.13,449.77,73.11,188.54,0.7307,-1,-1,-1
259,18,807.73,432.34,131.55,472.92,0.6528,-1,-1,-1
259,20,1786.54,398.52,132.03,378.74,0.7976,-1,-1,-1
260,10,1258.79,426.37,181.53,386.86,0.7872,-1,-1,-1
260,3,938.67,395.75,178.26,645.33,0.7713,-1,-1,-1
260,15,662.33,451.32,71.60,186.37,0.7028,-1,-1,-1
260,18,812.25,432.43,128.78,477.08,0.5791,-1,-1,-1
260,20,1759.18,400.95,159.58,375.88,0.7756,-1,-1,-1
261,10,1273.51,426.27,166.70,387.17,0.7394,-1,-1,-1
261,3,940.58,398.25,176.25,643.09,0.7815,-1,-1,-1
261,15,663.54,451.00,70.96,188.26,0.7249,-1,-1,-1
261,18,790.72,439.24,146.84,475.31,0.5593,-1,-1,-1
261,20,1724.62,399.26,194.34,378.76,0.7868,-1,-1,-1
262,10,1297.99,424.86,144.67,390.34,0.7774,-1,-1,-1
262,3,941.09,396.56,175.04,645.16,0.7996,-1,-1,-1
262,15,664.27,450.67,70.60,189.35,0.6880,-1,-1,-1
262,18,809.42,435.73,134.43,479.81,0.6393,-1,-1,-1
262,20,1693.55,409.02,224.35,369.91,0.8118,-1,-1,-1
263,10,1312.72,424.50,137.87,391.49,0.7907,-1,-1,-1
263,3,943.41,396.02,174.93,645.67,0.8203,-1,-1,-1
263,15,664.62,452.11,71.96,187.32,0.6493,-1,-1,-1
263,18,818.07,434.49,128.17,481.97,0.6634,-1,-1,-1
263,20,1672.84,419.85,245.03,358.64,0.8338,-1,-1,-1
264,10,1328.52,421.69,129.10,395.88,0.8137,-1,-1,-1
264,3,945.55,398.03,178.58,643.15,0.8215,-1,-1,-1
264,15,666.05,452.40,73.13,186.99,0.6317,-1,-1,-1
264,18,822.89,433.76,121.98,482.41,0.6325,-1,-1,-1
264,20,1660.93,424.81,255.45,353.68,0.8500,-1,-1,-1
265,10,1340.09,421.64,121.61,398.03,0.8056,-1,-1,-1
265,3,947.07,400.52,181.34,641.25,0.8286,-1,-1,-1
265,15,668.73,452.18,73.26,187.12,0.6308,-1,-1,-1
265,18,825.23,433.23,120.43,483.77,0.5963,-1,-1,-1
265,20,1654.83,427.49,254.87,350.18,0.8360,-1,-1,-1
266,10,1347.56,421.86,121.22,403.07,0.8193,-1,-1,-1
266,3,949.10,402.08,177.97,639.79,0.8176,-1,-1,-1
266,15,673.12,453.46,71.48,185.49,0.5930,-1,-1,-1
266,18,826.17,432.19,119.89,485.48,0.6313,-1,-1,-1
266,20,1651.62,419.00,246.67,356.53,0.8503,-1,-1,-1
267,10,1353.35,419.66,120.81,411.35,0.8201,-1,-1,-1
267,3,950.72,402.33,175.96,639.45,0.8105,-1,-1,-1
267,15,674.98,453.90,71.13,183.99,0.6218,-1,-1,-1
267,18,826.13,429.44,119.58,489.88,0.7041,-1,-1,-1
267,20,1650.05,419.24,232.80,349.91,0.8300,-1,-1,-1
268,10,1356.50,422.26,133.56,410.15,0.8309,-1,-1,-1
268,3,951.49,403.33,172.76,638.80,0.8181,-1,-1,-1
268,15,677.00,454.07,69.41,183.21,0.6810,-1,-1,-1
268,18,825.48,429.59,123.52,489.44,0.5945,-1,-1,-1
268,20,1651.08,417.38,207.04,342.65,0.8203,-1,-1,-1
269,10,1360.68,423.41,152.42,412.87,0.8576,-1,-1,-1
269,3,951.85,403.50,175.89,639.06,0.8197,-1,-1,-1
269,15,678.82,453.60,67.84,183.04,0.6683,-1,-1,-1
269,18,823.94,428.84,125.33,491.71,0.5654,-1,-1,-1
269,20,1651.38,417.84,182.77,338.83,0.8101,-1,-1,-1
270,10,1363.88,423.86,169.34,414.74,0.8497,-1,-1,-1
270,3,953.10,404.23,173.50,638.78,0.8080,-1,-1,-1
270,15,681.37,452.65,66.41,185.46,0.6998,-1,-1,-1
270,18,825.89,427.24,131.71,493.99,0.5995,-1,-1,-1
270,20,1652.45,413.06,152.20,340.98,0.8015,-1,-1,-1
271,10,1364.45,423.61,187.43,415.25,0.8316,-1,-1,-1
271,3,955.51,404.93,168.14,638.57,0.7717,-1,-1,-1
271,15,684.83,449.38,65.37,190.75,0.6160,-1,-1,-1
271,18,826.71,426.40,135.46,495.42,0.6076,-1,-1,-1
271,20,1653.21,414.88,121.34,338.31,0.7669,-1,-1,-1
272,10,1364.58,425.10,196.77,415.81,0.8649,-1,-1,-1
272,3,959.35,404.30,161.30,638.99,0.8078,-1,-1,-1
272,15,687.44,446.76,66.42,195.82,0.6513,-1,-1,-1
272,18,829.07,426.44,134.33,495.04,0.6614,-1,-1,-1
272,20,1643.51,415.99,101.30,335.62,0.7026,-1,-1,-1
273,10,1365.20,426.78,201.23,418.94,0.8805,-1,-1,-1
273,3,962.83,403.51,158.78,639.76,0.8123,-1,-1,-1
273,15,688.57,444.35,67.22,200.05,0.6531,-1,-1,-1
273,18,830.72,424.71,133.55,496.10,0.6601,-1,-1,-1
273,20,1637.10,425.93,87.11,326.20,0.7103,-1,-1,-1
274,10,1366.81,425.97,204.99,425.68,0.8754,-1,-1,-1
274,3,964.76,403.32,155.82,640.16,0.8158,-1,-1,-1
274,15,689.07,447.93,67.45,194.27,0.5838,-1,-1,-1
274,18,832.13,424.51,133.86,495.66,0.6800,-1,-1,-1
274,20,1624.35,435.21,92.64,315.31,0.7957,-1,-1,-1
275,10,1370.42,424.76,204.98,429.53,0.8780,-1,-1,-1
275,3,966.32,404.26,153.62,639.56,0.7983,-1,-1,-1
275,15,691.79,448.71,71.64,194.09,0.5685,-1,-1,-1
275,18,832.70,422.98,134.31,496.37,0.7002,-1,-1,-1
275,20,1596.20,438.41,118.67,312.53,0.7846,-1,-1,-1
276,10,1375.51,425.14,199.98,430.15,0.8333,-1,-1,-1
276,3,967.81,402.25,154.21,641.46,0.8142,-1,-1,-1
276,15,696.79,449.05,68.49,192.99,0.5449,-1,-1,-1
276,18,831.42,423.27,132.45,495.89,0.7021,-1,-1,-1
276,20,1573.35,438.83,138.66,313.93,0.8035,-1,-1,-1
277,10,1379.63,425.40,196.25,430.40,0.8147,-1,-1,-1
277,3,970.74,403.19,155.19,640.95,0.8281,-1,-1,-1
277,18,828.94,423.36,131.65,496.03,0.6845,-1,-1,-1
277,20,1554.36,425.46,156.62,327.68,0.8513,-1,-1,-1
278,10,1387.15,425.68,205.10,428.07,0.8073,-1,-1,-1
278,3,971.12,402.02,158.17,642.68,0.8239,-1,-1,-1
278,18,830.20,423.09,130.54,496.10,0.7099,-1,-1,-1
278,20,1537.87,448.18,172.84,302.75,0.8507,-1,-1,-1
279,10,1427.04,429.46,164.26,421.98,0.5474,-1,-1,-1
279,3,973.81,401.28,158.41,644.22,0.8244,-1,-1,-1
279,18,829.18,421.31,132.02,498.13,0.7356,-1,-1,-1
279,20,1530.64,430.23,178.57,319.20,0.8376,-1,-1,-1
280,10,1447.46,428.92,144.79,422.38,0.7809,-1,-1,-1
280,3,975.55,401.14,162.35,643.75,0.8128,-1,-1,-1
280,18,826.78,419.86,135.24,499.56,0.7231,-1,-1,-1
280,20,1542.17,444.15,162.10,301.63,0.7798,-1,-1,-1
280,15,712.07,451.77,74.95,193.33,0.5381,-1,-1,-1
281,10,1458.13,428.63,128.36,421.84,0.7883,-1,-1,-1
281,3,977.61,399.15,165.29,645.14,0.8157,-1,-1,-1
281,18,826.91,419.84,141.57,499.52,0.7255,-1,-1,-1
281,20,1545.93,424.55,148.74,323.39,0.6383,-1,-1,-1
281,15,714.85,455.02,76.34,191.35,0.6095,-1,-1,-1
282,10,1467.01,432.98,122.36,418.37,0.7364,-1,-1,-1
282,3,979.12,399.88,168.31,644.17,0.7954,-1,-1,-1
282,18,826.47,419.40,149.86,498.37,0.7456,-1,-1,-1
282,20,1542.88,420.87,135.72,322.34,0.5455,-1,-1,-1
282,15,714.80,458.39,80.12,186.89,0.5087,-1,-1,-1
283,10,1472.33,432.18,136.04,420.98,0.7704,-1,-1,-1
283,3,982.64,399.50,168.69,644.50,0.7813,-1,-1,-1
283,18,825.80,420.29,162.81,497.69,0.7567,-1,-1,-1
283,15,716.57,458.86,80.28,185.67,0.6083,-1,-1,-1
284,10,1479.42,429.55,143.11,422.76,0.7981,-1,-1,-1
284,3,989.40,400.70,160.81,642.49,0.7639,-1,-1,-1
284,18,825.36,420.64,174.73,498.53,0.7645,-1,-1,-1
284,15,717.85,458.07,80.52,186.72,0.6897,-1,-1,-1
285,10,1487.58,433.91,142.23,418.62,0.7758,-1,-1,-1
285,3,992.65,403.30,156.75,639.87,0.7923,-1,-1,-1
285,18,825.78,425.65,182.92,496.87,0.7774,-1,-1,-1
285,15,717.11,456.45,82.83,188.27,0.7342,-1,-1,-1
286,10,1495.52,434.47,152.48,417.83,0.8168,-1,-1,-1
286,3,995.28,405.59,154.67,637.82,0.7906,-1,-1,-1
286,18,825.89,425.39,189.25,498.49,0.7843,-1,-1,-1
286,15,716.97,454.84,86.09,189.87,0.7743,-1,-1,-1
287,10,1499.29,431.46,175.01,421.12,0.8299,-1,-1,-1
287,3,995.66,406.41,155.62,637.19,0.7841,-1,-1,-1
287,18,828.35,422.43,192.16,500.08,0.8053,-1,-1,-1
287,15,718.54,454.99,85.58,189.16,0.7627,-1,-1,-1
288,10,1503.22,429.99,200.00,426.06,0.8567,-1,-1,-1
288,3,997.30,406.62,154.41,637.54,0.7845,-1,-1,-1
288,18,830.12,421.47,193.27,500.61,0.8140,-1,-1,-1
288,15,721.40,449.50,83.20,193.64,0.7396,-1,-1,-1
289,10,1505.71,435.35,219.46,423.31,0.8817,-1,-1,-1
289,3,999.32,407.83,152.99,635.97,0.7846,-1,-1,-1
289,18,834.40,422.94,190.13,497.97,0.8089,-1,-1,-1
289,15,725.49,447.32,81.28,196.36,0.6597,-1,-1,-1
290,10,1505.70,436.16,235.79,427.89,0.8746,-1,-1,-1
290,3,1002.33,405.91,151.45,637.95,0.8122,-1,-1,-1
290,18,839.15,419.12,185.27,501.87,0.8087,-1,-1,-1
290,15,729.84,448.21,80.18,195.55,0.6345,-1,-1,-1
291,10,1504.03,434.76,249.96,433.30,0.8359,-1,-1,-1
291,3,1003.77,404.03,153.28,639.16,0.7856,-1,-1,-1
291,18,835.19,420.50,189.73,501.14,0.8189,-1,-1,-1
291,15,733.37,452.65,78.75,192.48,0.6253,-1,-1,-1
291,20,1415.97,424.68,153.40,293.62,0.6329,-1,-1,-1
292,10,1502.46,435.42,256.13,436.92,0.8560,-1,-1,-1
292,3,1003.47,403.76,155.03,638.86,0.7559,-1,-1,-1
292,18,835.11,422.02,190.32,498.52,0.8121,-1,-1,-1
292,15,741.31,452.47,70.88,193.17,0.6021,-1,-1,-1
293,10,1502.14,436.53,261.71,441.13,0.8686,-1,-1,-1
293,3,1006.33,404.33,155.13,638.06,0.8020,-1,-1,-1
293,18,839.14,418.66,185.76,502.36,0.8220,-1,-1,-1
293,15,744.80,450.29,68.89,196.35,0.6662,-1,-1,-1
293,20,1399.44,428.70,135.63,281.06,0.7028,-1,-1,-1
294,10,1502.66,435.83,266.56,444.91,0.8660,-1,-1,-1
294,3,1008.10,403.07,154.87,640.37,0.8147,-1,-1,-1
294,18,842.22,415.58,183.06,505.66,0.8318,-1,-1,-1
294,15,747.52,451.55,64.75,195.04,0.6552,-1,-1,-1
294,20,1396.15,429.14,136.79,280.51,0.7576,-1,-1,-1
295,10,1502.52,432.13,268.60,447.94,0.8549,-1,-1,-1
295,3,1009.69,402.95,152.30,640.59,0.8107,-1,-1,-1
295,18,845.18,413.43,180.52,507.38,0.8263,-1,-1,-1
295,15,748.00,451.71,69.03,196.19,0.6376,-1,-1,-1
295,20,1391.38,428.83,146.67,280.94,0.7587,-1,-1,-1
296,10,1511.37,430.09,258.67,450.23,0.8341,-1,-1,-1
296,3,1009.49,403.59,154.69,639.41,0.8181,-1,-1,-1
296,18,848.67,412.75,177.41,508.45,0.8370,-1,-1,-1
296,15,750.70,450.01,73.91,196.75,0.6583,-1,-1,-1
296,20,1392.36,427.65,143.52,282.09,0.7694,-1,-1,-1
297,10,1527.19,429.94,240.45,449.97,0.7895,-1,-1,-1
297,3,1011.14,404.60,154.92,637.75,0.8149,-1,-1,-1
297,18,852.78,409.89,173.23,511.49,0.8351,-1,-1,-1
297,15,757.19,448.49,71.46,199.19,0.7291,-1,-1,-1
297,20,1395.90,431.87,136.67,278.29,0.7833,-1,-1,-1
298,10,1540.75,430.75,227.23,447.41,0.7482,-1,-1,-1
298,3,1010.78,405.58,157.30,636.28,0.8085,-1,-1,-1
298,18,855.26,410.07,170.82,512.58,0.8060,-1,-1,-1
298,15,757.71,447.60,71.87,199.95,0.7156,-1,-1,-1
298,20,1395.80,438.06,126.01,270.45,0.7831,-1,-1,-1
299,10,1554.80,425.77,219.96,454.17,0.7704,-1,-1,-1
299,3,1010.76,405.18,160.44,635.45,0.8110,-1,-1,-1
299,18,865.58,413.51,160.64,512.73,0.7731,-1,-1,-1
299,15,762.10,450.49,71.00,199.08,0.7053,-1,-1,-1
299,20,1394.66,446.89,111.97,260.67,0.7392,-1,-1,-1
300,10,1574.55,423.32,196.21,457.05,0.6959,-1,-1,-1
300,3,1012.03,405.33,162.01,632.27,0.8217,-1,-1,-1
300,18,875.55,417.51,148.97,513.50,0.7726,-1,-1,-1
300,15,765.17,450.88,70.65,198.96,0.7139,-1,-1,-1
300,20,1386.20,430.12,102.09,276.89,0.7877,-1,-1,-1
301,10,1604.82,422.06,181.34,457.39,0.7294,-1,-1,-1
301,3,1011.00,404.98,161.39,629.72,0.8169,-1,-1,-1
301,18,884.18,418.75,139.03,520.47,0.7650,-1,-1,-1
301,15,769.38,449.98,68.26,199.78,0.7476,-1,-1,-1
301,20,1381.40,442.40,88.21,264.10,0.8124,-1,-1,-1
302,10,1628.15,417.08,164.22,463.32,0.7632,-1,-1,-1
302,3,1008.58,405.88,164.37,625.44,0.8146,-1,-1,-1
302,18,889.17,419.16,134.22,527.19,0.7534,-1,-1,-1
302,15,770.92,454.15,71.20,196.70,0.7885,-1,-1,-1
302,20,1372.23,450.76,85.24,256.39,0.8322,-1,-1,-1
303,10,1646.63,411.18,152.12,475.68,0.7716,-1,-1,-1
303,3,1011.07,405.15,163.21,622.37,0.8100,-1,-1,-1
303,18,879.32,420.54,144.61,528.58,0.7567,-1,-1,-1
303,15,771.96,454.19,71.89,197.70,0.7770,-1,-1,-1
303,20,1360.06,430.52,87.87,275.69,0.7919,-1,-1,-1
303,23,0.13,655.55,116.64,202.90,0.6844,-1,-1,-1
304,10,1660.52,410.14,153.23,486.19,0.7762,-1,-1,-1
304,3,1012.40,404.31,168.59,622.54,0.8100,-1,-1,-1
304,18,871.50,420.27,153.50,530.89,0.7953,-1,-1,-1
304,15,773.91,454.03,74.57,198.67,0.7692,-1,-1,-1
304,20,1346.17,423.72,94.98,282.24,0.7747,-1,-1,-1
304,23,0.06,579.43,118.61,278.86,0.7201,-1,-1,-1
305,10,1670.15,412.69,150.62,491.68,0.7422,-1,-1,-1
305,3,1012.59,404.25,179.54,620.58,0.7974,-1,-1,-1
305,18,873.32,420.76,151.78,531.11,0.7790,-1,-1,-1
305,15,774.95,451.44,76.01,203.05,0.7745,-1,-1,-1
305,20,1336.68,424.28,100.19,281.41,0.7662,-1,-1,-1
305,23,0.32,512.03,117.88,346.40,0.6235,-1,-1,-1
306,10,1674.17,415.68,167.11,495.16,0.8635,-1,-1,-1
306,3,1014.31,404.79,191.73,616.92,0.8195,-1,-1,-1
306,18,874.81,420.36,151.14,532.03,0.7988,-1,-1,-1
306,15,776.63,448.51,76.22,206.68,0.7658,-1,-1,-1
306,20,1322.10,434.33,113.53,269.28,0.8031,-1,-1,-1
306,23,0.18,470.37,121.82,389.42,0.7374,-1,-1,-1
307,10,1679.03,414.05,199.30,501.36,0.8523,-1,-1,-1
307,3,1016.18,402.86,200.89,617.08,0.8297,-1,-1,-1
307,18,873.46,419.92,153.07,532.40,0.8147,-1,-1,-1
307,15,779.43,450.79,74.15,203.71,0.7219,-1,-1,-1
307,20,1311.29,445.35,124.10,256.02,0.8039,-1,-1,-1
307,23,0.38,419.41,122.85,441.52,0.7493,-1,-1,-1
307,24,1184.62,442.53,41.04,106.06,0.5622,-1,-1,-1
308,10,1680.47,416.81,224.39,500.43,0.8351,-1,-1,-1
308,3,1016.61,401.80,211.00,616.04,0.8433,-1,-1,-1
308,18,874.31,420.30,152.73,532.10,0.8196,-1,-1,-1
308,15,782.14,449.82,72.37,203.93,0.7512,-1,-1,-1
308,20,1301.45,436.70,132.45,263.67,0.8114,-1,-1,-1
308,23,0.50,394.30,123.59,466.69,0.7872,-1,-1,-1
308,25,1606.72,403.49,130.17,403.21,0.6368,-1,-1,-1
309,10,1680.13,417.54,235.83,503.18,0.8586,-1,-1,-1
309,3,1016.95,400.02,220.46,616.14,0.8482,-1,-1,-1
309,18,873.37,421.09,153.42,530.70,0.8313,-1,-1,-1
309,15,788.72,447.68,68.59,206.91,0.7213,-1,-1,-1
309,20,1294.00,433.24,137.59,267.50,0.8018,-1,-1,-1
309,23,0.49,381.63,123.92,479.53,0.8111,-1,-1,-1
309,25,1609.04,405.69,135.28,401.93,0.5926,-1,-1,-1
310,10,1677.51,417.76,245.54,509.49,0.8810,-1,-1,-1
310,3,1017.43,399.85,228.01,615.10,0.8572,-1,-1,-1
310,18,874.26,421.63,151.99,530.07,0.8078,-1,-1,-1
310,15,793.86,445.53,65.30,209.48,0.7222,-1,-1,-1
310,20,1288.24,430.25,139.00,269.66,0.7629,-1,-1,-1
310,23,0.41,377.32,124.11,483.77,0.8050,-1,-1,-1
310,25,1615.34,408.73,139.02,400.20,0.5079,-1,-1,-1
311,10,1674.97,418.90,250.97,514.32,0.8750,-1,-1,-1
311,3,1016.77,401.58,232.14,613.09,0.8585,-1,-1,-1
311,18,873.69,421.05,152.72,530.61,0.8185,-1,-1,-1
311,15,798.10,444.72,64.11,210.99,0.7320,-1,-1,-1
311,20,1285.70,431.37,131.67,265.13,0.7591,-1,-1,-1
311,23,0.17,375.04,121.71,483.76,0.8183,-1,-1,-1
311,24,1189.98,446.52,41.58,101.01,0.5117,-1,-1,-1
312,10,1675.27,419.77,251.45,515.97,0.8619,-1,-1,-1
312,3,1019.16,403.12,230.66,611.49,0.8613,-1,-1,-1
312,18,872.03,420.57,154.96,531.51,0.8328,-1,-1,-1
312,15,800.01,446.86,66.04,209.45,0.7321,-1,-1,-1
312,20,1278.89,430.37,122.62,261.54,0.7647,-1,-1,-1
312,23,0.14,374.09,125.59,485.51,0.8304,-1,-1,-1
312,25,1619.93,411.70,150.43,404.12,0.5090,-1,-1,-1
313,10,1679.50,421.27,246.76,516.30,0.8693,-1,-1,-1
313,3,1020.11,402.78,230.58,611.79,0.8614,-1,-1,-1
313,18,870.83,419.88,156.66,532.43,0.8133,-1,-1,-1
313,15,800.96,445.70,72.97,211.22,0.7278,-1,-1,-1
313,20,1273.32,431.65,113.12,257.82,0.7861,-1,-1,-1
313,23,1.07,375.37,136.27,484.98,0.8574,-1,-1,-1
314,10,1687.72,419.72,237.58,518.59,0.8702,-1,-1,-1
314,3,1021.95,402.44,228.20,611.39,0.8651,-1,-1,-1
314,18,869.77,419.25,158.61,533.19,0.8200,-1,-1,-1
314,15,802.55,445.45,75.33,211.67,0.7230,-1,-1,-1
314,20,1273.56,428.39,97.53,259.93,0.8066,-1,-1,-1
314,23,5.83,378.07,148.95,480.52,0.8540,-1,-1,-1
314,24,1192.07,439.66,44.58,111.50,0.5536,-1,-1,-1
315,10,1748.74,421.24,176.01,517.85,0.7127,-1,-1,-1
315,3,1027.13,400.34,222.92,614.16,0.8600,-1,-1,-1
315,18,868.61,417.71,161.14,534.58,0.8149,-1,-1,-1
315,15,805.27,443.86,77.13,213.76,0.7223,-1,-1,-1
315,20,1272.20,427.05,86.07,260.02,0.7805,-1,-1,-1
315,23,13.35,382.74,173.22,477.79,0.8670,-1,-1,-1
315,24,1193.44,435.59,43.55,115.56,0.5376,-1,-1,-1
316,10,1781.43,418.12,141.59,519.29,0.7920,-1,-1,-1
316,3,1032.59,401.11,215.92,612.42,0.8604,-1,-1,-1
316,18,867.47,416.28,161.36,535.96,0.8044,-1,-1,-1
316,15,806.13,444.03,79.05,214.82,0.6920,-1,-1,-1
316,20,1271.02,427.64,75.80,260.97,0.7537,-1,-1,-1
316,23,17.31,390.53,205.11,471.47,0.8803,-1,-1,-1
316,24,1194.88,435.46,44.85,115.77,0.6062,-1,-1,-1
316,25,1640.31,414.16,209.15,470.07,0.6290,-1,-1,-1
317,10,1799.02,416.40,123.45,518.94,0.7080,-1,-1,-1
317,3,1035.97,400.19,212.22,613.62,0.8568,-1,-1,-1
317,18,866.09,417.07,164.88,534.68,0.8188,-1,-1,-1
317,15,807.67,443.68,72.38,216.51,0.6833,-1,-1,-1
317,20,1265.43,423.48,74.61,263.34,0.7733,-1,-1,-1
317,23,18.51,392.51,235.26,469.82,0.8819,-1,-1,-1
317,24,1196.22,436.44,44.26,114.84,0.5818,-1,-1,-1
317,25,1647.58,410.93,205.33,474.13,0.5928,-1,-1,-1
318,10,1791.05,419.70,129.89,524.27,0.6348,-1,-1,-1
318,3,1039.07,399.99,209.60,613.13,0.8527,-1,-1,-1
318,18,867.35,417.01,165.19,534.86,0.8160,-1,-1,-1
318,15,808.71,443.61,70.33,216.71,0.6695,-1,-1,-1
318,20,1258.15,427.15,77.72,259.11,0.7974,-1,-1,-1
318,23,18.42,393.70,262.31,469.48,0.9010,-1,-1,-1
318,24,1198.52,436.87,44.82,113.27,0.5601,-1,-1,-1
319,10,1809.90,416.85,110.93,525.62,0.6739,-1,-1,-1
319,3,1041.34,400.26,207.38,611.97,0.8538,-1,-1,-1
319,18,866.67,416.39,166.48,535.52,0.8182,-1,-1,-1
319,15,813.38,444.31,70.47,215.12,0.6716,-1,-1,-1
319,20,1246.55,427.43,87.74,259.20,0.7733,-1,-1,-1
319,23,18.62,393.70,278.54,469.96,0.8975,-1,-1,-1
319,24,1200.65,438.39,44.79,110.83,0.5848,-1,-1,-1
320,10,1828.41,417.56,92.09,523.96,0.7309,-1,-1,-1
320,3,1044.84,401.17,203.28,610.78,0.8578,-1,-1,-1
320,18,865.91,416.47,168.74,534.90,0.8259,-1,-1,-1
320,15,816.12,444.97,72.12,214.47,0.6271,-1,-1,-1
320,20,1233.93,433.56,100.32,254.23,0.7425,-1,-1,-1
320,23,20.43,396.10,288.25,466.46,0.8933,-1,-1,-1
320,25,1699.10,401.21,161.07,462.40,0.5097,-1,-1,-1
321,10,1844.13,425.31,76.00,516.34,0.7349,-1,-1,-1
321,3,1047.49,400.82,200.35,611.07,0.8622,-1,-1,-1
321,18,867.35,417.04,166.47,534.31,0.8209,-1,-1,-1
321,15,818.73,447.24,69.90,211.83,0.6440,-1,-1,-1
321,20,1231.58,434.87,103.01,252.22,0.7710,-1,-1,-1
321,23,22.18,397.36,293.00,464.26,0.8874,-1,-1,-1
321,25,1714.72,402.17,148.82,446.42,0.5447,-1,-1,-1
322,10,1856.31,427.33,63.54,513.61,0.6971,-1,-1,-1
322,3,1049.08,403.13,198.24,609.40,0.8587,-1,-1,-1
322,18,868.16,416.78,164.42,534.59,0.8248,-1,-1,-1
322,15,820.24,448.45,70.91,210.90,0.6701,-1,-1,-1
322,20,1229.22,440.79,105.53,245.16,0.7587,-1,-1,-1
322,23,24.64,399.29,298.24,456.33,0.8864,-1,-1,-1
322,25,1729.90,397.54,142.21,447.63,0.5505,-1,-1,-1
322,26,1437.10,434.76,45.70,114.61,0.5468,-1,-1,-1
323,10,1861.67,453.95,58.00,488.22,0.6176,-1,-1,-1
323,3,1051.15,402.53,195.55,609.52,0.8646,-1,-1,-1
323,18,869.79,415.88,165.06,535.50,0.8173,-1,-1,-1
323,15,821.14,451.70,73.19,207.48,0.6409,-1,-1,-1
323,20,1228.46,441.23,103.12,243.53,0.7668,-1,-1,-1
323,23,25.96,402.03,302.37,450.55,0.8896,-1,-1,-1
323,25,1739.24,394.98,140.90,447.96,0.6868,-1,-1,-1
324,10,1861.39,440.41,58.23,502.44,0.5789,-1,-1,-1
324,3,1054.46,400.53,192.20,611.64,0.8562,-1,-1,-1
324,18,871.69,415.97,164.62,535.52,0.8081,-1,-1,-1
324,15,821.68,455.64,74.20,203.10,0.6238,-1,-1,-1
324,20,1222.61,439.17,103.85,245.72,0.7489,-1,-1,-1
324,23,31.06,403.64,299.87,444.87,0.8971,-1,-1,-1
324,25,1749.94,394.14,139.63,450.56,0.6027,-1,-1,-1
324,26,1439.96,440.39,51.17,108.44,0.5523,-1,-1,-1
325,10,1864.67,412.98,54.91,528.93,0.5327,-1,-1,-1
325,3,1056.54,398.82,190.80,613.32,0.8535,-1,-1,-1
325,18,873.71,415.50,163.24,535.87,0.8057,-1,-1,-1
325,20,1217.80,442.88,102.85,241.51,0.6803,-1,-1,-1
325,23,39.64,403.37,292.55,443.90,0.9014,-1,-1,-1
325,25,1759.52,393.10,150.88,463.81,0.5504,-1,-1,-1
325,26,1443.94,440.06,51.38,108.09,0.5733,-1,-1,-1
326,3,1057.69,398.52,190.48,613.95,0.8586,-1,-1,-1
326,18,875.28,415.66,162.23,535.91,0.7933,-1,-1,-1
326,20,1212.35,451.90,98.86,229.55,0.5428,-1,-1,-1
326,23,54.08,403.64,278.08,440.63,0.8902,-1,-1,-1
326,25,1766.28,394.52,152.93,490.64,0.6152,-1,-1,-1
326,26,1446.68,441.56,50.62,106.89,0.5908,-1,-1,-1
327,3,1058.29,396.52,190.20,616.59,0.8637,-1,-1,-1
327,18,878.60,416.63,158.86,534.89,0.7847,-1,-1,-1
327,23,76.77,402.08,254.60,438.35,0.8740,-1,-1,-1
327,25,1771.34,393.40,150.97,522.81,0.7191,-1,-1,-1
327,26,1448.29,441.88,52.74,106.44,0.5938,-1,-1,-1
328,3,1058.26,395.99,191.43,617.50,0.8601,-1,-1,-1
328,18,879.73,415.93,157.73,535.82,0.7551,-1,-1,-1
328,23,98.13,394.13,233.05,439.19,0.8826,-1,-1,-1
328,25,1772.61,390.16,150.44,542.98,0.7892,-1,-1,-1
328,26,1452.52,442.63,48.13,105.24,0.6210,-1,-1,-1
329,3,1058.29,398.12,191.77,615.98,0.8602,-1,-1,-1
329,18,876.03,417.42,161.99,535.86,0.7763,-1,-1,-1
329,23,120.67,392.03,209.00,435.08,0.8312,-1,-1,-1
329,25,1770.89,394.25,152.24,544.59,0.8197,-1,-1,-1
329,26,1457.03,442.02,42.67,104.09,0.5395,-1,-1,-1
330,3,1058.34,396.83,191.69,617.52,0.8641,-1,-1,-1
330,18,870.87,418.97,168.80,534.15,0.8044,-1,-1,-1
330,23,145.21,396.91,182.48,427.23,0.8069,-1,-1,-1
330,25,1770.41,396.46,152.59,538.96,0.7416,-1,-1,-1
331,3,1058.53,395.75,193.06,618.57,0.8650,-1,-1,-1
331,18,869.48,419.93,171.44,532.93,0.8023,-1,-1,-1
331,23,172.23,394.19,156.13,428.90,0.7993,-1,-1,-1
331,25,1770.41,393.25,152.25,488.36,0.7398,-1,-1,-1
331,26,1464.10,440.82,38.15,104.95,0.5808,-1,-1,-1
332,3,1059.17,396.35,193.62,618.77,0.8638,-1,-1,-1
332,18,870.91,420.23,173.90,532.47,0.8234,-1,-1,-1
332,23,199.86,392.70,137.08,430.40,0.7744,-1,-1,-1
332,25,1770.98,394.30,151.51,467.98,0.7844,-1,-1,-1
332,26,1467.05,440.04,39.71,106.49,0.5811,-1,-1,-1
333,3,1059.95,396.99,194.69,618.08,0.8717,-1,-1,-1
333,18,871.70,419.77,175.69,532.94,0.8293,-1,-1,-1
333,23,217.89,390.60,132.72,432.48,0.7502,-1,-1,-1
333,25,1770.94,394.46,151.25,462.53,0.7827,-1,-1,-1
333,26,1471.02,440.15,38.83,104.97,0.5665,-1,-1,-1
334,3,1061.03,396.69,193.58,618.44,0.8760,-1,-1,-1
334,18,872.43,420.14,176.77,532.49,0.8306,-1,-1,-1
334,23,226.19,399.05,141.19,423.44,0.7156,-1,-1,-1
334,25,1775.97,392.98,145.85,461.60,0.6609,-1,-1,-1
335,3,1061.45,396.74,192.00,617.58,0.8785,-1,-1,-1
335,18,872.64,419.56,177.54,532.94,0.8365,-1,-1,-1
335,23,206.98,414.76,177.77,407.18,0.7263,-1,-1,-1
335,25,1781.22,403.46,140.25,452.56,0.6193,-1,-1,-1
335,28,0.41,458.08,140.70,327.14,0.6938,-1,-1,-1
335,26,1474.33,438.61,38.79,106.73,0.5401,-1,-1,-1
336,3,1060.70,396.64,192.42,617.49,0.8792,-1,-1,-1
336,18,873.14,420.45,175.65,532.06,0.8423,-1,-1,-1
336,23,209.51,414.96,189.19,404.56,0.6272,-1,-1,-1
336,25,1789.46,429.74,131.70,428.06,0.5101,-1,-1,-1
336,28,0.44,446.47,145.05,341.31,0.8054,-1,-1,-1
336,26,1475.55,437.95,37.72,106.82,0.5231,-1,-1,-1
337,3,1060.79,397.07,194.21,617.52,0.8804,-1,-1,-1
337,18,873.96,419.72,174.50,532.86,0.8339,-1,-1,-1
337,23,222.50,424.68,194.71,397.88,0.7155,-1,-1,-1
337,28,0.47,442.31,149.15,344.64,0.8231,-1,-1,-1
337,26,1476.15,436.56,39.32,109.14,0.5354,-1,-1,-1
338,3,1061.17,397.24,195.62,617.16,0.8736,-1,-1,-1
338,18,874.85,418.74,175.76,534.25,0.8205,-1,-1,-1
338,23,229.40,435.66,209.70,387.29,0.7957,-1,-1,-1
338,28,0.62,446.42,149.57,339.53,0.8322,-1,-1,-1
338,26,1478.85,436.10,40.77,109.61,0.5945,-1,-1,-1
339,3,1062.30,396.69,193.62,617.44,0.8826,-1,-1,-1
339,18,875.47,418.42,173.68,534.79,0.8224,-1,-1,-1
339,23,236.89,415.63,215.09,406.95,0.8189,-1,-1,-1
339,28,0.65,445.43,150.53,339.85,0.8344,-1,-1,-1
339,26,1481.46,436.87,41.78,108.94,0.5214,-1,-1,-1
340,3,1062.76,398.14,194.36,615.66,0.8842,-1,-1,-1
340,18,876.91,418.25,170.83,534.86,0.8207,-1,-1,-1
340,23,237.27,409.07,224.30,413.85,0.8486,-1,-1,-1
340,28,0.63,442.82,149.56,343.26,0.8388,-1,-1,-1
341,3,1063.79,401.49,194.19,612.34,0.8853,-1,-1,-1
341,18,878.11,418.03,169.28,534.72,0.8211,-1,-1,-1
341,23,241.56,423.26,223.01,398.95,0.8178,-1,-1,-1
341,28,0.41,437.67,150.56,347.61,0.8458,-1,-1,-1
342,3,1065.33,400.78,195.99,612.71,0.8777,-1,-1,-1
342,18,881.41,421.56,171.30,530.98,0.8177,-1,-1,-1
342,23,243.33,430.46,224.25,390.63,0.8159,-1,-1,-1
342,28,0.86,439.50,151.48,345.26,0.8342,-1,-1,-1
343,3,1065.63,400.95,194.47,612.53,0.8819,-1,-1,-1
343,18,884.12,422.84,169.52,529.72,0.8164,-1,-1,-1
343,23,245.32,431.52,221.91,388.54,0.8163,-1,-1,-1
343,28,0.66,434.82,151.58,353.40,0.7921,-1,-1,-1
344,3,1066.16,400.10,194.82,613.53,0.8784,-1,-1,-1
344,18,886.38,424.02,168.19,528.36,0.8186,-1,-1,-1
344,23,247.75,419.31,218.55,399.00,0.8107,-1,-1,-1
344,28,6.86,435.11,145.06,351.96,0.7776,-1,-1,-1
345,3,1066.46,400.79,197.52,612.29,0.8807,-1,-1,-1
345,18,888.89,424.24,165.53,527.68,0.8060,-1,-1,-1
345,23,250.84,411.28,214.11,405.91,0.8543,-1,-1,-1
345,28,11.53,433.63,141.73,354.13,0.8136,-1,-1,-1
346,3,1066.90,400.53,196.98,612.98,0.8778,-1,-1,-1
346,18,890.14,424.29,167.26,527.22,0.8131,-1,-1,-1
346,23,260.16,404.76,203.84,410.97,0.8381,-1,-1,-1
346,28,30.47,435.61,127.93,350.61,0.8019,-1,-1,-1
347,3,1067.57,402.25,198.21,611.65,0.8741,-1,-1,-1
347,18,891.54,424.39,168.25,526.86,0.8082,-1,-1,-1
347,23,271.21,402.86,193.14,413.59,0.8133,-1,-1,-1
347,28,47.96,437.98,122.10,345.42,0.8050,-1,-1,-1
348,3,1067.55,400.37,199.98,613.35,0.8733,-1,-1,-1
348,18,895.21,423.67,162.02,527.23,0.8009,-1,-1,-1
348,23,287.60,405.74,178.65,409.21,0.7898,-1,-1,-1
348,28,53.97,435.63,127.52,347.42,0.6841,-1,-1,-1
349,3,1067.53,401.71,201.15,612.28,0.8727,-1,-1,-1
349,18,898.30,422.65,159.56,528.48,0.8063,-1,-1,-1
349,23,298.26,401.92,163.58,405.47,0.8059,-1,-1,-1
349,28,47.81,434.16,143.06,349.07,0.5192,-1,-1,-1
350,3,1067.07,400.40,201.42,613.32,0.8741,-1,-1,-1
350,18,899.23,421.87,161.97,529.32,0.8087,-1,-1,-1
350,23,313.86,398.57,147.43,406.13,0.8006,-1,-1,-1
350,28,67.07,435.70,140.95,347.75,0.7810,-1,-1,-1
351,3,1066.93,399.97,199.84,613.90,0.8754,-1,-1,-1
351,18,899.51,421.80,163.12,528.98,0.8005,-1,-1,-1
351,23,337.79,392.30,124.61,407.67,0.7794,-1,-1,-1
351,28,70.29,437.15,165.47,346.17,0.8100,-1,-1,-1
352,3,1066.38,400.49,201.25,613.57,0.8788,-1,-1,-1
352,18,900.30,422.38,163.27,527.84,0.7984,-1,-1,-1
352,23,356.65,394.60,112.32,403.46,0.7256,-1,-1,-1
352,28,73.09,436.35,184.20,345.95,0.8394,-1,-1,-1
352,29,0.48,504.38,60.15,351.10,0.5708,-1,-1,-1
353,3,1065.71,400.31,201.15,614.00,0.8772,-1,-1,-1
353,18,900.78,421.66,162.03,527.67,0.8015,-1,-1,-1
353,23,369.60,408.59,109.26,390.23,0.5818,-1,-1,-1
353,28,78.72,435.22,198.05,347.35,0.8505,-1,-1,-1
353,29,0.53,506.53,69.61,349.71,0.6886,-1,-1,-1
354,3,1065.58,399.50,201.50,614.89,0.8736,-1,-1,-1
354,18,901.50,421.86,163.85,527.60,0.7946,-1,-1,-1
354,23,369.98,402.11,119.23,397.78,0.5872,-1,-1,-1
354,28,83.90,435.50,206.31,346.93,0.8236,-1,-1,-1
354,29,0.74,500.69,79.30,353.35,0.6864,-1,-1,-1
355,3,1066.07,400.22,199.79,613.88,0.8756,-1,-1,-1
355,18,901.94,421.88,164.79,526.52,0.7722,-1,-1,-1
355,23,356.46,395.17,145.45,402.06,0.5678,-1,-1,-1
355,28,87.29,438.01,209.99,340.46,0.8582,-1,-1,-1
355,29,0.74,474.92,102.61,378.05,0.7159,-1,-1,-1
356,3,1066.11,401.12,198.95,613.56,0.8681,-1,-1,-1
356,18,903.48,421.93,161.58,524.74,0.7563,-1,-1,-1
356,23,355.71,399.68,159.13,397.85,0.6160,-1,-1,-1
356,28,97.59,438.64,202.97,334.96,0.8341,-1,-1,-1
356,29,0.72,455.06,136.92,397.60,0.8013,-1,-1,-1
356,20,1058.55,435.71,61.73,212.56,0.5826,-1,-1,-1
357,3,1066.23,400.00,202.62,614.81,0.8534,-1,-1,-1
357,18,904.60,421.75,158.70,523.15,0.7651,-1,-1,-1
357,23,360.19,403.24,178.91,395.92,0.6806,-1,-1,-1
357,28,110.32,437.68,191.73,331.48,0.8121,-1,-1,-1
357,29,0.77,448.70,167.84,407.55,0.8446,-1,-1,-1
358,3,1066.75,400.25,203.75,614.52,0.8522,-1,-1,-1
358,18,904.69,419.84,158.19,524.05,0.7857,-1,-1,-1
358,23,382.79,401.39,177.04,395.76,0.6522,-1,-1,-1
358,28,124.26,437.49,177.52,330.01,0.8110,-1,-1,-1
358,29,0.69,448.04,195.95,408.00,0.8562,-1,-1,-1
358,20,1053.10,435.59,61.91,209.21,0.5519,-1,-1,-1
359,3,1067.14,399.55,204.90,615.09,0.8521,-1,-1,-1
359,18,906.97,419.60,155.79,523.85,0.7900,-1,-1,-1
359,23,393.18,405.18,183.41,393.28,0.8124,-1,-1,-1
359,28,133.64,435.84,167.86,331.32,0.8211,-1,-1,-1
359,29,0.46,443.56,209.74,411.42,0.8451,-1,-1,-1
360,3,1067.04,400.59,206.91,614.27,0.8503,-1,-1,-1
360,18,908.55,419.94,157.56,522.99,0.7899,-1,-1,-1
360,23,399.07,409.24,189.54,388.97,0.8068,-1,-1,-1
360,28,144.04,436.10,158.32,327.99,0.7774,-1,-1,-1
360,29,0.34,443.01,219.68,411.29,0.8747,-1,-1,-1
361,3,1066.95,401.78,208.76,612.94,0.8538,-1,-1,-1
361,18,909.15,419.37,158.16,520.56,0.7993,-1,-1,-1
361,23,399.30,406.71,199.52,391.37,0.8433,-1,-1,-1
361,28,164.74,435.57,138.10,327.86,0.7516,-1,-1,-1
361,29,0.14,441.21,226.63,412.09,0.8764,-1,-1,-1
362,3,1067.86,402.19,209.22,612.65,0.8602,-1,-1,-1
362,18,909.54,417.47,160.07,519.90,0.8060,-1,-1,-1
362,23,398.80,406.64,204.02,391.97,0.8476,-1,-1,-1
362,28,174.29,438.61,126.54,325.48,0.6718,-1,-1,-1
362,29,0.14,441.91,235.93,412.48,0.8542,-1,-1,-1
363,3,1068.07,401.83,209.41,612.84,0.8536,-1,-1,-1
363,18,912.52,418.87,161.15,517.57,0.8019,-1,-1,-1
363,23,395.65,409.89,209.03,388.37,0.8394,-1,-1,-1
363,28,183.01,438.28,116.72,326.79,0.7533,-1,-1,-1
363,29,0.04,443.29,238.10,410.18,0.8442,-1,-1,-1
364,3,1068.27,401.62,210.68,613.12,0.8541,-1,-1,-1
364,18,914.62,414.62,160.59,520.14,0.8269,-1,-1,-1
364,23,396.61,413.85,207.79,384.52,0.8503,-1,-1,-1
364,28,195.73,441.23,104.16,323.12,0.7325,-1,-1,-1
364,29,0.20,439.51,237.87,411.19,0.8533,-1,-1,-1
365,3,1068.31,402.51,210.45,611.80,0.8522,-1,-1,-1
365,18,916.60,413.13,160.18,521.12,0.8190,-1,-1,-1
365,23,396.24,413.11,207.46,384.81,0.8574,-1,-1,-1
365,28,203.25,438.73,101.74,325.84,0.7411,-1,-1,-1
365,29,1.49,439.51,239.67,412.06,0.8605,-1,-1,-1
366,3,1068.33,400.55,209.79,614.14,0.8472,-1,-1,-1
366,18,919.01,412.12,159.98,522.59,0.8291,-1,-1,-1
366,23,398.06,411.88,205.36,382.47,0.8220,-1,-1,-1
366,28,209.07,436.40,102.08,327.84,0.7747,-1,-1,-1
366,29,3.15,440.24,239.20,409.44,0.8590,-1,-1,-1
367,3,1068.51,400.99,211.73,613.94,0.8218,-1,-1,-1
367,18,921.99,410.73,157.98,524.44,0.8253,-1,-1,-1
367,23,400.19,406.96,199.62,385.06,0.8418,-1,-1,-1
367,28,218.34,436.44,104.96,327.53,0.7566,-1,-1,-1
367,29,20.99,440.10,220.91,400.29,0.7861,-1,-1,-1
368,3,1068.37,399.47,217.59,615.50,0.7877,-1,-1,-1
368,18,924.53,409.71,156.32,525.26,0.8198,-1,-1,-1
368,23,402.51,398.75,194.33,390.46,0.8463,-1,-1,-1
368,28,227.43,437.69,116.09,326.79,0.7359,-1,-1,-1
368,29,44.67,436.32,193.61,394.52,0.7830,-1,-1,-1
369,3,1069.02,400.12,221.71,614.95,0.7462,-1,-1,-1
369,18,926.13,413.45,155.54,519.94,0.8220,-1,-1,-1
369,23,407.78,396.53,186.95,392.12,0.8536,-1,-1,-1
369,28,234.62,435.28,131.16,329.06,0.8104,-1,-1,-1
369,29,75.66,432.99,162.02,393.20,0.7696,-1,-1,-1
370,3,1069.02,398.08,221.17,616.85,0.7952,-1,-1,-1
370,18,928.95,415.52,156.69,519.79,0.8016,-1,-1,-1
370,23,414.43,404.25,179.27,385.41,0.8351,-1,-1,-1
370,28,241.06,432.83,146.55,330.71,0.8301,-1,-1,-1
370,29,105.74,434.01,133.12,388.56,0.8105,-1,-1,-1
371,3,1069.61,397.94,215.14,616.67,0.7178,-1,-1,-1
371,18,932.52,415.59,155.75,520.56,0.7965,-1,-1,-1
371,23,426.57,402.18,168.76,386.78,0.8320,-1,-1,-1
371,28,244.22,432.24,159.52,330.65,0.8392,-1,-1,-1
371,29,128.08,438.16,122.23,382.19,0.7981,-1,-1,-1
372,3,1070.39,397.43,215.93,616.69,0.8190,-1,-1,-1
372,18,935.40,415.59,154.95,520.64,0.7960,-1,-1,-1
372,23,439.08,418.13,155.66,363.87,0.7975,-1,-1,-1
372,28,245.06,434.33,167.86,327.45,0.8179,-1,-1,-1
372,29,137.38,437.48,121.02,382.29,0.7601,-1,-1,-1
373,3,1070.86,397.18,218.37,617.18,0.8387,-1,-1,-1
373,18,938.03,416.19,154.58,520.99,0.7950,-1,-1,-1
373,23,457.07,406.08,145.38,370.68,0.8000,-1,-1,-1
373,28,253.08,435.36,164.53,321.52,0.8034,-1,-1,-1
373,29,147.13,434.94,138.62,383.58,0.8089,-1,-1,-1
373,30,0.34,491.89,46.26,316.19,0.6281,-1,-1,-1
374,3,1071.61,397.77,218.38,616.47,0.8098,-1,-1,-1
374,18,942.80,416.75,152.04,519.82,0.7884,-1,-1,-1
374,23,470.97,402.34,139.60,370.30,0.7724,-1,-1,-1
374,28,264.78,440.47,157.81,307.22,0.7789,-1,-1,-1
374,29,156.51,431.76,144.80,385.47,0.7264,-1,-1,-1
374,30,0.81,491.59,49.87,316.87,0.7026,-1,-1,-1
375,3,1071.54,399.30,219.18,614.45,0.7954,-1,-1,-1
375,18,942.82,414.16,152.69,521.17,0.7756,-1,-1,-1
375,23,481.69,406.70,140.46,364.35,0.7128,-1,-1,-1
375,28,277.10,449.32,147.11,297.68,0.7425,-1,-1,-1
375,29,160.95,432.87,167.17,383.56,0.8168,-1,-1,-1
375,30,0.63,487.35,57.86,324.44,0.6592,-1,-1,-1
376,3,1071.42,399.65,221.12,613.56,0.8087,-1,-1,-1
376,18,944.52,416.75,150.02,521.17,0.7739,-1,-1,-1
376,23,488.52,404.56,140.79,364.04,0.6939,-1,-1,-1
376,28,278.35,439.86,147.31,307.52,0.7423,-1,-1,-1
376,29,160.20,436.04,186.47,380.01,0.7681,-1,-1,-1
376,30,0.34,481.62,69.67,330.83,0.7803,-1,-1,-1
377,3,1071.11,400.46,224.46,613.82,0.8123,-1,-1,-1
377,18,946.19,417.32,151.96,521.20,0.7970,-1,-1,-1
377,23,490.46,400.72,143.63,367.39,0.7358,-1,-1,-1
377,28,283.74,441.57,144.85,306.06,0.7057,-1,-1,-1
377,29,158.55,439.05,204.14,377.33,0.7974,-1,-1,-1
377,30,0.05,451.79,95.04,358.63,0.7789,-1,-1,-1
378,3,1071.58,399.30,223.46,615.53,0.7752,-1,-1,-1
378,18,946.44,413.31,155.56,522.81,0.7802,-1,-1,-1
378,23,494.83,396.46,147.19,373.16,0.7880,-1,-1,-1
378,28,292.46,440.77,136.50,309.14,0.6757,-1,-1,-1
378,29,159.20,440.02,211.93,376.39,0.8198,-1,-1,-1
378,30,0.05,436.70,125.64,373.39,0.8289,-1,-1,-1
379,3,1071.22,397.28,222.25,617.06,0.8307,-1,-1,-1
379,18,946.30,411.30,156.69,523.84,0.8144,-1,-1,-1
379,23,500.60,396.74,157.66,373.75,0.7933,-1,-1,-1
379,28,309.58,439.59,119.02,309.34,0.6841,-1,-1,-1
379,29,159.02,441.33,216.43,374.91,0.8247,-1,-1,-1
379,30,0.06,431.11,138.48,377.35,0.8210,-1,-1,-1
380,3,1071.59,395.61,221.15,618.47,0.8255,-1,-1,-1
380,18,946.81,407.65,159.10,526.41,0.8113,-1,-1,-1
380,23,505.77,398.66,163.32,371.99,0.6394,-1,-1,-1
380,28,321.95,444.56,102.98,306.44,0.6351,-1,-1,-1
380,29,160.65,443.02,221.56,371.68,0.8376,-1,-1,-1
380,30,0.32,428.61,157.53,378.64,0.7753,-1,-1,-1
381,3,1072.18,393.91,217.42,620.34,0.7992,-1,-1,-1
381,18,952.93,411.22,155.28,526.16,0.7699,-1,-1,-1
381,23,516.13,405.61,149.85,365.40,0.5864,-1,-1,-1
381,28,324.90,442.30,98.54,309.66,0.7057,-1,-1,-1
381,29,158.59,444.12,226.66,367.26,0.8610,-1,-1,-1
381,30,0.55,434.41,171.29,372.29,0.7523,-1,-1,-1
382,3,1073.43,396.79,219.91,617.79,0.8144,-1,-1,-1
382,18,952.82,414.43,158.07,521.16,0.7518,-1,-1,-1
382,23,533.10,405.62,140.08,364.24,0.6057,-1,-1,-1
382,28,334.65,442.11,95.48,307.40,0.6878,-1,-1,-1
382,29,164.32,442.80,221.01,367.34,0.8295,-1,-1,-1
382,30,0.65,436.07,179.87,369.71,0.8045,-1,-1,-1
383,3,1073.56,397.29,220.30,617.54,0.8288,-1,-1,-1
383,18,954.29,416.35,156.88,521.69,0.6962,-1,-1,-1
383,23,530.17,411.39,150.36,358.50,0.6916,-1,-1,-1
383,28,345.19,443.84,96.94,301.84,0.5557,-1,-1,-1
383,29,181.73,442.25,203.57,367.05,0.7935,-1,-1,-1
383,30,0.43,436.32,191.12,368.77,0.8582,-1,-1,-1
384,3,1073.83,397.11,220.23,617.84,0.8328,-1,-1,-1
384,18,955.79,416.54,153.64,522.75,0.7106,-1,-1,-1
384,23,531.54,408.60,154.54,361.23,0.7506,-1,-1,-1
384,28,361.45,453.11,92.19,290.98,0.6045,-1,-1,-1
384,29,194.80,437.26,189.83,371.78,0.7938,-1,-1,-1
384,30,0.45,433.31,200.34,372.71,0.8756,-1,-1,-1
385,3,1074.08,397.15,219.28,617.89,0.7877,-1,-1,-1
385,18,957.91,416.56,150.61,523.72,0.7201,-1,-1,-1
385,23,535.54,408.26,154.42,361.76,0.7874,-1,-1,-1
385,28,365.40,443.60,95.88,299.81,0.7056,-1,-1,-1
385,29,210.62,434.15,174.05,369.82,0.8060,-1,-1,-1
385,30,0.35,434.62,210.82,371.69,0.8629,-1,-1,-1
386,3,1073.89,397.38,220.18,617.30,0.7060,-1,-1,-1
386,18,960.36,415.03,149.45,526.36,0.7416,-1,-1,-1
386,23,540.22,406.42,154.20,363.06,0.8329,-1,-1,-1
386,28,369.12,439.77,110.43,304.76,0.7071,-1,-1,-1
386,29,230.08,435.05,152.87,365.98,0.7921,-1,-1,-1
386,30,0.22,433.10,213.92,374.37,0.8359,-1,-1,-1
386,31,731.09,470.58,48.77,129.90,0.5290,-1,-1,-1
387,3,1073.61,397.59,220.41,616.79,0.7757,-1,-1,-1
387,18,960.37,416.33,148.39,524.48,0.7225,-1,-1,-1
387,23,542.94,407.06,151.63,360.74,0.8455,-1,-1,-1
387,28,369.94,438.59,134.43,307.57,0.8056,-1,-1,-1
387,29,253.63,431.45,128.46,367.36,0.5758,-1,-1,-1
387,30,1.61,432.80,212.39,373.31,0.8367,-1,-1,-1
387,31,731.44,471.03,48.41,129.38,0.5301,-1,-1,-1
388,3,1061.71,397.17,243.47,617.89,0.7372,-1,-1,-1
388,18,960.90,417.44,145.33,523.13,0.7216,-1,-1,-1
388,23,546.39,405.86,148.22,358.77,0.8252,-1,-1,-1
388,28,370.83,439.76,150.63,308.00,0.7892,-1,-1,-1
388,29,275.42,433.07,105.99,363.73,0.6753,-1,-1,-1
388,30,9.87,432.01,203.21,372.19,0.8071,-1,-1,-1
389,3,1056.64,397.36,288.06,617.65,0.7262,-1,-1,-1
389,18,962.81,418.01,140.13,522.36,0.7017,-1,-1,-1
389,23,549.23,407.88,145.92,355.56,0.8064,-1,-1,-1
389,28,368.11,441.10,165.29,304.48,0.8016,-1,-1,-1
389,29,285.88,429.46,100.66,368.56,0.6786,-1,-1,-1
389,30,20.25,425.26,192.91,374.81,0.7874,-1,-1,-1
389,31,730.63,472.47,48.59,129.29,0.5033,-1,-1,-1
390,3,1057.19,397.21,303.16,618.47,0.7742,-1,-1,-1
390,18,965.52,418.08,135.81,523.30,0.6751,-1,-1,-1
390,23,554.83,409.40,141.08,352.44,0.8007,-1,-1,-1
390,28,370.40,440.98,171.22,303.25,0.8139,-1,-1,-1
390,29,285.17,433.48,108.92,364.59,0.5260,-1,-1,-1
390,30,32.03,426.85,183.32,371.16,0.7948,-1,-1,-1
391,3,1054.03,397.09,313.57,618.54,0.7778,-1,-1,-1
391,18,972.11,416.90,128.18,527.64,0.6590,-1,-1,-1
391,23,560.62,411.50,135.46,351.84,0.8018,-1,-1,-1
391,28,377.09,441.10,168.24,300.23,0.7847,-1,-1,-1
391,29,299.48,436.94,103.28,361.83,0.5330,-1,-1,-1
391,30,40.30,428.01,175.76,369.69,0.7605,-1,-1,-1
392,3,1052.44,397.83,314.43,618.23,0.7845,-1,-1,-1
392,18,978.58,412.95,123.23,527.98,0.6500,-1,-1,-1
392,23,568.36,408.98,128.69,356.25,0.7869,-1,-1,-1
392,28,388.94,439.66,157.91,299.11,0.7245,-1,-1,-1
392,29,308.43,437.43,117.26,361.85,0.6567,-1,-1,-1
392,30,51.92,431.62,165.77,364.20,0.7637,-1,-1,-1
393,3,1049.76,398.24,316.55,618.28,0.8134,-1,-1,-1
393,18,971.04,416.85,130.34,525.46,0.6501,-1,-1,-1
393,23,576.15,413.15,121.41,344.21,0.7914,-1,-1,-1
393,28,398.98,439.66,148.06,296.96,0.7274,-1,-1,-1
393,29,312.45,440.11,138.74,359.51,0.7908,-1,-1,-1
393,30,77.44,429.53,144.10,365.66,0.6330,-1,-1,-1
393,32,925.02,437.18,55.11,162.65,0.6499,-1,-1,-1
393,31,728.04,467.72,52.10,134.48,0.5302,-1,-1,-1
394,3,1053.32,398.21,286.84,617.48,0.6771,-1,-1,-1
394,18,979.93,413.71,120.47,525.69,0.6298,-1,-1,-1
394,23,582.67,412.49,114.91,341.03,0.7606,-1,-1,-1
394,28,410.67,442.71,137.94,292.76,0.7292,-1,-1,-1
394,29,314.39,443.13,148.61,357.31,0.7241,-1,-1,-1
394,30,71.03,428.82,159.04,366.81,0.7570,-1,-1,-1
394,32,922.48,438.21,55.99,164.54,0.6389,-1,-1,-1
394,31,726.62,474.00,52.74,129.23,0.5980,-1,-1,-1
395,3,1055.05,397.19,272.29,618.35,0.7000,-1,-1,-1
395,18,985.33,413.16,113.85,524.60,0.6579,-1,-1,-1
395,23,587.90,413.55,111.55,336.46,0.7668,-1,-1,-1
395,28,421.35,441.25,127.05,293.92,0.7396,-1,-1,-1
395,29,314.52,443.94,156.71,357.07,0.7475,-1,-1,-1
395,30,72.31,430.24,163.49,365.89,0.7789,-1,-1,-1
395,32,919.92,439.50,55.10,163.31,0.5962,-1,-1,-1
395,31,725.08,471.41,53.61,134.03,0.6130,-1,-1,-1
396,3,1057.03,398.44,292.74,618.03,0.7612,-1,-1,-1
396,18,984.94,413.55,113.66,523.74,0.6218,-1,-1,-1
396,23,591.90,423.10,112.38,322.25,0.7561,-1,-1,-1
396,28,433.95,443.31,114.32,289.16,0.6563,-1,-1,-1
396,29,313.09,442.91,170.38,356.44,0.7601,-1,-1,-1
396,30,99.89,441.39,141.18,353.83,0.5854,-1,-1,-1
396,32,917.79,442.00,54.67,167.10,0.6768,-1,-1,-1
396,31,722.57,466.29,56.42,142.60,0.5792,-1,-1,-1
397,3,1060.61,398.55,262.13,618.64,0.7906,-1,-1,-1
397,18,985.42,413.65,112.96,524.20,0.6774,-1,-1,-1
397,23,596.06,419.55,112.90,324.95,0.7488,-1,-1,-1
397,28,447.67,466.00,98.87,264.20,0.5730,-1,-1,-1
397,29,312.89,434.45,174.47,364.11,0.7633,-1,-1,-1
397,30,127.11,436.46,123.68,359.81,0.6219,-1,-1,-1
397,32,915.23,442.86,55.61,167.10,0.6400,-1,-1,-1
397,31,720.49,464.46,57.96,144.98,0.5765,-1,-1,-1
398,3,1063.77,399.06,246.95,619.05,0.8380,-1,-1,-1
398,18,975.19,415.22,123.61,524.64,0.6354,-1,-1,-1
398,23,599.52,423.20,117.11,319.60,0.7559,-1,-1,-1
398,28,448.18,443.89,98.91,287.17,0.7328,-1,-1,-1
398,29,313.95,436.51,179.43,360.21,0.8204,-1,-1,-1
398,30,136.77,436.30,125.31,359.98,0.7496,-1,-1,-1
398,31,720.00,461.87,57.53,147.51,0.5430,-1,-1,-1
399,3,1065.52,400.28,241.25,617.94,0.8375,-1,-1,-1
399,18,970.46,415.38,129.39,525.13,0.6614,-1,-1,-1
399,23,604.76,427.62,122.90,312.70,0.7882,-1,-1,-1
399,28,463.54,442.16,85.44,289.33,0.6275,-1,-1,-1
399,29,316.83,437.72,176.85,358.98,0.8309,-1,-1,-1
399,30,137.35,433.53,151.32,361.57,0.7641,-1,-1,-1
399,31,719.62,463.37,55.92,145.94,0.5361,-1,-1,-1
399,32,913.23,437.88,57.30,173.53,0.5827,-1,-1,-1
400,3,1067.65,400.37,237.28,618.40,0.8528,-1,-1,-1
400,18,968.71,414.17,130.78,526.65,0.6565,-1,-1,-1
400,23,607.20,423.85,131.55,316.27,0.7794,-1,-1,-1
400,28,471.22,439.78,81.86,290.14,0.7307,-1,-1,-1
400,29,316.60,435.74,177.63,360.09,0.8428,-1,-1,-1
400,30,140.39,433.09,169.67,360.93,0.7803,-1,-1,-1
400,32,910.90,438.29,56.60,171.14,0.5659,-1,-1,-1
401,3,1069.19,399.84,235.10,619.28,0.8464,-1,-1,-1
401,18,979.42,411.56,118.36,527.08,0.6369,-1,-1,-1
401,23,609.58,423.97,144.27,315.77,0.7721,-1,-1,-1
401,28,480.20,443.55,80.47,287.62,0.7209,-1,-1,-1
401,29,322.74,436.64,172.09,356.69,0.8149,-1,-1,-1
401,30,141.89,433.19,174.54,360.95,0.8140,-1,-1,-1
401,32,908.67,438.21,59.52,167.51,0.5768,-1,-1,-1
402,3,1071.33,399.49,231.30,619.94,0.8370,-1,-1,-1
402,18,983.95,410.85,113.13,527.22,0.6261,-1,-1,-1
402,23,615.37,417.14,151.39,322.70,0.8021,-1,-1,-1
402,28,484.28,449.21,86.44,280.04,0.7226,-1,-1,-1
402,29,335.20,442.48,159.46,348.67,0.8264,-1,-1,-1
402,30,144.27,435.41,174.75,357.57,0.8097,-1,-1,-1
402,32,904.53,438.40,66.58,169.78,0.5297,-1,-1,-1
403,3,1074.62,399.71,227.11,619.58,0.8374,-1,-1,-1
403,18,970.97,415.19,127.87,524.88,0.6182,-1,-1,-1
403,23,619.18,411.12,158.11,330.23,0.8362,-1,-1,-1
403,28,488.88,445.89,95.77,283.20,0.6044,-1,-1,-1
403,29,347.02,448.70,148.49,335.72,0.7465,-1,-1,-1
403,30,144.15,438.71,184.00,354.21,0.8039,-1,-1,-1
404,3,1076.54,399.82,225.51,620.33,0.8293,-1,-1,-1
404,18,965.98,416.85,132.89,524.75,0.6687,-1,-1,-1
404,23,623.75,407.93,163.60,334.66,0.8022,-1,-1,-1
404,28,491.05,441.05,115.44,286.54,0.6404,-1,-1,-1
404,29,357.49,443.76,140.38,339.66,0.7213,-1,-1,-1
404,30,150.31,438.53,183.83,351.58,0.8273,-1,-1,-1
404,32,898.46,447.29,55.66,162.82,0.5255,-1,-1,-1
405,3,1078.28,400.35,213.99,619.18,0.8328,-1,-1,-1
405,18,964.12,416.57,134.87,525.31,0.6856,-1,-1,-1
405,23,627.67,414.26,166.43,329.38,0.7875,-1,-1,-1
405,28,495.75,444.17,123.28,283.49,0.6790,-1,-1,-1
405,29,377.69,438.03,119.49,340.09,0.7012,-1,-1,-1
405,30,155.03,437.01,178.91,351.13,0.8182,-1,-1,-1
406,3,1077.15,399.33,209.45,620.65,0.8325,-1,-1,-1
406,18,961.63,416.05,137.01,525.80,0.6971,-1,-1,-1
406,23,632.10,420.73,166.64,322.61,0.7930,-1,-1,-1
406,28,499.88,447.69,123.86,279.59,0.6744,-1,-1,-1
406,29,395.75,434.80,103.31,337.93,0.7057,-1,-1,-1
406,30,159.69,436.03,173.10,352.39,0.8076,-1,-1,-1
407,3,1076.47,397.12,203.94,622.21,0.8346,-1,-1,-1
407,18,958.52,417.64,139.13,523.85,0.7252,-1,-1,-1
407,23,635.98,416.58,163.43,327.11,0.8541,-1,-1,-1
407,28,496.88,446.35,135.03,283.99,0.7084,-1,-1,-1
407,29,410.40,434.55,93.46,335.86,0.6730,-1,-1,-1
407,30,171.64,433.63,164.20,355.15,0.8026,-1,-1,-1
408,3,1073.89,397.67,202.00,622.44,0.8385,-1,-1,-1
408,18,959.13,417.38,138.76,523.85,0.7100,-1,-1,-1
408,23,641.12,418.70,159.27,325.80,0.8466,-1,-1,-1
408,28,500.85,440.73,139.22,289.28,0.7524,-1,-1,-1
408,29,408.44,433.70,100.93,336.21,0.6180,-1,-1,-1
408,30,185.44,433.40,152.80,352.09,0.7955,-1,-1,-1
409,3,1073.79,398.90,198.71,620.57,0.8396,-1,-1,-1
409,18,959.13,417.04,140.21,523.60,0.7043,-1,-1,-1
409,23,643.82,418.05,157.24,326.40,0.8314,-1,-1,-1
409,28,500.33,436.81,143.40,293.35,0.7531,-1,-1,-1
409,29,400.79,437.11,116.28,331.91,0.6158,-1,-1,-1
409,30,201.81,435.75,138.18,339.12,0.7232,-1,-1,-1
409,32,875.65,444.14,64.55,166.95,0.6134,-1,-1,-1
410,3,1073.40,398.19,192.24,620.99,0.8459,-1,-1,-1
410,18,959.46,418.87,139.12,521.16,0.7095,-1,-1,-1
410,23,645.68,412.76,156.48,331.78,0.8197,-1,-1,-1
410,28,511.07,438.86,133.81,285.15,0.7308,-1,-1,-1
410,29,416.56,438.54,115.48,331.14,0.5810,-1,-1,-1
410,30,222.39,435.41,123.38,336.65,0.6605,-1,-1,-1
410,32,874.70,445.11,62.73,166.15,0.5701,-1,-1,-1
411,3,1072.19,398.24,186.19,620.82,0.8467,-1,-1,-1
411,18,958.39,420.85,140.23,518.64,0.7181,-1,-1,-1
411,23,645.98,416.61,155.83,326.01,0.8265,-1,-1,-1
411,28,521.03,440.50,123.06,282.82,0.6931,-1,-1,-1
411,29,423.69,436.58,131.98,330.96,0.6693,-1,-1,-1
411,30,247.57,428.36,105.70,341.35,0.5464,-1,-1,-1
411,32,874.28,442.25,62.41,169.05,0.5405,-1,-1,-1
412,3,1071.04,399.74,185.51,618.77,0.8433,-1,-1,-1
412,18,961.16,421.69,137.51,518.28,0.6861,-1,-1,-1
412,23,645.97,407.00,155.95,335.96,0.8270,-1,-1,-1
412,28,528.79,437.91,116.51,283.44,0.7386,-1,-1,-1
412,29,420.77,436.17,147.74,331.22,0.6617,-1,-1,-1
412,30,264.00,426.92,99.46,342.55,0.7140,-1,-1,-1
412,32,873.89,441.64,59.05,167.66,0.5160,-1,-1,-1
413,3,1070.93,401.33,185.21,617.31,0.8518,-1,-1,-1
413,18,959.24,421.66,140.42,518.29,0.7356,-1,-1,-1
413,23,647.94,408.36,154.02,333.14,0.8040,-1,-1,-1
413,28,547.55,436.57,101.93,283.15,0.6168,-1,-1,-1
413,29,431.89,435.08,154.33,331.27,0.7118,-1,-1,-1
413,30,269.72,426.15,104.70,344.35,0.7255,-1,-1,-1
414,3,1066.58,404.03,188.74,614.96,0.8609,-1,-1,-1
414,18,961.11,421.57,137.98,516.88,0.6944,-1,-1,-1
414,23,653.05,419.92,148.06,320.85,0.8022,-1,-1,-1
414,28,558.35,437.48,95.28,282.31,0.6543,-1,-1,-1
414,29,436.49,436.95,158.93,329.02,0.7424,-1,-1,-1
414,30,273.16,424.65,109.85,346.94,0.6973,-1,-1,-1
414,32,871.22,440.59,54.44,167.76,0.5951,-1,-1,-1
415,3,1064.08,407.53,191.30,611.75,0.8578,-1,-1,-1
415,18,963.40,419.94,133.67,518.55,0.7134,-1,-1,-1
415,23,657.58,424.55,143.64,316.42,0.8065,-1,-1,-1
415,28,562.39,434.35,92.04,286.59,0.6031,-1,-1,-1
415,29,436.12,438.55,162.89,327.51,0.7651,-1,-1,-1
415,30,278.85,430.97,116.75,340.61,0.6670,-1,-1,-1
415,32,871.24,441.18,50.99,166.86,0.7087,-1,-1,-1
416,3,1061.43,410.88,195.33,608.76,0.8636,-1,-1,-1
416,18,964.19,419.29,131.75,519.24,0.7053,-1,-1,-1
416,23,666.77,430.56,134.75,308.11,0.7948,-1,-1,-1
416,28,570.62,433.82,87.20,286.49,0.7329,-1,-1,-1
416,29,435.69,440.91,163.62,325.45,0.8113,-1,-1,-1
416,30,287.34,435.56,115.65,334.81,0.7308,-1,-1,-1
416,32,869.59,440.65,51.18,166.11,0.6147,-1,-1,-1
417,3,1061.56,409.50,197.04,610.86,0.8532,-1,-1,-1
417,18,968.12,417.38,128.20,518.39,0.6690,-1,-1,-1
417,23,675.85,424.69,125.97,310.39,0.8033,-1,-1,-1
417,28,569.61,435.55,96.72,283.88,0.6753,-1,-1,-1
417,29,436.11,449.71,164.24,316.97,0.7914,-1,-1,-1
417,30,289.14,437.98,128.74,330.72,0.5965,-1,-1,-1
417,32,868.16,439.30,50.75,166.78,0.6314,-1,-1,-1
418,3,1059.60,405.89,199.87,614.64,0.8571,-1,-1,-1
418,18,968.40,418.06,126.86,519.51,0.6730,-1,-1,-1
418,23,682.06,413.78,121.82,318.38,0.7850,-1,-1,-1
418,28,581.52,436.14,94.41,282.43,0.7152,-1,-1,-1
418,29,438.19,446.43,158.85,319.43,0.8079,-1,-1,-1
418,30,289.97,436.04,142.77,332.58,0.6845,-1,-1,-1
418,32,867.45,439.83,48.83,164.99,0.5207,-1,-1,-1
419,3,1056.87,407.64,204.71,612.89,0.8490,-1,-1,-1
419,18,970.00,419.55,125.71,517.14,0.6840,-1,-1,-1
419,23,688.24,407.20,120.31,324.02,0.8005,-1,-1,-1
419,28,588.50,437.01,91.25,280.38,0.7164,-1,-1,-1
419,29,441.08,439.45,159.54,324.60,0.8021,-1,-1,-1
419,30,291.16,438.21,155.79,330.71,0.7582,-1,-1,-1
419,32,865.64,440.83,46.12,163.88,0.5460,-1,-1,-1
420,3,1054.08,409.19,212.66,611.63,0.8393,-1,-1,-1
420,18,970.69,415.52,123.94,521.78,0.5912,-1,-1,-1
420,23,694.90,407.33,116.71,323.10,0.7801,-1,-1,-1
420,28,586.94,436.94,97.25,278.23,0.7143,-1,-1,-1
420,29,448.02,435.82,152.97,327.36,0.7692,-1,-1,-1
420,30,293.48,442.13,161.29,326.86,0.7818,-1,-1,-1
421,3,1051.13,409.22,215.68,611.65,0.8238,-1,-1,-1
421,18,969.34,412.26,123.94,525.45,0.5960,-1,-1,-1
421,23,697.74,418.58,111.22,311.93,0.7099,-1,-1,-1
421,28,589.29,439.00,108.55,277.23,0.7297,-1,-1,-1
421,29,448.28,434.38,150.98,326.89,0.7421,-1,-1,-1
421,30,292.62,439.63,167.12,328.89,0.7781,-1,-1,-1
422,3,1047.37,407.09,216.03,614.37,0.8181,-1,-1,-1
422,18,968.78,412.59,124.30,525.14,0.5194,-1,-1,-1
422,23,701.89,431.61,108.32,296.18,0.6475,-1,-1,-1
422,28,595.39,440.49,114.08,276.30,0.7147,-1,-1,-1
422,29,459.57,435.13,135.78,325.66,0.6973,-1,-1,-1
422,30,292.89,439.59,182.90,327.68,0.8232,-1,-1,-1
423,3,1046.19,404.02,218.35,618.25,0.8158,-1,-1,-1
423,23,707.15,436.00,105.70,291.92,0.6213,-1,-1,-1
423,28,601.76,443.07,121.87,272.98,0.7249,-1,-1,-1
423,29,470.51,437.22,123.18,320.30,0.7150,-1,-1,-1
423,30,292.56,436.93,187.13,329.50,0.7820,-1,-1,-1
423,33,1155.16,411.91,168.56,494.03,0.6562,-1,-1,-1
423,32,856.14,438.99,51.34,161.97,0.5986,-1,-1,-1
424,3,1047.56,399.90,217.54,624.41,0.7840,-1,-1,-1
424,23,711.34,431.24,104.46,298.08,0.6344,-1,-1,-1
424,28,607.67,443.24,130.30,272.29,0.7741,-1,-1,-1
424,29,477.01,437.23,120.74,320.54,0.7190,-1,-1,-1
424,30,300.38,436.87,179.57,327.81,0.7752,-1,-1,-1
424,33,1151.85,412.27,173.15,498.53,0.5138,-1,-1,-1
424,32,851.39,438.81,53.04,163.41,0.5306,-1,-1,-1
425,3,1048.55,397.79,208.79,633.05,0.7193,-1,-1,-1
425,23,714.20,421.79,113.01,305.11,0.7297,-1,-1,-1
425,28,610.81,448.85,130.56,266.75,0.7356,-1,-1,-1
425,29,487.96,438.76,112.84,318.95,0.6390,-1,-1,-1
425,30,310.23,437.96,170.24,325.69,0.7789,-1,-1,-1
425,33,1160.47,412.62,164.83,508.98,0.6051,-1,-1,-1
425,32,850.01,439.85,49.95,159.51,0.5430,-1,-1,-1
425,18,971.07,477.18,119.78,456.38,0.5232,-1,-1,-1
426,3,1050.14,397.45,201.91,638.33,0.7136,-1,-1,-1
426,23,715.60,413.46,115.48,312.43,0.7550,-1,-1,-1
426,28,611.79,449.00,133.11,267.92,0.7206,-1,-1,-1
426,29,514.46,438.38,96.92,315.93,0.6455,-1,-1,-1
426,30,321.43,434.43,157.98,329.49,0.7909,-1,-1,-1
426,33,1163.86,411.60,162.69,516.42,0.5898,-1,-1,-1
426,32,848.00,439.08,48.15,159.14,0.5964,-1,-1,-1
426,18,971.01,488.22,119.13,443.40,0.5296,-1,-1,-1
427,3,1053.74,399.99,187.76,638.39,0.6815,-1,-1,-1
427,23,720.47,411.10,111.38,315.26,0.7452,-1,-1,-1
427,28,611.42,450.05,132.65,267.61,0.7150,-1,-1,-1
427,29,520.35,438.64,94.11,315.02,0.6316,-1,-1,-1
427,30,330.67,433.85,151.12,326.18,0.7857,-1,-1,-1
428,3,1058.11,405.60,169.63,622.51,0.6651,-1,-1,-1
428,23,723.83,417.58,114.61,309.90,0.7234,-1,-1,-1
428,28,609.28,447.70,133.54,268.26,0.6943,-1,-1,-1
428,29,508.16,437.80,109.33,317.27,0.6649,-1,-1,-1
428,30,346.74,436.52,136.13,317.95,0.7381,-1,-1,-1
428,34,1692.11,330.64,227.46,619.68,0.6095,-1,-1,-1
428,32,841.50,442.23,49.96,156.38,0.5171,-1,-1,-1
428,18,972.47,446.25,121.08,480.38,0.5751,-1,-1,-1
429,3,1059.75,402.88,164.58,619.39,0.6599,-1,-1,-1
429,23,727.34,430.97,116.28,296.37,0.7136,-1,-1,-1
429,28,618.15,442.59,123.35,271.60,0.7093,-1,-1,-1
429,29,503.04,438.50,123.78,316.39,0.6045,-1,-1,-1
429,30,366.24,438.05,119.41,314.23,0.7167,-1,-1,-1
429,18,973.82,453.24,119.48,478.08,0.5119,-1,-1,-1
430,3,1062.60,403.20,163.24,623.83,0.6894,-1,-1,-1
430,23,729.50,431.76,119.77,295.45,0.6789,-1,-1,-1
430,28,633.52,441.92,109.13,271.16,0.6002,-1,-1,-1
430,29,510.73,438.10,136.03,317.32,0.5809,-1,-1,-1
430,30,377.41,437.86,109.81,310.25,0.7391,-1,-1,-1
430,18,974.90,445.45,119.55,484.42,0.5744,-1,-1,-1
431,3,1065.83,404.32,162.13,629.77,0.6785,-1,-1,-1
431,23,728.36,430.32,122.96,297.23,0.6862,-1,-1,-1
431,28,642.05,441.90,99.93,266.34,0.5390,-1,-1,-1
431,29,531.59,441.17,132.29,313.76,0.6325,-1,-1,-1
431,30,384.76,438.05,106.35,306.98,0.7315,-1,-1,-1
431,18,975.96,439.00,120.67,489.46,0.5674,-1,-1,-1
431,34,1547.79,306.21,371.81,708.54,0.7127,-1,-1,-1
431,32,839.31,441.06,43.68,153.78,0.5894,-1,-1,-1
432,3,1069.32,407.08,167.98,630.48,0.7298,-1,-1,-1
432,23,728.50,424.69,124.30,301.79,0.6500,-1,-1,-1
432,29,543.21,441.38,135.15,313.89,0.6603,-1,-1,-1
432,30,388.89,439.66,107.04,308.02,0.7039,-1,-1,-1
432,18,976.77,442.21,121.21,487.42,0.5618,-1,-1,-1
432,34,1500.62,301.03,418.67,721.78,0.8262,-1,-1,-1
432,32,836.71,442.34,45.22,151.37,0.6309,-1,-1,-1
432,33,1179.03,411.19,146.23,388.41,0.5699,-1,-1,-1
433,3,1073.75,409.01,165.92,616.80,0.7190,-1,-1,-1
433,23,732.63,427.20,121.93,298.02,0.6890,-1,-1,-1
433,29,544.49,442.58,143.06,313.87,0.6804,-1,-1,-1
433,30,395.76,440.91,108.00,306.26,0.6749,-1,-1,-1
433,18,978.69,428.51,126.07,500.90,0.5648,-1,-1,-1
433,34,1451.86,302.61,467.87,721.62,0.7812,-1,-1,-1
433,32,834.70,439.53,46.73,154.71,0.6025,-1,-1,-1
433,33,1183.95,413.24,148.23,382.68,0.6475,-1,-1,-1
434,23,737.77,420.04,118.01,305.56,0.6974,-1,-1,-1
434,29,547.90,445.18,142.59,311.29,0.7808,-1,-1,-1
434,30,403.20,440.86,107.18,305.89,0.6780,-1,-1,-1
434,18,981.24,423.37,133.05,514.84,0.6454,-1,-1,-1
434,34,1405.50,302.48,498.64,717.18,0.7402,-1,-1,-1
435,23,743.44,422.39,112.41,301.99,0.6921,-1,-1,-1
435,29,548.72,444.99,145.33,311.40,0.7973,-1,-1,-1
435,30,413.37,437.91,105.99,309.77,0.7632,-1,-1,-1
435,18,983.71,418.45,136.52,497.78,0.7034,-1,-1,-1
435,28,684.89,432.92,78.65,271.93,0.5281,-1,-1,-1
435,3,1082.23,406.37,163.12,438.95,0.6218,-1,-1,-1
435,33,1192.78,405.49,130.80,314.05,0.6141,-1,-1,-1
436,23,751.10,424.45,105.56,297.22,0.6587,-1,-1,-1
436,29,547.40,442.32,148.49,314.05,0.7819,-1,-1,-1
436,30,416.97,437.27,109.45,310.86,0.7577,-1,-1,-1
436,18,994.00,418.19,133.86,423.29,0.6308,-1,-1,-1
436,3,1087.09,410.79,164.34,415.54,0.6527,-1,-1,-1
436,33,1190.64,407.57,135.13,371.32,0.5846,-1,-1,-1
436,34,1314.69,310.96,470.12,703.72,0.8391,-1,-1,-1
437,23,757.25,416.92,99.95,302.76,0.5656,-1,-1,-1
437,29,548.19,440.64,148.96,316.67,0.7817,-1,-1,-1
437,30,418.03,438.61,115.75,311.83,0.7785,-1,-1,-1
437,18,997.86,419.29,135.38,404.88,0.6794,-1,-1,-1
437,3,1093.46,404.41,159.96,428.44,0.6934,-1,-1,-1
437,33,1198.27,404.02,133.56,329.88,0.5317,-1,-1,-1
437,34,1227.58,320.06,478.19,697.91,0.8074,-1,-1,-1
438,23,768.29,415.09,90.90,303.82,0.5399,-1,-1,-1
438,29,549.14,441.77,149.49,312.57,0.7833,-1,-1,-1
438,30,421.15,434.46,119.32,316.09,0.8063,-1,-1,-1
438,18,1000.94,421.75,135.70,406.71,0.6851,-1,-1,-1
438,3,1098.68,396.59,158.29,445.59,0.8134,-1,-1,-1
438,34,1199.81,329.14,432.42,695.15,0.7261,-1,-1,-1
438,28,707.53,429.85,85.01,279.36,0.5464,-1,-1,-1
439,23,772.31,430.08,89.01,287.85,0.5399,-1,-1,-1
439,29,551.27,439.90,148.50,314.17,0.7897,-1,-1,-1
439,30,424.27,438.36,123.78,309.58,0.7597,-1,-1,-1
439,18,1000.16,421.22,139.91,420.74,0.7031,-1,-1,-1
439,3,1101.43,419.66,154.83,430.47,0.5200,-1,-1,-1
439,34,1161.54,335.97,401.75,695.90,0.7738,-1,-1,-1
440,23,773.86,439.11,88.15,277.71,0.5876,-1,-1,-1
440,29,552.21,440.81,148.12,313.46,0.7787,-1,-1,-1
440,30,428.73,438.37,124.37,306.35,0.7012,-1,-1,-1
440,18,999.28,422.89,146.20,436.07,0.7794,-1,-1,-1
440,34,1109.29,351.54,385.39,680.61,0.7385,-1,-1,-1
440,28,711.98,436.94,85.99,273.55,0.5185,-1,-1,-1
441,23,776.63,436.17,86.42,276.61,0.5722,-1,-1,-1
441,29,552.94,441.07,147.06,312.75,0.7495,-1,-1,-1
441,30,436.07,438.81,118.45,302.83,0.6945,-1,-1,-1
441,34,1055.43,359.52,368.52,670.74,0.7502,-1,-1,-1
441,28,712.79,445.12,96.19,266.02,0.5608,-1,-1,-1
442,23,778.48,430.85,87.62,279.37,0.5486,-1,-1,-1
442,29,560.22,439.78,140.35,310.59,0.7671,-1,-1,-1
442,30,442.95,437.50,110.79,307.61,0.6985,-1,-1,-1
442,34,1008.42,366.38,353.54,656.62,0.7934,-1,-1,-1
442,28,713.21,448.09,110.37,263.75,0.5509,-1,-1,-1
442,36,1306.52,431.46,151.11,324.98,0.7323,-1,-1,-1
443,23,783.99,428.46,82.56,281.95,0.6363,-1,-1,-1
443,29,566.91,438.41,134.57,310.99,0.7965,-1,-1,-1
443,30,450.17,439.98,106.12,303.07,0.7198,-1,-1,-1
443,34,963.82,366.07,343.43,650.98,0.8090,-1,-1,-1
443,28,712.60,444.76,115.15,266.61,0.5487,-1,-1,-1
443,36,1310.59,431.83,149.04,326.39,0.6962,-1,-1,-1
443,33,1229.95,426.05,122.32,401.91,0.6263,-1,-1,-1
444,23,787.17,430.77,84.39,279.72,0.5137,-1,-1,-1
444,29,578.54,437.17,123.11,308.58,0.7457,-1,-1,-1
444,30,461.08,436.50,99.68,304.26,0.7627,-1,-1,-1
444,34,920.58,364.76,331.83,648.54,0.8144,-1,-1,-1
444,28,711.89,443.87,127.75,267.05,0.5969,-1,-1,-1
444,36,1314.10,432.58,145.15,329.47,0.6649,-1,-1,-1
444,33,1235.31,429.42,120.97,412.76,0.5230,-1,-1,-1
445,23,785.58,436.40,89.79,275.88,0.5027,-1,-1,-1
445,29,587.24,437.77,114.59,306.82,0.7545,-1,-1,-1
445,30,468.76,434.56,99.70,301.10,0.7620,-1,-1,-1
445,34,878.74,355.38,333.28,654.86,0.7808,-1,-1,-1
445,36,1324.56,432.87,134.77,328.58,0.7329,-1,-1,-1
445,33,1173.33,416.57,180.75,477.17,0.5939,-1,-1,-1
446,23,790.54,429.86,88.26,281.72,0.5665,-1,-1,-1
446,29,603.28,438.76,99.37,303.71,0.6878,-1,-1,-1
446,30,471.28,434.67,103.72,294.61,0.7215,-1,-1,-1
446,34,844.95,346.80,324.76,652.65,0.7818,-1,-1,-1
446,36,1334.04,432.35,124.85,329.03,0.7050,-1,-1,-1
446,33,1149.57,423.62,192.89,580.58,0.7608,-1,-1,-1
447,29,610.66,433.68,95.87,308.15,0.6748,-1,-1,-1
447,30,474.61,431.19,105.79,295.54,0.6842,-1,-1,-1
447,34,803.16,337.41,329.13,652.16,0.7791,-1,-1,-1
447,36,1341.29,431.21,118.85,329.55,0.6710,-1,-1,-1
447,33,1137.63,417.68,195.74,632.57,0.7876,-1,-1,-1
447,3,1133.11,413.67,191.50,645.78,0.7876,-1,-1,-1
448,29,606.69,434.50,104.18,308.76,0.6110,-1,-1,-1
448,30,482.85,434.08,103.06,285.18,0.5837,-1,-1,-1
448,34,767.98,334.06,330.65,644.48,0.7764,-1,-1,-1
448,36,1346.86,423.37,116.47,339.17,0.7803,-1,-1,-1
448,33,1135.85,419.69,198.67,650.40,0.7741,-1,-1,-1
448,3,1137.71,417.62,195.74,654.77,0.7741,-1,-1,-1
448,18,1052.31,421.03,135.53,513.13,0.5333,-1,-1,-1
449,29,625.80,434.77,93.75,308.06,0.5933,-1,-1,-1
449,30,485.14,436.83,105.62,282.94,0.7027,-1,-1,-1
449,34,731.54,332.92,330.64,644.78,0.7325,-1,-1,-1
449,36,1350.80,421.37,113.62,340.77,0.7499,-1,-1,-1
449,33,1137.96,424.39,194.42,651.25,0.7308,-1,-1,-1
449,3,1142.07,423.38,192.06,651.60,0.7308,-1,-1,-1
449,18,1038.35,420.61,150.60,529.69,0.8014,-1,-1,-1
450,29,635.28,434.79,87.52,303.49,0.6590,-1,-1,-1
450,30,486.49,435.80,106.65,285.25,0.6994,-1,-1,-1
450,34,697.11,336.12,328.28,634.06,0.7554,-1,-1,-1
450,36,1353.26,420.59,116.63,340.93,0.7539,-1,-1,-1
450,33,1139.09,421.17,212.14,653.79,0.8143,-1,-1,-1
450,3,1143.66,420.60,210.35,652.60,0.8143,-1,-1,-1
450,18,1036.35,415.94,156.53,544.46,0.7720,-1,-1,-1
451,29,644.52,437.94,80.93,300.61,0.6660,-1,-1,-1
451,30,489.14,434.25,118.51,289.38,0.6379,-1,-1,-1
451,34,661.42,340.02,330.85,637.69,0.7167,-1,-1,-1
451,36,1353.49,418.32,122.65,345.65,0.7263,-1,-1,-1
451,33,1131.71,419.29,249.55,657.52,0.8218,-1,-1,-1
451,3,1136.39,418.96,248.11,655.82,0.8218,-1,-1,-1
451,18,1036.98,413.12,158.58,551.43,0.7848,-1,-1,-1
452,30,489.62,433.71,127.25,290.14,0.7212,-1,-1,-1
452,34,635.03,347.45,321.59,634.99,0.7140,-1,-1,-1
452,36,1358.90,417.55,125.43,347.22,0.7839,-1,-1,-1
452,33,1102.28,416.97,294.66,659.95,0.7161,-1,-1,-1
452,3,1106.91,416.72,293.37,658.16,0.7161,-1,-1,-1
452,18,1040.39,413.95,159.39,551.23,0.7996,-1,-1,-1
453,30,495.58,436.26,125.51,286.80,0.7166,-1,-1,-1
453,34,587.27,358.64,345.20,667.82,0.5391,-1,-1,-1
453,36,1365.77,417.57,123.75,346.86,0.8186,-1,-1,-1
453,33,1130.85,416.32,295.48,655.40,0.8064,-1,-1,-1
453,3,1135.61,416.13,294.08,653.67,0.8064,-1,-1,-1
453,18,1046.55,414.60,153.00,548.25,0.7940,-1,-1,-1
454,30,504.08,437.61,111.63,284.75,0.7768,-1,-1,-1
454,34,542.42,368.74,360.72,657.12,0.6761,-1,-1,-1
454,36,1370.10,417.54,125.10,349.48,0.8185,-1,-1,-1
454,33,1140.31,410.83,304.26,665.16,0.7958,-1,-1,-1
454,3,1144.56,410.65,302.99,663.60,0.7958,-1,-1,-1
454,18,1048.75,415.56,155.07,543.71,0.7732,-1,-1,-1
455,30,513.48,449.23,94.29,268.72,0.6617,-1,-1,-1
455,34,499.40,384.72,368.41,631.32,0.6355,-1,-1,-1
455,36,1372.98,418.42,127.80,349.77,0.8235,-1,-1,-1
455,33,1144.98,417.54,305.05,663.73,0.7103,-1,-1,-1
455,3,1148.84,417.42,303.86,662.28,0.7103,-1,-1,-1
455,18,1052.31,417.92,167.44,544.53,0.7694,-1,-1,-1
455,23,819.58,420.79,77.19,288.29,0.6186,-1,-1,-1
456,34,460.85,392.04,374.99,646.32,0.7101,-1,-1,-1
456,36,1376.58,419.39,130.38,353.30,0.8206,-1,-1,-1
456,33,1147.49,422.12,310.56,661.04,0.7526,-1,-1,-1
456,3,1150.97,422.02,309.48,659.73,0.7526,-1,-1,-1
456,18,1056.42,419.99,169.19,543.00,0.7770,-1,-1,-1
456,23,813.64,420.09,87.65,289.60,0.5994,-1,-1,-1
457,34,412.04,395.65,381.12,645.30,0.6782,-1,-1,-1
457,36,1379.08,420.30,134.06,357.30,0.8461,-1,-1,-1
457,33,1149.08,415.19,298.68,666.90,0.8215,-1,-1,-1
457,3,1152.25,415.11,297.65,665.74,0.8215,-1,-1,-1
457,18,1061.20,420.76,166.54,543.27,0.8057,-1,-1,-1
457,23,808.68,413.93,95.73,295.36,0.6822,-1,-1,-1
458,34,375.23,393.91,389.36,666.27,0.7577,-1,-1,-1
458,36,1385.98,421.65,133.77,359.40,0.8286,-1,-1,-1
458,33,1150.23,415.19,303.39,666.05,0.8403,-1,-1,-1
458,3,1153.00,415.14,302.52,665.00,0.8403,-1,-1,-1
458,18,1068.16,419.70,160.71,541.29,0.8052,-1,-1,-1
458,23,808.58,415.38,97.47,292.93,0.6733,-1,-1,-1
459,34,338.89,388.87,392.81,681.30,0.8429,-1,-1,-1
459,36,1390.79,424.66,142.94,361.73,0.8361,-1,-1,-1
459,33,1151.34,415.67,312.85,666.81,0.8347,-1,-1,-1
459,3,1153.84,415.69,312.09,665.85,0.8347,-1,-1,-1
459,18,1074.85,419.19,155.75,545.50,0.7695,-1,-1,-1
459,23,815.70,418.79,87.06,286.45,0.5964,-1,-1,-1
460,34,301.21,386.25,402.28,679.51,0.6813,-1,-1,-1
460,36,1396.47,425.57,155.04,363.75,0.8448,-1,-1,-1
460,33,1154.84,413.72,309.66,667.26,0.8424,-1,-1,-1
460,3,1157.12,413.80,308.97,666.39,0.8424,-1,-1,-1
460,18,1084.74,419.20,150.39,547.70,0.7160,-1,-1,-1
460,23,819.83,421.74,87.06,280.40,0.5387,-1,-1,-1
460,29,668.40,440.48,131.66,294.69,0.6883,-1,-1,-1
461,34,273.11,373.17,402.31,699.84,0.8020,-1,-1,-1
461,36,1400.68,426.45,162.46,365.32,0.8553,-1,-1,-1
461,33,1157.54,411.64,309.09,670.17,0.8619,-1,-1,-1
461,3,1159.58,411.73,308.47,669.40,0.8619,-1,-1,-1
461,18,1096.96,421.66,149.74,552.79,0.7144,-1,-1,-1
461,23,817.72,416.48,96.15,284.60,0.5822,-1,-1,-1
461,29,658.42,439.61,144.77,297.37,0.7445,-1,-1,-1
462,34,248.64,368.27,395.00,705.85,0.7669,-1,-1,-1
462,36,1403.38,426.69,166.21,366.71,0.8152,-1,-1,-1
462,33,1156.44,405.98,312.80,674.37,0.8665,-1,-1,-1
462,3,1158.24,406.08,312.26,673.67,0.8665,-1,-1,-1
462,18,1098.76,420.31,156.39,555.59,0.7319,-1,-1,-1
462,23,812.71,413.16,102.26,289.08,0.6093,-1,-1,-1
462,29,663.18,439.48,138.86,297.77,0.6930,-1,-1,-1
463,34,243.80,362.92,381.69,710.81,0.7795,-1,-1,-1
463,36,1405.69,429.92,170.80,367.02,0.8299,-1,-1,-1
463,33,1159.61,403.18,311.01,675.60,0.8028,-1,-1,-1
463,3,1161.25,403.28,310.51,674.99,0.8028,-1,-1,-1
463,18,1103.00,417.10,157.30,556.93,0.7728,-1,-1,-1
463,23,810.57,411.66,109.50,290.42,0.5966,-1,-1,-1
463,29,671.91,439.28,126.49,296.51,0.6768,-1,-1,-1
463,39,565.70,432.79,92.37,276.80,0.7023,-1,-1,-1
464,34,221.58,358.85,385.09,713.84,0.8127,-1,-1,-1
464,36,1413.66,426.93,165.99,372.54,0.8498,-1,-1,-1
464,33,1166.04,401.55,304.25,675.62,0.7970,-1,-1,-1
464,3,1167.50,401.64,303.81,675.08,0.7970,-1,-1,-1
464,18,1105.48,413.30,162.47,563.02,0.7788,-1,-1,-1
464,23,809.96,411.95,114.92,291.40,0.6319,-1,-1,-1
464,29,681.16,438.86,117.44,293.12,0.6808,-1,-1,-1
464,39,570.51,432.56,91.77,274.99,0.6955,-1,-1,-1
465,34,196.57,360.70,393.52,709.24,0.7816,-1,-1,-1
465,36,1422.04,423.95,158.50,378.02,0.8425,-1,-1,-1
465,33,1182.43,401.53,287.30,677.19,0.8342,-1,-1,-1
465,3,1183.71,401.62,286.90,676.70,0.8342,-1,-1,-1
465,18,1108.89,416.04,160.06,560.31,0.7699,-1,-1,-1
465,23,817.91,412.49,108.70,291.19,0.6263,-1,-1,-1
465,29,686.44,439.17,114.07,292.16,0.6241,-1,-1,-1
465,39,565.61,431.22,101.17,276.06,0.6809,-1,-1,-1
465,30,563.43,430.90,103.59,276.35,0.6809,-1,-1,-1
466,34,158.64,365.41,399.64,706.43,0.7489,-1,-1,-1
466,36,1433.24,421.05,147.16,382.72,0.8450,-1,-1,-1
466,33,1195.09,402.16,275.37,676.35,0.8168,-1,-1,-1
466,3,1196.17,402.25,275.03,675.92,0.8168,-1,-1,-1
466,18,1108.35,420.18,165.71,554.29,0.7764,-1,-1,-1
466,23,823.20,409.83,106.61,295.00,0.6718,-1,-1,-1
466,29,704.86,438.73,108.44,291.81,0.6405,-1,-1,-1
466,39,561.82,430.45,107.84,277.72,0.6879,-1,-1,-1
466,30,563.49,430.40,107.65,277.94,0.6879,-1,-1,-1
467,34,130.29,369.46,402.52,702.97,0.8542,-1,-1,-1
467,36,1448.20,420.34,135.54,385.27,0.8018,-1,-1,-1
467,33,1215.71,404.05,260.37,667.96,0.7362,-1,-1,-1
467,3,1216.64,404.14,260.08,667.58,0.7362,-1,-1,-1
467,18,1109.31,425.97,171.92,548.97,0.7268,-1,-1,-1
467,23,828.12,408.08,100.72,297.37,0.6768,-1,-1,-1
467,29,719.16,440.12,98.01,291.28,0.6692,-1,-1,-1
467,39,566.42,428.80,104.67,279.62,0.6872,-1,-1,-1
467,30,568.86,428.96,104.10,279.76,0.6872,-1,-1,-1
468,34,113.99,372.19,391.22,701.64,0.8187,-1,-1,-1
468,36,1460.00,415.64,131.58,388.92,0.8166,-1,-1,-1
468,33,1238.52,405.11,244.74,655.32,0.6435,-1,-1,-1
468,3,1239.31,405.21,244.50,654.98,0.6435,-1,-1,-1
468,18,1113.12,423.88,176.73,560.97,0.7789,-1,-1,-1
468,23,831.13,407.07,97.40,298.11,0.6697,-1,-1,-1
468,29,714.04,439.64,101.46,292.30,0.6049,-1,-1,-1
468,39,570.87,432.84,99.65,272.07,0.7035,-1,-1,-1
468,30,573.12,432.73,99.32,272.78,0.7035,-1,-1,-1
469,34,79.22,379.85,388.51,689.32,0.7296,-1,-1,-1
469,36,1471.80,413.67,123.32,391.04,0.7872,-1,-1,-1
469,33,1253.08,402.98,243.27,665.98,0.7934,-1,-1,-1
469,3,1253.73,403.07,243.08,665.69,0.7934,-1,-1,-1
469,18,1117.00,422.63,174.09,573.26,0.7743,-1,-1,-1
469,23,834.11,407.16,93.72,298.49,0.6870,-1,-1,-1
469,29,712.07,437.69,106.14,294.34,0.6250,-1,-1,-1
469,39,574.82,436.17,97.59,268.12,0.7115,-1,-1,-1
469,30,576.72,435.96,97.38,268.90,0.7115,-1,-1,-1
470,34,49.47,389.13,392.77,678.97,0.7838,-1,-1,-1
470,36,1481.68,411.78,119.73,391.41,0.8234,-1,-1,-1
470,33,1270.44,405.54,236.69,667.81,0.6423,-1,-1,-1
470,3,1271.01,405.62,236.52,667.54,0.6423,-1,-1,-1
470,18,1123.56,422.15,178.48,582.83,0.7598,-1,-1,-1
470,23,833.74,408.05,93.11,298.93,0.7190,-1,-1,-1
470,29,713.34,437.51,118.64,292.63,0.6064,-1,-1,-1
470,39,578.83,439.34,95.14,266.79,0.7093,-1,-1,-1
470,30,580.47,439.10,95.03,267.49,0.7093,-1,-1,-1
471,34,19.40,395.64,408.94,673.10,0.8302,-1,-1,-1
471,36,1489.99,409.95,116.68,392.91,0.8152,-1,-1,-1
471,33,1289.33,401.33,213.77,673.51,0.5582,-1,-1,-1
471,3,1289.81,401.42,213.63,673.27,0.5582,-1,-1,-1
471,18,1130.29,421.90,173.51,587.31,0.7716,-1,-1,-1
471,23,837.47,412.98,90.63,292.89,0.7530,-1,-1,-1
471,29,730.81,433.18,116.97,298.37,0.5846,-1,-1,-1
471,39,581.13,446.66,94.79,261.86,0.6993,-1,-1,-1
471,30,582.55,446.30,94.70,262.57,0.6993,-1,-1,-1
472,34,-2.40,401.40,398.88,664.78,0.7824,-1,-1,-1
472,36,1495.09,409.20,117.84,395.51,0.8316,-1,-1,-1
472,33,1290.13,398.94,208.13,674.86,0.6538,-1,-1,-1
472,3,1290.50,399.02,208.02,674.64,0.6538,-1,-1,-1
472,18,1134.06,418.62,178.99,592.85,0.8034,-1,-1,-1
472,23,838.44,412.92,89.62,292.33,0.7328,-1,-1,-1
472,29,738.83,432.50,119.21,299.05,0.6446,-1,-1,-1
472,39,583.68,446.61,96.22,261.73,0.7330,-1,-1,-1
472,30,584.92,446.38,96.10,262.31,0.7330,-1,-1,-1
473,34,-11.08,403.00,394.41,663.36,0.6331,-1,-1,-1
473,36,1500.64,410.02,118.57,392.97,0.8031,-1,-1,-1
473,33,1310.31,398.97,201.99,670.03,0.6615,-1,-1,-1
473,3,1310.63,399.04,201.90,669.84,0.6615,-1,-1,-1
473,18,1138.74,421.66,171.73,589.98,0.7926,-1,-1,-1
473,23,840.34,416.10,89.76,289.28,0.6985,-1,-1,-1
473,29,742.41,435.08,119.12,295.61,0.6691,-1,-1,-1
473,39,586.56,442.24,97.64,266.05,0.7316,-1,-1,-1
473,30,587.64,442.14,97.52,266.46,0.7316,-1,-1,-1
474,34,-13.32,401.20,364.86,669.73,0.5951,-1,-1,-1
474,36,1504.14,410.82,123.72,391.74,0.7797,-1,-1,-1
474,33,1323.79,399.48,202.21,666.74,0.7212,-1,-1,-1
474,3,1324.06,399.55,202.13,666.57,0.7212,-1,-1,-1
474,18,1144.04,422.06,166.97,589.52,0.8007,-1,-1,-1
474,23,839.56,414.56,86.41,290.15,0.6222,-1,-1,-1
474,29,742.23,437.88,119.70,291.88,0.6527,-1,-1,-1
474,39,589.35,440.47,98.43,267.49,0.7393,-1,-1,-1
474,30,590.31,440.41,98.32,267.83,0.7393,-1,-1,-1
475,34,-12.10,398.93,346.48,673.79,0.7482,-1,-1,-1
475,36,1508.91,410.21,130.46,392.80,0.7777,-1,-1,-1
475,33,1326.20,400.79,205.88,666.28,0.7507,-1,-1,-1
475,3,1326.44,400.86,205.82,666.13,0.7507,-1,-1,-1
475,18,1147.75,422.10,167.33,589.62,0.8164,-1,-1,-1
475,23,845.95,415.61,90.87,287.81,0.5109,-1,-1,-1
475,29,743.89,436.84,118.58,293.40,0.6513,-1,-1,-1
475,39,592.31,442.06,98.79,265.37,0.7416,-1,-1,-1
475,30,593.16,442.01,98.69,265.69,0.7416,-1,-1,-1
476,34,-10.60,395.66,258.12,678.40,0.6779,-1,-1,-1
476,36,1513.79,411.32,145.55,392.91,0.7602,-1,-1,-1
476,33,1328.65,397.64,213.11,673.32,0.6737,-1,-1,-1
476,3,1328.85,397.71,213.06,673.19,0.6737,-1,-1,-1
476,18,1149.97,421.54,167.45,589.98,0.8137,-1,-1,-1
476,23,847.08,416.61,83.55,287.49,0.5587,-1,-1,-1
476,29,744.24,436.72,118.23,293.98,0.7015,-1,-1,-1
476,39,595.21,444.64,100.96,261.46,0.7923,-1,-1,-1
476,30,595.96,444.59,100.85,261.75,0.7923,-1,-1,-1
477,34,-6.53,390.95,283.25,680.63,0.7838,-1,-1,-1
477,36,1517.19,410.92,165.66,398.56,0.8324,-1,-1,-1
477,18,1151.81,421.23,170.84,590.39,0.8250,-1,-1,-1
477,23,847.42,416.90,77.10,285.48,0.5532,-1,-1,-1
477,29,745.71,437.55,116.45,293.39,0.7029,-1,-1,-1
477,39,599.87,444.84,100.44,260.64,0.7704,-1,-1,-1
477,30,600.53,444.80,100.35,260.89,0.7704,-1,-1,-1
478,36,1523.67,408.15,180.51,401.35,0.8257,-1,-1,-1
478,18,1157.71,421.05,169.19,590.44,0.8187,-1,-1,-1
478,29,747.62,437.54,113.58,294.60,0.6313,-1,-1,-1
478,39,610.80,445.58,94.06,258.38,0.6860,-1,-1,-1
478,30,611.35,445.55,94.01,258.61,0.6860,-1,-1,-1
479,36,1530.10,409.27,193.72,404.26,0.8492,-1,-1,-1
479,18,1162.57,420.16,168.51,590.78,0.8015,-1,-1,-1
479,29,755.77,438.55,106.78,293.69,0.6149,-1,-1,-1
479,39,609.41,444.59,101.09,258.52,0.6575,-1,-1,-1
479,30,609.89,444.58,101.03,258.70,0.6575,-1,-1,-1
479,3,1345.86,397.87,217.09,674.75,0.7606,-1,-1,-1
479,34,-6.83,383.63,260.71,686.56,0.7246,-1,-1,-1
479,23,851.46,414.15,69.99,286.07,0.5193,-1,-1,-1
480,36,1536.65,412.68,199.58,408.33,0.8576,-1,-1,-1
480,18,1168.29,420.50,166.11,589.84,0.8058,-1,-1,-1
480,29,763.75,437.47,100.45,292.13,0.6541,-1,-1,-1
480,39,618.45,439.35,92.93,261.87,0.6056,-1,-1,-1
480,30,618.89,439.36,92.89,262.02,0.6056,-1,-1,-1
480,3,1348.12,401.57,229.06,672.52,0.8130,-1,-1,-1
480,23,852.02,412.68,69.80,287.39,0.5701,-1,-1,-1
480,28,898.91,437.67,107.14,247.57,0.5523,-1,-1,-1
481,36,1542.27,417.62,203.82,407.05,0.8476,-1,-1,-1
481,18,1173.16,419.50,165.15,590.33,0.8081,-1,-1,-1
481,29,773.21,439.48,96.26,286.10,0.6126,-1,-1,-1
481,39,625.82,436.21,92.58,263.43,0.6025,-1,-1,-1
481,30,626.18,436.23,92.55,263.56,0.6025,-1,-1,-1
481,3,1349.21,398.98,245.22,678.06,0.8316,-1,-1,-1
481,23,853.19,412.90,68.06,286.79,0.5480,-1,-1,-1
481,28,902.89,439.69,104.80,244.18,0.6320,-1,-1,-1
481,34,-5.79,407.32,226.27,665.10,0.7644,-1,-1,-1
482,36,1547.90,418.49,205.99,409.49,0.8333,-1,-1,-1
482,18,1177.37,419.15,164.11,592.84,0.7925,-1,-1,-1
482,29,780.99,438.79,92.23,284.01,0.5799,-1,-1,-1
482,39,631.88,434.80,88.93,265.30,0.5771,-1,-1,-1
482,30,632.20,434.82,88.91,265.42,0.5771,-1,-1,-1
482,3,1354.26,396.64,255.12,681.10,0.8511,-1,-1,-1
482,23,854.35,413.06,66.98,284.84,0.5302,-1,-1,-1
482,28,906.19,442.62,103.10,240.53,0.6764,-1,-1,-1
482,34,-4.02,454.18,206.22,618.38,0.7683,-1,-1,-1
483,36,1555.27,418.37,199.52,412.99,0.8255,-1,-1,-1
483,18,1183.48,418.62,162.13,593.23,0.7927,-1,-1,-1
483,29,792.81,437.14,82.33,287.81,0.6331,-1,-1,-1
483,39,631.00,433.81,94.98,264.22,0.6164,-1,-1,-1
483,30,631.28,433.83,94.95,264.32,0.6164,-1,-1,-1
483,3,1358.58,394.54,263.61,682.39,0.8280,-1,-1,-1
483,23,855.61,414.99,67.24,284.51,0.5265,-1,-1,-1
483,28,909.39,445.00,99.08,237.99,0.6632,-1,-1,-1
483,34,-3.28,501.08,187.76,570.40,0.7445,-1,-1,-1
484,36,1563.18,416.33,193.62,418.82,0.8215,-1,-1,-1
484,18,1188.95,417.71,161.52,594.75,0.7879,-1,-1,-1
484,29,797.76,437.88,78.05,289.66,0.6599,-1,-1,-1
484,39,633.01,435.15,100.22,261.85,0.6555,-1,-1,-1
484,30,633.26,435.17,100.19,261.94,0.6555,-1,-1,-1
484,3,1360.40,393.78,272.58,684.02,0.8716,-1,-1,-1
484,23,859.07,428.18,65.54,271.51,0.5164,-1,-1,-1
484,28,912.25,445.46,95.87,238.34,0.6515,-1,-1,-1
485,36,1573.71,411.66,184.85,426.01,0.8339,-1,-1,-1
485,18,1193.97,419.64,162.98,593.44,0.7822,-1,-1,-1
485,29,801.18,438.77,83.12,286.58,0.6580,-1,-1,-1
485,39,632.45,434.93,110.21,261.80,0.6877,-1,-1,-1
485,30,632.68,434.95,110.18,261.88,0.6877,-1,-1,-1
485,3,1361.05,395.25,278.74,681.89,0.8565,-1,-1,-1
485,28,913.37,442.22,95.28,240.45,0.6780,-1,-1,-1
486,36,1582.55,412.04,178.40,427.52,0.8356,-1,-1,-1
486,18,1199.00,419.94,163.55,592.71,0.7762,-1,-1,-1
486,29,802.23,438.73,95.08,285.78,0.5762,-1,-1,-1
486,39,633.16,434.59,118.12,262.24,0.7144,-1,-1,-1
486,30,633.39,434.60,118.09,262.30,0.7144,-1,-1,-1
486,3,1360.62,396.42,283.95,680.04,0.8408,-1,-1,-1
486,28,912.63,441.44,94.98,240.39,0.6939,-1,-1,-1
486,44,1338.15,416.38,105.07,547.29,0.6090,-1,-1,-1
486,34,-3.20,571.63,120.79,427.64,0.5677,-1,-1,-1
487,36,1590.03,415.26,169.95,425.09,0.7892,-1,-1,-1
487,18,1201.66,419.23,175.75,593.57,0.7764,-1,-1,-1
487,39,633.74,435.38,125.31,261.27,0.6702,-1,-1,-1
487,30,633.94,435.39,125.27,261.33,0.6702,-1,-1,-1
487,3,1361.69,396.36,283.82,679.74,0.8438,-1,-1,-1
487,28,917.19,441.62,91.68,240.59,0.6623,-1,-1,-1
487,44,1344.84,413.31,103.20,530.06,0.5807,-1,-1,-1
488,36,1598.46,417.88,164.69,422.11,0.7659,-1,-1,-1
488,18,1203.26,419.62,181.53,592.68,0.7843,-1,-1,-1
488,39,635.91,435.48,126.55,260.98,0.6726,-1,-1,-1
488,30,636.10,435.49,126.52,261.03,0.6726,-1,-1,-1
488,3,1361.58,399.47,288.50,676.66,0.8192,-1,-1,-1
488,28,920.59,447.47,89.09,234.51,0.5535,-1,-1,-1
488,44,1349.03,417.41,105.61,508.64,0.5103,-1,-1,-1
488,29,806.07,433.96,119.61,291.42,0.5849,-1,-1,-1
488,34,-1.98,646.14,74.66,320.09,0.5588,-1,-1,-1
489,36,1607.64,414.26,156.86,428.03,0.7451,-1,-1,-1
489,18,1205.80,415.11,185.55,594.97,0.8260,-1,-1,-1
489,39,640.65,436.08,125.35,259.97,0.6958,-1,-1,-1
489,30,640.81,436.09,125.32,260.02,0.6958,-1,-1,-1
489,3,1362.23,394.92,290.90,678.41,0.7879,-1,-1,-1
489,28,923.30,441.22,88.34,240.23,0.6098,-1,-1,-1
489,44,1350.86,422.32,109.86,476.77,0.5548,-1,-1,-1
489,29,807.15,431.97,129.36,293.10,0.5714,-1,-1,-1
490,36,1615.80,412.31,149.63,431.70,0.7320,-1,-1,-1
490,18,1205.95,416.71,187.90,594.51,0.8008,-1,-1,-1
490,39,643.24,435.47,124.57,261.92,0.7903,-1,-1,-1
490,30,643.39,435.48,124.55,261.96,0.7903,-1,-1,-1
490,3,1366.73,396.51,274.22,675.87,0.7455,-1,-1,-1
490,28,932.91,439.74,79.94,240.59,0.6163,-1,-1,-1
490,44,1354.92,420.59,112.83,472.10,0.6114,-1,-1,-1
490,29,807.25,435.00,134.96,289.99,0.5798,-1,-1,-1
490,46,332.73,459.52,96.17,220.98,0.5011,-1,-1,-1
491,36,1620.86,409.72,133.58,432.48,0.7350,-1,-1,-1
491,18,1206.59,417.43,188.38,594.41,0.8076,-1,-1,-1
491,39,647.11,435.10,122.56,263.73,0.7890,-1,-1,-1
491,30,647.24,435.11,122.54,263.76,0.7890,-1,-1,-1
491,3,1369.11,399.07,260.93,670.80,0.6712,-1,-1,-1
491,28,944.53,437.11,71.63,241.52,0.5934,-1,-1,-1
491,44,1361.41,418.98,114.10,469.83,0.5504,-1,-1,-1
491,29,808.67,436.13,137.11,288.85,0.5244,-1,-1,-1
492,36,1631.70,409.76,120.25,436.79,0.7096,-1,-1,-1
492,18,1206.51,414.32,194.23,596.03,0.8155,-1,-1,-1
492,39,648.52,433.56,123.73,266.81,0.7641,-1,-1,-1
492,30,648.64,433.57,123.71,266.85,0.7641,-1,-1,-1
492,28,952.54,436.83,72.50,241.60,0.6237,-1,-1,-1
492,44,1367.07,413.58,120.27,466.56,0.5253,-1,-1,-1
492,29,808.99,441.76,141.01,283.49,0.6688,-1,-1,-1
492,46,317.43,479.77,95.58,202.95,0.5228,-1,-1,-1
493,36,1636.72,409.90,120.84,434.88,0.6395,-1,-1,-1
493,18,1206.95,416.40,198.17,593.69,0.8292,-1,-1,-1
493,39,651.72,439.39,120.99,262.36,0.7730,-1,-1,-1
493,30,651.83,439.40,120.97,262.39,0.7730,-1,-1,-1
493,28,957.61,439.06,73.74,240.05,0.7060,-1,-1,-1
493,44,1373.03,410.72,121.51,485.18,0.5386,-1,-1,-1
493,29,810.41,444.90,142.30,279.60,0.6876,-1,-1,-1
494,36,1637.31,410.05,129.32,410.34,0.6716,-1,-1,-1
494,18,1207.07,419.67,205.16,590.42,0.8280,-1,-1,-1
494,39,654.44,441.52,119.74,260.52,0.7826,-1,-1,-1
494,30,654.54,441.53,119.72,260.55,0.7826,-1,-1,-1
494,28,958.22,440.89,77.34,238.95,0.6561,-1,-1,-1
494,44,1378.39,408.09,123.04,515.05,0.6169,-1,-1,-1
494,29,811.07,445.60,143.95,279.75,0.7109,-1,-1,-1
495,36,1638.37,406.78,154.34,441.80,0.6932,-1,-1,-1
495,18,1207.75,421.03,212.26,589.93,0.8143,-1,-1,-1
495,39,655.16,438.66,118.56,263.25,0.7627,-1,-1,-1
495,30,655.25,438.66,118.55,263.27,0.7627,-1,-1,-1
495,28,961.10,441.57,86.28,239.32,0.6628,-1,-1,-1
495,44,1379.12,406.75,125.70,543.62,0.5717,-1,-1,-1
495,29,817.34,443.71,138.52,281.31,0.6824,-1,-1,-1
496,18,1208.19,420.34,219.12,591.11,0.8325,-1,-1,-1
496,39,657.21,438.09,116.19,263.82,0.7865,-1,-1,-1
496,30,657.28,438.10,116.18,263.84,0.7865,-1,-1,-1
496,28,960.98,442.62,99.34,238.97,0.7291,-1,-1,-1
496,44,1382.64,410.51,129.25,558.24,0.6477,-1,-1,-1
496,29,821.73,441.77,135.15,284.54,0.7016,-1,-1,-1
496,3,1391.44,375.94,274.62,693.62,0.5690,-1,-1,-1
497,18,1209.24,420.47,223.55,590.53,0.8528,-1,-1,-1
497,39,663.06,435.10,109.57,267.09,0.7760,-1,-1,-1
497,30,663.12,435.11,109.56,267.10,0.7760,-1,-1,-1
497,28,963.44,442.30,108.48,239.63,0.7283,-1,-1,-1
497,44,1389.74,415.74,130.50,495.83,0.6544,-1,-1,-1
497,29,828.93,442.51,128.15,285.42,0.7342,-1,-1,-1
497,3,1396.98,376.66,286.63,696.05,0.6532,-1,-1,-1
497,36,1646.60,406.13,154.47,466.24,0.8000,-1,-1,-1
498,18,1213.05,418.27,223.30,592.85,0.8473,-1,-1,-1
498,39,669.38,433.00,102.17,269.28,0.7722,-1,-1,-1
498,30,669.43,433.01,102.17,269.29,0.7722,-1,-1,-1
498,28,967.59,440.55,113.06,241.54,0.7380,-1,-1,-1
498,44,1392.36,413.22,135.77,519.16,0.6514,-1,-1,-1
498,29,838.12,443.59,119.16,283.53,0.6808,-1,-1,-1
498,3,1410.30,376.24,279.14,695.44,0.6500,-1,-1,-1
498,36,1652.02,409.05,157.44,466.93,0.7419,-1,-1,-1
499,18,1220.07,415.71,216.23,596.10,0.8361,-1,-1,-1
499,39,673.34,435.37,98.14,265.94,0.7668,-1,-1,-1
499,30,673.39,435.37,98.13,265.95,0.7668,-1,-1,-1
499,28,970.25,440.64,118.83,242.16,0.6975,-1,-1,-1
499,44,1393.63,407.89,143.17,531.31,0.6556,-1,-1,-1
499,29,851.61,443.23,106.14,284.86,0.6998,-1,-1,-1
499,3,1422.61,377.32,272.09,694.54,0.6668,-1,-1,-1
499,36,1654.83,407.18,189.52,469.88,0.8519,-1,-1,-1
499,46,244.37,484.19,109.85,216.82,0.5501,-1,-1,-1
500,18,1228.43,416.51,209.90,595.95,0.7887,-1,-1,-1
500,39,676.25,433.98,95.97,267.03,0.7471,-1,-1,-1
500,30,676.29,433.99,95.96,267.04,0.7471,-1,-1,-1
500,28,971.09,442.89,120.32,240.20,0.6806,-1,-1,-1
500,44,1390.92,408.99,154.16,544.43,0.6763,-1,-1,-1
500,29,856.46,440.03,102.76,286.86,0.6592,-1,-1,-1
500,3,1443.90,377.58,262.97,693.56,0.5812,-1,-1,-1
500,36,1661.46,410.96,204.89,472.81,0.8425,-1,-1,-1
500,46,237.15,482.57,103.60,221.91,0.6089,-1,-1,-1
501,18,1239.77,414.88,202.53,598.23,0.7918,-1,-1,-1
501,39,682.33,433.79,91.18,266.33,0.6852,-1,-1,-1
501,30,682.36,433.80,91.17,266.34,0.6852,-1,-1,-1
501,28,970.41,451.01,120.40,231.88,0.7068,-1,-1,-1
501,44,1394.36,411.60,153.84,543.54,0.6842,-1,-1,-1
501,29,859.50,438.30,102.46,287.66,0.6992,-1,-1,-1
501,3,1477.16,374.72,232.73,612.08,0.6101,-1,-1,-1
501,36,1671.98,415.49,217.78,471.61,0.8533,-1,-1,-1
501,46,226.47,481.72,107.08,222.32,0.6273,-1,-1,-1
502,18,1252.98,414.93,195.96,599.41,0.7968,-1,-1,-1
502,39,691.58,435.46,83.59,263.60,0.6774,-1,-1,-1
502,30,691.61,435.47,83.58,263.61,0.6774,-1,-1,-1
502,28,972.75,451.19,117.28,231.62,0.7335,-1,-1,-1
502,44,1390.63,407.40,162.11,554.61,0.7131,-1,-1,-1
502,29,862.07,439.68,103.59,286.55,0.6557,-1,-1,-1
502,3,1496.17,375.98,225.80,662.49,0.6182,-1,-1,-1
502,36,1683.30,415.41,217.06,473.91,0.8443,-1,-1,-1
502,46,217.79,483.65,112.76,219.71,0.6017,-1,-1,-1
503,18,1276.50,411.42,178.73,605.16,0.7671,-1,-1,-1
503,39,691.94,434.71,86.42,265.00,0.6960,-1,-1,-1
503,30,691.96,434.72,86.42,265.01,0.6960,-1,-1,-1
503,28,979.63,448.23,110.67,234.46,0.7195,-1,-1,-1
503,44,1386.55,409.92,169.88,555.63,0.6208,-1,-1,-1
503,29,867.31,440.10,104.69,285.72,0.6732,-1,-1,-1
503,3,1508.77,373.93,217.98,681.74,0.7258,-1,-1,-1
503,36,1691.98,413.28,215.53,480.63,0.8553,-1,-1,-1
503,46,205.59,481.71,118.57,230.54,0.5348,-1,-1,-1
504,18,1292.62,411.88,168.60,606.86,0.8042,-1,-1,-1
504,39,693.80,435.37,86.79,264.99,0.6867,-1,-1,-1
504,30,693.82,435.38,86.79,265.00,0.6867,-1,-1,-1
504,28,989.00,448.01,99.59,234.70,0.6596,-1,-1,-1
504,44,1390.13,410.46,170.34,556.04,0.6971,-1,-1,-1
504,29,873.32,440.43,105.81,284.70,0.5696,-1,-1,-1
504,3,1518.30,372.57,216.50,690.64,0.7005,-1,-1,-1
504,36,1698.42,411.22,218.27,492.17,0.8657,-1,-1,-1
504,46,192.24,481.97,119.13,235.36,0.6457,-1,-1,-1
505,18,1302.47,410.54,165.30,613.19,0.8282,-1,-1,-1
505,39,694.34,436.72,89.72,264.38,0.7825,-1,-1,-1
505,30,694.36,436.72,89.72,264.39,0.7825,-1,-1,-1
505,28,1000.11,453.84,87.42,229.14,0.6442,-1,-1,-1
505,44,1401.14,420.80,164.17,547.70,0.6621,-1,-1,-1
505,29,882.31,442.78,113.74,281.14,0.5831,-1,-1,-1
505,3,1525.16,372.63,219.60,698.24,0.7682,-1,-1,-1
505,36,1708.60,408.30,212.17,500.22,0.8850,-1,-1,-1
505,46,181.93,482.31,114.55,236.34,0.6028,-1,-1,-1
506,18,1309.27,411.25,163.99,622.88,0.7937,-1,-1,-1
506,39,699.08,435.46,90.19,266.33,0.7433,-1,-1,-1
506,30,699.10,435.46,90.19,266.33,0.7433,-1,-1,-1
506,28,1010.73,459.14,78.69,223.38,0.6264,-1,-1,-1
506,44,1430.76,422.89,137.97,534.46,0.7062,-1,-1,-1
506,29,893.94,449.04,117.78,273.63,0.6529,-1,-1,-1
506,3,1529.66,371.91,218.18,701.46,0.7571,-1,-1,-1
506,36,1718.29,403.70,204.46,506.75,0.8853,-1,-1,-1
506,46,168.28,483.92,114.33,234.64,0.6548,-1,-1,-1
507,18,1314.84,411.99,162.04,631.91,0.8118,-1,-1,-1
507,39,702.33,435.47,95.26,266.08,0.7236,-1,-1,-1
507,30,702.34,435.47,95.26,266.08,0.7236,-1,-1,-1
507,28,1017.33,452.75,79.34,228.80,0.5338,-1,-1,-1
507,44,1444.44,418.91,126.84,541.54,0.6955,-1,-1,-1
507,29,899.96,450.74,120.65,270.85,0.6701,-1,-1,-1
507,3,1532.32,374.15,220.15,701.19,0.7413,-1,-1,-1
507,36,1732.83,400.11,190.13,512.36,0.8764,-1,-1,-1
507,46,153.18,482.42,116.33,242.75,0.6778,-1,-1,-1
507,48,869.37,413.52,69.11,289.23,0.6050,-1,-1,-1
508,18,1319.35,414.79,178.72,637.67,0.7756,-1,-1,-1
508,39,712.28,435.77,92.02,264.44,0.6847,-1,-1,-1
508,30,712.29,435.77,92.01,264.44,0.6847,-1,-1,-1
508,28,1026.09,450.10,73.40,230.11,0.5329,-1,-1,-1
508,44,1453.89,413.73,121.40,537.65,0.6743,-1,-1,-1
508,29,901.38,452.32,133.16,269.15,0.7100,-1,-1,-1
508,3,1532.03,373.74,227.16,699.46,0.7468,-1,-1,-1
508,36,1743.36,397.96,178.74,514.35,0.8458,-1,-1,-1
508,46,139.31,483.33,120.41,244.91,0.6708,-1,-1,-1
508,48,869.18,413.00,69.27,286.27,0.6063,-1,-1,-1
509,18,1324.81,413.58,199.10,643.79,0.8279,-1,-1,-1
509,39,715.71,438.05,96.22,262.12,0.6718,-1,-1,-1
509,30,715.72,438.05,96.22,262.12,0.6718,-1,-1,-1
509,44,1461.73,407.75,120.74,558.36,0.5879,-1,-1,-1
509,29,902.48,448.96,138.69,274.28,0.7371,-1,-1,-1
509,3,1532.86,373.75,225.68,695.17,0.7009,-1,-1,-1
509,36,1751.83,396.24,169.93,513.92,0.7910,-1,-1,-1
509,46,127.47,479.37,120.73,245.71,0.6710,-1,-1,-1
509,48,872.88,421.15,65.35,278.73,0.5880,-1,-1,-1
510,18,1326.88,413.27,217.51,644.98,0.8407,-1,-1,-1
510,39,715.49,436.31,109.14,263.75,0.7043,-1,-1,-1
510,30,715.50,436.31,109.14,263.76,0.7043,-1,-1,-1
510,44,1468.64,405.29,121.10,570.23,0.7085,-1,-1,-1
510,29,902.41,446.78,139.78,277.92,0.7510,-1,-1,-1
510,3,1545.22,375.67,237.96,697.95,0.6134,-1,-1,-1
510,36,1767.93,393.58,153.62,503.48,0.8243,-1,-1,-1
510,46,109.97,477.43,125.81,248.04,0.6633,-1,-1,-1
510,48,874.90,414.40,66.10,283.69,0.5884,-1,-1,-1
511,18,1326.19,414.55,233.35,645.44,0.8386,-1,-1,-1
511,39,715.92,438.30,114.21,261.50,0.7250,-1,-1,-1
511,30,715.93,438.30,114.21,261.51,0.7250,-1,-1,-1
511,44,1475.06,405.16,119.90,559.12,0.6678,-1,-1,-1
511,29,901.40,446.49,150.29,278.82,0.7626,-1,-1,-1
511,3,1545.24,371.03,262.33,703.89,0.7176,-1,-1,-1
511,36,1779.01,393.73,142.41,497.03,0.8075,-1,-1,-1
511,46,98.01,477.07,127.21,251.65,0.5584,-1,-1,-1
511,28,1035.91,457.83,78.45,218.04,0.5460,-1,-1,-1
512,18,1324.42,417.63,241.60,644.55,0.8451,-1,-1,-1
512,39,718.37,437.22,113.75,261.89,0.7390,-1,-1,-1
512,30,718.38,437.22,113.75,261.89,0.7390,-1,-1,-1
512,44,1477.05,407.58,119.76,542.00,0.6393,-1,-1,-1
512,29,901.33,444.42,153.22,281.23,0.7578,-1,-1,-1
512,3,1548.68,373.57,242.51,694.60,0.5767,-1,-1,-1
512,36,1786.33,393.70,134.63,497.59,0.8067,-1,-1,-1
512,28,1038.81,454.59,84.97,222.53,0.6049,-1,-1,-1
512,48,874.74,412.02,73.39,283.99,0.5612,-1,-1,-1
513,18,1323.64,418.48,248.34,647.25,0.8471,-1,-1,-1
513,39,719.92,436.48,117.19,262.85,0.7424,-1,-1,-1
513,30,719.93,436.48,117.19,262.85,0.7424,-1,-1,-1
513,44,1480.44,411.93,120.11,550.87,0.6536,-1,-1,-1
513,29,901.42,443.94,155.40,281.78,0.7505,-1,-1,-1
513,36,1802.13,390.75,118.73,507.58,0.7982,-1,-1,-1
513,28,1041.86,447.32,91.03,230.09,0.6050,-1,-1,-1
513,48,875.67,412.11,75.77,284.66,0.5143,-1,-1,-1
513,46,66.40,476.73,138.87,257.05,0.6036,-1,-1,-1
514,18,1323.38,418.64,251.86,648.40,0.8435,-1,-1,-1
514,39,722.36,439.02,115.18,258.94,0.7477,-1,-1,-1
514,30,722.37,439.02,115.17,258.95,0.7477,-1,-1,-1
514,44,1485.21,415.33,119.96,538.51,0.5940,-1,-1,-1
514,29,902.24,444.30,155.98,280.76,0.7014,-1,-1,-1
514,36,1809.38,390.30,111.42,511.94,0.8036,-1,-1,-1
514,28,1043.09,445.40,99.90,231.72,0.6223,-1,-1,-1
514,48,877.54,412.57,77.04,284.96,0.5091,-1,-1,-1
514,46,50.88,476.75,142.54,258.05,0.6568,-1,-1,-1
514,3,1558.44,371.64,227.46,606.89,0.5672,-1,-1,-1
515,18,1324.18,418.04,253.62,650.04,0.8440,-1,-1,-1
515,39,725.81,439.19,112.89,257.30,0.7253,-1,-1,-1
515,30,725.82,439.19,112.89,257.31,0.7253,-1,-1,-1
515,44,1489.47,415.36,124.93,524.90,0.5201,-1,-1,-1
515,29,903.53,443.47,156.76,280.83,0.7431,-1,-1,-1
515,36,1819.66,388.81,101.02,517.22,0.7929,-1,-1,-1
515,28,1045.61,449.08,104.57,228.26,0.6780,-1,-1,-1
515,48,876.72,418.03,75.72,279.88,0.5766,-1,-1,-1
515,46,37.78,477.64,145.10,259.13,0.6997,-1,-1,-1
515,3,1564.01,372.02,243.80,668.94,0.5283,-1,-1,-1
516,18,1324.09,421.46,257.20,648.46,0.8307,-1,-1,-1
516,39,730.84,436.34,109.36,259.22,0.7483,-1,-1,-1
516,30,730.85,436.34,109.36,259.23,0.7483,-1,-1,-1
516,29,906.66,439.38,154.30,282.71,0.7598,-1,-1,-1
516,36,1824.36,387.67,95.68,525.05,0.7578,-1,-1,-1
516,28,1048.99,449.78,101.20,226.16,0.5775,-1,-1,-1
516,48,877.45,418.19,79.20,282.43,0.5690,-1,-1,-1
516,46,22.80,478.67,148.36,259.64,0.7054,-1,-1,-1
516,3,1564.26,374.03,269.38,678.79,0.6064,-1,-1,-1
517,18,1324.20,423.73,261.31,646.71,0.8205,-1,-1,-1
517,39,734.94,438.87,106.92,255.76,0.7290,-1,-1,-1
517,30,734.94,438.87,106.92,255.77,0.7290,-1,-1,-1
517,29,910.24,437.86,149.68,284.19,0.7689,-1,-1,-1
517,36,1833.97,390.64,86.00,517.11,0.6981,-1,-1,-1
517,28,1050.11,449.96,102.00,226.26,0.5534,-1,-1,-1
517,48,878.98,422.87,83.08,280.75,0.5797,-1,-1,-1
517,46,13.99,489.85,148.17,248.58,0.5800,-1,-1,-1
518,18,1327.53,419.79,263.67,649.72,0.8205,-1,-1,-1
518,39,740.14,433.85,102.30,259.67,0.7799,-1,-1,-1
518,30,740.14,433.85,102.30,259.67,0.7799,-1,-1,-1
518,29,913.90,435.61,145.90,286.94,0.7866,-1,-1,-1
518,36,1842.46,393.24,77.43,513.96,0.6629,-1,-1,-1
518,28,1050.02,457.35,104.23,219.79,0.5708,-1,-1,-1
518,48,879.21,418.47,81.63,286.08,0.6177,-1,-1,-1
518,46,2.75,483.78,150.09,255.76,0.6834,-1,-1,-1
519,18,1330.14,420.47,263.36,648.24,0.7951,-1,-1,-1
519,39,743.81,432.67,100.63,260.02,0.7721,-1,-1,-1
519,30,743.81,432.67,100.63,260.02,0.7721,-1,-1,-1
519,29,917.32,439.17,142.44,281.51,0.6556,-1,-1,-1
519,36,1852.35,393.63,67.41,497.29,0.5247,-1,-1,-1
519,28,1050.86,451.48,103.44,226.14,0.5336,-1,-1,-1
519,48,879.80,428.48,79.89,273.22,0.5925,-1,-1,-1
519,46,-2.85,488.83,147.94,251.17,0.6142,-1,-1,-1
519,3,1576.41,380.34,307.20,687.27,0.6568,-1,-1,-1
520,18,1334.53,418.69,258.22,649.75,0.7827,-1,-1,-1
520,39,749.53,430.79,95.15,260.29,0.7279,-1,-1,-1
520,30,749.53,430.79,95.15,260.29,0.7279,-1,-1,-1
520,29,927.86,443.90,135.86,276.08,0.6576,-1,-1,-1
520,36,1866.65,395.62,53.13,483.31,0.5434,-1,-1,-1
520,28,1051.15,454.59,102.63,222.78,0.5671,-1,-1,-1
520,48,881.13,433.60,79.19,266.29,0.6392,-1,-1,-1
520,46,-4.75,482.95,149.88,260.29,0.5351,-1,-1,-1
520,51,680.33,448.44,43.95,124.38,0.5479,-1,-1,-1
520,3,1580.73,380.32,269.47,690.28,0.5518,-1,-1,-1
521,18,1339.33,415.95,250.65,651.66,0.8273,-1,-1,-1
521,39,756.31,430.88,89.40,259.62,0.7424,-1,-1,-1
521,30,756.31,430.88,89.40,259.62,0.7424,-1,-1,-1
521,29,936.31,444.72,130.45,275.02,0.6325,-1,-1,-1
521,28,1052.62,443.44,100.17,234.20,0.6208,-1,-1,-1
521,48,881.78,432.88,80.53,267.36,0.6335,-1,-1,-1
521,51,680.45,450.66,42.23,122.75,0.5131,-1,-1,-1
521,3,1580.65,380.93,313.44,686.02,0.6124,-1,-1,-1
522,18,1345.01,413.16,249.72,653.67,0.8022,-1,-1,-1
522,39,765.70,432.53,80.71,256.06,0.7153,-1,-1,-1
522,30,765.70,432.53,80.71,256.06,0.7153,-1,-1,-1
522,29,948.00,442.15,121.98,277.22,0.6701,-1,-1,-1
522,28,1054.35,443.19,98.43,234.54,0.6234,-1,-1,-1
522,48,880.55,432.20,84.52,268.96,0.6422,-1,-1,-1
522,51,678.28,449.31,43.60,124.28,0.5587,-1,-1,-1
522,3,1602.67,378.45,304.75,605.76,0.6272,-1,-1,-1
523,18,1352.01,412.21,246.84,655.05,0.7309,-1,-1,-1
523,39,766.05,432.85,85.49,256.43,0.7168,-1,-1,-1
523,30,766.05,432.85,85.49,256.43,0.7168,-1,-1,-1
523,29,952.80,442.24,115.70,278.26,0.6811,-1,-1,-1
523,28,1055.41,452.63,98.61,225.16,0.6440,-1,-1,-1
523,48,881.04,423.09,89.77,279.74,0.6479,-1,-1,-1
523,51,675.85,448.56,45.31,125.86,0.5927,-1,-1,-1
523,3,1589.58,379.14,329.60,663.67,0.6031,-1,-1,-1
523,44,1538.36,411.30,154.19,545.38,0.5178,-1,-1,-1
524,18,1363.14,411.33,238.48,655.40,0.7126,-1,-1,-1
524,39,768.27,431.31,87.83,258.46,0.7391,-1,-1,-1
524,30,768.28,431.31,87.83,258.46,0.7391,-1,-1,-1
524,29,964.86,443.02,104.88,276.60,0.6237,-1,-1,-1
524,28,1059.00,455.83,96.12,221.59,0.6078,-1,-1,-1
524,48,880.34,419.66,94.46,283.32,0.6635,-1,-1,-1
524,51,674.36,448.76,46.14,124.93,0.6099,-1,-1,-1
524,3,1589.65,375.50,334.09,683.98,0.7973,-1,-1,-1
525,18,1380.07,411.15,224.94,656.71,0.7219,-1,-1,-1
525,39,767.93,430.40,91.34,259.45,0.7484,-1,-1,-1
525,30,767.93,430.40,91.34,259.45,0.7484,-1,-1,-1
525,29,971.79,443.98,97.32,275.68,0.6575,-1,-1,-1
525,28,1060.98,459.55,97.55,218.57,0.6283,-1,-1,-1
525,48,885.33,413.52,93.93,291.11,0.6531,-1,-1,-1
525,51,674.22,451.48,44.56,121.52,0.6313,-1,-1,-1
525,3,1594.93,371.03,329.81,697.31,0.6822,-1,-1,-1
525,44,1545.16,408.51,158.94,582.28,0.5920,-1,-1,-1
526,18,1401.74,410.56,207.90,654.21,0.6749,-1,-1,-1
526,39,767.85,434.25,95.71,255.18,0.7174,-1,-1,-1
526,30,767.85,434.25,95.71,255.18,0.7174,-1,-1,-1
526,29,985.63,444.88,81.78,277.10,0.6581,-1,-1,-1
526,28,1064.20,461.93,97.93,215.30,0.6342,-1,-1,-1
526,48,893.42,411.79,88.72,294.35,0.6753,-1,-1,-1
526,51,671.40,451.36,46.88,120.96,0.5834,-1,-1,-1
526,3,1599.41,363.59,324.90,707.51,0.8162,-1,-1,-1
526,44,1549.05,408.80,160.68,587.87,0.5765,-1,-1,-1
527,18,1422.05,412.97,197.37,653.85,0.7507,-1,-1,-1
527,39,770.51,435.75,104.32,253.65,0.6895,-1,-1,-1
527,30,770.51,435.75,104.32,253.65,0.6895,-1,-1,-1
527,29,994.28,448.01,77.42,274.59,0.7052,-1,-1,-1
527,28,1069.01,460.06,97.93,215.78,0.6215,-1,-1,-1
527,48,897.97,408.58,86.23,297.64,0.7362,-1,-1,-1
527,51,669.18,454.36,48.02,117.73,0.5882,-1,-1,-1
527,3,1601.41,366.06,321.87,706.20,0.6965,-1,-1,-1
527,44,1561.47,408.87,155.86,590.15,0.6799,-1,-1,-1
528,18,1436.72,412.09,184.19,653.73,0.6916,-1,-1,-1
528,39,783.93,437.08,96.96,250.77,0.5981,-1,-1,-1
528,30,783.94,437.08,96.96,250.77,0.5981,-1,-1,-1
528,29,997.30,446.11,82.18,278.29,0.7121,-1,-1,-1
528,28,1075.76,454.70,90.15,220.39,0.6411,-1,-1,-1
528,48,903.24,410.96,81.57,295.58,0.7279,-1,-1,-1
528,51,668.72,456.15,47.55,114.93,0.6127,-1,-1,-1
528,3,1603.90,383.09,319.97,689.72,0.7342,-1,-1,-1
528,44,1570.00,410.18,161.57,590.62,0.7151,-1,-1,-1
529,18,1445.01,412.61,181.59,654.72,0.7813,-1,-1,-1
529,39,782.32,436.19,118.46,251.90,0.6294,-1,-1,-1
529,30,782.32,436.19,118.46,251.90,0.6294,-1,-1,-1
529,29,1000.66,443.50,90.01,279.11,0.7067,-1,-1,-1
529,28,1084.43,451.68,78.18,222.29,0.5326,-1,-1,-1
529,48,912.11,407.11,75.01,299.25,0.7331,-1,-1,-1
529,51,665.94,454.37,52.41,116.84,0.5692,-1,-1,-1
529,3,1664.78,384.20,257.88,604.52,0.5806,-1,-1,-1
529,44,1577.94,411.85,163.55,591.90,0.7308,-1,-1,-1
530,18,1450.40,413.85,180.33,654.55,0.7930,-1,-1,-1
530,39,789.55,435.24,115.10,251.98,0.6852,-1,-1,-1
530,30,789.55,435.24,115.10,251.98,0.6852,-1,-1,-1
530,29,1003.84,440.63,94.90,279.25,0.7164,-1,-1,-1
530,28,1091.95,448.83,71.18,225.50,0.5649,-1,-1,-1
530,48,916.83,404.69,72.43,301.75,0.7550,-1,-1,-1
530,51,663.84,454.90,52.32,115.79,0.5688,-1,-1,-1
530,3,1695.07,371.16,226.57,584.80,0.5903,-1,-1,-1
530,44,1581.44,411.99,163.85,595.75,0.6780,-1,-1,-1
531,18,1452.57,413.46,188.07,653.90,0.8098,-1,-1,-1
531,39,787.33,434.48,116.79,252.82,0.7534,-1,-1,-1
531,30,787.33,434.48,116.79,252.82,0.7534,-1,-1,-1
531,29,1007.26,442.63,99.54,276.03,0.7753,-1,-1,-1
531,28,1093.26,450.58,71.68,225.40,0.5846,-1,-1,-1
531,48,919.42,403.00,72.47,303.89,0.7637,-1,-1,-1
531,51,663.03,454.74,50.08,114.17,0.5485,-1,-1,-1
531,3,1702.68,366.47,218.62,574.98,0.5021,-1,-1,-1
531,44,1587.27,413.53,161.47,598.73,0.7199,-1,-1,-1
532,18,1454.89,412.50,199.33,654.59,0.7968,-1,-1,-1
532,39,788.68,435.23,117.90,252.25,0.7539,-1,-1,-1
532,30,788.68,435.23,117.90,252.25,0.7539,-1,-1,-1
532,29,1009.10,443.48,106.39,275.23,0.8030,-1,-1,-1
532,28,1096.57,451.94,63.64,224.36,0.5167,-1,-1,-1
532,48,922.41,401.87,74.28,303.60,0.7301,-1,-1,-1
532,51,663.82,452.73,46.06,116.63,0.5465,-1,-1,-1
532,3,1663.68,365.99,257.59,662.41,0.7801,-1,-1,-1
532,44,1590.45,410.74,166.17,612.00,0.7540,-1,-1,-1
533,18,1456.78,411.51,208.64,654.88,0.8244,-1,-1,-1
533,39,793.19,435.48,114.68,251.82,0.7409,-1,-1,-1
533,30,793.19,435.48,114.68,251.82,0.7409,-1,-1,-1
533,29,1006.84,444.93,114.00,273.00,0.7601,-1,-1,-1
533,28,1099.02,447.22,65.71,230.80,0.5587,-1,-1,-1
533,48,922.56,403.08,79.79,302.08,0.7076,-1,-1,-1
533,51,663.66,452.30,42.36,117.66,0.5588,-1,-1,-1
533,3,1664.73,366.26,256.75,694.51,0.8252,-1,-1,-1
533,44,1596.61,408.07,174.68,622.72,0.7712,-1,-1,-1
534,18,1457.63,410.96,212.54,655.53,0.8335,-1,-1,-1
534,39,799.56,435.98,115.18,251.39,0.7641,-1,-1,-1
534,30,799.56,435.98,115.18,251.39,0.7641,-1,-1,-1
534,29,1007.79,448.75,124.85,270.09,0.7155,-1,-1,-1
534,28,1096.33,447.55,68.01,230.45,0.5673,-1,-1,-1
534,48,921.28,406.19,85.53,300.30,0.7235,-1,-1,-1
534,51,661.67,451.10,41.97,118.42,0.6098,-1,-1,-1
534,3,1704.71,368.28,216.93,651.81,0.6663,-1,-1,-1
534,44,1598.94,411.03,187.49,617.93,0.7506,-1,-1,-1
535,18,1457.72,411.87,213.13,654.88,0.8322,-1,-1,-1
535,39,799.34,437.80,119.51,249.45,0.7656,-1,-1,-1
535,30,799.34,437.80,119.51,249.45,0.7656,-1,-1,-1
535,29,1008.40,444.89,131.63,276.84,0.6861,-1,-1,-1
535,48,920.38,421.52,92.87,285.52,0.7378,-1,-1,-1
535,51,660.33,450.01,41.93,119.43,0.6462,-1,-1,-1
535,3,1714.63,371.82,206.63,685.51,0.6249,-1,-1,-1
535,44,1606.42,409.69,183.66,615.47,0.7676,-1,-1,-1
536,18,1457.86,412.97,216.62,654.22,0.8186,-1,-1,-1
536,39,801.56,436.95,117.96,249.31,0.7335,-1,-1,-1
536,30,801.56,436.95,117.96,249.31,0.7335,-1,-1,-1
536,29,1007.38,448.39,137.81,272.69,0.7138,-1,-1,-1
536,48,916.31,426.80,100.14,280.41,0.7407,-1,-1,-1
536,51,659.24,449.70,41.57,119.02,0.5695,-1,-1,-1
536,3,1738.66,369.02,182.10,701.22,0.8056,-1,-1,-1
536,44,1610.27,408.54,182.24,620.05,0.7377,-1,-1,-1
537,18,1458.89,414.15,227.18,652.33,0.7854,-1,-1,-1
537,39,804.07,436.51,116.13,249.90,0.7348,-1,-1,-1
537,30,804.07,436.51,116.13,249.90,0.7348,-1,-1,-1
537,29,1006.99,453.01,141.69,267.97,0.6610,-1,-1,-1
537,48,916.33,433.64,102.80,272.16,0.7106,-1,-1,-1
537,51,658.53,449.71,41.66,119.09,0.6080,-1,-1,-1
537,3,1757.65,369.85,162.64,705.94,0.8078,-1,-1,-1
537,44,1614.97,407.46,183.71,626.30,0.5622,-1,-1,-1
538,18,1459.94,413.76,229.87,652.96,0.7970,-1,-1,-1
538,39,804.94,435.27,117.54,250.96,0.7536,-1,-1,-1
538,30,804.94,435.27,117.54,250.96,0.7536,-1,-1,-1
538,29,1009.82,451.00,138.71,270.17,0.7037,-1,-1,-1
538,48,917.55,428.23,104.39,279.18,0.7378,-1,-1,-1
538,51,657.38,450.81,41.95,118.47,0.5810,-1,-1,-1
538,3,1767.75,370.28,152.37,708.10,0.8156,-1,-1,-1
538,44,1619.12,408.63,189.40,623.80,0.6291,-1,-1,-1
539,18,1461.42,413.21,232.99,653.81,0.7980,-1,-1,-1
539,39,807.78,434.34,116.36,253.25,0.7495,-1,-1,-1
539,30,807.78,434.34,116.36,253.25,0.7495,-1,-1,-1
539,29,1011.09,443.60,137.19,277.63,0.7102,-1,-1,-1
539,48,919.91,425.20,103.65,282.72,0.7460,-1,-1,-1
539,51,656.41,451.70,41.57,117.77,0.5734,-1,-1,-1
539,3,1777.57,378.88,142.48,700.71,0.7907,-1,-1,-1
539,44,1623.66,408.64,195.35,618.03,0.6961,-1,-1,-1
540,18,1464.54,414.01,233.05,653.84,0.7923,-1,-1,-1
540,39,812.81,433.59,112.26,252.91,0.7279,-1,-1,-1
540,30,812.81,433.59,112.26,252.91,0.7279,-1,-1,-1
540,29,1012.17,440.43,136.03,281.44,0.6798,-1,-1,-1
540,48,920.29,424.76,107.11,283.48,0.7698,-1,-1,-1
540,51,655.14,452.92,38.57,116.39,0.6163,-1,-1,-1
540,3,1783.95,404.12,135.91,673.68,0.7930,-1,-1,-1
540,44,1632.06,408.41,192.37,612.15,0.7275,-1,-1,-1
541,18,1468.07,412.48,239.11,658.27,0.7713,-1,-1,-1
541,39,815.42,432.62,111.75,254.06,0.7385,-1,-1,-1
541,30,815.42,432.62,111.75,254.06,0.7385,-1,-1,-1
541,29,1020.35,437.46,127.18,285.12,0.6585,-1,-1,-1
541,48,921.51,421.01,118.09,287.35,0.7208,-1,-1,-1
541,51,654.90,453.75,37.32,116.15,0.5564,-1,-1,-1
541,3,1789.26,393.22,130.85,686.43,0.7728,-1,-1,-1
541,44,1639.72,407.19,191.06,613.40,0.7708,-1,-1,-1
542,18,1472.11,411.46,258.45,659.55,0.7628,-1,-1,-1
542,39,819.79,433.77,108.86,253.08,0.7248,-1,-1,-1
542,30,819.79,433.77,108.86,253.08,0.7248,-1,-1,-1
542,29,1028.41,434.19,117.70,287.99,0.6439,-1,-1,-1
542,48,921.95,416.03,122.45,293.08,0.7281,-1,-1,-1
542,51,655.09,454.52,36.81,115.26,0.5637,-1,-1,-1
542,3,1797.71,388.41,122.40,692.05,0.7392,-1,-1,-1
542,44,1644.61,405.96,191.58,615.51,0.6296,-1,-1,-1
542,52,712.85,449.52,27.91,95.87,0.5136,-1,-1,-1
542,28,1118.55,453.48,60.44,221.84,0.5022,-1,-1,-1
543,18,1480.30,411.12,256.39,658.17,0.6021,-1,-1,-1
543,39,825.27,432.68,103.91,253.54,0.6637,-1,-1,-1
543,30,825.27,432.68,103.91,253.54,0.6637,-1,-1,-1
543,29,1042.60,436.10,104.53,285.05,0.5750,-1,-1,-1
543,48,921.83,421.78,121.33,285.77,0.7433,-1,-1,-1
543,51,655.27,455.45,37.50,114.77,0.5968,-1,-1,-1
543,3,1805.97,388.52,114.12,692.83,0.6776,-1,-1,-1
543,44,1648.27,404.53,194.13,614.58,0.5379,-1,-1,-1
543,52,712.26,449.22,29.00,96.29,0.5185,-1,-1,-1
544,18,1493.59,411.22,308.12,658.12,0.5409,-1,-1,-1
544,39,834.21,433.38,96.46,252.13,0.6829,-1,-1,-1
544,30,834.21,433.38,96.46,252.13,0.6829,-1,-1,-1
544,29,1050.29,436.28,99.28,283.84,0.5858,-1,-1,-1
544,48,921.75,431.30,124.18,275.42,0.7076,-1,-1,-1
544,51,654.98,455.22,38.45,114.87,0.6255,-1,-1,-1
544,3,1822.26,385.41,97.46,609.95,0.6721,-1,-1,-1
544,52,712.30,448.67,29.17,95.90,0.5113,-1,-1,-1
545,18,1510.07,410.98,261.15,657.55,0.5354,-1,-1,-1
545,39,844.67,435.20,89.39,247.49,0.6678,-1,-1,-1
545,30,844.67,435.20,89.39,247.49,0.6678,-1,-1,-1
545,48,924.26,432.63,126.67,274.36,0.6997,-1,-1,-1
545,51,655.03,453.30,41.00,115.75,0.5942,-1,-1,-1
545,3,1837.00,448.65,82.44,518.92,0.5115,-1,-1,-1
545,52,711.87,448.02,30.95,96.75,0.5503,-1,-1,-1
545,44,1654.10,406.58,193.41,621.16,0.5733,-1,-1,-1
546,18,1528.39,410.08,225.83,656.66,0.5447,-1,-1,-1
546,39,860.04,433.98,78.25,246.67,0.7014,-1,-1,-1
546,30,860.04,433.98,78.25,246.67,0.7014,-1,-1,-1
546,48,929.02,433.26,123.60,272.41,0.7098,-1,-1,-1
546,51,655.16,453.23,40.01,115.10,0.5905,-1,-1,-1
546,3,1826.44,472.16,93.01,572.62,0.5891,-1,-1,-1
546,52,712.82,447.99,30.57,97.32,0.5189,-1,-1,-1
546,44,1658.70,406.20,191.04,625.73,0.5453,-1,-1,-1
546,29,1073.74,436.11,83.86,280.87,0.5182,-1,-1,-1
547,18,1541.71,408.41,208.62,655.50,0.6398,-1,-1,-1
547,39,867.89,435.49,71.98,244.42,0.6615,-1,-1,-1
547,30,867.89,435.49,71.98,244.42,0.6615,-1,-1,-1
547,48,934.71,429.36,118.88,276.84,0.6844,-1,-1,-1
547,51,654.21,454.29,39.90,113.09,0.6225,-1,-1,-1
547,3,1824.64,490.38,94.68,577.80,0.6469,-1,-1,-1
547,52,713.25,448.26,29.81,96.82,0.5016,-1,-1,-1
547,44,1664.66,410.84,188.50,607.90,0.6545,-1,-1,-1
548,18,1548.41,408.49,197.34,659.87,0.7210,-1,-1,-1
548,39,871.50,435.12,70.30,242.76,0.6323,-1,-1,-1
548,30,871.50,435.12,70.30,242.76,0.6323,-1,-1,-1
548,48,937.18,427.75,117.97,277.79,0.6609,-1,-1,-1
548,51,653.69,454.07,37.90,112.37,0.6777,-1,-1,-1
548,3,1829.80,463.39,89.43,614.80,0.5214,-1,-1,-1
548,44,1668.90,411.72,190.33,602.36,0.7370,-1,-1,-1
549,18,1551.37,408.48,196.49,656.48,0.7540,-1,-1,-1
549,39,874.86,436.84,71.44,243.30,0.6219,-1,-1,-1
549,30,874.86,436.84,71.44,243.30,0.6219,-1,-1,-1
549,48,943.89,426.02,111.53,278.18,0.6543,-1,-1,-1
549,51,652.44,454.50,38.50,110.55,0.6687,-1,-1,-1
549,44,1676.24,413.15,187.88,600.68,0.7193,-1,-1,-1
549,52,714.50,448.35,29.43,96.74,0.5574,-1,-1,-1
550,18,1553.38,409.08,195.24,655.76,0.7731,-1,-1,-1
550,39,876.70,437.63,76.21,243.63,0.6219,-1,-1,-1
550,30,876.70,437.63,76.21,243.63,0.6219,-1,-1,-1
550,48,953.66,419.97,106.40,282.67,0.6229,-1,-1,-1
550,51,652.59,455.02,37.59,109.11,0.6711,-1,-1,-1
550,44,1684.17,407.99,191.15,609.76,0.7342,-1,-1,-1
550,52,714.82,449.96,31.47,95.81,0.5144,-1,-1,-1
551,18,1556.00,409.74,199.07,658.69,0.7703,-1,-1,-1
551,39,879.11,435.75,76.34,246.60,0.6446,-1,-1,-1
551,30,879.11,435.75,76.34,246.60,0.6446,-1,-1,-1
551,48,961.58,414.89,99.99,286.24,0.6150,-1,-1,-1
551,51,651.99,455.63,37.96,108.01,0.6459,-1,-1,-1
551,44,1690.81,405.09,192.09,610.39,0.7085,-1,-1,-1
551,52,714.48,449.87,32.33,95.83,0.5347,-1,-1,-1
551,29,1066.91,438.01,126.32,278.99,0.5119,-1,-1,-1
552,18,1558.10,409.85,207.61,665.22,0.8020,-1,-1,-1
552,39,884.58,433.37,75.44,250.04,0.6798,-1,-1,-1
552,30,884.58,433.37,75.44,250.04,0.6798,-1,-1,-1
552,48,970.86,416.21,88.90,282.43,0.6092,-1,-1,-1
552,51,650.76,455.50,40.68,109.01,0.6135,-1,-1,-1
552,44,1696.98,404.39,190.48,609.48,0.7359,-1,-1,-1
552,52,714.94,449.72,32.81,96.11,0.5943,-1,-1,-1
552,53,580.48,452.78,33.41,84.52,0.5238,-1,-1,-1
552,29,1076.31,436.96,124.17,282.90,0.5009,-1,-1,-1
553,18,1560.84,409.39,212.22,666.58,0.7906,-1,-1,-1
553,39,887.05,433.09,81.25,249.95,0.7234,-1,-1,-1
553,30,887.05,433.09,81.25,249.95,0.7234,-1,-1,-1
553,48,984.20,418.78,78.46,276.82,0.6988,-1,-1,-1
553,51,649.58,455.24,42.17,109.82,0.5778,-1,-1,-1
553,44,1702.20,403.59,196.16,614.63,0.6789,-1,-1,-1
553,52,715.57,449.08,34.07,96.10,0.5777,-1,-1,-1
553,53,580.16,452.64,33.89,85.00,0.5205,-1,-1,-1
554,18,1561.71,409.70,272.40,662.37,0.5402,-1,-1,-1
554,39,887.94,431.96,86.54,251.28,0.7365,-1,-1,-1
554,30,887.94,431.96,86.54,251.28,0.7365,-1,-1,-1
554,48,988.74,415.05,78.73,284.70,0.6596,-1,-1,-1
554,52,715.39,448.48,33.64,95.62,0.5863,-1,-1,-1
554,53,580.57,449.55,33.44,87.91,0.5267,-1,-1,-1
554,29,1079.32,435.64,124.73,285.21,0.5785,-1,-1,-1
555,18,1562.44,408.86,264.36,661.87,0.6169,-1,-1,-1
555,39,888.06,431.92,88.45,251.43,0.7327,-1,-1,-1
555,30,888.06,431.92,88.45,251.43,0.7327,-1,-1,-1
555,48,993.69,412.06,78.24,287.61,0.6794,-1,-1,-1
555,52,714.51,446.64,33.75,98.07,0.5749,-1,-1,-1
555,53,580.92,447.06,33.61,90.35,0.5427,-1,-1,-1
555,29,1079.32,434.37,126.00,286.73,0.5958,-1,-1,-1
556,18,1561.92,407.19,270.56,660.84,0.5703,-1,-1,-1
556,39,889.13,432.91,87.86,251.14,0.7682,-1,-1,-1
556,30,889.13,432.91,87.86,251.14,0.7682,-1,-1,-1
556,48,999.85,411.26,80.18,288.15,0.7244,-1,-1,-1
556,52,714.66,446.28,33.65,99.58,0.5956,-1,-1,-1
556,53,581.45,445.88,33.30,91.38,0.5004,-1,-1,-1
556,29,1086.29,435.54,121.53,285.14,0.7182,-1,-1,-1
556,51,644.35,456.95,42.49,107.52,0.5157,-1,-1,-1
557,18,1560.93,407.20,263.52,661.78,0.6842,-1,-1,-1
557,39,890.95,434.71,89.27,249.46,0.7572,-1,-1,-1
557,30,890.95,434.71,89.27,249.46,0.7572,-1,-1,-1
557,48,996.97,420.67,88.01,275.86,0.6697,-1,-1,-1
557,52,714.11,445.96,34.21,101.25,0.6254,-1,-1,-1
557,53,581.08,446.06,33.88,91.65,0.5239,-1,-1,-1
557,29,1089.45,437.13,118.23,283.19,0.7477,-1,-1,-1
557,51,643.70,457.57,41.67,106.82,0.5426,-1,-1,-1
558,18,1560.67,405.24,288.87,667.81,0.8042,-1,-1,-1
558,39,892.08,435.77,88.39,248.27,0.7479,-1,-1,-1
558,30,892.08,435.77,88.39,248.27,0.7479,-1,-1,-1
558,48,991.41,430.72,98.79,265.55,0.7064,-1,-1,-1
558,52,712.85,445.32,35.73,102.29,0.6491,-1,-1,-1
558,53,582.97,450.24,32.58,88.94,0.5485,-1,-1,-1
558,29,1092.62,437.24,116.14,282.03,0.8019,-1,-1,-1
558,51,643.08,459.31,40.86,105.27,0.5470,-1,-1,-1
559,18,1561.64,405.28,295.17,665.85,0.8006,-1,-1,-1
559,39,891.56,436.80,90.49,247.30,0.7447,-1,-1,-1
559,30,891.56,436.80,90.49,247.30,0.7447,-1,-1,-1
559,48,992.86,430.95,102.36,265.90,0.6417,-1,-1,-1
559,52,712.54,444.91,36.18,102.11,0.6463,-1,-1,-1
559,53,583.85,452.38,31.97,87.15,0.5584,-1,-1,-1
559,29,1093.46,434.96,118.57,283.24,0.8025,-1,-1,-1
559,51,643.46,461.33,39.83,102.17,0.5366,-1,-1,-1
559,54,546.56,443.17,33.97,94.00,0.5180,-1,-1,-1
560,18,1562.12,404.20,305.37,670.43,0.8598,-1,-1,-1
560,39,891.03,435.78,92.45,247.13,0.7593,-1,-1,-1
560,30,891.03,435.78,92.45,247.13,0.7593,-1,-1,-1
560,48,997.40,424.90,104.46,271.69,0.6791,-1,-1,-1
560,52,712.89,444.97,36.03,101.85,0.6332,-1,-1,-1
560,53,584.37,453.56,31.51,86.04,0.5232,-1,-1,-1
560,29,1097.72,435.54,115.19,281.95,0.7140,-1,-1,-1
560,51,643.29,460.87,37.63,101.28,0.5576,-1,-1,-1
560,54,547.72,445.64,32.42,91.76,0.5057,-1,-1,-1
561,18,1565.70,403.07,289.60,669.75,0.7235,-1,-1,-1
561,39,899.99,435.54,88.67,246.58,0.6552,-1,-1,-1
561,30,899.99,435.54,88.67,246.58,0.6552,-1,-1,-1
561,48,1000.30,423.59,110.20,273.01,0.6978,-1,-1,-1
561,52,712.24,445.75,37.14,101.71,0.6255,-1,-1,-1
561,29,1102.15,436.80,110.35,278.56,0.6595,-1,-1,-1
561,51,642.49,458.72,36.23,102.99,0.5440,-1,-1,-1
561,54,548.78,442.73,31.76,94.46,0.5230,-1,-1,-1
562,18,1569.25,404.84,301.52,669.57,0.8116,-1,-1,-1
562,39,908.39,435.04,84.35,246.00,0.6979,-1,-1,-1
562,30,908.39,435.04,84.35,246.00,0.6979,-1,-1,-1
562,48,1000.95,419.61,112.58,276.66,0.6644,-1,-1,-1
562,52,713.81,448.25,35.95,99.06,0.5754,-1,-1,-1
562,29,1106.05,438.25,112.37,277.69,0.7008,-1,-1,-1
562,51,642.78,458.49,35.37,102.76,0.5041,-1,-1,-1
563,18,1573.57,405.11,316.38,669.80,0.8046,-1,-1,-1
563,39,911.72,434.19,83.58,248.65,0.7010,-1,-1,-1
563,30,911.72,434.19,83.58,248.65,0.7010,-1,-1,-1
563,48,1000.08,419.26,117.59,277.08,0.6618,-1,-1,-1
563,52,714.42,448.98,36.89,98.66,0.5300,-1,-1,-1
563,29,1110.53,439.56,110.55,275.09,0.6919,-1,-1,-1
563,51,642.14,457.94,34.39,102.90,0.5257,-1,-1,-1
564,18,1580.82,402.75,325.45,669.46,0.8681,-1,-1,-1
564,39,915.08,431.68,82.71,250.22,0.6331,-1,-1,-1
564,30,915.08,431.68,82.71,250.22,0.6331,-1,-1,-1
564,48,1002.48,425.45,117.69,269.90,0.6407,-1,-1,-1
564,52,715.50,448.99,36.04,98.39,0.5201,-1,-1,-1
564,29,1113.53,435.71,111.69,277.37,0.7000,-1,-1,-1
565,18,1587.29,400.46,314.01,668.33,0.7043,-1,-1,-1
565,39,920.06,433.15,79.89,245.84,0.6347,-1,-1,-1
565,30,920.06,433.15,79.89,245.84,0.6347,-1,-1,-1
565,48,1000.94,429.70,122.12,265.08,0.6365,-1,-1,-1
565,52,716.24,449.12,35.69,97.42,0.5560,-1,-1,-1
565,29,1117.84,433.22,110.36,279.01,0.6433,-1,-1,-1
565,44,1781.75,391.73,138.62,669.62,0.6218,-1,-1,-1
565,51,641.79,456.41,35.42,104.56,0.5472,-1,-1,-1
566,18,1601.31,399.33,306.51,670.57,0.7352,-1,-1,-1
566,39,927.30,432.10,84.34,242.68,0.5389,-1,-1,-1
566,30,927.30,432.10,84.34,242.68,0.5389,-1,-1,-1
566,48,1004.00,435.16,122.32,261.21,0.6645,-1,-1,-1
566,52,716.98,449.53,35.49,97.04,0.5434,-1,-1,-1
566,29,1124.31,433.11,107.08,281.28,0.5412,-1,-1,-1
566,44,1790.45,391.50,129.65,665.83,0.6383,-1,-1,-1
566,51,641.37,454.66,35.80,106.73,0.5223,-1,-1,-1
567,18,1620.94,399.83,289.26,669.19,0.8360,-1,-1,-1
567,39,932.10,430.34,84.20,242.45,0.5113,-1,-1,-1
567,30,932.10,430.34,84.20,242.45,0.5113,-1,-1,-1
567,48,1005.49,440.54,126.35,257.10,0.6879,-1,-1,-1
567,52,717.75,449.23,35.43,97.70,0.5409,-1,-1,-1
567,29,1124.72,431.52,108.80,283.42,0.6356,-1,-1,-1
567,44,1797.29,396.35,123.10,646.91,0.6306,-1,-1,-1
568,18,1642.88,400.43,268.03,668.89,0.8227,-1,-1,-1
568,39,940.81,431.54,78.48,241.37,0.5359,-1,-1,-1
568,30,940.81,431.54,78.48,241.37,0.5359,-1,-1,-1
568,48,1004.97,432.36,136.12,267.04,0.6905,-1,-1,-1
568,52,718.17,448.60,36.95,99.11,0.5148,-1,-1,-1
568,29,1129.56,430.66,108.02,282.41,0.6102,-1,-1,-1
568,44,1801.45,401.34,118.79,653.63,0.6098,-1,-1,-1
569,18,1655.69,400.60,243.37,671.74,0.8118,-1,-1,-1
569,39,943.09,434.73,79.28,234.26,0.6689,-1,-1,-1
569,30,943.09,434.73,79.28,234.26,0.6689,-1,-1,-1
569,48,1006.28,432.85,139.04,267.34,0.7158,-1,-1,-1
569,52,718.37,448.46,37.17,99.83,0.5254,-1,-1,-1
569,29,1132.34,431.35,109.43,281.24,0.5296,-1,-1,-1
569,53,586.31,455.64,32.30,85.90,0.5302,-1,-1,-1
569,51,641.07,455.17,34.07,104.85,0.5251,-1,-1,-1
570,18,1662.77,402.03,236.37,670.23,0.7783,-1,-1,-1
570,39,944.35,434.75,81.58,234.18,0.7109,-1,-1,-1
570,30,944.35,434.75,81.58,234.18,0.7109,-1,-1,-1
570,48,1007.02,433.12,138.90,267.34,0.7111,-1,-1,-1
570,52,718.12,447.06,37.75,102.06,0.5572,-1,-1,-1
570,29,1135.39,433.34,116.00,280.15,0.6418,-1,-1,-1
570,53,586.61,455.79,31.82,85.80,0.5241,-1,-1,-1
570,51,639.90,455.17,32.71,104.53,0.5122,-1,-1,-1
571,18,1667.93,401.58,246.68,671.38,0.8660,-1,-1,-1
571,39,947.23,435.06,80.36,239.33,0.6899,-1,-1,-1
571,30,947.23,435.06,80.36,239.33,0.6899,-1,-1,-1
571,48,1010.39,428.30,134.59,270.86,0.7014,-1,-1,-1
571,52,717.59,445.95,39.06,102.76,0.6076,-1,-1,-1
571,29,1143.07,432.33,126.39,281.43,0.5983,-1,-1,-1
571,53,586.77,455.87,31.66,85.99,0.5260,-1,-1,-1
572,18,1672.08,401.99,247.00,670.88,0.8702,-1,-1,-1
572,39,948.95,435.74,80.44,239.83,0.6853,-1,-1,-1
572,30,948.95,435.74,80.44,239.83,0.6853,-1,-1,-1
572,48,1012.30,430.80,131.44,268.07,0.6873,-1,-1,-1
572,52,717.55,444.87,40.02,104.45,0.6255,-1,-1,-1
572,29,1145.22,433.08,133.10,281.76,0.7602,-1,-1,-1
572,51,637.60,456.49,32.65,102.87,0.5211,-1,-1,-1
573,18,1676.18,402.43,244.85,668.95,0.8860,-1,-1,-1
573,39,945.79,434.82,89.54,242.45,0.6388,-1,-1,-1
573,30,945.79,434.82,89.54,242.45,0.6388,-1,-1,-1
573,48,1015.96,430.51,126.51,266.00,0.6439,-1,-1,-1
573,52,718.12,445.13,40.27,104.80,0.5686,-1,-1,-1
573,29,1150.02,435.87,136.81,279.24,0.7012,-1,-1,-1
573,51,636.70,456.65,31.16,102.64,0.5580,-1,-1,-1
574,18,1676.89,399.75,244.78,673.96,0.9004,-1,-1,-1
574,39,951.29,434.88,101.58,247.67,0.6141,-1,-1,-1
574,30,951.29,434.88,101.58,247.67,0.6141,-1,-1,-1
574,48,1029.17,432.51,112.95,263.57,0.5430,-1,-1,-1
574,52,718.05,445.05,40.72,105.23,0.5536,-1,-1,-1
574,29,1151.15,437.48,140.75,278.03,0.7346,-1,-1,-1
574,51,636.24,457.02,30.57,101.70,0.5468,-1,-1,-1
575,18,1677.15,398.34,244.57,676.25,0.9046,-1,-1,-1
575,39,955.07,434.58,106.20,248.32,0.5751,-1,-1,-1
575,30,955.07,434.58,106.20,248.32,0.5751,-1,-1,-1
575,48,1037.02,427.80,104.41,268.55,0.5015,-1,-1,-1
575,52,718.05,445.35,40.59,104.79,0.5796,-1,-1,-1
575,29,1154.71,438.85,139.63,276.88,0.7003,-1,-1,-1
575,51,635.52,456.28,30.69,102.30,0.5661,-1,-1,-1
576,18,1676.29,397.50,245.13,677.16,0.8990,-1,-1,-1
576,39,956.45,434.22,111.17,248.32,0.6239,-1,-1,-1
576,30,956.45,434.22,111.17,248.32,0.6239,-1,-1,-1
576,48,1041.52,426.96,99.52,269.17,0.6160,-1,-1,-1
576,52,719.16,445.97,39.51,104.71,0.6061,-1,-1,-1
576,29,1157.83,438.17,137.99,277.51,0.7313,-1,-1,-1
576,51,634.27,456.08,32.79,102.10,0.5207,-1,-1,-1
577,18,1675.45,398.42,245.61,676.68,0.9090,-1,-1,-1
577,39,957.88,434.05,112.03,247.22,0.6654,-1,-1,-1
577,30,957.88,434.05,112.03,247.22,0.6654,-1,-1,-1
577,48,1048.28,424.45,92.44,270.69,0.6266,-1,-1,-1
577,52,719.68,446.87,38.93,104.32,0.5852,-1,-1,-1
577,29,1157.82,436.89,138.24,278.65,0.7444,-1,-1,-1
577,51,633.33,453.53,33.38,105.31,0.5256,-1,-1,-1
578,18,1673.92,399.12,246.79,676.62,0.9062,-1,-1,-1
578,39,958.82,438.64,104.16,237.49,0.7225,-1,-1,-1
578,30,958.82,438.64,104.16,237.49,0.7225,-1,-1,-1
578,48,1051.54,426.70,88.88,266.89,0.6184,-1,-1,-1
578,52,719.74,445.89,38.83,104.21,0.6297,-1,-1,-1
578,29,1159.27,434.53,134.01,280.38,0.7290,-1,-1,-1
578,51,632.85,450.09,33.30,108.41,0.6221,-1,-1,-1
579,18,1673.37,400.39,247.25,676.05,0.8991,-1,-1,-1
579,39,959.08,439.48,102.35,234.39,0.7530,-1,-1,-1
579,30,959.08,439.48,102.35,234.39,0.7530,-1,-1,-1
579,48,1055.66,431.67,86.05,262.86,0.6589,-1,-1,-1
579,52,720.35,446.80,38.58,104.20,0.5932,-1,-1,-1
579,29,1159.95,434.94,132.34,279.18,0.6914,-1,-1,-1
579,51,632.35,448.47,33.14,110.08,0.5782,-1,-1,-1
580,18,1673.21,401.96,247.18,675.01,0.9084,-1,-1,-1
580,39,959.67,437.48,102.10,236.75,0.7574,-1,-1,-1
580,30,959.67,437.48,102.10,236.75,0.7574,-1,-1,-1
580,48,1054.38,436.85,88.53,257.76,0.6679,-1,-1,-1
580,52,720.77,446.96,38.31,104.75,0.5719,-1,-1,-1
580,29,1158.96,440.16,133.57,275.07,0.7501,-1,-1,-1
580,51,630.99,449.32,35.66,109.20,0.5583,-1,-1,-1
581,18,1673.10,402.48,247.11,674.82,0.9082,-1,-1,-1
581,39,959.66,435.68,102.87,237.52,0.7612,-1,-1,-1
581,30,959.66,435.68,102.87,237.52,0.7612,-1,-1,-1
581,48,1055.80,438.80,92.53,256.16,0.6864,-1,-1,-1
581,52,721.02,447.19,38.34,104.24,0.5028,-1,-1,-1
581,29,1159.84,440.47,134.66,275.94,0.6988,-1,-1,-1
581,51,630.64,452.65,36.46,105.61,0.5508,-1,-1,-1
582,18,1673.28,402.15,246.80,676.06,0.9087,-1,-1,-1
582,39,957.94,435.77,109.86,236.84,0.7487,-1,-1,-1
582,30,957.94,435.77,109.86,236.84,0.7487,-1,-1,-1
582,48,1065.54,438.18,86.89,260.55,0.6228,-1,-1,-1
582,29,1180.68,439.67,116.94,275.47,0.6911,-1,-1,-1
582,51,631.18,453.02,34.73,105.12,0.5112,-1,-1,-1
583,18,1674.25,399.49,245.62,679.01,0.9097,-1,-1,-1
583,39,962.43,436.06,108.76,235.82,0.7284,-1,-1,-1
583,30,962.43,436.06,108.76,235.82,0.7284,-1,-1,-1
583,48,1076.69,434.55,78.69,263.60,0.6306,-1,-1,-1
583,29,1192.94,439.78,107.13,274.30,0.7224,-1,-1,-1
583,52,721.13,446.29,39.04,103.87,0.5281,-1,-1,-1
584,18,1676.00,395.75,243.84,681.99,0.9116,-1,-1,-1
584,39,966.14,436.77,107.39,235.94,0.7421,-1,-1,-1
584,30,966.14,436.77,107.39,235.94,0.7421,-1,-1,-1
584,48,1083.99,435.50,75.51,261.67,0.6622,-1,-1,-1
584,29,1201.83,440.65,99.92,271.90,0.7219,-1,-1,-1
584,52,721.98,447.09,38.05,104.24,0.5301,-1,-1,-1
585,18,1677.72,394.57,242.17,682.79,0.8981,-1,-1,-1
585,39,969.31,436.56,105.70,235.61,0.7611,-1,-1,-1
585,30,969.31,436.56,105.70,235.61,0.7611,-1,-1,-1
585,48,1087.80,438.93,74.83,257.19,0.6347,-1,-1,-1
585,29,1204.84,441.09,100.28,267.37,0.7487,-1,-1,-1
585,52,722.81,447.12,37.75,103.46,0.5278,-1,-1,-1
586,18,1681.24,393.23,238.92,683.09,0.8962,-1,-1,-1
586,39,976.14,440.50,100.82,233.23,0.7689,-1,-1,-1
586,30,976.14,440.50,100.82,233.23,0.7689,-1,-1,-1
586,48,1089.63,436.63,72.96,260.45,0.6900,-1,-1,-1
586,29,1212.29,438.21,100.44,272.16,0.7543,-1,-1,-1
586,52,723.59,445.25,37.77,103.68,0.5444,-1,-1,-1
587,18,1684.96,390.10,235.26,685.52,0.8696,-1,-1,-1
587,39,981.35,443.49,96.77,227.96,0.7384,-1,-1,-1
587,30,981.35,443.49,96.77,227.96,0.7384,-1,-1,-1
587,48,1090.75,429.96,73.36,267.35,0.7207,-1,-1,-1
587,29,1216.51,434.54,99.56,276.22,0.6133,-1,-1,-1
587,52,724.33,444.40,37.49,104.67,0.5521,-1,-1,-1
588,18,1692.30,387.65,227.71,687.80,0.8556,-1,-1,-1
588,39,987.83,445.50,91.13,223.83,0.7007,-1,-1,-1
588,30,987.83,445.50,91.13,223.83,0.7007,-1,-1,-1
588,48,1092.07,423.56,77.96,273.46,0.7357,-1,-1,-1
588,29,1215.36,434.53,102.54,277.65,0.7923,-1,-1,-1
588,52,726.20,442.95,34.89,106.31,0.5565,-1,-1,-1
588,51,625.75,453.40,35.50,104.06,0.5081,-1,-1,-1
589,18,1700.57,390.26,219.22,683.55,0.7506,-1,-1,-1
589,39,995.84,446.11,85.06,222.86,0.7049,-1,-1,-1
589,30,995.84,446.11,85.06,222.86,0.7049,-1,-1,-1
589,48,1092.99,420.55,86.14,276.29,0.7102,-1,-1,-1
589,29,1217.61,434.60,101.25,275.88,0.7782,-1,-1,-1
589,52,725.07,443.28,36.39,106.23,0.5503,-1,-1,-1
589,51,624.93,452.10,35.50,105.55,0.5817,-1,-1,-1
590,18,1711.74,410.25,207.93,663.53,0.7422,-1,-1,-1
590,39,1005.22,447.01,79.18,221.36,0.7378,-1,-1,-1
590,30,1005.22,447.01,79.18,221.36,0.7378,-1,-1,-1
590,48,1092.65,426.69,88.03,270.48,0.6569,-1,-1,-1
590,29,1220.19,433.88,101.18,277.00,0.7844,-1,-1,-1
590,52,726.21,442.80,35.20,106.77,0.5678,-1,-1,-1
590,51,624.25,451.00,35.09,106.37,0.5152,-1,-1,-1
591,18,1731.24,461.57,188.35,612.69,0.5609,-1,-1,-1
591,39,1011.02,444.73,78.28,222.65,0.7133,-1,-1,-1
591,30,1011.02,444.73,78.28,222.65,0.7133,-1,-1,-1
591,48,1091.53,418.67,92.21,278.00,0.6515,-1,-1,-1
591,29,1223.06,434.34,103.63,276.71,0.7447,-1,-1,-1
591,52,727.37,442.57,33.58,107.12,0.5753,-1,-1,-1
591,51,624.02,449.67,33.94,107.89,0.5367,-1,-1,-1
592,18,1753.23,490.30,166.21,582.51,0.6787,-1,-1,-1
592,39,1013.09,443.93,77.60,222.05,0.7367,-1,-1,-1
592,30,1013.09,443.93,77.60,222.05,0.7367,-1,-1,-1
592,48,1091.43,416.84,102.14,279.71,0.6756,-1,-1,-1
592,29,1226.58,436.86,108.05,274.39,0.7289,-1,-1,-1
592,52,728.12,443.15,32.28,106.98,0.5668,-1,-1,-1
592,51,624.01,449.03,34.44,108.89,0.5156,-1,-1,-1
592,55,662.64,452.17,33.28,107.58,0.5616,-1,-1,-1
593,39,1014.58,439.83,79.30,226.23,0.6586,-1,-1,-1
593,30,1014.58,439.83,79.30,226.23,0.6586,-1,-1,-1
593,48,1092.14,413.45,101.34,282.93,0.6912,-1,-1,-1
593,29,1230.97,439.25,110.41,273.63,0.7524,-1,-1,-1
593,52,728.30,443.41,32.73,107.37,0.5411,-1,-1,-1
593,55,661.70,451.91,33.97,107.72,0.5483,-1,-1,-1
594,39,1020.66,436.69,76.87,228.97,0.6276,-1,-1,-1
594,30,1020.66,436.69,76.87,228.97,0.6276,-1,-1,-1
594,48,1092.25,412.58,101.77,285.28,0.7000,-1,-1,-1
594,29,1234.36,441.87,112.75,270.79,0.7830,-1,-1,-1
594,52,727.00,444.60,35.68,106.71,0.5131,-1,-1,-1
594,55,660.38,451.54,35.29,108.70,0.5311,-1,-1,-1
594,51,622.98,448.64,35.89,107.90,0.5039,-1,-1,-1
595,39,1023.14,436.20,76.04,228.79,0.6711,-1,-1,-1
595,30,1023.14,436.20,76.04,228.79,0.6711,-1,-1,-1
595,48,1094.27,413.66,101.14,283.17,0.7179,-1,-1,-1
595,29,1239.41,439.18,112.19,273.26,0.8186,-1,-1,-1
595,52,728.53,444.09,33.42,106.68,0.5406,-1,-1,-1
595,51,622.56,449.21,36.89,106.69,0.5529,-1,-1,-1
596,39,1024.87,440.10,76.58,224.70,0.7104,-1,-1,-1
596,30,1024.87,440.10,76.58,224.70,0.7104,-1,-1,-1
596,48,1095.80,418.92,100.44,278.91,0.7370,-1,-1,-1
596,29,1242.54,437.41,112.89,275.32,0.8099,-1,-1,-1
596,52,727.07,445.13,35.88,105.53,0.5618,-1,-1,-1
596,51,623.05,450.15,36.92,104.76,0.5696,-1,-1,-1
596,28,1190.51,442.42,75.83,238.60,0.5263,-1,-1,-1
597,39,1026.34,441.79,76.63,223.87,0.7388,-1,-1,-1
597,30,1026.34,441.79,76.63,223.87,0.7388,-1,-1,-1
597,48,1097.54,422.09,98.43,275.92,0.7587,-1,-1,-1
597,29,1244.55,437.64,113.11,275.68,0.8036,-1,-1,-1
597,52,726.24,445.10,37.58,106.45,0.6071,-1,-1,-1
597,51,623.70,451.77,35.50,103.11,0.5131,-1,-1,-1
597,28,1191.23,455.08,76.31,227.00,0.5307,-1,-1,-1
598,39,1026.51,441.73,79.37,224.42,0.7390,-1,-1,-1
598,30,1026.51,441.73,79.37,224.42,0.7390,-1,-1,-1
598,48,1099.09,427.40,98.03,270.23,0.7210,-1,-1,-1
598,29,1248.06,437.70,111.21,275.57,0.8137,-1,-1,-1
598,52,725.90,445.40,38.53,107.38,0.5877,-1,-1,-1
598,28,1192.97,451.87,76.06,230.70,0.5214,-1,-1,-1
599,39,1027.55,442.23,85.05,224.67,0.7388,-1,-1,-1
599,30,1027.55,442.23,85.05,224.67,0.7388,-1,-1,-1
599,48,1101.65,430.56,97.23,265.58,0.6999,-1,-1,-1
599,29,1252.33,437.25,107.73,275.80,0.7813,-1,-1,-1
599,52,726.42,445.90,37.75,106.51,0.5701,-1,-1,-1
599,28,1191.26,443.36,78.47,239.26,0.5721,-1,-1,-1
600,39,1028.49,441.87,88.08,223.93,0.7547,-1,-1,-1
600,30,1028.49,441.87,88.08,223.93,0.7547,-1,-1,-1
600,48,1106.72,431.06,94.16,263.54,0.7021,-1,-1,-1
600,29,1256.29,437.20,104.88,275.81,0.8175,-1,-1,-1
600,52,726.50,444.67,37.19,108.07,0.5857,-1,-1,-1
600,28,1197.01,446.85,72.82,228.97,0.6017,-1,-1,-1
600,51,624.71,454.64,33.44,101.31,0.5053,-1,-1,-1
