1,14,1670.97,430.27,56.93,157.34,0.1599,-1,-1,-1
1,13,806.67,469.68,28.40,80.28,0.1829,-1,-1,-1
1,12,1084.37,455.64,47.46,135.38,0.1832,-1,-1,-1
1,11,934.03,435.13,37.90,78.86,0.1910,-1,-1,-1
1,10,1854.24,393.52,65.16,260.70,0.1927,-1,-1,-1
1,9,1256.44,437.23,37.15,106.61,0.2305,-1,-1,-1
1,8,686.50,450.38,48.67,136.34,0.2306,-1,-1,-1
1,7,544.89,451.83,37.67,102.76,0.2359,-1,-1,-1
1,6,916.82,431.53,59.61,154.78,0.3894,-1,-1,-1
1,5,730.90,456.73,35.97,111.40,0.5625,-1,-1,-1
1,4,1455.13,432.63,141.44,332.68,0.6426,-1,-1,-1
1,3,439.99,445.88,112.20,273.42,0.6760,-1,-1,-1
1,2,584.16,443.38,91.76,264.69,0.7630,-1,-1,-1
1,1,1338.48,417.88,163.01,358.61,0.8093,-1,-1,-1
2,14,1672.05,430.83,57.49,157.12,0.1594,-1,-1,-1
2,13,806.03,471.13,29.06,77.49,0.1869,-1,-1,-1
2,12,1089.79,453.19,43.38,125.90,0.1971,-1,-1,-1
2,11,933.43,434.74,38.84,82.64,0.2014,-1,-1,-1
2,10,1851.58,406.90,67.80,247.15,0.1655,-1,-1,-1
2,9,1256.57,431.18,38.72,113.74,0.1861,-1,-1,-1
2,8,689.66,451.97,47.44,136.66,0.1665,-1,-1,-1
2,7,545.02,447.83,37.99,106.96,0.1924,-1,-1,-1
2,6,916.26,432.28,60.24,154.61,0.3999,-1,-1,-1
2,5,731.52,457.37,36.35,110.11,0.5322,-1,-1,-1
2,4,1451.63,437.52,147.46,331.57,0.6726,-1,-1,-1
2,3,437.27,445.19,117.49,274.39,0.6901,-1,-1,-1
2,2,584.53,442.84,92.39,264.11,0.7656,-1,-1,-1
2,1,1343.35,417.56,159.94,359.24,0.8313,-1,-1,-1
3,13,805.25,470.73,27.50,76.66,0.1753,-1,-1,-1
3,12,1092.15,450.56,41.92,138.94,0.2093,-1,-1,-1
3,11,933.04,436.15,37.34,79.97,0.1841,-1,-1,-1
3,10,1857.11,404.45,62.29,248.24,0.1523,-1,-1,-1
3,9,1257.04,427.36,38.74,118.31,0.2195,-1,-1,-1
3,8,690.70,453.67,45.33,125.18,0.1708,-1,-1,-1
3,7,546.50,444.06,37.26,110.05,0.1932,-1,-1,-1
3,6,915.81,432.76,61.10,153.72,0.4033,-1,-1,-1
3,5,731.18,460.97,36.94,105.87,0.5315,-1,-1,-1
3,4,1470.49,442.62,136.04,325.81,0.7325,-1,-1,-1
3,3,437.23,443.35,117.94,276.85,0.6979,-1,-1,-1
3,2,584.41,443.10,93.86,263.52,0.7561,-1,-1,-1
3,1,1343.52,424.94,180.22,367.71,0.8358,-1,-1,-1
4,17,966.51,437.08,52.83,145.04,0.2115,-1,-1,-1
4,16,1305.13,416.97,42.30,130.52,0.1744,-1,-1,-1
4,14,1673.18,431.87,57.30,155.54,0.1583,-1,-1,-1
4,13,805.33,471.47,28.38,76.85,0.1752,-1,-1,-1
4,12,1092.65,447.59,43.00,139.83,0.1933,-1,-1,-1
4,11,933.32,434.98,37.94,80.08,0.1950,-1,-1,-1
4,10,1853.98,420.39,65.40,232.98,0.1524,-1,-1,-1
4,9,1256.84,427.91,38.63,117.75,0.1715,-1,-1,-1
4,8,691.68,452.43,45.28,130.90,0.2001,-1,-1,-1
4,6,916.58,431.75,60.88,154.35,0.4196,-1,-1,-1
4,5,732.26,458.46,36.76,110.45,0.5187,-1,-1,-1
4,4,1480.36,431.75,123.26,335.72,0.7303,-1,-1,-1
4,3,439.20,442.92,119.13,276.49,0.7436,-1,-1,-1
4,2,584.40,444.04,92.88,264.53,0.7670,-1,-1,-1
4,1,1350.02,420.45,178.37,378.10,0.8240,-1,-1,-1
5,18,1013.01,429.38,44.57,99.71,0.2279,-1,-1,-1
5,17,965.71,439.86,53.28,142.45,0.2741,-1,-1,-1
5,16,1304.37,416.78,42.59,130.52,0.1908,-1,-1,-1
5,14,1672.77,431.74,57.45,157.03,0.1643,-1,-1,-1
5,13,805.40,471.73,28.33,76.72,0.1782,-1,-1,-1
5,12,1091.84,447.83,43.15,139.15,0.1926,-1,-1,-1
5,11,932.60,434.35,38.37,80.34,0.1872,-1,-1,-1
5,10,1857.25,437.06,62.13,216.19,0.1518,-1,-1,-1
5,9,1256.61,425.31,40.38,121.06,0.1571,-1,-1,-1
5,6,915.93,431.02,61.43,154.67,0.4083,-1,-1,-1
5,5,732.84,458.80,35.49,109.33,0.5181,-1,-1,-1
5,4,1485.86,427.96,114.90,340.10,0.7403,-1,-1,-1
5,3,443.77,444.08,118.91,273.25,0.6899,-1,-1,-1
5,2,584.83,444.01,93.00,263.97,0.7658,-1,-1,-1
5,1,1352.08,418.19,176.03,386.58,0.8483,-1,-1,-1
6,18,1013.53,429.20,44.06,99.71,0.2053,-1,-1,-1
6,17,965.84,437.14,52.69,142.31,0.2041,-1,-1,-1
6,16,1303.70,416.52,42.62,131.36,0.1733,-1,-1,-1
6,14,1672.83,432.58,58.16,156.64,0.1881,-1,-1,-1
6,13,805.69,471.25,28.44,78.19,0.1888,-1,-1,-1
6,12,1089.89,447.56,44.57,142.69,0.1901,-1,-1,-1
6,11,932.69,433.47,39.28,81.66,0.1651,-1,-1,-1
6,10,1858.99,459.68,60.26,193.22,0.1515,-1,-1,-1
6,9,1257.09,426.82,39.25,119.91,0.1989,-1,-1,-1
6,8,693.40,450.75,43.08,145.05,0.1532,-1,-1,-1
6,6,915.71,430.29,62.22,156.55,0.4202,-1,-1,-1
6,5,733.53,456.87,34.04,110.64,0.5346,-1,-1,-1
6,4,1495.44,426.07,107.52,342.61,0.7237,-1,-1,-1
6,3,450.88,444.02,116.36,274.36,0.6951,-1,-1,-1
6,2,583.90,443.19,92.25,268.09,0.7617,-1,-1,-1
6,1,1359.60,418.21,171.14,387.02,0.8471,-1,-1,-1
7,20,651.65,447.34,80.20,194.55,0.2784,-1,-1,-1
7,19,1828.69,470.22,60.67,179.13,0.2555,-1,-1,-1
7,14,1671.84,431.58,58.17,157.32,0.1708,-1,-1,-1
7,13,805.48,470.67,27.93,78.43,0.1831,-1,-1,-1
7,12,1085.95,453.24,46.88,139.50,0.2250,-1,-1,-1
7,11,933.53,434.44,35.78,81.65,0.1680,-1,-1,-1
7,9,1256.63,436.22,36.31,109.88,0.2009,-1,-1,-1
7,8,694.14,450.68,43.18,151.41,0.2301,-1,-1,-1
7,7,545.42,451.60,39.22,105.54,0.1559,-1,-1,-1
7,6,914.77,430.81,61.68,155.67,0.3742,-1,-1,-1
7,5,733.49,458.00,33.80,109.71,0.5489,-1,-1,-1
7,4,1499.88,432.99,103.07,337.08,0.7679,-1,-1,-1
7,3,445.87,444.97,120.92,274.35,0.7308,-1,-1,-1
7,2,584.73,442.75,91.42,268.31,0.7671,-1,-1,-1
7,1,1370.97,419.26,153.49,381.24,0.8559,-1,-1,-1
8,20,653.80,446.59,73.57,191.17,0.1947,-1,-1,-1
8,19,1828.76,470.82,60.61,179.43,0.2919,-1,-1,-1
8,16,1301.04,417.43,45.67,130.46,0.1713,-1,-1,-1
8,13,805.04,469.22,28.57,80.49,0.1976,-1,-1,-1
8,12,1085.10,455.32,48.94,138.01,0.2371,-1,-1,-1
8,11,932.18,430.17,37.56,96.96,0.1765,-1,-1,-1
8,9,1256.20,439.48,37.53,106.07,0.2887,-1,-1,-1
8,8,697.51,450.78,38.02,139.92,0.3164,-1,-1,-1
8,6,914.87,427.63,61.03,158.76,0.3851,-1,-1,-1
8,5,733.43,456.85,34.62,109.56,0.5422,-1,-1,-1
8,4,1504.79,419.78,100.14,351.19,0.7695,-1,-1,-1
8,3,448.70,443.83,118.94,274.75,0.7468,-1,-1,-1
8,2,584.93,442.92,91.92,266.70,0.7823,-1,-1,-1
8,1,1390.64,413.59,135.40,385.60,0.8056,-1,-1,-1
9,20,653.58,445.35,74.98,196.28,0.2292,-1,-1,-1
9,19,1830.71,465.69,60.32,183.80,0.1890,-1,-1,-1
9,13,805.32,466.57,28.35,82.67,0.2343,-1,-1,-1
9,12,1083.69,456.44,47.21,136.17,0.2422,-1,-1,-1
9,11,915.63,431.37,59.37,156.72,0.1714,-1,-1,-1
9,10,1850.20,395.66,69.07,257.84,0.1567,-1,-1,-1
9,9,1255.93,436.60,35.92,108.54,0.2288,-1,-1,-1
9,8,699.27,451.45,36.14,134.02,0.3397,-1,-1,-1
9,5,732.91,456.98,35.57,111.60,0.5346,-1,-1,-1
9,4,1511.93,422.72,95.25,346.66,0.7485,-1,-1,-1
9,3,457.05,444.19,112.07,274.17,0.7434,-1,-1,-1
9,2,585.43,442.48,90.48,268.26,0.7793,-1,-1,-1
9,1,1403.92,407.18,127.06,392.90,0.7453,-1,-1,-1
10,22,1378.03,435.84,46.76,126.18,0.2666,-1,-1,-1
10,20,654.50,448.72,63.88,196.01,0.2142,-1,-1,-1
10,19,1831.00,467.42,59.47,180.79,0.2192,-1,-1,-1
10,13,804.51,466.80,29.35,81.57,0.2185,-1,-1,-1
10,12,1081.60,456.81,49.88,136.04,0.2774,-1,-1,-1
10,11,914.95,429.99,62.35,155.26,0.1748,-1,-1,-1
10,9,1257.48,442.00,39.24,105.60,0.2293,-1,-1,-1
10,8,699.63,452.63,35.91,138.87,0.3117,-1,-1,-1
10,5,732.50,457.77,36.33,109.09,0.5202,-1,-1,-1
10,4,1502.83,417.13,116.96,357.85,0.6691,-1,-1,-1
10,3,457.20,443.80,114.01,274.40,0.7179,-1,-1,-1
10,2,585.39,442.90,91.77,267.98,0.7823,-1,-1,-1
10,1,1418.87,416.14,118.88,375.98,0.7915,-1,-1,-1
11,23,833.12,466.80,43.39,83.39,0.1732,-1,-1,-1
11,22,1380.64,437.79,44.94,124.82,0.2317,-1,-1,-1
11,20,655.09,445.14,74.30,197.17,0.2340,-1,-1,-1
11,19,1830.99,467.06,62.01,181.94,0.2329,-1,-1,-1
11,17,969.90,452.64,47.68,102.77,0.1574,-1,-1,-1
11,16,1302.78,417.00,42.02,131.83,0.1722,-1,-1,-1
11,13,804.57,466.62,29.42,82.37,0.2417,-1,-1,-1
11,12,1081.73,456.21,50.16,137.53,0.2999,-1,-1,-1
11,11,914.57,429.28,61.74,155.93,0.2053,-1,-1,-1
11,9,1255.88,441.94,37.56,102.91,0.3544,-1,-1,-1
11,8,698.29,452.68,37.54,134.04,0.2505,-1,-1,-1
11,5,732.39,459.05,37.67,110.95,0.5668,-1,-1,-1
11,4,1532.77,420.33,93.07,346.65,0.7954,-1,-1,-1
11,3,453.82,442.28,115.93,276.57,0.6894,-1,-1,-1
11,2,586.09,442.89,91.11,266.24,0.7705,-1,-1,-1
11,1,1426.90,412.50,121.34,386.17,0.7691,-1,-1,-1
12,23,832.71,466.66,43.81,83.58,0.1921,-1,-1,-1
12,22,1380.92,440.00,44.67,122.07,0.2062,-1,-1,-1
12,20,660.41,449.37,64.96,195.61,0.2028,-1,-1,-1
12,19,1828.00,468.45,70.98,184.24,0.1698,-1,-1,-1
12,16,1302.30,418.64,43.96,130.35,0.1542,-1,-1,-1
12,15,1700.06,440.74,83.05,146.44,0.1517,-1,-1,-1
12,13,804.17,466.56,29.40,81.18,0.2394,-1,-1,-1
12,12,1084.07,453.27,48.34,139.77,0.2250,-1,-1,-1
12,10,1848.11,389.17,71.25,264.68,0.1740,-1,-1,-1
12,9,1256.58,436.13,36.09,108.16,0.2456,-1,-1,-1
12,8,698.54,453.39,37.10,133.68,0.2278,-1,-1,-1
12,6,915.45,429.54,59.86,155.73,0.2012,-1,-1,-1
12,5,731.13,455.84,38.48,114.06,0.6052,-1,-1,-1
12,4,1539.03,419.81,94.05,353.30,0.7732,-1,-1,-1
12,3,448.81,442.08,121.28,276.38,0.6674,-1,-1,-1
12,2,585.56,442.01,92.06,266.74,0.7667,-1,-1,-1
12,1,1439.02,407.82,118.53,388.47,0.7273,-1,-1,-1
13,23,830.81,467.18,47.03,83.66,0.1585,-1,-1,-1
13,22,1380.73,437.08,45.16,120.89,0.2971,-1,-1,-1
13,20,659.64,446.17,70.12,193.35,0.3073,-1,-1,-1
13,19,1831.64,464.53,82.70,186.53,0.2411,-1,-1,-1
13,17,968.02,441.80,49.65,121.50,0.1640,-1,-1,-1
13,16,1302.41,419.26,44.21,129.07,0.1611,-1,-1,-1
13,15,1709.82,443.54,76.46,142.45,0.2042,-1,-1,-1
13,13,804.08,466.96,29.06,80.70,0.2274,-1,-1,-1
13,12,1079.88,454.01,52.19,139.17,0.2103,-1,-1,-1
13,11,915.96,429.49,59.36,156.16,0.2526,-1,-1,-1
13,9,1256.15,432.68,37.60,111.77,0.2404,-1,-1,-1
13,6,931.51,431.85,37.78,118.92,0.1549,-1,-1,-1
13,5,730.31,456.11,38.95,118.90,0.5822,-1,-1,-1
13,4,1538.12,421.73,110.13,358.87,0.7515,-1,-1,-1
13,3,443.87,443.38,125.46,276.24,0.7038,-1,-1,-1
13,2,585.12,441.94,92.87,267.35,0.7539,-1,-1,-1
13,1,1445.18,413.77,125.78,384.87,0.7015,-1,-1,-1
14,22,1384.75,426.46,49.65,131.85,0.1786,-1,-1,-1
14,21,833.03,466.11,44.15,84.65,0.1787,-1,-1,-1
14,20,662.21,444.27,68.18,200.59,0.2980,-1,-1,-1
14,19,1830.88,464.22,69.03,186.40,0.2366,-1,-1,-1
14,16,1302.34,417.52,44.59,130.70,0.1755,-1,-1,-1
14,15,1716.37,445.77,70.02,141.40,0.1853,-1,-1,-1
14,13,803.92,466.65,29.64,82.09,0.2867,-1,-1,-1
14,12,1083.02,455.13,48.56,137.86,0.2088,-1,-1,-1
14,11,915.45,429.93,60.07,155.12,0.1862,-1,-1,-1
14,9,1256.54,430.20,40.84,115.79,0.2781,-1,-1,-1
14,5,729.95,456.67,39.62,118.78,0.5512,-1,-1,-1
14,4,1534.35,415.41,145.32,375.17,0.6144,-1,-1,-1
14,3,446.96,441.70,120.76,282.27,0.6394,-1,-1,-1
14,2,583.71,442.33,94.72,268.24,0.7504,-1,-1,-1
14,1,1452.39,409.72,133.05,386.70,0.5769,-1,-1,-1
15,23,832.24,465.49,44.28,84.91,0.1628,-1,-1,-1
15,22,1383.15,420.12,54.29,137.26,0.3273,-1,-1,-1
15,19,1828.47,472.29,69.82,179.98,0.1765,-1,-1,-1
15,15,1722.05,446.73,63.29,142.29,0.1672,-1,-1,-1
15,14,1681.28,434.95,101.64,204.92,0.1777,-1,-1,-1
15,13,803.89,466.56,29.47,82.72,0.2653,-1,-1,-1
15,11,915.89,426.74,59.59,159.61,0.3095,-1,-1,-1
15,10,1849.65,386.87,69.73,265.86,0.1550,-1,-1,-1
15,9,1256.05,436.39,35.47,108.79,0.2233,-1,-1,-1
15,8,672.05,449.13,64.85,160.12,0.2548,-1,-1,-1
15,5,730.44,451.75,39.91,125.79,0.6068,-1,-1,-1
15,4,1535.56,425.50,177.74,373.31,0.5959,-1,-1,-1
15,3,445.94,443.41,120.05,282.58,0.6578,-1,-1,-1
15,2,583.76,442.61,92.70,269.73,0.7700,-1,-1,-1
15,1,1460.79,418.54,99.13,378.47,0.4908,-1,-1,-1
16,22,1382.86,423.43,55.51,134.14,0.3843,-1,-1,-1
16,19,1829.84,462.16,80.90,190.89,0.2087,-1,-1,-1
16,16,1305.59,418.57,38.29,128.67,0.1622,-1,-1,-1
16,15,1718.76,446.91,68.19,140.17,0.1686,-1,-1,-1
16,13,803.93,465.64,29.72,83.43,0.2217,-1,-1,-1
16,12,1079.39,454.59,52.10,138.26,0.2025,-1,-1,-1
16,11,916.93,425.60,59.01,160.49,0.2325,-1,-1,-1
16,9,1255.37,432.43,37.34,112.26,0.3295,-1,-1,-1
16,8,661.22,447.49,68.83,199.64,0.2708,-1,-1,-1
16,5,731.17,454.38,37.16,122.16,0.4916,-1,-1,-1
16,4,1549.96,421.11,184.58,383.85,0.6740,-1,-1,-1
16,3,445.54,442.61,115.99,283.79,0.6511,-1,-1,-1
16,2,583.52,444.34,92.77,266.30,0.7683,-1,-1,-1
16,1,1461.30,425.58,106.64,374.31,0.4018,-1,-1,-1
17,22,1384.09,427.29,54.99,129.63,0.1887,-1,-1,-1
17,20,689.94,452.64,45.16,144.21,0.1838,-1,-1,-1
17,19,1830.03,468.22,74.29,183.78,0.2246,-1,-1,-1
17,16,1305.53,419.10,38.71,128.60,0.1751,-1,-1,-1
17,13,804.47,466.73,28.94,84.15,0.1757,-1,-1,-1
17,9,1255.24,435.26,35.27,108.85,0.3057,-1,-1,-1
17,8,661.55,449.36,67.03,199.04,0.2283,-1,-1,-1
17,5,729.18,455.49,37.20,119.99,0.4490,-1,-1,-1
17,4,1558.73,421.32,189.03,385.12,0.7724,-1,-1,-1
17,3,446.46,442.73,115.26,284.66,0.6589,-1,-1,-1
17,2,583.42,446.15,93.00,267.16,0.7652,-1,-1,-1
17,1,1453.46,419.88,142.93,383.36,0.3625,-1,-1,-1
18,20,707.48,452.67,28.91,127.56,0.1509,-1,-1,-1
18,19,1834.12,470.24,57.87,180.78,0.2299,-1,-1,-1
18,16,1305.06,418.64,38.10,129.09,0.1688,-1,-1,-1
18,13,804.46,466.26,29.31,84.69,0.2086,-1,-1,-1
18,12,1080.99,456.60,49.79,137.04,0.2012,-1,-1,-1
18,11,918.56,432.71,55.90,156.63,0.2056,-1,-1,-1
18,9,1255.12,437.01,34.84,106.79,0.3850,-1,-1,-1
18,8,662.13,450.12,67.77,193.61,0.1992,-1,-1,-1
18,6,933.52,433.32,33.79,83.34,0.1504,-1,-1,-1
18,5,727.87,457.90,37.57,117.37,0.4405,-1,-1,-1
18,4,1575.74,429.49,175.27,380.03,0.7103,-1,-1,-1
18,3,448.94,443.11,113.12,284.27,0.7161,-1,-1,-1
18,2,583.80,444.70,92.97,268.84,0.7898,-1,-1,-1
18,1,1455.76,420.48,211.73,391.71,0.6832,-1,-1,-1
19,29,1898.66,478.87,20.67,159.34,0.1595,-1,-1,-1
19,19,1832.77,471.25,60.63,180.48,0.2344,-1,-1,-1
19,13,805.89,467.68,28.94,81.52,0.2233,-1,-1,-1
19,12,1084.37,455.47,47.33,138.63,0.1916,-1,-1,-1
19,9,1254.50,435.69,35.32,108.33,0.4019,-1,-1,-1
19,8,665.75,450.90,66.55,157.09,0.2322,-1,-1,-1
19,6,933.00,430.46,33.76,86.92,0.1521,-1,-1,-1
19,5,725.89,459.73,39.10,115.93,0.4066,-1,-1,-1
19,4,1560.86,465.30,193.41,348.92,0.6827,-1,-1,-1
19,3,451.02,445.46,112.30,284.13,0.7092,-1,-1,-1
19,2,584.50,445.08,94.73,269.61,0.7677,-1,-1,-1
19,1,1457.12,411.41,163.86,390.77,0.4640,-1,-1,-1
20,29,1897.65,478.22,21.65,159.99,0.1601,-1,-1,-1
20,19,1832.22,471.77,59.98,180.43,0.2362,-1,-1,-1
20,13,805.94,467.46,29.00,81.67,0.1959,-1,-1,-1
20,12,1089.35,452.33,41.66,137.32,0.1585,-1,-1,-1
20,9,1254.54,436.60,35.18,106.75,0.3275,-1,-1,-1
20,8,665.53,452.87,64.17,151.78,0.1913,-1,-1,-1
20,6,933.03,430.20,33.96,87.23,0.1673,-1,-1,-1
20,5,725.12,453.49,40.22,120.31,0.4105,-1,-1,-1
20,4,1596.06,458.69,180.24,343.11,0.6328,-1,-1,-1
20,3,451.78,450.61,114.80,277.16,0.7097,-1,-1,-1
20,2,584.63,446.00,99.77,266.62,0.7783,-1,-1,-1
20,1,1459.28,410.11,165.04,395.63,0.3684,-1,-1,-1
21,30,1419.46,464.77,33.76,93.33,0.2032,-1,-1,-1
21,19,1832.31,468.63,61.02,183.46,0.2077,-1,-1,-1
21,13,804.67,466.36,27.09,84.85,0.1769,-1,-1,-1
21,12,1085.50,455.60,46.98,137.22,0.1522,-1,-1,-1
21,11,922.51,430.24,51.29,159.74,0.1736,-1,-1,-1
21,9,1252.40,440.11,35.51,100.68,0.3351,-1,-1,-1
21,8,670.14,449.93,62.44,154.77,0.1961,-1,-1,-1
21,6,932.63,428.68,33.54,89.89,0.1964,-1,-1,-1
21,5,726.54,452.53,39.50,122.83,0.3840,-1,-1,-1
21,4,1622.15,453.18,139.18,348.95,0.6553,-1,-1,-1
21,3,452.57,447.54,112.42,278.87,0.6969,-1,-1,-1
21,2,584.87,443.72,102.80,269.78,0.7905,-1,-1,-1
21,1,1459.38,413.26,252.99,407.47,0.7286,-1,-1,-1
22,30,1418.64,466.46,44.33,92.41,0.1999,-1,-1,-1
22,19,1830.43,471.82,62.16,179.63,0.2469,-1,-1,-1
22,16,1304.84,418.85,37.20,128.41,0.1986,-1,-1,-1
22,13,805.38,469.10,29.41,80.44,0.1808,-1,-1,-1
22,12,1085.05,456.01,46.68,137.27,0.1873,-1,-1,-1
22,9,1254.22,437.26,41.66,109.50,0.3680,-1,-1,-1
22,6,932.89,428.43,32.49,89.99,0.1758,-1,-1,-1
22,5,721.87,461.40,44.32,110.69,0.3667,-1,-1,-1
22,4,1630.45,426.06,148.87,372.63,0.7015,-1,-1,-1
22,3,454.74,446.50,112.94,280.90,0.5988,-1,-1,-1
22,2,584.80,443.85,103.73,269.00,0.7777,-1,-1,-1
22,1,1460.35,411.93,228.07,405.53,0.5296,-1,-1,-1
23,30,1417.18,463.13,54.03,95.56,0.2565,-1,-1,-1
23,19,1827.08,467.98,83.14,183.30,0.1744,-1,-1,-1
23,16,1304.64,418.42,38.28,128.79,0.1535,-1,-1,-1
23,12,1090.13,451.99,41.21,135.17,0.1537,-1,-1,-1
23,9,1251.07,440.90,37.02,101.64,0.3386,-1,-1,-1
23,8,666.59,449.88,59.22,225.62,0.2405,-1,-1,-1
23,5,719.62,466.33,48.41,103.46,0.3625,-1,-1,-1
23,4,1632.81,422.21,121.36,379.01,0.6267,-1,-1,-1
23,3,464.54,445.81,108.68,281.97,0.6875,-1,-1,-1
23,2,583.37,443.71,105.88,268.86,0.7759,-1,-1,-1
23,1,1470.33,411.72,177.81,388.22,0.4805,-1,-1,-1
24,31,461.52,461.14,58.62,170.53,0.1550,-1,-1,-1
24,30,1417.30,464.78,63.73,94.19,0.3020,-1,-1,-1
24,19,1825.43,467.64,75.27,184.66,0.1925,-1,-1,-1
24,12,1081.80,456.41,50.32,137.08,0.1748,-1,-1,-1
24,9,1253.94,437.13,42.10,109.19,0.2969,-1,-1,-1
24,8,668.06,449.17,58.33,237.12,0.2357,-1,-1,-1
24,5,721.88,460.63,48.98,108.74,0.4308,-1,-1,-1
24,4,1644.67,418.80,119.90,379.10,0.6253,-1,-1,-1
24,3,468.92,444.77,109.45,286.63,0.6836,-1,-1,-1
24,2,584.57,443.82,104.89,268.21,0.7548,-1,-1,-1
24,1,1478.10,406.50,220.46,414.54,0.7030,-1,-1,-1
25,32,1458.15,460.08,33.36,95.44,0.2584,-1,-1,-1
25,30,1421.30,457.50,61.85,100.52,0.3057,-1,-1,-1
25,19,1832.04,468.01,61.72,184.78,0.1993,-1,-1,-1
25,13,804.28,468.71,30.42,79.93,0.1537,-1,-1,-1
25,12,1081.43,453.74,50.10,140.72,0.1756,-1,-1,-1
25,11,933.42,429.49,33.79,90.14,0.1723,-1,-1,-1
25,9,1250.34,442.62,34.28,99.38,0.3039,-1,-1,-1
25,8,668.56,451.88,57.06,234.53,0.2871,-1,-1,-1
25,6,920.05,429.98,53.64,159.03,0.1665,-1,-1,-1
25,5,719.88,463.13,49.37,103.53,0.4016,-1,-1,-1
25,4,1656.99,416.07,122.91,386.72,0.6677,-1,-1,-1
25,3,466.47,444.42,112.33,289.63,0.6333,-1,-1,-1
25,2,585.45,443.66,104.46,268.74,0.7430,-1,-1,-1
25,1,1486.89,406.59,212.98,412.07,0.6348,-1,-1,-1
26,32,1461.26,458.80,31.90,96.77,0.2790,-1,-1,-1
26,30,1419.48,444.71,61.63,113.04,0.2891,-1,-1,-1
26,19,1830.35,466.79,64.03,185.32,0.2767,-1,-1,-1
26,12,1079.69,452.93,52.93,141.53,0.2766,-1,-1,-1
26,9,1250.85,442.13,34.56,98.93,0.3015,-1,-1,-1
26,8,668.93,450.71,57.38,228.26,0.3115,-1,-1,-1
26,5,720.05,463.27,50.24,104.51,0.4402,-1,-1,-1
26,4,1661.38,421.91,112.82,378.94,0.6618,-1,-1,-1
26,3,467.32,440.63,113.02,295.65,0.6586,-1,-1,-1
26,2,586.74,444.27,101.60,268.61,0.7238,-1,-1,-1
26,1,1495.68,410.10,238.40,409.62,0.5970,-1,-1,-1
27,32,1462.95,456.90,29.84,98.04,0.2653,-1,-1,-1
27,30,1417.47,443.49,62.81,114.33,0.2697,-1,-1,-1
27,19,1827.04,464.65,70.88,187.46,0.2738,-1,-1,-1
27,12,1078.58,452.39,54.00,142.22,0.2170,-1,-1,-1
27,9,1250.95,442.07,34.13,98.32,0.2497,-1,-1,-1
27,8,671.49,447.88,58.02,218.73,0.2988,-1,-1,-1
27,6,920.70,431.57,52.19,157.78,0.1978,-1,-1,-1
27,5,720.93,456.09,44.30,111.80,0.3559,-1,-1,-1
27,4,1675.28,412.56,112.45,384.10,0.6655,-1,-1,-1
27,3,468.99,444.44,112.14,288.15,0.6226,-1,-1,-1
27,2,588.57,443.31,99.25,270.47,0.7290,-1,-1,-1
27,1,1514.20,411.65,214.16,410.86,0.5632,-1,-1,-1
28,32,1469.01,455.98,28.11,96.05,0.1701,-1,-1,-1
28,30,1422.26,437.37,57.98,121.11,0.5527,-1,-1,-1
28,13,803.52,466.43,28.45,82.14,0.1809,-1,-1,-1
28,12,1077.68,450.46,56.61,143.83,0.2942,-1,-1,-1
28,9,1251.22,443.90,30.35,96.18,0.2577,-1,-1,-1
28,8,672.47,451.09,54.60,220.64,0.2407,-1,-1,-1
28,6,921.02,430.69,51.37,158.67,0.2035,-1,-1,-1
28,5,720.79,461.63,49.21,107.29,0.3628,-1,-1,-1
28,4,1682.35,410.49,116.31,384.53,0.6566,-1,-1,-1
28,3,472.08,441.31,110.38,293.27,0.6030,-1,-1,-1
28,2,593.04,443.34,97.12,270.87,0.7387,-1,-1,-1
28,1,1535.90,402.39,170.89,427.69,0.5830,-1,-1,-1
29,34,1551.11,456.52,37.16,102.72,0.2163,-1,-1,-1
29,30,1427.87,435.85,53.53,122.19,0.5399,-1,-1,-1
29,19,1831.05,461.82,67.00,190.96,0.1856,-1,-1,-1
29,13,803.74,466.42,28.34,81.89,0.1700,-1,-1,-1
29,12,1079.80,451.94,53.93,142.64,0.3132,-1,-1,-1
29,9,1251.12,443.66,30.20,97.91,0.2252,-1,-1,-1
29,8,671.81,450.82,57.25,223.47,0.1761,-1,-1,-1
29,6,919.26,432.55,53.56,156.79,0.2027,-1,-1,-1
29,5,721.06,460.26,50.55,112.46,0.3503,-1,-1,-1
29,4,1681.03,423.91,135.80,378.49,0.7144,-1,-1,-1
29,3,474.57,442.24,109.79,291.20,0.5853,-1,-1,-1
29,2,594.40,443.62,96.70,270.49,0.7305,-1,-1,-1
29,1,1551.92,392.65,160.52,436.29,0.7036,-1,-1,-1
30,34,1551.51,467.19,39.57,91.02,0.2120,-1,-1,-1
30,32,1479.27,450.21,25.59,85.10,0.2048,-1,-1,-1
30,30,1433.46,432.30,47.88,125.30,0.5942,-1,-1,-1
30,19,1833.29,431.73,79.69,222.38,0.1910,-1,-1,-1
30,13,803.74,465.70,29.49,82.09,0.1928,-1,-1,-1
30,12,1083.86,447.80,52.96,146.99,0.3101,-1,-1,-1
30,9,1251.22,442.17,30.88,100.02,0.1990,-1,-1,-1
30,6,919.29,432.54,53.42,156.64,0.2107,-1,-1,-1
30,5,722.64,457.76,44.34,115.52,0.3648,-1,-1,-1
30,4,1672.99,430.77,166.46,370.11,0.6397,-1,-1,-1
30,3,476.61,442.36,109.33,291.68,0.6444,-1,-1,-1
30,2,595.46,443.47,97.13,271.38,0.7479,-1,-1,-1
30,1,1581.60,390.24,145.34,437.84,0.7467,-1,-1,-1
31,34,1551.74,454.18,34.77,105.26,0.1941,-1,-1,-1
31,32,1481.81,449.78,27.79,91.97,0.2855,-1,-1,-1
31,30,1441.98,429.82,42.70,127.76,0.5751,-1,-1,-1
31,13,804.67,467.21,30.42,81.00,0.1654,-1,-1,-1
31,12,1080.12,451.78,53.44,143.15,0.3191,-1,-1,-1
31,9,1250.32,441.81,33.37,100.45,0.2236,-1,-1,-1
31,6,913.75,431.01,60.45,156.04,0.2317,-1,-1,-1
31,5,721.62,457.07,44.06,119.65,0.4385,-1,-1,-1
31,4,1699.46,414.98,199.37,393.27,0.6599,-1,-1,-1
31,3,476.22,443.86,112.18,286.38,0.6511,-1,-1,-1
31,2,598.64,443.10,94.89,272.39,0.7511,-1,-1,-1
31,1,1597.17,390.94,161.02,435.68,0.7353,-1,-1,-1
32,34,1552.23,451.96,34.38,106.72,0.1646,-1,-1,-1
32,32,1484.51,445.97,32.51,93.61,0.2211,-1,-1,-1
32,30,1446.93,431.49,40.10,125.69,0.5304,-1,-1,-1
32,13,804.47,466.36,30.46,82.09,0.1579,-1,-1,-1
32,12,1081.26,451.60,53.51,143.72,0.3539,-1,-1,-1
32,9,1250.74,441.09,32.22,100.92,0.1956,-1,-1,-1
32,6,917.48,432.87,55.02,156.30,0.1958,-1,-1,-1
32,5,721.15,459.41,42.01,119.66,0.4237,-1,-1,-1
32,4,1724.21,417.70,182.79,389.77,0.7325,-1,-1,-1
32,3,478.43,444.88,110.43,288.46,0.6380,-1,-1,-1
32,2,600.11,443.05,94.82,272.91,0.7619,-1,-1,-1
32,1,1605.37,396.41,167.93,441.44,0.7909,-1,-1,-1
33,34,1552.86,446.29,35.80,112.14,0.2115,-1,-1,-1
33,30,1450.28,431.84,40.02,125.70,0.5779,-1,-1,-1
33,19,1853.08,465.75,66.35,189.89,0.2082,-1,-1,-1
33,13,802.91,465.56,30.03,84.61,0.1656,-1,-1,-1
33,12,1079.18,451.72,54.30,144.27,0.3797,-1,-1,-1
33,9,1250.53,441.30,33.59,102.43,0.2672,-1,-1,-1
33,6,913.97,430.44,60.43,156.28,0.2168,-1,-1,-1
33,5,719.71,458.96,42.42,118.44,0.3715,-1,-1,-1
33,4,1735.03,413.06,182.40,399.49,0.6489,-1,-1,-1
33,3,479.24,443.98,109.81,294.78,0.7036,-1,-1,-1
33,2,601.29,444.35,94.78,270.91,0.7666,-1,-1,-1
33,1,1608.61,395.21,176.54,453.20,0.8077,-1,-1,-1
34,32,1489.28,443.78,32.91,100.01,0.2079,-1,-1,-1
34,30,1454.32,431.08,40.42,126.42,0.6021,-1,-1,-1
34,13,805.25,468.27,32.07,81.27,0.1781,-1,-1,-1
34,12,1078.93,446.10,54.16,149.13,0.2635,-1,-1,-1
34,9,1249.82,439.55,34.11,104.04,0.2929,-1,-1,-1
34,8,685.04,448.00,48.16,129.22,0.1584,-1,-1,-1
34,6,920.48,433.19,52.18,156.13,0.1755,-1,-1,-1
34,5,717.52,456.26,42.39,121.13,0.3647,-1,-1,-1
34,4,1744.05,465.11,175.87,352.83,0.3172,-1,-1,-1
34,3,478.86,443.86,110.76,301.02,0.7295,-1,-1,-1
34,2,605.30,443.19,90.79,271.86,0.7622,-1,-1,-1
34,1,1611.54,394.96,187.95,445.04,0.8033,-1,-1,-1
35,32,1485.84,444.01,36.13,106.04,0.1991,-1,-1,-1
35,30,1455.52,432.56,39.53,123.95,0.5704,-1,-1,-1
35,28,681.06,463.02,52.20,195.11,0.2293,-1,-1,-1
35,13,804.58,467.34,30.11,81.72,0.1656,-1,-1,-1
35,12,1079.29,446.97,52.84,148.88,0.2970,-1,-1,-1
35,9,1250.20,438.64,32.68,104.55,0.2474,-1,-1,-1
35,8,693.10,449.77,41.12,130.16,0.1677,-1,-1,-1
35,6,919.83,433.46,52.54,155.91,0.1949,-1,-1,-1
35,5,719.32,459.16,40.68,118.40,0.3464,-1,-1,-1
35,4,1762.32,422.59,155.50,406.97,0.4109,-1,-1,-1
35,3,477.64,443.82,111.72,300.35,0.7405,-1,-1,-1
35,2,605.55,444.13,91.44,270.78,0.7727,-1,-1,-1
35,1,1618.89,393.22,200.62,455.66,0.8494,-1,-1,-1
36,30,1456.29,433.36,42.48,124.60,0.5763,-1,-1,-1
36,28,681.65,460.91,51.66,194.84,0.2237,-1,-1,-1
36,13,804.56,467.57,29.30,81.67,0.1511,-1,-1,-1
36,12,1078.83,450.19,51.75,145.77,0.3278,-1,-1,-1
36,9,1250.25,437.52,33.34,106.42,0.2607,-1,-1,-1
36,6,919.69,433.60,52.52,154.83,0.2106,-1,-1,-1
36,5,715.80,456.42,43.61,120.04,0.3124,-1,-1,-1
36,4,1764.39,413.93,152.95,406.62,0.5498,-1,-1,-1
36,3,476.25,444.00,113.43,302.33,0.7073,-1,-1,-1
36,2,607.08,444.33,90.09,270.34,0.7727,-1,-1,-1
36,1,1626.54,396.07,220.09,470.33,0.8186,-1,-1,-1
37,30,1460.86,433.40,43.21,125.46,0.5473,-1,-1,-1
37,14,1788.90,439.69,95.77,219.02,0.1545,-1,-1,-1
37,13,803.92,466.57,29.91,82.31,0.1546,-1,-1,-1
37,12,1081.94,450.78,48.79,145.03,0.1799,-1,-1,-1
37,9,1250.37,440.40,31.03,101.89,0.2023,-1,-1,-1
37,6,919.64,433.70,52.55,155.19,0.2163,-1,-1,-1
37,5,716.86,453.44,42.93,124.15,0.3143,-1,-1,-1
37,4,1774.04,420.36,143.62,399.46,0.6041,-1,-1,-1
37,3,476.77,444.78,112.58,293.59,0.6661,-1,-1,-1
37,2,608.42,445.04,90.13,269.78,0.7701,-1,-1,-1
37,1,1630.51,397.91,258.84,472.23,0.7919,-1,-1,-1
38,35,1256.11,430.40,39.95,114.84,0.3234,-1,-1,-1
38,30,1462.20,431.96,44.36,126.25,0.6036,-1,-1,-1
38,19,1858.78,438.07,60.60,380.02,0.2046,-1,-1,-1
38,12,1083.90,454.50,47.77,141.10,0.1873,-1,-1,-1
38,6,919.15,432.88,53.42,155.92,0.1764,-1,-1,-1
38,5,712.54,452.64,45.81,131.01,0.3084,-1,-1,-1
38,4,1792.46,430.39,125.26,387.08,0.2756,-1,-1,-1
38,3,477.16,444.78,114.54,288.20,0.6848,-1,-1,-1
38,2,608.41,443.89,90.85,271.51,0.7670,-1,-1,-1
38,1,1629.12,403.10,254.74,472.19,0.8537,-1,-1,-1
39,35,1256.25,430.70,40.57,114.84,0.4197,-1,-1,-1
39,30,1463.22,431.85,45.90,125.49,0.5842,-1,-1,-1
39,28,699.99,447.90,43.58,132.61,0.1975,-1,-1,-1
39,13,804.56,466.32,31.23,82.83,0.2071,-1,-1,-1
39,12,1081.70,452.47,50.65,142.62,0.2784,-1,-1,-1
39,5,717.01,452.80,42.53,124.92,0.2407,-1,-1,-1
39,4,1812.59,430.89,104.47,373.52,0.5196,-1,-1,-1
39,3,477.79,444.49,114.37,294.42,0.7065,-1,-1,-1
39,2,608.61,442.97,92.71,272.62,0.7798,-1,-1,-1
39,1,1630.20,404.44,262.70,470.59,0.8708,-1,-1,-1
40,35,1256.14,431.96,38.77,113.67,0.4412,-1,-1,-1
40,30,1465.25,433.36,47.61,123.18,0.5641,-1,-1,-1
40,28,700.80,448.84,41.83,128.74,0.2609,-1,-1,-1
40,13,804.42,468.27,29.76,81.53,0.2148,-1,-1,-1
40,12,1083.53,453.11,47.60,142.14,0.1897,-1,-1,-1
40,4,1818.62,422.23,100.78,390.24,0.5961,-1,-1,-1
40,3,476.47,446.07,117.19,295.67,0.6819,-1,-1,-1
40,2,609.64,443.84,91.84,272.27,0.7745,-1,-1,-1
40,1,1630.49,404.45,271.49,472.71,0.8623,-1,-1,-1
41,35,1256.41,430.48,39.88,115.21,0.4799,-1,-1,-1
41,30,1464.64,434.63,52.03,120.53,0.5075,-1,-1,-1
41,16,1306.82,420.03,35.96,127.50,0.1591,-1,-1,-1
41,13,804.04,467.22,29.88,81.97,0.2423,-1,-1,-1
41,12,1082.43,455.50,48.08,140.52,0.1923,-1,-1,-1
41,5,703.36,451.98,52.00,127.28,0.3103,-1,-1,-1
41,4,1831.54,395.58,87.79,421.60,0.6854,-1,-1,-1
41,3,479.18,447.49,113.30,294.82,0.6836,-1,-1,-1
41,2,612.50,443.57,91.93,272.75,0.7916,-1,-1,-1
41,1,1637.05,400.49,281.76,484.29,0.8655,-1,-1,-1
42,35,1256.52,430.03,40.67,115.55,0.4901,-1,-1,-1
42,30,1467.35,434.74,50.70,120.90,0.5558,-1,-1,-1
42,16,1305.31,418.79,39.10,127.87,0.1843,-1,-1,-1
42,13,803.87,467.10,29.50,81.87,0.2349,-1,-1,-1
42,12,1082.13,455.01,50.56,140.96,0.3295,-1,-1,-1
42,8,689.66,459.30,57.02,207.11,0.1513,-1,-1,-1
42,6,917.39,433.39,55.03,155.88,0.1636,-1,-1,-1
42,5,701.53,448.93,42.12,130.09,0.2360,-1,-1,-1
42,4,1841.80,390.94,77.57,427.59,0.6497,-1,-1,-1
42,3,474.63,447.45,118.72,303.84,0.6607,-1,-1,-1
42,2,613.92,442.72,90.18,271.98,0.7989,-1,-1,-1
42,1,1643.40,401.05,270.43,477.78,0.8417,-1,-1,-1
43,35,1256.94,426.12,42.44,119.22,0.4712,-1,-1,-1
43,30,1469.33,433.08,51.77,122.27,0.5799,-1,-1,-1
43,16,1305.26,416.52,39.15,130.26,0.1886,-1,-1,-1
43,13,804.28,466.69,28.78,81.87,0.2207,-1,-1,-1
43,12,1083.27,449.50,49.38,148.62,0.2818,-1,-1,-1
43,8,696.99,451.15,59.66,211.65,0.1592,-1,-1,-1
43,6,919.91,434.12,52.44,155.92,0.2595,-1,-1,-1
43,5,701.85,448.24,39.15,125.29,0.1798,-1,-1,-1
43,4,1851.77,394.44,67.61,425.41,0.5920,-1,-1,-1
43,3,466.82,445.26,123.93,308.77,0.6241,-1,-1,-1
43,2,615.50,443.53,89.75,271.50,0.7886,-1,-1,-1
43,1,1654.95,403.81,261.11,479.20,0.8501,-1,-1,-1
44,35,1256.86,427.01,41.70,118.65,0.4573,-1,-1,-1
44,30,1473.06,435.63,49.02,120.23,0.5326,-1,-1,-1
44,16,1305.05,416.63,39.12,130.24,0.1546,-1,-1,-1
44,13,803.86,467.53,28.97,80.99,0.2398,-1,-1,-1
44,12,1082.67,450.11,49.78,148.29,0.3550,-1,-1,-1
44,11,931.76,434.51,32.60,84.14,0.1716,-1,-1,-1
44,8,693.65,448.93,54.54,213.22,0.1616,-1,-1,-1
44,6,920.43,433.90,51.69,156.35,0.2360,-1,-1,-1
44,5,703.02,447.63,38.77,131.56,0.2387,-1,-1,-1
44,4,1863.85,420.71,55.54,392.92,0.4901,-1,-1,-1
44,3,468.61,446.09,124.33,314.47,0.6486,-1,-1,-1
44,2,615.14,443.73,91.08,271.18,0.7992,-1,-1,-1
44,1,1667.01,392.56,245.53,485.90,0.8458,-1,-1,-1
45,35,1257.79,425.94,41.94,119.49,0.4573,-1,-1,-1
45,30,1479.18,433.47,41.36,121.77,0.4938,-1,-1,-1
45,16,1304.80,417.91,39.13,128.89,0.1551,-1,-1,-1
45,13,803.68,468.97,30.62,80.07,0.2792,-1,-1,-1
45,12,1081.18,449.15,51.22,149.00,0.3824,-1,-1,-1
45,11,931.38,434.34,33.99,84.87,0.1894,-1,-1,-1
45,8,698.63,454.57,56.40,206.38,0.3503,-1,-1,-1
45,6,919.98,433.12,52.66,156.33,0.2505,-1,-1,-1
45,4,1869.34,425.89,50.05,388.99,0.3503,-1,-1,-1
45,3,467.68,443.17,123.06,315.15,0.6357,-1,-1,-1
45,2,616.41,442.89,91.27,271.58,0.7777,-1,-1,-1
45,1,1690.83,393.42,218.84,483.55,0.7946,-1,-1,-1
46,35,1258.46,423.85,42.10,121.72,0.4613,-1,-1,-1
46,30,1484.92,435.51,34.88,119.28,0.5208,-1,-1,-1
46,20,708.84,449.02,31.97,111.14,0.1977,-1,-1,-1
46,16,1305.73,417.84,38.21,128.92,0.1721,-1,-1,-1
46,13,804.66,468.60,28.10,80.08,0.2344,-1,-1,-1
46,12,1081.46,448.93,50.47,147.74,0.3022,-1,-1,-1
46,11,931.46,435.10,33.35,83.17,0.1736,-1,-1,-1
46,10,1878.41,395.42,40.76,176.09,0.1622,-1,-1,-1
46,8,696.00,450.00,59.21,211.14,0.2501,-1,-1,-1
46,6,919.71,433.67,52.66,156.04,0.2479,-1,-1,-1
46,4,1877.09,392.88,42.31,444.08,0.3963,-1,-1,-1
46,3,465.87,445.15,126.67,318.71,0.6338,-1,-1,-1
46,2,616.95,442.07,94.27,272.83,0.7591,-1,-1,-1
46,1,1715.31,391.72,201.82,487.09,0.6319,-1,-1,-1
47,38,727.74,449.47,39.99,115.17,0.2236,-1,-1,-1
47,35,1258.73,424.41,43.11,120.74,0.4921,-1,-1,-1
47,30,1488.91,431.40,33.39,121.33,0.5143,-1,-1,-1
47,16,1304.92,417.03,39.34,129.52,0.1798,-1,-1,-1
47,13,804.44,468.03,27.53,80.38,0.2422,-1,-1,-1
47,12,1080.12,450.52,51.76,145.76,0.2798,-1,-1,-1
47,8,696.73,455.48,57.14,205.42,0.5477,-1,-1,-1
47,6,918.66,432.88,53.57,156.72,0.2072,-1,-1,-1
47,3,464.17,444.28,127.93,320.16,0.6297,-1,-1,-1
47,2,616.58,441.51,93.07,272.89,0.7759,-1,-1,-1
47,1,1774.84,385.03,140.65,495.54,0.7059,-1,-1,-1
48,40,581.11,436.05,48.87,150.81,0.2973,-1,-1,-1
48,38,732.82,451.38,38.06,117.05,0.2954,-1,-1,-1
48,35,1259.05,427.52,40.40,117.59,0.4474,-1,-1,-1
48,30,1496.31,439.39,30.39,113.95,0.2994,-1,-1,-1
48,16,1306.36,419.70,37.46,127.97,0.1766,-1,-1,-1
48,13,804.78,468.47,29.71,80.71,0.2832,-1,-1,-1
48,12,1079.86,454.92,52.32,141.08,0.2935,-1,-1,-1
48,8,698.44,453.15,62.59,208.00,0.3822,-1,-1,-1
48,6,919.01,435.91,54.16,153.65,0.2110,-1,-1,-1
48,3,470.32,443.73,120.78,317.94,0.6478,-1,-1,-1
48,2,618.47,441.17,93.76,272.46,0.7453,-1,-1,-1
48,1,1776.09,386.23,142.20,489.52,0.7899,-1,-1,-1
49,40,580.05,437.15,52.82,148.47,0.3315,-1,-1,-1
49,38,734.38,451.45,37.38,116.14,0.2387,-1,-1,-1
49,35,1259.14,435.03,40.34,112.10,0.4593,-1,-1,-1
49,16,1306.14,420.56,37.02,127.27,0.1751,-1,-1,-1
49,13,805.92,466.96,30.32,82.72,0.3126,-1,-1,-1
49,12,1079.54,460.52,52.09,135.15,0.2697,-1,-1,-1
49,8,698.57,455.11,63.75,207.04,0.4384,-1,-1,-1
49,3,471.85,444.51,118.85,317.04,0.6377,-1,-1,-1
49,2,618.77,441.38,94.40,271.74,0.7551,-1,-1,-1
49,1,1797.18,385.35,121.90,491.91,0.8007,-1,-1,-1
50,42,1009.60,458.18,43.78,66.51,0.1752,-1,-1,-1
50,38,734.24,450.95,40.03,120.19,0.2557,-1,-1,-1
50,37,580.26,436.29,48.80,149.33,0.3445,-1,-1,-1
50,35,1259.55,438.47,38.85,108.65,0.4423,-1,-1,-1
50,30,1498.88,437.21,39.23,119.24,0.3530,-1,-1,-1
50,16,1306.42,422.86,36.99,124.69,0.1664,-1,-1,-1
50,13,805.38,466.79,31.21,82.66,0.3112,-1,-1,-1
50,12,1079.06,451.36,53.40,144.33,0.2753,-1,-1,-1
50,8,703.26,450.96,63.92,211.28,0.3771,-1,-1,-1
50,3,463.37,443.61,125.85,315.59,0.6202,-1,-1,-1
50,2,617.67,441.81,99.41,272.31,0.7557,-1,-1,-1
50,1,1809.58,385.78,110.21,497.26,0.8414,-1,-1,-1
51,42,1010.85,453.95,43.79,71.10,0.2042,-1,-1,-1
51,40,582.68,440.39,50.41,144.34,0.3439,-1,-1,-1
51,38,735.51,458.33,38.45,112.67,0.2168,-1,-1,-1
51,35,1259.76,434.82,39.43,112.21,0.4812,-1,-1,-1
51,30,1500.40,438.65,42.59,115.92,0.4200,-1,-1,-1
51,13,806.02,467.22,29.79,83.05,0.2913,-1,-1,-1
51,12,1078.19,453.19,54.75,142.10,0.2878,-1,-1,-1
51,8,702.10,458.23,66.26,204.47,0.3362,-1,-1,-1
51,3,450.94,443.33,138.51,314.10,0.6074,-1,-1,-1
51,2,618.47,441.47,100.09,272.39,0.7625,-1,-1,-1
51,1,1816.50,383.86,102.48,498.61,0.8291,-1,-1,-1
52,43,1521.53,435.53,37.58,114.10,0.3432,-1,-1,-1
52,42,1010.64,455.02,43.86,69.96,0.1642,-1,-1,-1
52,40,588.89,445.29,45.66,139.00,0.3522,-1,-1,-1
52,38,734.99,455.21,40.07,114.21,0.2570,-1,-1,-1
52,35,1259.61,432.10,38.27,113.60,0.4705,-1,-1,-1
52,30,1500.87,436.79,46.48,118.82,0.4076,-1,-1,-1
52,13,805.82,470.45,32.11,80.68,0.2853,-1,-1,-1
52,12,1080.25,452.78,52.41,142.38,0.3608,-1,-1,-1
52,8,701.87,456.68,69.32,206.13,0.3014,-1,-1,-1
52,3,468.57,445.03,122.75,314.65,0.6583,-1,-1,-1
52,2,619.91,442.83,98.68,271.29,0.7491,-1,-1,-1
52,1,1824.96,386.45,93.86,492.90,0.8109,-1,-1,-1
53,43,1524.26,434.17,37.01,118.74,0.3648,-1,-1,-1
53,42,1012.39,454.11,43.32,73.35,0.2043,-1,-1,-1
53,40,590.97,449.37,44.31,135.11,0.3016,-1,-1,-1
53,38,732.01,451.22,43.88,116.59,0.3247,-1,-1,-1
53,35,1259.57,430.20,40.82,115.76,0.5284,-1,-1,-1
53,30,1500.05,433.23,52.81,121.80,0.3675,-1,-1,-1
53,16,1305.59,421.11,37.33,126.84,0.2306,-1,-1,-1
53,13,805.45,469.62,31.11,80.60,0.2667,-1,-1,-1
53,12,1082.40,451.37,50.93,142.95,0.2596,-1,-1,-1
53,8,693.67,454.43,70.15,207.20,0.4763,-1,-1,-1
53,3,464.40,446.43,127.35,311.57,0.6521,-1,-1,-1
53,2,621.13,443.62,96.19,269.93,0.7479,-1,-1,-1
53,1,1825.80,384.01,93.57,501.01,0.7787,-1,-1,-1
54,43,1527.51,443.50,35.00,109.97,0.4731,-1,-1,-1
54,40,588.77,447.56,46.32,136.91,0.2939,-1,-1,-1
54,38,730.45,451.58,45.64,117.09,0.2654,-1,-1,-1
54,35,1259.49,430.32,40.19,115.09,0.5063,-1,-1,-1
54,30,1500.21,443.96,52.05,110.90,0.2749,-1,-1,-1
54,16,1305.95,422.50,36.37,125.35,0.2134,-1,-1,-1
54,13,806.01,469.14,31.55,81.17,0.2472,-1,-1,-1
54,12,1082.22,454.84,49.92,139.38,0.2676,-1,-1,-1
54,8,693.57,452.58,80.37,209.12,0.3682,-1,-1,-1
54,3,468.36,445.89,123.85,314.25,0.6934,-1,-1,-1
54,2,623.51,442.50,95.91,272.62,0.7377,-1,-1,-1
54,1,1820.79,391.58,99.13,495.58,0.7337,-1,-1,-1
55,43,1529.93,436.69,37.07,115.79,0.4749,-1,-1,-1
55,40,585.99,448.66,48.68,135.40,0.3505,-1,-1,-1
55,38,734.17,453.36,43.31,113.62,0.2015,-1,-1,-1
55,35,1259.73,429.45,40.29,116.51,0.5005,-1,-1,-1
55,30,1499.38,437.34,52.28,116.20,0.3274,-1,-1,-1
55,16,1305.76,421.70,37.05,126.55,0.2011,-1,-1,-1
55,13,806.65,470.03,30.35,80.38,0.2478,-1,-1,-1
55,12,1082.12,454.34,49.89,139.90,0.2879,-1,-1,-1
55,8,693.04,456.04,75.09,206.36,0.3818,-1,-1,-1
55,6,921.17,431.89,51.63,156.81,0.1589,-1,-1,-1
55,3,470.68,444.93,120.46,315.33,0.7045,-1,-1,-1
55,2,623.43,441.92,92.07,273.17,0.7448,-1,-1,-1
55,1,1822.27,422.99,97.69,464.59,0.7186,-1,-1,-1
56,43,1531.63,442.29,34.57,110.16,0.4985,-1,-1,-1
56,42,1008.54,454.90,38.79,69.62,0.1544,-1,-1,-1
56,40,584.74,445.51,50.12,138.21,0.3661,-1,-1,-1
56,38,735.61,452.49,39.44,113.04,0.1703,-1,-1,-1
56,35,1260.02,426.11,40.57,119.33,0.5103,-1,-1,-1
56,30,1499.11,441.18,44.55,111.56,0.2924,-1,-1,-1
56,16,1305.39,420.62,37.41,126.77,0.1893,-1,-1,-1
56,13,806.87,470.38,31.38,80.81,0.2603,-1,-1,-1
56,12,1082.37,455.59,50.22,139.21,0.3269,-1,-1,-1
56,11,920.38,432.51,52.74,156.66,0.1848,-1,-1,-1
56,8,695.62,455.95,67.01,206.07,0.4708,-1,-1,-1
56,3,472.63,445.48,118.67,313.86,0.7116,-1,-1,-1
56,2,623.50,441.45,92.48,273.62,0.7329,-1,-1,-1
56,1,1825.10,436.94,94.24,450.02,0.5919,-1,-1,-1
57,43,1533.40,437.05,35.43,114.94,0.4886,-1,-1,-1
57,42,1009.93,462.43,35.38,62.73,0.1545,-1,-1,-1
57,40,583.05,440.97,48.35,144.26,0.4223,-1,-1,-1
57,35,1260.33,432.66,39.68,112.42,0.5175,-1,-1,-1
57,30,1500.44,439.92,43.93,111.26,0.1554,-1,-1,-1
57,16,1304.87,422.36,38.54,125.07,0.2886,-1,-1,-1
57,13,806.01,470.82,31.55,80.55,0.2536,-1,-1,-1
57,12,1083.48,456.18,48.76,138.26,0.2474,-1,-1,-1
57,11,919.58,432.40,53.89,156.61,0.1723,-1,-1,-1
57,8,694.92,455.45,68.89,209.94,0.5811,-1,-1,-1
57,3,470.38,447.32,121.57,312.27,0.6682,-1,-1,-1
57,2,623.53,442.73,90.60,272.72,0.7314,-1,-1,-1
57,1,1828.24,395.71,91.16,491.22,0.3788,-1,-1,-1
58,43,1533.65,435.20,33.77,117.02,0.4184,-1,-1,-1
58,40,582.61,447.43,47.91,137.73,0.3945,-1,-1,-1
58,38,730.96,454.68,39.21,107.20,0.1723,-1,-1,-1
58,35,1260.54,433.07,40.66,112.34,0.5224,-1,-1,-1
58,16,1304.65,420.11,38.06,127.64,0.2448,-1,-1,-1
58,13,804.95,468.03,31.63,82.54,0.2630,-1,-1,-1
58,12,1084.74,462.34,47.15,131.66,0.2559,-1,-1,-1
58,8,695.60,470.76,67.88,197.91,0.2244,-1,-1,-1
58,3,474.03,445.27,118.60,312.19,0.6648,-1,-1,-1
58,2,625.80,443.92,93.46,271.20,0.7337,-1,-1,-1
58,1,1829.71,440.54,89.69,445.61,0.3319,-1,-1,-1
59,43,1536.97,434.00,32.65,119.33,0.3591,-1,-1,-1
59,41,1673.22,434.62,93.65,160.25,0.1566,-1,-1,-1
59,40,584.20,449.50,49.41,134.10,0.3648,-1,-1,-1
59,35,1260.00,432.74,43.07,112.44,0.5377,-1,-1,-1
59,16,1304.02,419.56,41.55,126.87,0.2057,-1,-1,-1
59,13,805.90,469.64,33.38,79.91,0.2406,-1,-1,-1
59,12,1084.99,469.39,46.21,124.30,0.2037,-1,-1,-1
59,8,697.23,459.58,69.33,211.96,0.4736,-1,-1,-1
59,3,474.90,443.02,119.77,317.17,0.7116,-1,-1,-1
59,2,626.20,442.85,92.77,272.05,0.7172,-1,-1,-1
59,1,1832.69,538.36,86.64,346.89,0.2094,-1,-1,-1
60,43,1537.28,427.80,33.45,123.86,0.2521,-1,-1,-1
60,42,1009.45,439.67,44.71,86.92,0.1920,-1,-1,-1
60,40,584.28,450.72,50.08,133.17,0.3243,-1,-1,-1
60,38,729.69,452.57,45.95,111.00,0.1509,-1,-1,-1
60,35,1259.99,435.30,42.35,110.76,0.5482,-1,-1,-1
60,16,1304.98,421.31,37.80,126.46,0.2063,-1,-1,-1
60,13,806.27,466.59,32.86,81.90,0.2177,-1,-1,-1
60,12,1084.62,463.38,46.87,130.62,0.2499,-1,-1,-1
60,8,698.24,455.23,68.33,216.59,0.5750,-1,-1,-1
60,3,472.81,441.31,128.03,319.49,0.7233,-1,-1,-1
60,2,625.27,443.19,93.16,275.15,0.7132,-1,-1,-1
60,1,1840.51,404.04,79.27,479.92,0.1651,-1,-1,-1
61,44,1669.45,431.55,60.37,157.43,0.1572,-1,-1,-1
61,43,1545.66,432.32,33.70,115.51,0.2597,-1,-1,-1
61,40,585.06,455.77,45.25,129.23,0.2861,-1,-1,-1
61,35,1259.74,427.65,42.50,118.18,0.5334,-1,-1,-1
61,16,1304.46,420.34,38.15,127.18,0.2518,-1,-1,-1
61,13,807.33,467.40,31.39,83.15,0.2029,-1,-1,-1
61,12,1083.99,452.24,48.60,142.61,0.3025,-1,-1,-1
61,8,699.84,455.69,67.56,216.80,0.5448,-1,-1,-1
61,3,473.89,443.79,134.78,315.69,0.6856,-1,-1,-1
61,2,624.37,443.81,93.89,277.59,0.7075,-1,-1,-1
62,48,1531.64,443.24,30.21,107.60,0.1875,-1,-1,-1
62,44,1668.40,431.62,63.73,156.48,0.1509,-1,-1,-1
62,43,1548.30,440.36,32.70,108.82,0.2707,-1,-1,-1
62,40,588.52,457.63,44.60,127.31,0.2783,-1,-1,-1
62,38,754.47,459.04,33.33,104.91,0.1743,-1,-1,-1
62,35,1259.69,430.53,40.70,114.79,0.5512,-1,-1,-1
62,16,1304.69,420.96,37.16,126.43,0.2658,-1,-1,-1
62,14,1830.63,471.00,57.97,177.44,0.2556,-1,-1,-1
62,13,807.69,468.10,30.21,82.92,0.2412,-1,-1,-1
62,12,1088.03,438.37,45.24,157.28,0.1812,-1,-1,-1
62,8,699.15,453.82,67.12,218.88,0.6201,-1,-1,-1
62,6,920.69,430.47,52.48,159.85,0.2388,-1,-1,-1
62,3,480.65,442.86,135.94,318.70,0.7249,-1,-1,-1
62,2,623.79,444.85,90.67,275.22,0.7224,-1,-1,-1
63,48,1535.53,441.54,29.05,109.87,0.1670,-1,-1,-1
63,40,583.63,455.39,46.92,129.83,0.2196,-1,-1,-1
63,35,1259.86,431.53,40.29,113.14,0.5324,-1,-1,-1
63,16,1304.61,420.32,37.69,126.80,0.2752,-1,-1,-1
63,14,1831.86,469.21,59.48,175.71,0.1560,-1,-1,-1
63,13,806.13,468.46,28.62,81.95,0.2557,-1,-1,-1
63,12,1087.71,437.85,45.43,157.87,0.2182,-1,-1,-1
63,11,931.47,434.63,34.84,85.21,0.1567,-1,-1,-1
63,8,696.84,458.71,69.99,213.24,0.6620,-1,-1,-1
63,6,920.86,434.02,51.47,156.13,0.2769,-1,-1,-1
63,3,479.48,440.28,139.27,320.15,0.7251,-1,-1,-1
63,2,620.16,443.63,93.79,280.45,0.7393,-1,-1,-1
64,42,1007.32,445.54,35.88,81.82,0.1800,-1,-1,-1
64,40,582.47,449.03,48.53,137.09,0.1953,-1,-1,-1
64,35,1259.43,434.27,40.01,109.78,0.5248,-1,-1,-1
64,16,1304.06,418.99,38.75,128.06,0.2758,-1,-1,-1
64,14,1830.93,470.39,60.15,178.37,0.1649,-1,-1,-1
64,13,806.75,470.46,26.49,78.40,0.1968,-1,-1,-1
64,12,1087.76,439.58,44.01,154.62,0.2171,-1,-1,-1
64,11,931.47,433.83,33.23,87.54,0.2081,-1,-1,-1
64,8,697.02,451.55,69.58,222.04,0.6377,-1,-1,-1
64,6,922.45,433.95,50.60,155.16,0.2891,-1,-1,-1
64,3,484.80,442.39,138.73,318.15,0.7205,-1,-1,-1
64,2,618.99,444.27,93.36,278.35,0.7432,-1,-1,-1
65,42,1007.74,444.38,33.94,83.28,0.1810,-1,-1,-1
65,38,751.16,459.71,41.25,105.34,0.1893,-1,-1,-1
65,35,1259.12,439.34,40.23,105.34,0.5287,-1,-1,-1
65,16,1304.67,422.32,37.54,124.82,0.2412,-1,-1,-1
65,14,1830.79,469.58,62.13,179.91,0.2230,-1,-1,-1
65,13,805.47,468.84,27.91,80.72,0.2204,-1,-1,-1
65,12,1086.14,435.72,47.87,158.61,0.3378,-1,-1,-1
65,11,930.75,432.19,36.44,90.27,0.2170,-1,-1,-1
65,8,696.03,449.61,68.92,226.70,0.6806,-1,-1,-1
65,6,922.28,432.88,50.61,155.07,0.3198,-1,-1,-1
65,3,496.30,445.87,131.58,315.71,0.7891,-1,-1,-1
65,2,619.27,447.56,92.29,275.98,0.7429,-1,-1,-1
66,48,1539.04,431.38,32.66,120.52,0.2113,-1,-1,-1
66,43,1551.55,431.09,36.18,119.57,0.2373,-1,-1,-1
66,42,1006.31,440.64,35.06,85.57,0.2268,-1,-1,-1
66,35,1258.92,439.33,40.46,105.45,0.5299,-1,-1,-1
66,16,1304.90,421.95,37.75,125.44,0.2687,-1,-1,-1
66,14,1832.56,467.13,64.58,181.20,0.1754,-1,-1,-1
66,13,804.56,468.34,28.69,81.25,0.2191,-1,-1,-1
66,12,1089.49,438.37,43.95,128.49,0.2598,-1,-1,-1
66,11,930.27,431.80,37.30,93.90,0.2178,-1,-1,-1
66,8,698.20,453.50,68.86,222.39,0.6783,-1,-1,-1
66,6,921.34,432.50,51.98,156.47,0.3083,-1,-1,-1
66,3,495.49,447.57,139.74,316.98,0.7284,-1,-1,-1
66,2,620.54,448.15,90.75,275.58,0.7595,-1,-1,-1
67,48,1542.85,422.20,40.80,128.91,0.4049,-1,-1,-1
67,42,1007.18,440.13,34.05,87.14,0.2268,-1,-1,-1
67,35,1260.26,441.54,38.41,102.70,0.5143,-1,-1,-1
67,16,1304.43,421.56,37.88,125.58,0.2415,-1,-1,-1
67,14,1832.18,467.39,59.52,179.67,0.1603,-1,-1,-1
67,13,804.85,469.17,28.67,80.85,0.2301,-1,-1,-1
67,12,1093.81,438.57,39.36,122.69,0.2016,-1,-1,-1
67,11,931.43,434.23,34.69,89.11,0.2009,-1,-1,-1
67,8,698.27,453.91,71.30,223.34,0.6747,-1,-1,-1
67,6,923.33,434.37,49.48,154.06,0.2756,-1,-1,-1
67,3,486.17,447.36,150.24,322.54,0.6449,-1,-1,-1
67,2,619.03,447.08,92.79,275.05,0.7469,-1,-1,-1
68,48,1543.83,430.69,39.60,120.95,0.3741,-1,-1,-1
68,42,1006.71,445.46,33.08,81.44,0.2981,-1,-1,-1
68,35,1259.88,435.44,39.49,109.18,0.4908,-1,-1,-1
68,16,1304.28,419.57,38.85,127.75,0.2902,-1,-1,-1
68,14,1829.31,470.05,57.18,177.76,0.2213,-1,-1,-1
68,13,805.23,470.16,29.94,79.92,0.1632,-1,-1,-1
68,12,1086.19,436.35,47.93,158.97,0.3227,-1,-1,-1
68,11,932.15,433.57,35.89,87.07,0.1781,-1,-1,-1
68,8,699.84,455.80,71.15,219.60,0.6769,-1,-1,-1
68,6,923.25,432.90,50.68,156.15,0.2583,-1,-1,-1
68,3,486.85,449.11,151.94,317.01,0.6441,-1,-1,-1
68,2,615.73,446.15,96.69,275.42,0.7347,-1,-1,-1
69,48,1541.59,420.17,44.16,131.72,0.4737,-1,-1,-1
69,35,1259.86,436.75,39.19,107.65,0.5127,-1,-1,-1
69,16,1304.26,419.19,38.34,128.39,0.2913,-1,-1,-1
69,14,1829.22,472.00,53.71,176.22,0.2545,-1,-1,-1
69,13,806.82,471.65,28.65,77.92,0.1994,-1,-1,-1
69,12,1087.31,437.77,46.70,157.49,0.2474,-1,-1,-1
69,11,932.08,433.84,35.53,86.32,0.1626,-1,-1,-1
69,8,697.51,456.63,72.68,220.54,0.6660,-1,-1,-1
69,6,922.72,433.01,51.22,155.78,0.2354,-1,-1,-1
69,3,488.42,445.88,153.81,321.30,0.6178,-1,-1,-1
69,2,614.06,446.87,97.79,275.12,0.7571,-1,-1,-1
70,48,1542.31,419.97,46.56,132.81,0.5866,-1,-1,-1
70,42,1006.95,443.72,34.89,82.44,0.1786,-1,-1,-1
70,35,1259.65,437.93,39.20,106.59,0.5124,-1,-1,-1
70,16,1304.62,419.19,37.99,128.23,0.2561,-1,-1,-1
70,14,1829.56,471.59,53.13,176.60,0.2481,-1,-1,-1
70,13,807.04,472.05,29.29,77.96,0.1785,-1,-1,-1
70,12,1086.17,437.59,47.87,157.12,0.2492,-1,-1,-1
70,11,931.65,433.54,36.13,86.35,0.1543,-1,-1,-1
70,8,698.28,457.92,71.61,219.79,0.6304,-1,-1,-1
70,6,921.48,432.87,52.70,156.42,0.2302,-1,-1,-1
70,3,492.52,442.90,147.83,322.72,0.7277,-1,-1,-1
70,2,610.88,445.74,100.76,275.11,0.7602,-1,-1,-1
71,48,1542.12,420.70,47.43,132.23,0.5760,-1,-1,-1
71,38,757.46,456.13,45.51,109.82,0.2440,-1,-1,-1
71,35,1259.60,437.03,39.29,107.50,0.5172,-1,-1,-1
71,16,1304.26,419.47,37.41,127.70,0.2501,-1,-1,-1
71,14,1829.95,470.53,55.13,177.17,0.2252,-1,-1,-1
71,13,806.70,470.61,28.93,78.66,0.1624,-1,-1,-1
71,12,1075.79,447.51,52.87,147.68,0.2017,-1,-1,-1
71,11,931.06,431.97,36.53,87.99,0.1583,-1,-1,-1
71,8,698.67,459.05,67.97,219.53,0.5866,-1,-1,-1
71,6,921.02,431.96,53.83,157.40,0.2230,-1,-1,-1
71,3,497.67,442.93,144.85,324.09,0.7339,-1,-1,-1
71,2,611.02,445.49,99.91,276.52,0.7686,-1,-1,-1
72,48,1542.61,420.82,45.87,131.71,0.5699,-1,-1,-1
72,38,760.81,460.99,43.49,106.40,0.1710,-1,-1,-1
72,35,1259.70,429.38,40.37,115.11,0.5145,-1,-1,-1
72,16,1304.38,418.99,37.49,128.07,0.2611,-1,-1,-1
72,14,1829.21,469.44,56.51,178.74,0.2239,-1,-1,-1
72,13,808.50,471.02,28.80,78.10,0.1627,-1,-1,-1
72,12,1089.18,437.34,44.50,156.34,0.2423,-1,-1,-1
72,11,930.41,431.88,37.93,93.39,0.1695,-1,-1,-1
72,8,699.12,458.34,70.54,221.34,0.5837,-1,-1,-1
72,6,921.23,428.63,53.68,157.80,0.2640,-1,-1,-1
72,3,498.63,444.12,144.14,323.00,0.7412,-1,-1,-1
72,2,612.63,444.27,97.18,277.65,0.7655,-1,-1,-1
73,48,1545.88,419.23,43.47,132.76,0.5323,-1,-1,-1
73,38,761.30,466.13,44.87,100.94,0.1621,-1,-1,-1
73,35,1259.86,430.99,40.36,113.15,0.5074,-1,-1,-1
73,16,1304.35,418.74,37.33,128.07,0.2397,-1,-1,-1
73,14,1829.16,468.83,58.64,179.38,0.2339,-1,-1,-1
73,12,1079.75,441.57,51.71,152.67,0.2789,-1,-1,-1
73,11,930.35,432.36,37.49,88.68,0.1948,-1,-1,-1
73,8,700.64,458.32,71.05,220.04,0.5996,-1,-1,-1
73,6,919.53,429.63,54.39,157.65,0.3381,-1,-1,-1
73,3,503.11,444.84,139.76,323.22,0.7758,-1,-1,-1
73,2,615.87,443.47,95.06,278.36,0.7676,-1,-1,-1
74,48,1546.01,419.21,40.75,129.42,0.2979,-1,-1,-1
74,41,1666.03,430.79,52.64,159.71,0.1538,-1,-1,-1
74,38,763.36,457.84,43.69,105.31,0.1761,-1,-1,-1
74,35,1260.38,428.15,40.62,116.61,0.5172,-1,-1,-1
74,16,1304.67,419.27,36.83,127.43,0.2190,-1,-1,-1
74,12,1076.95,441.86,53.29,153.02,0.3236,-1,-1,-1
74,11,931.34,432.19,34.86,88.21,0.1897,-1,-1,-1
74,8,702.18,454.40,76.68,222.77,0.5739,-1,-1,-1
74,6,921.04,432.59,53.39,156.53,0.2221,-1,-1,-1
74,3,507.17,444.08,138.67,327.44,0.7379,-1,-1,-1
74,2,619.51,442.41,91.07,281.03,0.7757,-1,-1,-1
75,38,759.74,456.52,49.33,109.36,0.1790,-1,-1,-1
75,35,1259.45,428.28,41.13,117.04,0.5276,-1,-1,-1
75,16,1304.30,416.93,38.12,130.09,0.2565,-1,-1,-1
75,12,1079.01,438.92,53.44,157.69,0.3294,-1,-1,-1
75,11,931.03,432.85,35.86,88.71,0.1590,-1,-1,-1
75,8,702.52,454.54,76.17,221.35,0.6329,-1,-1,-1
75,6,920.80,432.72,53.44,156.47,0.2284,-1,-1,-1
75,3,506.66,441.93,138.36,325.95,0.7339,-1,-1,-1
75,2,620.61,440.17,87.86,283.41,0.7706,-1,-1,-1
76,55,1043.96,447.22,49.50,114.69,0.1607,-1,-1,-1
76,42,1002.17,441.91,36.77,81.28,0.1595,-1,-1,-1
76,38,757.89,455.67,53.75,109.82,0.1772,-1,-1,-1
76,35,1259.77,427.88,41.36,116.85,0.5213,-1,-1,-1
76,16,1304.25,416.75,38.05,130.07,0.2517,-1,-1,-1
76,14,1831.88,465.91,61.99,183.37,0.1558,-1,-1,-1
76,12,1076.19,441.21,53.79,153.34,0.3032,-1,-1,-1
76,11,930.95,430.16,35.58,92.63,0.1615,-1,-1,-1
76,8,702.21,450.67,80.74,225.76,0.6644,-1,-1,-1
76,6,919.86,427.43,54.84,159.60,0.2190,-1,-1,-1
76,3,514.02,446.83,128.87,319.11,0.7659,-1,-1,-1
76,2,622.56,441.75,86.43,281.54,0.7708,-1,-1,-1
77,55,1046.83,449.08,46.60,86.68,0.1515,-1,-1,-1
77,42,1001.97,442.82,38.89,81.21,0.1915,-1,-1,-1
77,38,764.55,459.62,45.44,100.96,0.1522,-1,-1,-1
77,35,1259.87,427.87,41.22,116.84,0.5267,-1,-1,-1
77,16,1304.26,416.89,37.99,129.96,0.2621,-1,-1,-1
77,14,1829.92,466.08,62.39,183.13,0.1763,-1,-1,-1
77,12,1075.96,441.29,54.32,153.54,0.2716,-1,-1,-1
77,11,930.95,430.57,35.32,93.37,0.1704,-1,-1,-1
77,8,701.13,446.59,84.34,229.83,0.6311,-1,-1,-1
77,6,921.58,431.52,52.93,157.30,0.2240,-1,-1,-1
77,3,518.64,447.09,124.96,319.50,0.7638,-1,-1,-1
77,2,622.63,441.11,84.73,284.46,0.7672,-1,-1,-1
78,44,1693.70,439.65,83.93,149.75,0.1774,-1,-1,-1
78,42,1001.86,444.02,38.10,83.67,0.2718,-1,-1,-1
78,35,1261.18,444.63,39.30,99.50,0.4773,-1,-1,-1
78,16,1303.95,419.08,37.96,127.32,0.1922,-1,-1,-1
78,14,1830.45,470.41,57.49,176.98,0.1756,-1,-1,-1
78,12,1075.83,453.22,54.53,141.59,0.2534,-1,-1,-1
78,8,702.57,453.41,87.27,223.98,0.6610,-1,-1,-1
78,6,915.61,430.92,60.13,155.55,0.2032,-1,-1,-1
78,3,515.67,445.12,127.34,322.27,0.7205,-1,-1,-1
78,2,628.30,441.70,80.27,280.53,0.7763,-1,-1,-1
79,56,483.72,449.31,49.84,129.81,0.2068,-1,-1,-1
79,42,1003.19,444.80,36.41,82.09,0.2061,-1,-1,-1
79,35,1260.90,438.73,40.66,105.63,0.4630,-1,-1,-1
79,16,1304.12,417.85,38.04,128.89,0.2097,-1,-1,-1
79,14,1829.27,469.84,57.98,177.18,0.2174,-1,-1,-1
79,12,1076.25,461.79,52.65,134.15,0.2225,-1,-1,-1
79,8,704.44,458.03,92.86,218.82,0.6625,-1,-1,-1
79,6,915.72,430.86,59.40,155.74,0.2687,-1,-1,-1
79,3,514.27,446.23,128.20,322.87,0.5523,-1,-1,-1
79,2,629.85,440.35,78.29,282.36,0.7683,-1,-1,-1
80,56,484.26,449.70,53.64,132.22,0.2347,-1,-1,-1
80,42,1003.56,445.23,35.76,82.00,0.2378,-1,-1,-1
80,35,1260.86,436.24,41.16,108.21,0.4883,-1,-1,-1
80,16,1304.56,419.06,37.04,127.78,0.2371,-1,-1,-1
80,14,1830.87,470.69,54.80,175.58,0.2094,-1,-1,-1
80,12,1071.46,464.44,56.36,131.81,0.1594,-1,-1,-1
80,8,707.33,458.48,96.64,219.23,0.7267,-1,-1,-1
80,6,916.14,429.41,59.51,157.40,0.2105,-1,-1,-1
80,3,508.42,445.57,136.94,325.78,0.5070,-1,-1,-1
80,2,630.18,439.40,80.09,284.32,0.7412,-1,-1,-1
81,56,486.31,448.47,51.70,132.60,0.3717,-1,-1,-1
81,44,1691.94,440.15,84.16,148.89,0.1788,-1,-1,-1
81,42,1002.21,448.35,38.40,75.72,0.1747,-1,-1,-1
81,35,1260.92,434.31,41.23,110.01,0.4970,-1,-1,-1
81,16,1304.41,418.15,36.89,128.14,0.1897,-1,-1,-1
81,14,1830.90,470.06,57.32,177.92,0.1981,-1,-1,-1
81,12,1069.78,456.97,58.62,139.27,0.1742,-1,-1,-1
81,8,708.12,458.51,99.40,220.32,0.7116,-1,-1,-1
81,6,915.62,430.87,60.59,155.92,0.2424,-1,-1,-1
81,3,506.24,445.41,140.31,329.00,0.4905,-1,-1,-1
81,2,631.60,436.25,81.65,289.49,0.7146,-1,-1,-1
82,56,488.31,447.70,51.65,131.95,0.3795,-1,-1,-1
82,53,501.00,450.37,101.48,301.50,0.4511,-1,-1,-1
82,42,1003.75,442.85,37.69,83.63,0.2961,-1,-1,-1
82,35,1261.05,440.05,40.47,104.77,0.5000,-1,-1,-1
82,16,1303.96,418.04,37.91,129.01,0.2322,-1,-1,-1
82,14,1832.81,470.75,52.47,176.84,0.2091,-1,-1,-1
82,12,1077.78,455.01,51.95,141.19,0.2732,-1,-1,-1
82,11,914.82,427.17,60.00,159.50,0.2759,-1,-1,-1
82,8,708.20,458.61,105.09,220.65,0.7306,-1,-1,-1
82,3,557.66,447.58,88.28,332.46,0.5208,-1,-1,-1
82,2,632.32,439.61,79.82,288.09,0.6814,-1,-1,-1
83,56,489.70,448.30,49.59,126.82,0.3089,-1,-1,-1
83,55,1052.46,443.47,43.19,129.52,0.1678,-1,-1,-1
83,53,501.88,451.05,100.22,302.86,0.5310,-1,-1,-1
83,42,1002.55,445.70,38.68,78.29,0.3316,-1,-1,-1
83,35,1261.72,433.59,41.56,111.39,0.4573,-1,-1,-1
83,16,1304.55,419.03,37.07,127.82,0.1891,-1,-1,-1
83,14,1827.21,469.28,75.87,179.23,0.1599,-1,-1,-1
83,12,1080.75,443.43,53.59,153.37,0.3024,-1,-1,-1
83,11,918.49,428.13,57.04,160.97,0.2065,-1,-1,-1
83,8,711.10,457.98,104.43,222.95,0.7128,-1,-1,-1
83,3,563.93,444.24,82.82,336.83,0.4476,-1,-1,-1
83,2,633.36,441.55,81.09,287.82,0.6484,-1,-1,-1
84,56,487.43,448.65,51.05,132.64,0.3263,-1,-1,-1
84,55,1051.28,443.49,43.80,122.74,0.1705,-1,-1,-1
84,53,507.14,451.42,94.12,290.12,0.4673,-1,-1,-1
84,44,1668.92,432.73,59.32,156.51,0.1732,-1,-1,-1
84,42,1001.69,447.21,40.48,76.69,0.2837,-1,-1,-1
84,35,1262.37,435.75,40.22,109.34,0.4270,-1,-1,-1
84,16,1304.02,419.30,37.54,127.84,0.2011,-1,-1,-1
84,14,1829.84,469.57,62.74,179.15,0.2033,-1,-1,-1
84,12,1077.44,453.94,53.43,142.05,0.2702,-1,-1,-1
84,11,918.14,428.46,57.36,160.57,0.2307,-1,-1,-1
84,8,711.87,460.71,108.14,220.50,0.7028,-1,-1,-1
84,3,565.65,441.94,83.63,339.86,0.5377,-1,-1,-1
84,2,632.35,442.74,88.08,287.96,0.5866,-1,-1,-1
85,60,625.80,446.91,43.46,281.91,0.2363,-1,-1,-1
85,56,486.91,447.94,53.33,134.01,0.3928,-1,-1,-1
85,55,1051.10,447.34,43.10,115.28,0.1537,-1,-1,-1
85,53,510.29,451.93,93.34,301.81,0.4013,-1,-1,-1
85,42,1001.96,445.95,38.97,79.34,0.3337,-1,-1,-1
85,35,1263.16,440.81,39.42,103.91,0.3931,-1,-1,-1
85,16,1304.55,420.41,37.38,126.70,0.1751,-1,-1,-1
85,14,1828.88,465.95,68.11,183.90,0.2419,-1,-1,-1
85,12,1079.34,457.13,51.80,139.04,0.3130,-1,-1,-1
85,8,718.79,457.92,101.33,224.80,0.7238,-1,-1,-1
85,6,919.52,430.28,55.21,158.71,0.2131,-1,-1,-1
85,3,555.06,438.07,93.46,347.41,0.4759,-1,-1,-1
85,2,631.75,444.46,87.56,287.66,0.5711,-1,-1,-1
86,60,596.08,444.59,68.28,289.56,0.2904,-1,-1,-1
86,56,488.82,449.22,52.21,135.15,0.4018,-1,-1,-1
86,53,515.57,452.37,92.03,305.84,0.4522,-1,-1,-1
86,42,1005.12,444.44,34.03,81.17,0.2278,-1,-1,-1
86,35,1263.56,440.40,39.19,104.04,0.4200,-1,-1,-1
86,16,1304.89,421.68,36.59,125.41,0.1930,-1,-1,-1
86,14,1828.53,466.23,67.43,184.30,0.2522,-1,-1,-1
86,12,1083.30,458.76,47.35,137.34,0.2342,-1,-1,-1
86,8,720.18,456.38,99.95,225.99,0.7347,-1,-1,-1
86,6,919.28,429.42,55.02,160.34,0.2609,-1,-1,-1
86,3,551.06,441.20,93.46,342.14,0.3968,-1,-1,-1
86,2,632.22,444.25,93.91,288.37,0.5456,-1,-1,-1
87,63,426.83,474.63,33.45,81.49,0.2025,-1,-1,-1
87,60,588.58,447.61,74.06,285.86,0.3599,-1,-1,-1
87,56,488.35,451.14,50.34,133.39,0.3494,-1,-1,-1
87,53,514.26,452.48,94.71,308.47,0.4478,-1,-1,-1
87,44,1688.61,442.00,89.44,145.73,0.1534,-1,-1,-1
87,42,1006.13,450.50,34.23,75.19,0.2119,-1,-1,-1
87,35,1262.59,431.41,39.63,112.53,0.4075,-1,-1,-1
87,16,1304.64,418.29,37.81,128.55,0.1927,-1,-1,-1
87,14,1826.99,465.25,79.95,185.55,0.2930,-1,-1,-1
87,11,932.02,427.11,37.04,108.75,0.1526,-1,-1,-1
87,8,720.39,455.87,100.73,225.25,0.7198,-1,-1,-1
87,6,920.39,428.29,54.08,160.75,0.3110,-1,-1,-1
87,3,549.62,441.35,97.54,342.17,0.4050,-1,-1,-1
87,2,635.04,443.52,89.24,288.34,0.5310,-1,-1,-1
88,60,590.48,449.95,72.61,279.37,0.3929,-1,-1,-1
88,56,487.02,450.25,60.15,140.58,0.2512,-1,-1,-1
88,53,513.32,450.91,95.56,307.68,0.4861,-1,-1,-1
88,42,1008.11,454.54,32.26,71.22,0.1598,-1,-1,-1
88,35,1262.60,430.08,40.33,114.06,0.4245,-1,-1,-1
88,16,1303.25,418.55,40.84,127.87,0.1952,-1,-1,-1
88,14,1829.04,466.12,70.68,185.01,0.2675,-1,-1,-1
88,12,1080.47,461.31,48.57,134.68,0.1747,-1,-1,-1
88,8,724.00,453.32,97.47,228.60,0.6862,-1,-1,-1
88,6,918.45,428.49,55.53,161.08,0.2579,-1,-1,-1
88,3,555.80,441.33,94.08,341.62,0.4498,-1,-1,-1
88,2,636.47,447.20,94.32,285.31,0.5827,-1,-1,-1
89,63,429.33,465.95,34.25,87.79,0.1558,-1,-1,-1
89,60,588.29,450.35,74.35,280.11,0.4552,-1,-1,-1
89,56,485.59,450.64,52.98,135.26,0.2745,-1,-1,-1
89,53,509.22,450.27,96.50,306.07,0.5514,-1,-1,-1
89,35,1262.44,431.38,40.88,113.30,0.4326,-1,-1,-1
89,16,1304.74,418.35,37.66,128.86,0.1928,-1,-1,-1
89,14,1829.59,465.13,61.68,185.70,0.1750,-1,-1,-1
89,12,1081.27,460.49,48.12,135.17,0.1901,-1,-1,-1
89,8,724.58,451.09,98.39,231.11,0.7351,-1,-1,-1
89,6,916.28,427.83,57.73,162.63,0.2588,-1,-1,-1
89,2,639.25,449.86,93.64,283.35,0.5881,-1,-1,-1
90,60,591.99,448.92,72.24,281.41,0.4331,-1,-1,-1
90,56,486.95,448.99,59.43,179.73,0.2487,-1,-1,-1
90,53,515.33,448.77,95.84,305.37,0.5634,-1,-1,-1
90,35,1261.93,436.62,41.02,107.52,0.4309,-1,-1,-1
90,16,1304.71,419.87,37.58,127.16,0.2120,-1,-1,-1
90,14,1830.09,466.19,62.91,183.90,0.2334,-1,-1,-1
90,12,1076.47,460.41,54.15,135.65,0.3299,-1,-1,-1
90,11,931.31,426.77,38.04,115.04,0.1560,-1,-1,-1
90,8,729.18,451.79,94.43,230.47,0.7265,-1,-1,-1
90,6,914.83,425.43,60.59,161.62,0.3176,-1,-1,-1
90,3,563.52,438.87,85.64,344.97,0.3946,-1,-1,-1
90,2,642.87,445.21,88.68,287.04,0.6022,-1,-1,-1
91,63,431.17,464.32,35.03,91.13,0.1811,-1,-1,-1
91,60,582.32,446.39,82.26,285.33,0.5621,-1,-1,-1
91,56,487.23,451.42,51.88,136.45,0.2198,-1,-1,-1
91,53,512.23,449.29,98.04,298.15,0.6319,-1,-1,-1
91,42,1007.58,454.84,33.79,71.44,0.2182,-1,-1,-1
91,35,1261.32,438.26,38.09,107.78,0.3939,-1,-1,-1
91,16,1303.99,416.43,38.30,131.19,0.1724,-1,-1,-1
91,14,1830.33,468.58,72.44,181.60,0.2058,-1,-1,-1
91,12,1074.17,462.97,57.07,132.33,0.3910,-1,-1,-1
91,11,919.94,431.67,53.94,157.94,0.2361,-1,-1,-1
91,8,732.45,454.52,91.55,227.78,0.6912,-1,-1,-1
91,2,643.89,441.40,92.17,292.89,0.6814,-1,-1,-1
92,60,582.87,445.43,82.03,286.49,0.4986,-1,-1,-1
92,56,487.34,450.60,52.35,136.76,0.2129,-1,-1,-1
92,53,510.95,447.91,99.11,302.43,0.6139,-1,-1,-1
92,42,1008.63,453.48,31.28,70.93,0.1647,-1,-1,-1
92,35,1260.22,436.37,39.98,109.28,0.4563,-1,-1,-1
92,16,1303.73,417.62,38.39,130.24,0.2090,-1,-1,-1
92,14,1829.65,467.24,77.00,181.94,0.2420,-1,-1,-1
92,12,1076.80,457.11,54.34,136.90,0.3438,-1,-1,-1
92,11,918.84,431.79,55.60,158.21,0.2112,-1,-1,-1
92,8,732.55,454.40,93.14,227.44,0.6874,-1,-1,-1
92,2,641.66,437.59,95.79,296.80,0.6772,-1,-1,-1
93,60,584.68,445.86,80.11,285.93,0.4922,-1,-1,-1
93,56,488.57,450.81,49.56,137.39,0.1824,-1,-1,-1
93,53,511.63,447.88,99.17,302.92,0.6227,-1,-1,-1
93,42,1007.25,458.15,31.65,67.77,0.1991,-1,-1,-1
93,35,1260.26,435.77,39.89,109.81,0.4624,-1,-1,-1
93,16,1303.83,417.32,38.36,130.38,0.2076,-1,-1,-1
93,14,1827.31,468.65,74.77,181.85,0.2840,-1,-1,-1
93,12,1076.97,458.42,54.75,136.53,0.4071,-1,-1,-1
93,11,920.63,432.19,53.44,156.89,0.1819,-1,-1,-1
93,8,735.64,457.90,91.39,223.53,0.7076,-1,-1,-1
93,2,640.73,438.48,97.28,296.09,0.6733,-1,-1,-1
94,60,565.16,434.18,84.33,363.71,0.4398,-1,-1,-1
94,53,516.75,448.87,93.46,302.68,0.5699,-1,-1,-1
94,42,1006.78,453.71,32.36,72.59,0.2306,-1,-1,-1
94,35,1260.29,437.35,40.09,108.43,0.4625,-1,-1,-1
94,16,1303.45,416.75,38.56,131.15,0.2150,-1,-1,-1
94,14,1828.32,466.77,75.48,183.75,0.2464,-1,-1,-1
94,12,1097.68,450.32,38.51,137.70,0.1710,-1,-1,-1
94,11,920.60,432.53,53.93,156.25,0.2020,-1,-1,-1
94,8,738.26,453.95,91.07,227.65,0.7048,-1,-1,-1
94,3,591.26,446.61,72.67,287.31,0.4786,-1,-1,-1
94,2,643.92,440.08,93.87,297.40,0.7237,-1,-1,-1
95,65,1075.23,468.92,54.06,125.76,0.1937,-1,-1,-1
95,60,558.21,433.41,90.39,365.95,0.4046,-1,-1,-1
95,53,512.00,448.22,97.60,302.03,0.5600,-1,-1,-1
95,44,1685.48,440.24,95.01,149.85,0.1546,-1,-1,-1
95,42,1007.01,450.56,32.39,75.88,0.1998,-1,-1,-1
95,35,1258.10,435.35,42.53,110.85,0.5238,-1,-1,-1
95,16,1304.32,418.54,37.77,129.61,0.2522,-1,-1,-1
95,14,1825.47,467.88,79.60,182.56,0.2025,-1,-1,-1
95,11,918.02,429.55,56.87,160.87,0.2460,-1,-1,-1
95,8,740.35,452.01,89.67,231.06,0.6683,-1,-1,-1
95,3,587.32,446.62,77.49,281.49,0.4523,-1,-1,-1
95,2,642.83,440.32,98.33,297.72,0.7413,-1,-1,-1
96,66,965.17,443.74,49.18,133.89,0.2013,-1,-1,-1
96,60,546.25,441.33,110.72,358.68,0.3816,-1,-1,-1
96,53,508.85,446.64,98.45,304.33,0.5007,-1,-1,-1
96,35,1258.04,434.85,41.64,111.64,0.4772,-1,-1,-1
96,16,1304.36,419.56,38.22,128.18,0.2354,-1,-1,-1
96,14,1825.83,467.31,80.93,184.15,0.1939,-1,-1,-1
96,11,916.33,425.12,59.88,162.39,0.2643,-1,-1,-1
96,8,745.11,455.36,86.63,227.88,0.6825,-1,-1,-1
96,3,587.01,446.61,78.43,279.24,0.4054,-1,-1,-1
96,2,641.90,441.55,98.39,296.61,0.7595,-1,-1,-1
97,66,964.61,442.98,48.94,135.99,0.1520,-1,-1,-1
97,60,528.07,447.10,129.43,342.72,0.3685,-1,-1,-1
97,56,488.30,451.76,58.77,137.22,0.2015,-1,-1,-1
97,53,508.56,446.54,99.47,303.47,0.5032,-1,-1,-1
97,42,1007.44,446.04,32.26,80.86,0.1901,-1,-1,-1
97,35,1258.10,432.67,41.11,113.25,0.4491,-1,-1,-1
97,16,1304.66,418.51,37.54,128.73,0.1882,-1,-1,-1
97,14,1825.82,468.11,81.31,183.89,0.1776,-1,-1,-1
97,11,916.96,425.07,58.91,162.07,0.2468,-1,-1,-1
97,8,747.58,456.48,87.88,229.24,0.6975,-1,-1,-1
97,3,585.80,446.45,78.69,281.18,0.3891,-1,-1,-1
97,2,644.80,441.67,97.56,296.13,0.7520,-1,-1,-1
98,65,1078.43,468.35,51.74,125.42,0.1976,-1,-1,-1
98,63,449.91,464.95,43.31,96.37,0.1818,-1,-1,-1
98,60,552.51,440.67,113.78,358.49,0.5219,-1,-1,-1
98,56,487.69,450.16,57.68,142.76,0.1604,-1,-1,-1
98,53,505.11,446.64,101.13,305.00,0.5049,-1,-1,-1
98,42,1005.71,443.92,34.19,85.64,0.2051,-1,-1,-1
98,35,1257.44,438.51,42.25,108.08,0.5486,-1,-1,-1
98,16,1304.59,418.53,37.36,128.91,0.2547,-1,-1,-1
98,14,1825.08,466.15,81.45,185.13,0.2087,-1,-1,-1
98,11,916.83,426.86,59.03,159.80,0.2104,-1,-1,-1
98,8,751.75,458.23,87.59,228.10,0.7152,-1,-1,-1
98,2,646.46,442.82,98.78,295.41,0.7792,-1,-1,-1
99,65,1080.07,457.59,49.73,136.14,0.2429,-1,-1,-1
99,63,450.92,466.74,43.13,94.34,0.1590,-1,-1,-1
99,60,563.17,443.44,102.83,355.88,0.5669,-1,-1,-1
99,53,500.07,443.98,107.14,305.16,0.5339,-1,-1,-1
99,44,1690.34,439.60,90.38,149.05,0.1607,-1,-1,-1
99,42,1006.94,442.81,32.46,82.71,0.2363,-1,-1,-1
99,35,1257.97,440.63,40.53,105.82,0.5311,-1,-1,-1
99,16,1305.12,420.70,36.16,126.68,0.1747,-1,-1,-1
99,14,1825.13,466.95,79.67,183.17,0.2032,-1,-1,-1
99,12,1105.08,452.48,30.02,123.24,0.1804,-1,-1,-1
99,8,750.44,456.15,90.14,230.08,0.7761,-1,-1,-1
99,2,647.30,442.73,99.43,295.47,0.7606,-1,-1,-1
100,65,1082.78,451.68,48.61,142.48,0.2852,-1,-1,-1
100,63,452.35,468.39,39.78,91.85,0.1693,-1,-1,-1
100,60,571.27,444.45,96.32,353.02,0.5904,-1,-1,-1
100,53,496.69,439.78,105.04,303.73,0.5654,-1,-1,-1
100,42,1005.77,448.76,33.55,77.24,0.2150,-1,-1,-1
100,35,1257.87,441.77,40.17,105.02,0.5535,-1,-1,-1
100,14,1829.78,470.79,78.92,180.29,0.1573,-1,-1,-1
100,8,753.38,453.35,86.08,232.63,0.7635,-1,-1,-1
100,6,916.49,433.47,58.92,155.02,0.1504,-1,-1,-1
100,3,591.35,442.42,73.75,210.71,0.2005,-1,-1,-1
100,2,648.15,441.86,101.49,297.18,0.6840,-1,-1,-1
101,67,1850.16,388.94,69.22,261.05,0.1751,-1,-1,-1
101,65,1076.99,454.29,51.93,141.15,0.2585,-1,-1,-1
101,63,450.45,467.84,38.84,91.81,0.2682,-1,-1,-1
101,60,560.48,441.95,108.95,359.23,0.6094,-1,-1,-1
101,53,496.00,443.24,109.87,305.63,0.5476,-1,-1,-1
101,44,1672.58,428.41,113.65,158.20,0.1559,-1,-1,-1
101,35,1257.75,441.73,39.38,104.88,0.5546,-1,-1,-1
101,14,1829.06,468.72,70.69,180.41,0.1690,-1,-1,-1
101,12,1105.86,449.46,30.33,133.96,0.1766,-1,-1,-1
101,8,754.62,456.21,84.82,232.06,0.7579,-1,-1,-1
101,2,647.85,442.71,105.57,296.56,0.7108,-1,-1,-1
102,67,1875.57,390.26,43.79,255.05,0.1741,-1,-1,-1
102,65,1074.80,446.22,54.00,148.67,0.2810,-1,-1,-1
102,63,450.71,464.20,38.41,95.15,0.1840,-1,-1,-1
102,60,565.91,444.31,103.24,357.56,0.6214,-1,-1,-1
102,56,489.79,451.31,44.96,127.31,0.1558,-1,-1,-1
102,53,498.20,440.93,101.43,305.43,0.5780,-1,-1,-1
102,44,1673.77,429.64,111.37,158.14,0.1625,-1,-1,-1
102,42,1005.36,445.77,34.42,80.10,0.2316,-1,-1,-1
102,35,1256.63,440.34,36.85,106.62,0.5570,-1,-1,-1
102,14,1831.16,438.59,88.84,212.51,0.1636,-1,-1,-1
102,12,1103.81,445.85,31.98,140.10,0.1750,-1,-1,-1
102,8,753.64,457.08,88.98,230.28,0.7433,-1,-1,-1
102,6,917.82,434.34,57.33,153.31,0.1509,-1,-1,-1
102,2,650.58,441.55,102.34,292.96,0.7176,-1,-1,-1
103,65,1075.03,442.83,55.52,151.72,0.2254,-1,-1,-1
103,63,448.23,463.88,40.81,95.68,0.1861,-1,-1,-1
103,60,566.75,444.33,105.38,357.67,0.5751,-1,-1,-1
103,53,499.36,444.71,99.50,300.91,0.5501,-1,-1,-1
103,42,1005.05,444.75,33.50,81.40,0.2763,-1,-1,-1
103,35,1258.63,443.43,37.17,103.20,0.4840,-1,-1,-1
103,14,1829.27,466.74,77.36,184.83,0.2028,-1,-1,-1
103,12,1105.05,445.34,31.56,136.55,0.1633,-1,-1,-1
103,8,753.54,457.24,87.66,227.35,0.7246,-1,-1,-1
103,2,651.07,440.38,106.38,294.53,0.7067,-1,-1,-1
104,65,1075.77,443.78,53.83,149.63,0.2426,-1,-1,-1
104,63,447.82,468.95,41.17,91.11,0.2348,-1,-1,-1
104,60,545.71,438.79,127.34,363.19,0.6641,-1,-1,-1
104,53,499.63,445.57,108.40,306.98,0.3812,-1,-1,-1
104,42,1005.83,446.08,33.16,79.64,0.3040,-1,-1,-1
104,35,1256.45,442.18,36.51,105.42,0.4853,-1,-1,-1
104,14,1831.85,458.02,85.59,192.43,0.2095,-1,-1,-1
104,12,1104.87,444.43,31.08,131.81,0.1684,-1,-1,-1
104,8,755.17,458.03,87.35,229.79,0.7326,-1,-1,-1
104,2,654.63,440.39,104.95,296.13,0.7207,-1,-1,-1
105,65,1077.46,449.61,52.11,144.12,0.1900,-1,-1,-1
105,63,448.02,471.30,39.96,88.41,0.1919,-1,-1,-1
105,60,535.54,436.49,138.67,363.82,0.7286,-1,-1,-1
105,56,490.07,472.31,46.40,110.29,0.1642,-1,-1,-1
105,53,502.13,446.70,105.60,306.60,0.2072,-1,-1,-1
105,42,1005.46,451.87,34.00,73.38,0.2243,-1,-1,-1
105,35,1256.89,442.80,36.78,104.64,0.4586,-1,-1,-1
105,14,1825.99,467.78,78.41,182.76,0.2273,-1,-1,-1
105,8,759.58,460.01,84.83,232.84,0.7589,-1,-1,-1
105,2,655.90,439.78,105.38,298.03,0.7537,-1,-1,-1
106,68,527.35,441.74,75.38,170.46,0.1602,-1,-1,-1
106,65,1077.31,467.35,52.02,127.10,0.1785,-1,-1,-1
106,63,447.76,470.83,38.78,89.47,0.2174,-1,-1,-1
106,60,533.62,438.54,141.95,362.86,0.6724,-1,-1,-1
106,56,489.38,473.00,45.40,115.23,0.2641,-1,-1,-1
106,53,501.26,443.29,106.08,309.33,0.2751,-1,-1,-1
106,42,1006.34,446.80,33.33,78.33,0.1674,-1,-1,-1
106,35,1255.14,441.91,39.08,106.51,0.4402,-1,-1,-1
106,14,1826.86,465.34,75.80,184.88,0.2490,-1,-1,-1
106,8,759.97,458.69,85.49,234.53,0.7376,-1,-1,-1
106,2,657.09,441.97,105.62,294.20,0.7511,-1,-1,-1
107,68,528.71,447.66,73.56,134.61,0.2536,-1,-1,-1
107,65,1075.80,453.88,53.75,140.99,0.2382,-1,-1,-1
107,63,446.19,473.19,40.76,86.46,0.1538,-1,-1,-1
107,60,533.93,438.93,144.48,361.79,0.6664,-1,-1,-1
107,56,491.12,472.26,46.43,117.54,0.1736,-1,-1,-1
107,53,502.12,447.79,107.15,305.38,0.2596,-1,-1,-1
107,35,1256.03,445.77,32.17,99.94,0.3549,-1,-1,-1
107,14,1830.82,467.16,70.73,181.92,0.1805,-1,-1,-1
107,8,761.75,459.70,85.15,235.79,0.7348,-1,-1,-1
107,2,658.12,441.26,109.90,295.14,0.7627,-1,-1,-1
108,68,529.58,448.66,72.92,126.67,0.3151,-1,-1,-1
108,65,1076.33,455.14,52.69,140.88,0.1891,-1,-1,-1
108,60,539.78,436.87,140.89,367.15,0.6895,-1,-1,-1
108,53,502.52,448.15,107.75,306.77,0.2161,-1,-1,-1
108,42,1005.74,447.98,33.43,74.81,0.1748,-1,-1,-1
108,35,1258.06,445.06,36.82,103.79,0.2843,-1,-1,-1
108,14,1831.02,467.31,69.92,181.81,0.1731,-1,-1,-1
108,8,760.04,453.78,88.62,245.22,0.7147,-1,-1,-1
108,6,932.41,433.15,34.74,84.46,0.1524,-1,-1,-1
108,2,660.23,438.32,105.68,296.77,0.7569,-1,-1,-1
109,68,529.57,450.73,73.86,126.25,0.2915,-1,-1,-1
109,65,1076.31,452.46,53.12,143.45,0.1882,-1,-1,-1
109,60,541.37,437.17,143.27,367.54,0.6967,-1,-1,-1
109,56,494.66,470.57,42.76,86.36,0.1526,-1,-1,-1
109,53,504.76,466.80,85.98,280.89,0.2203,-1,-1,-1
109,44,1669.60,433.39,58.04,155.09,0.1649,-1,-1,-1
109,42,1006.07,451.70,32.79,73.17,0.2342,-1,-1,-1
109,35,1255.36,448.53,30.84,97.59,0.2317,-1,-1,-1
109,14,1833.91,464.63,79.49,185.04,0.2139,-1,-1,-1
109,8,761.73,455.01,87.86,243.61,0.6722,-1,-1,-1
109,2,660.61,438.26,108.63,299.08,0.7368,-1,-1,-1
110,68,527.31,449.07,77.16,135.87,0.1752,-1,-1,-1
110,65,1074.42,447.97,55.34,147.68,0.1954,-1,-1,-1
110,63,442.67,474.00,40.58,83.46,0.1516,-1,-1,-1
110,60,541.47,438.38,144.43,366.89,0.6860,-1,-1,-1
110,53,504.73,458.95,87.28,289.27,0.2866,-1,-1,-1
110,35,1248.52,442.97,34.82,102.60,0.2950,-1,-1,-1
110,14,1828.26,462.99,86.60,187.30,0.1984,-1,-1,-1
110,11,921.15,429.56,52.59,158.46,0.1591,-1,-1,-1
110,8,760.08,457.61,89.65,241.36,0.7076,-1,-1,-1
110,2,662.23,437.73,103.54,302.29,0.7534,-1,-1,-1
111,65,1075.55,442.12,56.15,155.35,0.2727,-1,-1,-1
111,63,443.20,472.04,38.70,87.28,0.1701,-1,-1,-1
111,60,541.05,441.45,148.44,366.09,0.6626,-1,-1,-1
111,53,503.48,446.94,91.76,300.18,0.3627,-1,-1,-1
111,35,1246.76,439.20,34.50,106.32,0.4356,-1,-1,-1
111,14,1831.80,459.30,85.30,190.91,0.1724,-1,-1,-1
111,12,1100.83,443.06,34.14,142.49,0.1595,-1,-1,-1
111,8,760.36,455.35,88.79,242.93,0.7134,-1,-1,-1
111,6,932.60,432.64,36.47,86.63,0.1514,-1,-1,-1
111,2,662.65,438.02,107.03,306.97,0.7663,-1,-1,-1
112,69,1254.31,446.49,43.64,102.20,0.1868,-1,-1,-1
112,65,1075.12,443.23,56.72,153.15,0.2458,-1,-1,-1
112,60,541.23,436.38,146.06,368.76,0.6822,-1,-1,-1
112,53,506.35,449.43,85.00,297.93,0.2020,-1,-1,-1
112,35,1244.10,439.43,37.55,106.82,0.4787,-1,-1,-1
112,14,1828.56,467.52,72.99,181.64,0.1636,-1,-1,-1
112,11,924.20,428.03,50.87,158.99,0.1606,-1,-1,-1
112,8,761.21,451.37,87.96,248.16,0.7238,-1,-1,-1
112,6,932.36,431.05,37.23,88.49,0.1662,-1,-1,-1
112,2,666.31,438.06,104.43,306.95,0.7777,-1,-1,-1
113,69,1256.99,448.95,40.61,98.80,0.1964,-1,-1,-1
113,67,1873.00,391.37,46.31,255.10,0.1699,-1,-1,-1
113,65,1075.96,441.42,56.95,155.66,0.3533,-1,-1,-1
113,60,550.48,435.53,136.53,370.55,0.6970,-1,-1,-1
113,35,1244.90,440.79,35.78,105.41,0.4759,-1,-1,-1
113,11,923.58,428.69,50.73,158.99,0.1772,-1,-1,-1
113,8,763.87,451.31,86.44,247.64,0.7145,-1,-1,-1
113,6,932.84,432.21,35.36,85.45,0.2023,-1,-1,-1
113,2,666.91,437.98,106.09,314.12,0.7861,-1,-1,-1
114,69,1256.90,448.66,36.62,98.73,0.1569,-1,-1,-1
114,67,1832.01,440.42,86.85,209.72,0.1626,-1,-1,-1
114,65,1078.06,440.88,55.72,155.23,0.3853,-1,-1,-1
114,63,442.30,473.72,34.98,86.26,0.1513,-1,-1,-1
114,60,537.20,434.10,151.53,371.73,0.6817,-1,-1,-1
114,53,508.28,440.93,106.92,317.75,0.1901,-1,-1,-1
114,35,1243.30,441.10,36.59,104.08,0.5743,-1,-1,-1
114,11,922.24,429.51,50.80,156.16,0.1639,-1,-1,-1
114,8,764.66,454.28,87.81,243.95,0.7038,-1,-1,-1
114,6,932.62,433.00,35.30,84.58,0.1789,-1,-1,-1
114,2,668.82,439.59,102.18,315.37,0.7899,-1,-1,-1
115,68,521.33,444.11,84.63,217.50,0.1720,-1,-1,-1
115,67,1869.05,391.07,50.27,255.99,0.1765,-1,-1,-1
115,65,1081.74,439.79,54.21,155.06,0.3433,-1,-1,-1
115,63,443.25,472.59,37.22,87.48,0.1919,-1,-1,-1
115,61,843.54,468.87,34.19,83.81,0.1916,-1,-1,-1
115,60,566.78,436.43,122.05,369.86,0.6534,-1,-1,-1
115,44,1673.70,433.31,105.53,160.83,0.1599,-1,-1,-1
115,35,1241.87,440.93,36.97,102.52,0.5540,-1,-1,-1
115,8,766.73,455.18,89.21,243.42,0.6930,-1,-1,-1
115,6,933.72,435.53,37.57,82.55,0.1780,-1,-1,-1
115,2,669.74,439.01,100.58,313.32,0.7876,-1,-1,-1
116,68,518.27,445.02,89.51,213.23,0.2896,-1,-1,-1
116,67,1874.86,389.85,44.48,255.43,0.1621,-1,-1,-1
116,65,1083.28,442.71,52.44,152.69,0.4029,-1,-1,-1
116,63,444.92,475.19,37.08,86.13,0.1801,-1,-1,-1
116,61,844.26,463.65,33.32,94.41,0.2547,-1,-1,-1
116,60,560.05,435.38,128.93,372.54,0.6312,-1,-1,-1
116,44,1672.81,427.84,111.40,160.48,0.1565,-1,-1,-1
116,35,1240.63,441.43,37.64,102.03,0.5973,-1,-1,-1
116,14,1831.17,467.50,68.64,181.51,0.1846,-1,-1,-1
116,8,767.45,450.77,88.84,248.45,0.6743,-1,-1,-1
116,6,934.53,435.57,36.44,81.87,0.2001,-1,-1,-1
116,2,672.88,438.93,96.68,310.65,0.7857,-1,-1,-1
117,68,515.93,439.69,90.58,224.28,0.1631,-1,-1,-1
117,65,1082.50,443.53,52.63,150.51,0.4225,-1,-1,-1
117,63,445.20,475.56,35.47,86.11,0.1696,-1,-1,-1
117,61,837.96,460.35,41.83,100.06,0.1790,-1,-1,-1
117,60,544.95,434.30,143.49,372.97,0.6800,-1,-1,-1
117,35,1242.03,441.55,35.23,100.50,0.5698,-1,-1,-1
117,14,1832.53,468.54,69.82,180.87,0.1668,-1,-1,-1
117,8,771.07,452.51,85.78,245.85,0.6473,-1,-1,-1
117,6,934.85,435.33,35.91,80.96,0.2279,-1,-1,-1
117,2,672.30,440.48,98.84,311.18,0.7957,-1,-1,-1
118,67,1851.32,388.09,68.03,263.52,0.1837,-1,-1,-1
118,65,1082.20,440.21,54.10,155.47,0.4554,-1,-1,-1
118,63,445.04,474.86,36.87,87.29,0.2173,-1,-1,-1
118,60,539.59,435.72,148.63,378.47,0.6853,-1,-1,-1
118,44,1673.23,434.21,104.07,159.99,0.1519,-1,-1,-1
118,35,1241.36,442.62,35.82,99.40,0.5427,-1,-1,-1
118,11,925.80,431.45,50.33,155.74,0.1992,-1,-1,-1
118,8,769.32,455.62,81.79,243.55,0.6584,-1,-1,-1
118,6,934.33,434.03,36.73,83.40,0.2898,-1,-1,-1
118,2,674.98,440.24,93.42,314.19,0.7995,-1,-1,-1
119,67,1874.06,389.54,45.29,257.97,0.1628,-1,-1,-1
119,65,1083.12,444.61,53.05,149.81,0.4186,-1,-1,-1
119,63,443.72,477.01,39.96,85.27,0.2304,-1,-1,-1
119,60,521.31,441.68,169.65,379.59,0.7319,-1,-1,-1
119,56,489.87,462.74,42.74,105.42,0.2059,-1,-1,-1
119,35,1239.44,443.09,37.14,97.21,0.5295,-1,-1,-1
119,11,923.80,433.44,53.76,154.99,0.2002,-1,-1,-1
119,8,768.32,451.49,91.60,245.66,0.7127,-1,-1,-1
119,6,934.27,435.02,38.03,80.99,0.2584,-1,-1,-1
119,2,674.94,440.77,94.70,319.58,0.8141,-1,-1,-1
120,72,918.28,504.74,58.11,82.00,0.1560,-1,-1,-1
120,67,1853.79,389.36,65.59,262.52,0.1530,-1,-1,-1
120,65,1082.30,445.05,52.79,149.85,0.3525,-1,-1,-1
120,63,442.95,481.82,40.57,82.68,0.1679,-1,-1,-1
120,60,522.76,444.08,169.13,377.80,0.7667,-1,-1,-1
120,56,490.36,462.98,40.45,105.71,0.1895,-1,-1,-1
120,35,1237.67,442.91,37.62,101.40,0.5371,-1,-1,-1
120,11,921.04,434.98,58.12,153.27,0.2517,-1,-1,-1
120,8,770.24,451.80,93.72,247.35,0.7124,-1,-1,-1
120,6,934.55,435.42,39.60,77.88,0.2158,-1,-1,-1
120,2,677.58,441.65,94.59,319.62,0.8120,-1,-1,-1
121,67,1849.79,389.03,69.58,263.41,0.1941,-1,-1,-1
121,65,1082.85,446.08,52.65,149.27,0.3513,-1,-1,-1
121,63,441.60,479.67,38.76,86.76,0.2406,-1,-1,-1
121,60,520.93,445.36,174.32,378.13,0.7730,-1,-1,-1
121,56,488.31,465.03,42.49,104.24,0.2775,-1,-1,-1
121,35,1239.32,443.20,33.76,101.62,0.4970,-1,-1,-1
121,11,923.89,437.00,55.26,150.37,0.2618,-1,-1,-1
121,8,767.90,454.33,101.17,244.97,0.6841,-1,-1,-1
121,6,934.86,435.33,41.31,79.38,0.2285,-1,-1,-1
121,2,678.58,441.14,93.91,320.62,0.8157,-1,-1,-1
122,67,1873.84,389.78,45.49,257.72,0.1690,-1,-1,-1
122,65,1084.17,450.95,51.15,143.97,0.3730,-1,-1,-1
122,63,440.87,478.75,38.06,89.04,0.2412,-1,-1,-1
122,60,523.90,446.28,173.93,380.68,0.8126,-1,-1,-1
122,56,490.15,460.79,39.59,109.85,0.2736,-1,-1,-1
122,35,1236.56,446.56,34.04,99.39,0.4612,-1,-1,-1
122,11,925.58,437.01,53.65,149.15,0.2637,-1,-1,-1
122,8,775.93,452.41,104.67,249.09,0.5888,-1,-1,-1
122,6,934.83,436.26,40.60,83.03,0.2021,-1,-1,-1
122,2,680.77,439.93,96.37,320.14,0.8005,-1,-1,-1
123,67,1853.41,386.65,65.96,263.78,0.1655,-1,-1,-1
123,65,1084.43,448.24,50.45,146.59,0.3629,-1,-1,-1
123,63,440.15,476.99,37.70,91.21,0.2575,-1,-1,-1
123,60,527.10,442.30,173.03,388.33,0.8010,-1,-1,-1
123,56,491.36,461.26,38.29,110.08,0.2878,-1,-1,-1
123,44,1674.07,427.72,112.26,158.38,0.1803,-1,-1,-1
123,35,1235.91,452.93,35.38,94.45,0.5373,-1,-1,-1
123,14,1832.42,467.68,73.21,182.66,0.1505,-1,-1,-1
123,11,924.94,438.49,54.90,148.22,0.2338,-1,-1,-1
123,8,773.30,458.84,110.06,243.01,0.7214,-1,-1,-1
123,6,938.91,437.28,40.44,85.06,0.2726,-1,-1,-1
123,2,683.39,439.09,93.38,323.20,0.8127,-1,-1,-1
124,72,920.39,501.30,54.69,86.23,0.1531,-1,-1,-1
124,68,521.37,451.04,93.46,226.95,0.1904,-1,-1,-1
124,67,1853.63,392.33,65.75,260.16,0.1893,-1,-1,-1
124,65,1086.07,449.27,49.00,144.42,0.3515,-1,-1,-1
124,63,438.64,474.97,38.47,94.02,0.2328,-1,-1,-1
124,61,831.14,451.16,58.44,114.67,0.1606,-1,-1,-1
124,60,528.52,441.94,173.18,393.36,0.6876,-1,-1,-1
124,56,493.16,464.95,36.44,107.78,0.3366,-1,-1,-1
124,44,1675.33,431.96,101.89,159.27,0.1695,-1,-1,-1
124,35,1235.44,454.94,35.74,92.36,0.5575,-1,-1,-1
124,8,774.53,457.03,110.07,245.53,0.7236,-1,-1,-1
124,6,940.60,437.44,39.48,82.55,0.3173,-1,-1,-1
124,2,684.73,438.13,92.75,325.72,0.8053,-1,-1,-1
125,72,920.64,489.84,53.17,97.36,0.2231,-1,-1,-1
125,63,437.37,476.25,41.24,92.83,0.2188,-1,-1,-1
125,61,832.99,448.69,61.25,120.46,0.1509,-1,-1,-1
125,60,527.44,441.90,176.50,391.02,0.7677,-1,-1,-1
125,56,492.45,460.99,35.79,114.12,0.2510,-1,-1,-1
125,44,1673.96,429.81,110.75,157.61,0.1938,-1,-1,-1
125,35,1233.14,454.44,36.63,94.59,0.5475,-1,-1,-1
125,12,1082.23,456.01,50.45,137.94,0.3691,-1,-1,-1
125,8,780.28,460.71,107.12,243.24,0.7425,-1,-1,-1
125,6,942.60,437.03,37.88,83.38,0.2830,-1,-1,-1
125,2,684.83,437.45,92.38,327.30,0.8170,-1,-1,-1
126,72,918.32,490.40,56.96,96.43,0.2800,-1,-1,-1
126,67,1853.00,392.54,66.39,258.94,0.1570,-1,-1,-1
126,63,433.17,475.57,44.62,93.11,0.1759,-1,-1,-1
126,60,555.31,442.02,143.81,390.32,0.6423,-1,-1,-1
126,56,490.84,464.09,37.06,107.46,0.2660,-1,-1,-1
126,44,1675.11,434.44,101.01,157.88,0.1627,-1,-1,-1
126,35,1229.53,452.22,39.29,97.34,0.5450,-1,-1,-1
126,12,1081.96,457.66,48.69,136.64,0.3073,-1,-1,-1
126,8,780.66,456.59,103.26,247.47,0.7282,-1,-1,-1
126,6,943.37,436.90,38.21,88.25,0.1598,-1,-1,-1
126,2,685.10,437.83,95.46,326.80,0.8111,-1,-1,-1
127,67,1849.26,389.77,70.13,262.37,0.1849,-1,-1,-1
127,63,435.29,475.79,45.15,93.14,0.2466,-1,-1,-1
127,61,838.01,444.94,63.60,133.88,0.2216,-1,-1,-1
127,60,550.66,440.07,150.44,392.28,0.6704,-1,-1,-1
127,56,488.64,461.98,39.02,108.19,0.2582,-1,-1,-1
127,35,1226.75,451.56,42.01,98.98,0.5223,-1,-1,-1
127,12,1080.73,458.62,50.44,135.99,0.3095,-1,-1,-1
127,8,782.71,456.38,100.78,248.96,0.7183,-1,-1,-1
127,6,947.68,436.12,33.74,87.28,0.1640,-1,-1,-1
127,2,683.96,438.23,98.05,327.95,0.8122,-1,-1,-1
128,61,840.05,442.02,63.14,139.26,0.2139,-1,-1,-1
128,60,559.98,440.61,145.46,391.29,0.6721,-1,-1,-1
128,56,490.06,462.00,39.03,109.50,0.3045,-1,-1,-1
128,44,1672.24,430.51,55.55,157.28,0.1531,-1,-1,-1
128,35,1224.99,454.92,43.07,98.43,0.5056,-1,-1,-1
128,12,1079.08,459.15,53.89,135.78,0.3465,-1,-1,-1
128,8,783.25,463.81,99.54,240.48,0.6857,-1,-1,-1
128,6,950.88,435.43,33.59,90.00,0.1837,-1,-1,-1
128,2,684.27,437.67,103.39,328.79,0.8132,-1,-1,-1
129,65,1084.40,457.67,50.91,138.12,0.3197,-1,-1,-1
129,63,433.39,472.55,40.67,95.43,0.2039,-1,-1,-1
129,60,557.63,441.88,150.72,389.98,0.6805,-1,-1,-1
129,56,492.43,463.10,37.67,105.88,0.3018,-1,-1,-1
129,35,1222.80,465.23,44.69,89.54,0.4230,-1,-1,-1
129,14,1833.39,456.52,84.54,193.27,0.2043,-1,-1,-1
129,8,785.76,458.92,101.86,244.71,0.6778,-1,-1,-1
129,6,951.95,436.34,34.19,88.40,0.1989,-1,-1,-1
129,2,682.24,437.83,104.45,328.08,0.8329,-1,-1,-1
130,63,432.35,474.76,44.81,93.12,0.2110,-1,-1,-1
130,60,547.84,442.24,162.29,389.24,0.6633,-1,-1,-1
130,56,490.85,463.75,38.39,107.60,0.3345,-1,-1,-1
130,35,1223.41,453.35,42.44,100.86,0.4340,-1,-1,-1
130,14,1832.41,455.49,86.17,194.79,0.1885,-1,-1,-1
130,12,1080.41,461.32,52.89,133.78,0.3687,-1,-1,-1
130,8,787.10,458.94,100.54,245.35,0.7440,-1,-1,-1
130,6,953.10,436.34,35.06,88.96,0.2376,-1,-1,-1
130,2,681.36,437.50,105.70,328.48,0.8316,-1,-1,-1
131,68,538.02,447.35,101.22,237.60,0.2232,-1,-1,-1
131,60,573.73,439.99,137.47,391.15,0.5515,-1,-1,-1
131,56,490.29,459.23,41.38,105.41,0.3132,-1,-1,-1
131,35,1223.02,465.14,44.91,89.98,0.3967,-1,-1,-1
131,14,1833.15,458.47,85.56,191.54,0.1631,-1,-1,-1
131,12,1085.75,457.28,50.69,138.16,0.3088,-1,-1,-1
131,8,790.52,458.69,100.12,247.58,0.7644,-1,-1,-1
131,6,954.32,434.90,34.53,89.63,0.2567,-1,-1,-1
131,2,681.62,436.92,104.32,330.62,0.8231,-1,-1,-1
132,68,538.80,446.93,101.03,236.57,0.2578,-1,-1,-1
132,60,571.60,440.24,144.99,389.48,0.5694,-1,-1,-1
132,56,491.23,462.24,40.06,108.35,0.2797,-1,-1,-1
132,35,1223.72,466.01,43.49,88.21,0.2669,-1,-1,-1
132,14,1832.40,454.79,86.81,195.91,0.1609,-1,-1,-1
132,12,1084.91,456.82,53.62,138.69,0.2262,-1,-1,-1
132,8,792.36,456.21,100.50,249.87,0.7880,-1,-1,-1
132,6,956.62,434.42,32.70,87.92,0.2475,-1,-1,-1
132,2,684.00,435.84,101.65,331.48,0.8129,-1,-1,-1
133,68,537.74,445.94,100.36,236.11,0.3554,-1,-1,-1
133,65,1082.34,459.69,50.25,135.73,0.2497,-1,-1,-1
133,60,589.59,438.08,127.38,391.64,0.6248,-1,-1,-1
133,56,491.09,461.04,41.28,109.35,0.3529,-1,-1,-1
133,44,1673.64,433.27,96.75,160.13,0.1586,-1,-1,-1
133,35,1222.31,464.66,44.77,90.57,0.2900,-1,-1,-1
133,14,1830.01,467.21,68.21,181.85,0.2268,-1,-1,-1
133,8,793.31,458.30,99.27,248.23,0.7891,-1,-1,-1
133,6,956.66,434.51,32.07,87.28,0.2363,-1,-1,-1
133,2,684.26,435.60,101.78,331.48,0.8010,-1,-1,-1
134,72,921.20,490.65,53.62,98.24,0.1641,-1,-1,-1
134,68,539.61,446.56,101.29,236.27,0.2765,-1,-1,-1
134,63,426.16,474.90,48.15,91.19,0.1633,-1,-1,-1
134,60,582.53,440.02,137.20,389.92,0.6258,-1,-1,-1
134,56,491.11,456.37,41.93,114.00,0.3044,-1,-1,-1
134,44,1673.03,434.93,92.62,159.39,0.1540,-1,-1,-1
134,35,1219.85,460.23,46.08,94.99,0.3002,-1,-1,-1
134,14,1830.95,465.68,75.12,184.22,0.1893,-1,-1,-1
134,12,1081.22,453.95,54.58,141.70,0.2157,-1,-1,-1
134,8,795.09,453.24,101.56,252.19,0.7736,-1,-1,-1
134,6,956.31,433.70,33.62,90.14,0.2438,-1,-1,-1
134,2,685.55,434.04,103.14,333.13,0.7910,-1,-1,-1
135,63,425.95,477.07,42.97,86.76,0.1607,-1,-1,-1
135,60,577.52,440.20,143.55,391.46,0.6394,-1,-1,-1
135,56,488.51,461.71,42.31,108.51,0.3709,-1,-1,-1
135,53,526.21,443.91,118.24,348.43,0.2119,-1,-1,-1
135,44,1669.13,433.00,57.11,155.96,0.1524,-1,-1,-1
135,14,1827.06,466.00,77.99,184.18,0.2327,-1,-1,-1
135,12,1080.24,452.10,55.10,144.06,0.2055,-1,-1,-1
135,8,791.89,450.49,104.36,256.18,0.7166,-1,-1,-1
135,6,955.36,434.23,34.29,90.54,0.2615,-1,-1,-1
135,2,685.22,432.55,104.72,332.87,0.7845,-1,-1,-1
136,72,921.04,502.37,52.10,85.95,0.1721,-1,-1,-1
136,61,860.07,451.75,49.65,233.78,0.1525,-1,-1,-1
136,60,572.28,439.26,149.36,397.49,0.6531,-1,-1,-1
136,56,490.25,456.50,40.56,114.06,0.3798,-1,-1,-1
136,44,1668.60,431.27,60.93,157.88,0.1784,-1,-1,-1
136,14,1828.10,466.63,76.93,183.99,0.2533,-1,-1,-1
136,12,1092.13,446.65,52.97,148.18,0.2685,-1,-1,-1
136,8,794.43,450.79,99.83,256.52,0.7076,-1,-1,-1
136,6,955.19,434.40,35.54,91.64,0.2886,-1,-1,-1
136,2,685.62,433.30,105.09,331.62,0.7736,-1,-1,-1
137,72,920.44,503.49,52.70,84.59,0.2027,-1,-1,-1
137,68,556.38,441.75,88.62,233.56,0.1855,-1,-1,-1
137,65,1080.25,453.26,53.76,142.06,0.2128,-1,-1,-1
137,60,590.60,436.36,129.97,414.69,0.6708,-1,-1,-1
137,56,490.40,460.88,39.95,108.87,0.3790,-1,-1,-1
137,44,1671.40,435.22,88.33,157.72,0.1995,-1,-1,-1
137,14,1827.52,466.23,73.81,184.42,0.2203,-1,-1,-1
137,8,797.19,453.48,96.86,254.80,0.7601,-1,-1,-1
137,6,955.25,434.70,35.76,89.56,0.2797,-1,-1,-1
137,2,694.59,434.11,101.78,328.30,0.7812,-1,-1,-1
138,65,1076.96,458.29,53.13,137.62,0.1933,-1,-1,-1
138,61,866.08,439.26,42.24,117.58,0.1757,-1,-1,-1
138,60,588.06,436.99,134.24,421.48,0.6509,-1,-1,-1
138,56,490.07,459.95,40.47,109.89,0.3530,-1,-1,-1
138,44,1673.38,433.06,96.54,161.06,0.1635,-1,-1,-1
138,35,1220.60,468.13,33.05,84.49,0.1565,-1,-1,-1
138,14,1829.27,472.09,64.19,175.69,0.2491,-1,-1,-1
138,8,802.68,450.80,93.45,259.84,0.7548,-1,-1,-1
138,6,956.38,434.68,36.14,89.45,0.2589,-1,-1,-1
138,2,690.27,434.24,107.66,330.75,0.7634,-1,-1,-1
139,67,1853.41,391.96,66.00,259.68,0.1886,-1,-1,-1
139,65,1081.49,457.00,48.22,137.58,0.2186,-1,-1,-1
139,63,423.77,475.96,41.48,88.90,0.1572,-1,-1,-1
139,61,867.05,439.01,45.93,128.13,0.1673,-1,-1,-1
139,60,567.86,439.55,155.27,416.13,0.6134,-1,-1,-1
139,56,492.50,459.64,38.98,111.33,0.4722,-1,-1,-1
139,44,1674.07,431.64,101.86,162.96,0.2032,-1,-1,-1
139,35,1219.09,450.13,35.04,101.85,0.1809,-1,-1,-1
139,14,1829.18,475.91,75.03,173.93,0.1726,-1,-1,-1
139,8,807.55,449.67,91.39,262.09,0.7271,-1,-1,-1
139,6,956.54,434.57,36.05,88.81,0.2698,-1,-1,-1
139,2,693.86,433.46,106.96,332.46,0.7558,-1,-1,-1
140,74,461.75,457.65,28.87,102.52,0.1649,-1,-1,-1
140,67,1830.14,465.82,85.97,184.81,0.1991,-1,-1,-1
140,65,1083.02,456.62,46.76,138.47,0.2338,-1,-1,-1
140,61,863.65,451.45,57.86,235.68,0.2302,-1,-1,-1
140,60,565.82,438.38,158.29,416.26,0.5618,-1,-1,-1
140,56,492.09,460.43,38.64,111.62,0.4331,-1,-1,-1
140,44,1674.71,432.31,98.90,161.50,0.1910,-1,-1,-1
140,35,1216.86,449.61,34.25,103.28,0.3417,-1,-1,-1
140,8,813.09,452.74,78.55,263.02,0.6994,-1,-1,-1
140,6,958.30,434.39,35.00,89.68,0.2312,-1,-1,-1
140,2,692.09,434.34,113.23,331.42,0.7594,-1,-1,-1
141,72,922.46,504.52,52.97,82.27,0.1754,-1,-1,-1
141,67,1829.70,470.42,83.54,178.98,0.2173,-1,-1,-1
141,65,1083.63,453.48,49.21,141.18,0.2522,-1,-1,-1
141,60,559.93,438.47,163.23,418.48,0.5603,-1,-1,-1
141,56,491.53,459.13,40.13,112.47,0.3644,-1,-1,-1
141,44,1673.95,431.66,103.83,161.68,0.1708,-1,-1,-1
141,35,1213.44,448.14,37.34,105.40,0.4119,-1,-1,-1
141,8,816.00,451.77,83.02,261.50,0.6511,-1,-1,-1
141,6,959.55,434.90,35.20,90.09,0.2081,-1,-1,-1
141,2,691.93,432.78,116.04,334.99,0.7575,-1,-1,-1
142,67,1827.50,476.31,71.24,172.47,0.1673,-1,-1,-1
142,65,1081.59,456.91,48.63,138.22,0.2694,-1,-1,-1
142,60,554.60,438.89,168.55,412.34,0.5183,-1,-1,-1
142,56,490.74,461.11,39.26,110.54,0.3089,-1,-1,-1
142,44,1674.95,433.06,101.10,160.21,0.1702,-1,-1,-1
142,35,1210.88,447.99,37.36,104.51,0.4058,-1,-1,-1
142,11,923.59,503.45,52.33,84.16,0.1728,-1,-1,-1
142,8,815.85,446.71,88.59,270.03,0.6417,-1,-1,-1
142,6,961.96,434.89,36.77,90.55,0.2797,-1,-1,-1
142,2,692.96,433.62,126.14,331.37,0.7614,-1,-1,-1
143,67,1826.09,464.89,74.91,184.06,0.2295,-1,-1,-1
143,65,1080.44,453.70,50.82,141.32,0.3188,-1,-1,-1
143,61,870.88,443.52,61.26,268.11,0.1717,-1,-1,-1
143,60,580.57,433.92,140.88,432.48,0.5327,-1,-1,-1
143,56,482.30,465.68,43.40,104.96,0.2274,-1,-1,-1
143,35,1210.29,444.81,36.25,107.59,0.3844,-1,-1,-1
143,8,817.88,447.50,85.92,267.34,0.6267,-1,-1,-1
143,6,959.91,436.32,52.83,119.01,0.2379,-1,-1,-1
143,2,695.07,436.43,129.23,329.64,0.7707,-1,-1,-1
144,65,1080.52,463.31,49.73,131.93,0.3109,-1,-1,-1
144,63,419.85,473.71,41.15,86.73,0.1633,-1,-1,-1
144,61,874.06,440.15,84.98,244.07,0.3073,-1,-1,-1
144,60,539.61,437.96,184.21,435.20,0.5175,-1,-1,-1
144,56,474.88,463.01,49.42,111.49,0.3225,-1,-1,-1
144,44,1674.17,435.85,98.81,156.06,0.1612,-1,-1,-1
144,35,1207.73,443.71,34.92,110.05,0.3247,-1,-1,-1
144,14,1829.70,462.55,88.61,187.22,0.2112,-1,-1,-1
144,8,820.83,449.08,84.80,263.61,0.5448,-1,-1,-1
144,6,961.29,437.23,32.20,88.94,0.2236,-1,-1,-1
144,2,693.44,436.70,138.51,331.82,0.7510,-1,-1,-1
145,75,497.22,458.18,38.26,113.28,0.1584,-1,-1,-1
145,65,1080.70,460.92,48.66,134.17,0.2607,-1,-1,-1
145,63,419.03,474.66,42.13,88.26,0.1738,-1,-1,-1
145,61,879.47,438.95,79.16,243.34,0.3471,-1,-1,-1
145,60,540.58,437.27,182.24,441.10,0.6339,-1,-1,-1
145,56,476.63,470.98,48.63,103.38,0.3476,-1,-1,-1
145,44,1675.08,435.38,96.97,156.24,0.1519,-1,-1,-1
145,35,1206.76,443.16,34.11,110.11,0.3647,-1,-1,-1
145,14,1829.60,460.09,87.46,189.74,0.2182,-1,-1,-1
145,8,823.66,456.04,82.23,254.78,0.5678,-1,-1,-1
145,6,960.83,438.18,32.94,87.61,0.2052,-1,-1,-1
145,2,693.59,438.66,143.17,330.13,0.7511,-1,-1,-1
146,75,495.98,458.78,39.60,110.97,0.2303,-1,-1,-1
146,65,1079.68,463.83,49.52,131.85,0.3145,-1,-1,-1
146,63,416.20,473.40,44.75,86.66,0.1801,-1,-1,-1
146,61,877.29,432.82,79.75,248.43,0.3552,-1,-1,-1
146,60,540.48,439.21,181.77,444.83,0.7284,-1,-1,-1
146,56,476.42,473.06,47.35,100.78,0.3686,-1,-1,-1
146,44,1673.63,436.05,96.09,156.37,0.1654,-1,-1,-1
146,35,1207.07,443.95,33.33,106.45,0.4385,-1,-1,-1
146,14,1828.94,464.15,86.23,185.94,0.1892,-1,-1,-1
146,8,826.15,454.81,81.76,255.21,0.6558,-1,-1,-1
146,6,963.15,438.14,35.31,88.96,0.2458,-1,-1,-1
146,2,697.21,438.38,141.21,331.29,0.7430,-1,-1,-1
147,75,494.70,459.32,40.26,108.84,0.2441,-1,-1,-1
147,65,1081.46,460.01,49.53,134.78,0.3542,-1,-1,-1
147,63,417.02,474.05,43.15,90.40,0.1533,-1,-1,-1
147,61,879.47,432.36,81.12,248.70,0.4328,-1,-1,-1
147,60,541.23,440.72,179.65,448.23,0.7202,-1,-1,-1
147,56,475.21,468.47,47.54,104.50,0.3377,-1,-1,-1
147,44,1673.07,435.74,97.40,156.82,0.1698,-1,-1,-1
147,35,1203.26,448.31,35.91,100.37,0.4762,-1,-1,-1
147,14,1829.82,463.76,86.35,186.27,0.1961,-1,-1,-1
147,8,827.28,458.09,81.82,251.96,0.6119,-1,-1,-1
147,6,964.65,439.51,43.06,97.53,0.2860,-1,-1,-1
147,2,701.30,437.59,136.83,334.79,0.7977,-1,-1,-1
148,75,494.50,457.09,42.26,112.13,0.2030,-1,-1,-1
148,65,1082.31,457.62,49.59,136.95,0.3643,-1,-1,-1
148,63,416.32,473.17,44.05,91.46,0.1636,-1,-1,-1
148,61,882.61,431.99,80.75,247.17,0.3675,-1,-1,-1
148,60,539.96,440.78,181.38,451.73,0.7250,-1,-1,-1
148,56,475.26,470.84,46.62,102.78,0.3711,-1,-1,-1
148,44,1673.10,434.43,99.39,158.06,0.1656,-1,-1,-1
148,35,1203.33,446.64,35.30,104.87,0.4493,-1,-1,-1
148,14,1829.76,468.67,78.34,183.70,0.2044,-1,-1,-1
148,8,827.72,456.71,84.59,254.60,0.6526,-1,-1,-1
148,6,962.72,438.68,45.50,99.46,0.2480,-1,-1,-1
148,2,702.60,437.43,135.70,333.30,0.7744,-1,-1,-1
149,75,501.61,459.87,36.20,108.19,0.2815,-1,-1,-1
149,65,1079.24,459.84,49.10,135.37,0.3016,-1,-1,-1
149,63,416.78,473.13,43.92,90.17,0.1927,-1,-1,-1
149,61,885.46,440.20,85.77,239.47,0.5616,-1,-1,-1
149,60,544.38,438.55,171.77,455.23,0.7301,-1,-1,-1
149,56,474.67,469.00,46.26,103.62,0.2920,-1,-1,-1
149,44,1672.76,433.64,99.05,158.68,0.1543,-1,-1,-1
149,35,1199.80,448.45,39.00,100.65,0.4544,-1,-1,-1
149,14,1832.75,469.14,79.42,181.65,0.2790,-1,-1,-1
149,8,830.31,455.99,83.90,253.23,0.6589,-1,-1,-1
149,6,962.71,438.77,48.54,101.89,0.2189,-1,-1,-1
149,2,707.21,437.37,131.60,337.25,0.8076,-1,-1,-1
150,75,501.82,455.70,37.66,111.43,0.3043,-1,-1,-1
150,65,1079.89,458.66,49.90,135.47,0.3430,-1,-1,-1
150,63,418.82,474.53,44.16,89.13,0.1859,-1,-1,-1
150,61,889.25,440.31,78.26,238.83,0.6119,-1,-1,-1
150,60,546.15,436.62,172.52,458.13,0.7688,-1,-1,-1
150,56,472.06,470.95,42.96,101.87,0.3354,-1,-1,-1
150,44,1668.67,431.49,68.57,155.62,0.1686,-1,-1,-1
150,35,1196.85,450.70,41.54,98.01,0.4432,-1,-1,-1
150,14,1828.62,463.45,81.23,186.91,0.2667,-1,-1,-1
150,8,831.34,450.87,85.87,259.16,0.6492,-1,-1,-1
150,6,960.55,439.19,51.16,127.15,0.2250,-1,-1,-1
150,2,710.51,435.95,127.82,338.92,0.8110,-1,-1,-1
151,81,1129.98,459.82,29.61,86.47,0.2735,-1,-1,-1
151,75,501.14,455.19,39.27,111.35,0.2643,-1,-1,-1
151,65,1079.80,455.90,51.34,137.89,0.3181,-1,-1,-1
151,61,890.36,438.01,84.19,239.67,0.6622,-1,-1,-1
151,60,544.13,438.58,170.06,455.94,0.7591,-1,-1,-1
151,56,471.05,472.32,43.37,100.84,0.3664,-1,-1,-1
151,44,1668.27,431.48,69.70,157.87,0.1699,-1,-1,-1
151,35,1197.33,451.30,40.13,98.17,0.4640,-1,-1,-1
151,14,1828.31,467.56,81.11,182.86,0.2755,-1,-1,-1
151,8,829.93,448.42,89.85,263.86,0.6711,-1,-1,-1
151,6,960.40,439.49,51.48,111.12,0.2314,-1,-1,-1
151,2,714.31,436.56,126.71,340.11,0.8001,-1,-1,-1
152,81,1128.60,459.58,30.73,85.45,0.3567,-1,-1,-1
152,75,500.40,456.46,38.02,108.19,0.2470,-1,-1,-1
152,65,1080.15,456.36,51.27,137.25,0.2943,-1,-1,-1
152,61,890.52,437.82,81.16,241.44,0.4460,-1,-1,-1
152,60,544.45,438.37,175.39,457.76,0.7525,-1,-1,-1
152,56,471.09,473.20,44.18,98.43,0.1859,-1,-1,-1
152,35,1195.64,451.10,40.94,98.31,0.4819,-1,-1,-1
152,14,1833.50,466.64,70.82,178.12,0.2177,-1,-1,-1
152,8,829.89,444.57,89.58,274.23,0.7111,-1,-1,-1
152,6,959.35,439.45,52.14,128.72,0.2407,-1,-1,-1
152,2,714.90,435.94,117.66,339.36,0.8059,-1,-1,-1
153,81,1130.20,458.29,29.79,86.64,0.2720,-1,-1,-1
153,75,502.52,462.99,35.92,99.92,0.2465,-1,-1,-1
153,65,1078.85,451.60,51.82,142.29,0.3176,-1,-1,-1
153,63,417.86,474.73,43.31,89.03,0.1603,-1,-1,-1
153,61,891.57,436.50,81.83,141.40,0.2313,-1,-1,-1
153,60,538.49,437.42,163.74,456.36,0.7399,-1,-1,-1
153,56,469.26,472.85,45.12,97.96,0.1947,-1,-1,-1
153,44,1671.41,434.35,101.12,155.81,0.1625,-1,-1,-1
153,35,1194.32,451.42,39.29,96.28,0.4862,-1,-1,-1
153,14,1829.42,467.69,70.90,181.42,0.2692,-1,-1,-1
153,8,830.94,445.43,89.13,271.24,0.7249,-1,-1,-1
153,6,959.41,437.93,52.72,139.37,0.2630,-1,-1,-1
153,2,715.09,435.02,123.66,341.71,0.8437,-1,-1,-1
154,84,1152.29,460.25,25.04,83.44,0.2250,-1,-1,-1
154,81,1131.45,458.50,30.87,86.51,0.3171,-1,-1,-1
154,75,500.27,467.62,37.44,94.86,0.1850,-1,-1,-1
154,65,1076.45,454.12,52.68,139.10,0.2058,-1,-1,-1
154,61,894.41,436.25,74.23,240.94,0.5447,-1,-1,-1
154,60,537.30,431.67,163.23,462.48,0.7486,-1,-1,-1
154,56,467.16,476.66,45.06,93.67,0.1716,-1,-1,-1
154,44,1669.75,432.66,101.36,160.54,0.1651,-1,-1,-1
154,35,1193.98,451.51,37.82,96.07,0.5308,-1,-1,-1
154,14,1829.16,463.52,76.16,186.09,0.1901,-1,-1,-1
154,8,832.39,450.73,86.42,275.10,0.6949,-1,-1,-1
154,6,961.06,439.71,50.04,140.71,0.2364,-1,-1,-1
154,2,717.43,435.58,122.43,340.54,0.8570,-1,-1,-1
155,84,1146.64,457.65,27.53,87.58,0.1968,-1,-1,-1
155,81,1132.14,458.38,32.36,87.57,0.2665,-1,-1,-1
155,75,498.09,466.40,38.41,96.15,0.1644,-1,-1,-1
155,65,1076.58,457.34,51.82,136.01,0.2677,-1,-1,-1
155,61,897.16,436.37,74.26,244.87,0.6243,-1,-1,-1
155,60,531.60,433.76,169.35,461.95,0.7408,-1,-1,-1
155,56,466.29,477.08,44.20,94.61,0.2755,-1,-1,-1
155,44,1667.45,431.96,106.91,160.07,0.1986,-1,-1,-1
155,35,1192.61,452.14,37.87,96.38,0.5442,-1,-1,-1
155,14,1831.99,466.34,68.15,177.93,0.1943,-1,-1,-1
155,8,833.32,448.24,86.95,279.23,0.6800,-1,-1,-1
155,6,961.73,438.10,49.03,133.61,0.3256,-1,-1,-1
155,2,719.45,436.63,123.54,340.04,0.8591,-1,-1,-1
156,87,1877.85,387.08,41.48,245.51,0.2258,-1,-1,-1
156,86,660.85,440.58,86.21,338.14,0.3808,-1,-1,-1
156,65,1077.61,457.70,50.83,135.56,0.2942,-1,-1,-1
156,63,419.51,477.74,40.64,85.96,0.1659,-1,-1,-1
156,61,899.51,437.06,70.32,248.88,0.5882,-1,-1,-1
156,60,531.67,434.65,164.60,460.94,0.7565,-1,-1,-1
156,56,465.57,475.88,42.98,94.28,0.2780,-1,-1,-1
156,44,1668.79,432.50,113.65,152.93,0.1836,-1,-1,-1
156,35,1191.68,449.24,36.56,97.64,0.5351,-1,-1,-1
156,14,1829.01,466.69,71.34,177.86,0.1642,-1,-1,-1
156,8,834.12,444.58,89.15,283.75,0.6884,-1,-1,-1
156,6,962.68,438.88,47.28,132.26,0.3095,-1,-1,-1
156,2,722.34,433.46,120.96,342.25,0.8377,-1,-1,-1
157,87,1877.73,388.12,41.61,248.02,0.2026,-1,-1,-1
157,86,660.54,439.07,85.29,341.47,0.4326,-1,-1,-1
157,65,1076.74,458.69,52.13,134.91,0.2781,-1,-1,-1
157,63,420.16,477.56,40.20,82.32,0.1766,-1,-1,-1
157,61,902.94,437.42,71.40,250.74,0.4400,-1,-1,-1
157,60,529.32,434.84,166.20,461.89,0.7262,-1,-1,-1
157,56,466.12,473.79,41.78,97.08,0.2346,-1,-1,-1
157,44,1668.44,432.11,112.65,153.19,0.2098,-1,-1,-1
157,35,1191.03,453.56,33.68,94.12,0.4867,-1,-1,-1
157,14,1828.84,469.66,72.23,176.45,0.2173,-1,-1,-1
157,8,838.07,444.63,87.63,281.81,0.6966,-1,-1,-1
157,6,960.22,437.87,50.03,142.33,0.4030,-1,-1,-1
157,2,722.62,433.41,127.30,341.97,0.8118,-1,-1,-1
158,87,1877.41,386.41,41.95,254.41,0.1607,-1,-1,-1
158,86,665.13,438.12,81.42,343.92,0.5344,-1,-1,-1
158,72,906.07,439.20,70.12,141.99,0.4436,-1,-1,-1
158,65,1077.09,458.67,52.98,135.50,0.2945,-1,-1,-1
158,63,419.97,476.75,40.70,82.85,0.1704,-1,-1,-1
158,61,897.29,445.44,86.90,241.03,0.2368,-1,-1,-1
158,60,530.76,431.69,169.03,464.88,0.7492,-1,-1,-1
158,56,465.58,474.28,41.07,93.90,0.2609,-1,-1,-1
158,44,1668.81,433.11,100.73,159.75,0.1839,-1,-1,-1
158,35,1191.71,458.76,30.22,88.53,0.3838,-1,-1,-1
158,14,1828.69,464.25,74.62,186.05,0.2166,-1,-1,-1
158,12,1093.44,457.40,36.65,99.93,0.1709,-1,-1,-1
158,8,842.16,444.88,91.27,283.94,0.7171,-1,-1,-1
158,6,963.96,438.18,47.29,140.95,0.2687,-1,-1,-1
158,2,726.26,433.13,129.94,340.93,0.7642,-1,-1,-1
159,86,667.46,437.31,82.87,345.32,0.5173,-1,-1,-1
159,81,1137.36,463.35,34.97,80.73,0.1727,-1,-1,-1
159,75,497.79,456.98,42.96,104.04,0.2318,-1,-1,-1
159,72,910.82,440.18,68.43,140.14,0.2305,-1,-1,-1
159,65,1079.00,458.26,49.47,135.33,0.3050,-1,-1,-1
159,61,899.49,442.11,90.56,243.81,0.4174,-1,-1,-1
159,60,522.39,431.47,177.66,463.99,0.7795,-1,-1,-1
159,56,465.35,470.66,40.52,96.34,0.2073,-1,-1,-1
159,44,1668.05,432.58,98.15,161.75,0.2031,-1,-1,-1
159,35,1191.03,456.31,30.41,89.88,0.2551,-1,-1,-1
159,14,1829.25,468.49,71.36,181.54,0.2412,-1,-1,-1
159,12,1092.33,457.29,37.59,95.03,0.2178,-1,-1,-1
159,8,844.16,445.20,86.20,285.20,0.7386,-1,-1,-1
159,6,967.04,438.71,43.40,141.36,0.2144,-1,-1,-1
159,2,732.26,435.54,128.89,338.32,0.7617,-1,-1,-1
160,86,668.74,437.82,81.76,345.60,0.5323,-1,-1,-1
160,84,1137.19,450.62,38.44,94.39,0.2272,-1,-1,-1
160,75,496.16,459.68,46.84,101.61,0.2187,-1,-1,-1
160,72,913.46,439.04,69.10,142.64,0.3848,-1,-1,-1
160,67,1827.94,464.16,76.84,186.20,0.2054,-1,-1,-1
160,65,1077.71,458.52,50.08,135.30,0.2990,-1,-1,-1
160,61,901.25,440.84,93.59,257.75,0.1978,-1,-1,-1
160,60,527.59,432.74,169.76,460.94,0.7844,-1,-1,-1
160,56,465.19,471.43,40.29,97.84,0.2205,-1,-1,-1
160,44,1667.88,433.46,101.17,159.80,0.1796,-1,-1,-1
160,35,1190.67,455.62,30.93,89.93,0.1514,-1,-1,-1
160,12,1093.50,457.52,36.39,95.26,0.1956,-1,-1,-1
160,8,845.52,447.86,85.35,280.55,0.7413,-1,-1,-1
160,6,967.80,438.32,40.75,136.80,0.2256,-1,-1,-1
160,2,738.66,430.45,118.24,344.68,0.7588,-1,-1,-1
161,86,668.35,440.32,83.39,347.28,0.6252,-1,-1,-1
161,84,1136.73,440.65,43.13,104.40,0.2704,-1,-1,-1
161,75,494.85,458.60,45.67,102.59,0.2152,-1,-1,-1
161,72,917.90,440.04,69.33,143.99,0.4000,-1,-1,-1
161,67,1827.72,463.41,77.19,187.49,0.2042,-1,-1,-1
161,65,1077.91,459.32,49.78,133.74,0.3061,-1,-1,-1
161,61,928.35,579.56,67.90,109.95,0.1745,-1,-1,-1
161,60,528.12,434.94,169.92,457.00,0.7808,-1,-1,-1
161,56,465.28,470.46,37.44,96.50,0.1985,-1,-1,-1
161,35,1189.57,456.45,31.49,88.19,0.1524,-1,-1,-1
161,12,1093.94,457.75,35.56,97.00,0.1821,-1,-1,-1
161,8,847.41,448.06,87.02,280.65,0.7504,-1,-1,-1
161,2,741.35,429.84,117.43,345.55,0.7790,-1,-1,-1
162,86,669.71,440.78,82.25,350.58,0.6213,-1,-1,-1
162,84,1138.21,440.49,41.51,103.05,0.3197,-1,-1,-1
162,75,495.16,457.54,45.82,102.58,0.2395,-1,-1,-1
162,72,917.40,441.57,80.01,141.95,0.3191,-1,-1,-1
162,65,1078.00,459.76,49.06,133.59,0.2252,-1,-1,-1
162,61,915.32,446.07,90.91,247.70,0.1990,-1,-1,-1
162,60,525.79,432.88,179.11,459.92,0.7730,-1,-1,-1
162,56,464.24,473.74,36.74,91.24,0.1572,-1,-1,-1
162,44,1667.81,434.03,106.54,158.57,0.1567,-1,-1,-1
162,35,1189.58,454.40,29.87,89.13,0.2638,-1,-1,-1
162,14,1833.59,466.25,69.37,178.20,0.1726,-1,-1,-1
162,8,848.68,449.35,89.32,281.66,0.7437,-1,-1,-1
162,2,744.15,429.62,116.11,348.81,0.7779,-1,-1,-1
163,86,670.74,440.54,81.00,361.03,0.5952,-1,-1,-1
163,84,1138.07,437.96,46.06,105.98,0.3611,-1,-1,-1
163,67,1827.91,465.37,81.09,185.78,0.1987,-1,-1,-1
163,65,1079.08,460.37,47.88,132.66,0.2134,-1,-1,-1
163,61,921.35,439.50,80.95,257.82,0.5735,-1,-1,-1
163,60,528.22,432.62,179.49,462.25,0.8000,-1,-1,-1
163,44,1668.35,431.46,112.72,155.90,0.1991,-1,-1,-1
163,35,1189.05,443.81,30.41,102.08,0.4379,-1,-1,-1
163,12,1095.18,458.04,33.81,94.94,0.1572,-1,-1,-1
163,8,851.46,449.88,92.68,281.70,0.7396,-1,-1,-1
163,2,745.80,431.94,115.85,347.21,0.7899,-1,-1,-1
164,86,671.36,438.75,84.40,362.75,0.5993,-1,-1,-1
164,84,1137.85,438.01,45.94,108.71,0.3954,-1,-1,-1
164,67,1828.99,466.89,75.31,184.51,0.2445,-1,-1,-1
164,65,1080.19,461.55,47.51,131.17,0.2829,-1,-1,-1
164,61,921.99,439.81,83.17,255.48,0.5582,-1,-1,-1
164,60,527.54,431.31,184.96,467.02,0.7893,-1,-1,-1
164,44,1668.19,431.83,113.89,156.14,0.1738,-1,-1,-1
164,35,1187.00,443.22,31.71,101.77,0.5076,-1,-1,-1
164,8,852.27,449.97,101.62,283.22,0.7081,-1,-1,-1
164,2,748.69,431.86,116.20,351.24,0.7863,-1,-1,-1
165,86,672.24,441.49,90.06,346.46,0.6939,-1,-1,-1
165,84,1144.87,444.05,38.02,100.58,0.2557,-1,-1,-1
165,67,1829.64,467.13,79.57,184.13,0.3081,-1,-1,-1
165,65,1079.44,460.91,49.15,132.27,0.2434,-1,-1,-1
165,61,920.49,438.54,86.82,260.23,0.5198,-1,-1,-1
165,60,528.88,431.26,188.63,469.06,0.8058,-1,-1,-1
165,44,1669.75,434.07,100.03,158.42,0.1745,-1,-1,-1
165,35,1186.72,456.41,30.67,89.04,0.3335,-1,-1,-1
165,8,854.99,450.95,112.47,281.97,0.6614,-1,-1,-1
165,2,748.80,430.57,116.54,352.81,0.7890,-1,-1,-1
166,87,1832.50,462.57,80.37,187.76,0.2042,-1,-1,-1
166,86,673.06,442.02,91.96,350.49,0.7229,-1,-1,-1
166,84,1144.87,443.13,40.74,101.96,0.2402,-1,-1,-1
166,61,926.90,435.22,80.35,255.75,0.5078,-1,-1,-1
166,60,528.79,431.70,190.98,471.01,0.7935,-1,-1,-1
166,44,1667.38,429.89,61.81,158.26,0.1706,-1,-1,-1
166,35,1186.59,457.29,31.43,88.48,0.2960,-1,-1,-1
166,12,1079.42,457.11,49.86,136.49,0.2463,-1,-1,-1
166,8,856.31,454.05,108.27,284.18,0.6399,-1,-1,-1
166,2,750.52,430.82,116.33,356.70,0.7908,-1,-1,-1
167,87,1832.28,463.21,82.57,186.56,0.2117,-1,-1,-1
167,86,674.11,441.86,90.98,351.47,0.7096,-1,-1,-1
167,84,1145.69,443.06,40.28,103.17,0.2483,-1,-1,-1
167,61,932.07,436.16,75.86,249.33,0.5910,-1,-1,-1
167,60,530.72,432.77,195.75,471.04,0.8015,-1,-1,-1
167,44,1670.01,433.80,93.79,157.99,0.1545,-1,-1,-1
167,35,1186.60,458.72,32.01,88.63,0.2283,-1,-1,-1
167,12,1079.11,456.73,50.44,137.41,0.2493,-1,-1,-1
167,8,859.91,449.96,126.30,283.05,0.7054,-1,-1,-1
167,2,750.48,431.38,116.53,356.18,0.7970,-1,-1,-1
168,86,674.23,442.49,90.62,354.07,0.7276,-1,-1,-1
168,84,1145.44,441.05,45.98,103.90,0.3479,-1,-1,-1
168,67,1832.38,468.82,72.92,182.13,0.2503,-1,-1,-1
168,61,937.79,434.42,72.61,244.41,0.5948,-1,-1,-1
168,60,531.78,434.52,210.68,467.42,0.8078,-1,-1,-1
168,56,465.26,467.64,40.82,104.96,0.2228,-1,-1,-1
168,44,1705.94,436.91,78.42,150.54,0.1991,-1,-1,-1
168,35,1187.26,455.21,28.42,90.43,0.1908,-1,-1,-1
168,12,1078.74,457.92,50.11,135.57,0.2529,-1,-1,-1
168,8,862.05,446.64,128.49,286.80,0.7508,-1,-1,-1
168,2,752.27,432.82,116.37,356.53,0.7932,-1,-1,-1
169,86,675.98,442.54,89.96,354.99,0.7356,-1,-1,-1
169,84,1147.20,440.80,44.28,104.19,0.3555,-1,-1,-1
169,81,1165.01,447.97,33.40,98.51,0.1600,-1,-1,-1
169,74,467.82,469.26,42.20,105.80,0.2499,-1,-1,-1
169,67,1830.97,466.26,64.89,182.40,0.2302,-1,-1,-1
169,61,942.55,434.22,68.62,238.79,0.5910,-1,-1,-1
169,60,532.37,428.57,223.69,471.74,0.8084,-1,-1,-1
169,35,1187.38,458.28,28.11,87.70,0.1689,-1,-1,-1
169,12,1078.92,456.02,49.83,138.22,0.2566,-1,-1,-1
169,8,864.50,446.52,120.71,289.04,0.7801,-1,-1,-1
169,2,753.11,434.79,114.94,355.18,0.8001,-1,-1,-1
170,86,677.86,442.22,87.66,356.27,0.7284,-1,-1,-1
170,84,1147.27,442.55,44.58,102.71,0.4363,-1,-1,-1
170,67,1831.74,465.21,61.76,184.76,0.2414,-1,-1,-1
170,61,943.68,434.16,69.98,234.84,0.6173,-1,-1,-1
170,60,532.21,429.51,234.05,470.87,0.8299,-1,-1,-1
170,56,468.56,467.83,38.17,109.07,0.2703,-1,-1,-1
170,35,1186.86,454.05,30.70,91.52,0.1744,-1,-1,-1
170,12,1078.34,456.21,50.57,137.51,0.2526,-1,-1,-1
170,8,869.11,446.28,117.66,290.31,0.7985,-1,-1,-1
170,2,755.97,435.25,114.29,355.49,0.7810,-1,-1,-1
171,86,677.92,442.20,89.90,360.91,0.7301,-1,-1,-1
171,84,1146.06,444.87,46.67,100.45,0.4404,-1,-1,-1
171,81,1187.73,455.04,29.74,90.18,0.1928,-1,-1,-1
171,67,1832.52,466.72,62.96,183.50,0.2577,-1,-1,-1
171,61,946.08,436.05,71.95,247.65,0.6678,-1,-1,-1
171,60,534.90,430.38,239.85,470.49,0.8574,-1,-1,-1
171,56,468.06,466.87,37.22,109.86,0.2758,-1,-1,-1
171,12,1079.69,454.12,49.42,139.05,0.2227,-1,-1,-1
171,8,870.77,446.76,116.37,291.37,0.7918,-1,-1,-1
171,2,757.53,435.57,112.58,347.69,0.7896,-1,-1,-1
172,86,680.22,445.15,84.57,356.70,0.7007,-1,-1,-1
172,84,1146.98,445.71,43.05,100.47,0.4060,-1,-1,-1
172,81,1188.71,460.86,29.50,84.90,0.1650,-1,-1,-1
172,67,1830.96,464.35,67.98,185.15,0.2710,-1,-1,-1
172,61,950.64,435.43,74.66,251.62,0.6841,-1,-1,-1
172,60,536.86,433.72,239.31,469.82,0.8476,-1,-1,-1
172,56,470.31,466.32,37.15,110.80,0.3009,-1,-1,-1
172,44,1670.56,434.40,101.20,159.03,0.1662,-1,-1,-1
172,12,1079.99,454.37,49.44,139.85,0.2847,-1,-1,-1
172,8,870.37,447.47,117.46,290.91,0.7947,-1,-1,-1
172,2,760.19,436.50,117.17,345.87,0.8126,-1,-1,-1
173,92,1165.32,452.21,38.64,94.59,0.2020,-1,-1,-1
173,86,681.40,446.86,89.23,349.31,0.6240,-1,-1,-1
173,84,1147.38,446.47,40.82,100.22,0.3464,-1,-1,-1
173,75,491.59,469.54,37.07,91.09,0.1676,-1,-1,-1
173,67,1831.72,467.53,60.84,181.56,0.2308,-1,-1,-1
173,61,951.56,434.50,76.46,258.65,0.6615,-1,-1,-1
173,60,538.64,432.49,231.59,469.70,0.8566,-1,-1,-1
173,56,470.12,469.30,36.48,107.70,0.2837,-1,-1,-1
173,44,1670.23,431.82,99.11,160.84,0.2161,-1,-1,-1
173,12,1086.04,455.05,44.64,140.30,0.3410,-1,-1,-1
173,8,872.79,444.93,116.61,293.84,0.7873,-1,-1,-1
173,2,761.79,437.53,117.93,344.47,0.8189,-1,-1,-1
174,92,1169.57,454.05,36.80,92.95,0.2588,-1,-1,-1
174,86,687.24,451.05,83.84,348.05,0.4749,-1,-1,-1
174,84,1148.66,448.93,40.13,98.15,0.2839,-1,-1,-1
174,75,492.66,469.60,36.54,90.73,0.1970,-1,-1,-1
174,67,1830.37,465.68,67.15,184.65,0.2765,-1,-1,-1
174,61,953.83,435.73,74.60,258.83,0.6312,-1,-1,-1
174,60,543.51,432.72,229.26,472.11,0.8522,-1,-1,-1
174,56,468.69,468.21,35.86,105.16,0.2818,-1,-1,-1
174,44,1669.26,430.71,112.01,155.45,0.2213,-1,-1,-1
174,12,1084.61,455.54,46.62,140.19,0.4153,-1,-1,-1
174,8,874.69,444.85,118.08,293.74,0.7876,-1,-1,-1
174,2,761.98,439.38,121.13,349.01,0.8228,-1,-1,-1
175,86,696.90,470.84,78.04,332.50,0.2060,-1,-1,-1
175,84,1151.02,453.20,55.08,94.46,0.4228,-1,-1,-1
175,75,492.01,468.88,37.04,92.36,0.1852,-1,-1,-1
175,74,478.88,460.92,38.85,110.52,0.1537,-1,-1,-1
175,67,1830.54,469.12,62.04,180.38,0.2904,-1,-1,-1
175,61,957.21,435.20,76.17,260.49,0.6014,-1,-1,-1
175,60,551.60,433.92,223.31,471.22,0.8355,-1,-1,-1
175,56,467.08,462.90,37.08,110.64,0.3294,-1,-1,-1
175,44,1669.75,430.15,112.00,155.29,0.2094,-1,-1,-1
175,12,1084.69,456.31,45.71,139.49,0.3226,-1,-1,-1
175,8,876.17,444.10,116.32,294.32,0.7924,-1,-1,-1
175,2,767.33,439.85,116.92,350.70,0.8434,-1,-1,-1
176,84,1153.99,456.07,52.55,89.95,0.4384,-1,-1,-1
176,67,1829.38,466.17,67.44,183.20,0.2433,-1,-1,-1
176,65,1081.42,455.39,48.94,139.84,0.3475,-1,-1,-1
176,61,960.35,434.50,81.61,258.58,0.5874,-1,-1,-1
176,60,560.25,432.84,213.74,475.16,0.7968,-1,-1,-1
176,56,469.30,466.32,37.89,110.69,0.3225,-1,-1,-1
176,44,1669.42,428.77,112.38,158.06,0.1996,-1,-1,-1
176,8,877.81,443.80,114.30,294.24,0.7983,-1,-1,-1
176,2,767.93,441.62,115.18,356.49,0.8305,-1,-1,-1
177,84,1155.85,449.71,50.22,98.83,0.3973,-1,-1,-1
177,67,1829.24,467.03,69.68,181.66,0.2490,-1,-1,-1
177,65,1083.93,454.56,46.33,140.38,0.2484,-1,-1,-1
177,61,962.15,434.31,84.86,261.10,0.5190,-1,-1,-1
177,60,558.81,436.92,214.10,472.11,0.7982,-1,-1,-1
177,56,467.43,468.81,37.27,108.76,0.3347,-1,-1,-1
177,12,1101.77,455.22,29.22,100.75,0.1609,-1,-1,-1
177,8,880.53,446.45,114.52,291.75,0.7898,-1,-1,-1
177,2,767.68,440.99,118.34,355.44,0.8228,-1,-1,-1
178,93,573.53,435.05,54.99,107.33,0.2528,-1,-1,-1
178,84,1154.87,446.42,45.41,100.05,0.4758,-1,-1,-1
178,74,495.32,452.26,45.47,111.61,0.2040,-1,-1,-1
178,67,1830.60,469.71,62.14,175.28,0.1983,-1,-1,-1
178,65,1079.48,451.47,50.78,143.54,0.2769,-1,-1,-1
178,61,962.74,432.81,93.33,265.63,0.4584,-1,-1,-1
178,60,562.07,433.28,212.91,474.95,0.8392,-1,-1,-1
178,56,464.52,463.07,41.14,112.94,0.3350,-1,-1,-1
178,44,1670.50,430.26,112.01,156.32,0.1520,-1,-1,-1
178,14,1879.10,392.42,40.18,239.24,0.2105,-1,-1,-1
178,8,887.76,447.70,108.33,289.42,0.7653,-1,-1,-1
178,2,773.78,440.33,111.32,356.15,0.8096,-1,-1,-1
179,94,962.57,436.59,46.53,264.13,0.2544,-1,-1,-1
179,93,572.09,443.90,56.24,99.88,0.2529,-1,-1,-1
179,84,1157.57,451.78,44.55,96.05,0.4627,-1,-1,-1
179,74,495.45,451.89,47.40,111.44,0.2165,-1,-1,-1
179,67,1826.34,466.37,69.72,184.01,0.1615,-1,-1,-1
179,65,1077.21,454.72,50.73,139.72,0.2659,-1,-1,-1
179,61,964.14,435.03,94.73,263.52,0.5232,-1,-1,-1
179,60,571.75,432.50,203.81,477.91,0.8621,-1,-1,-1
179,56,464.23,460.24,40.66,116.39,0.3514,-1,-1,-1
179,44,1671.77,432.38,110.30,152.53,0.1805,-1,-1,-1
179,14,1881.04,399.20,38.24,238.29,0.1587,-1,-1,-1
179,8,891.55,445.61,104.96,292.32,0.7734,-1,-1,-1
179,2,774.65,439.08,113.65,355.09,0.7901,-1,-1,-1
180,94,964.62,442.02,42.45,271.65,0.1817,-1,-1,-1
180,93,572.10,443.17,57.15,113.21,0.3414,-1,-1,-1
180,84,1157.71,449.82,40.01,98.26,0.4494,-1,-1,-1
180,74,498.60,454.89,43.30,108.45,0.1986,-1,-1,-1
180,65,1078.85,452.87,50.22,141.58,0.3249,-1,-1,-1
180,61,969.41,434.23,105.33,261.21,0.4865,-1,-1,-1
180,60,577.94,430.01,197.87,479.58,0.8399,-1,-1,-1
180,56,465.53,465.08,38.32,110.49,0.4746,-1,-1,-1
180,14,1876.85,391.20,42.45,239.66,0.2175,-1,-1,-1
180,8,896.68,445.04,99.08,293.10,0.7770,-1,-1,-1
180,2,777.36,437.83,118.86,357.83,0.7649,-1,-1,-1
181,93,571.18,450.62,59.27,110.07,0.4076,-1,-1,-1
181,84,1156.11,444.63,40.79,101.69,0.4800,-1,-1,-1
181,74,497.22,457.29,41.65,104.90,0.1641,-1,-1,-1
181,65,1078.62,445.00,51.93,152.03,0.3509,-1,-1,-1
181,61,971.41,437.15,89.51,263.35,0.6196,-1,-1,-1
181,60,582.74,423.89,195.70,487.05,0.8645,-1,-1,-1
181,56,466.89,467.85,36.90,106.55,0.3696,-1,-1,-1
181,14,1877.12,391.95,42.11,236.66,0.1902,-1,-1,-1
181,8,902.90,443.46,95.90,296.03,0.7278,-1,-1,-1
181,2,778.73,436.19,115.80,358.47,0.7561,-1,-1,-1
182,93,570.92,444.07,59.13,122.13,0.4496,-1,-1,-1
182,84,1157.32,446.58,37.82,100.13,0.5447,-1,-1,-1
182,65,1081.62,444.73,49.71,152.77,0.3727,-1,-1,-1
182,63,415.14,475.93,39.60,85.36,0.2009,-1,-1,-1
182,61,977.26,434.84,88.25,268.87,0.6124,-1,-1,-1
182,60,583.33,423.99,198.57,486.36,0.8653,-1,-1,-1
182,56,467.04,471.55,37.45,102.95,0.4221,-1,-1,-1
182,14,1877.36,392.11,41.89,233.07,0.1759,-1,-1,-1
182,8,912.61,446.00,89.20,296.71,0.7130,-1,-1,-1
182,2,780.92,435.22,116.44,364.44,0.7532,-1,-1,-1
183,93,570.42,448.19,60.36,131.56,0.4806,-1,-1,-1
183,84,1158.18,449.34,35.78,97.42,0.5412,-1,-1,-1
183,65,1082.64,445.00,48.64,152.15,0.3258,-1,-1,-1
183,63,413.64,475.40,41.24,87.31,0.1879,-1,-1,-1
183,61,980.37,437.09,86.29,260.24,0.6249,-1,-1,-1
183,60,587.16,424.80,194.92,485.87,0.8583,-1,-1,-1
183,56,466.44,472.23,39.02,103.22,0.3812,-1,-1,-1
183,14,1876.85,391.74,42.42,235.17,0.2090,-1,-1,-1
183,8,916.83,442.91,90.24,298.23,0.7463,-1,-1,-1
183,2,783.13,434.38,118.18,367.49,0.7695,-1,-1,-1
184,93,571.54,443.57,59.48,149.24,0.4361,-1,-1,-1
184,84,1154.87,451.08,40.58,97.95,0.6062,-1,-1,-1
184,65,1082.55,442.02,50.37,154.77,0.3371,-1,-1,-1
184,63,413.30,475.17,42.06,87.90,0.2010,-1,-1,-1
184,61,982.97,440.66,85.34,244.30,0.6323,-1,-1,-1
184,60,591.34,425.98,191.70,484.08,0.8523,-1,-1,-1
184,56,466.06,472.20,38.79,102.81,0.4025,-1,-1,-1
184,14,1876.97,391.37,42.31,236.89,0.1977,-1,-1,-1
184,8,924.01,441.21,86.70,299.65,0.7691,-1,-1,-1
184,2,783.86,433.77,118.69,367.93,0.7829,-1,-1,-1
185,93,570.97,444.85,61.78,157.90,0.4478,-1,-1,-1
185,84,1155.73,451.82,39.81,94.90,0.5556,-1,-1,-1
185,65,1081.97,437.83,50.91,159.31,0.3222,-1,-1,-1
185,63,414.72,476.55,41.81,86.62,0.2151,-1,-1,-1
185,61,986.18,441.01,84.63,253.17,0.6331,-1,-1,-1
185,60,599.44,428.01,185.47,481.99,0.8411,-1,-1,-1
185,56,466.46,474.84,40.57,101.00,0.4629,-1,-1,-1
185,14,1877.30,392.25,41.99,237.67,0.1887,-1,-1,-1
185,8,925.70,441.53,86.46,303.17,0.7595,-1,-1,-1
185,2,785.95,434.54,118.24,369.00,0.7814,-1,-1,-1
186,93,571.56,437.07,56.84,176.19,0.4861,-1,-1,-1
186,84,1153.54,447.69,45.57,98.86,0.5952,-1,-1,-1
186,65,1077.71,444.62,51.55,150.86,0.2450,-1,-1,-1
186,63,412.72,477.04,42.27,82.93,0.1909,-1,-1,-1
186,61,988.82,442.64,84.06,242.72,0.5728,-1,-1,-1
186,60,603.50,426.12,184.05,483.89,0.8440,-1,-1,-1
186,56,467.28,477.71,41.22,98.04,0.4710,-1,-1,-1
186,14,1877.44,392.39,41.81,238.57,0.1883,-1,-1,-1
186,8,928.38,445.36,85.69,305.68,0.7452,-1,-1,-1
186,2,786.57,435.08,115.10,367.35,0.8028,-1,-1,-1
187,93,572.36,433.77,56.55,174.88,0.4801,-1,-1,-1
187,84,1155.23,450.56,44.69,95.57,0.5453,-1,-1,-1
187,74,511.72,452.87,36.41,110.42,0.2022,-1,-1,-1
187,65,1076.38,442.66,53.17,153.43,0.2557,-1,-1,-1
187,63,414.83,477.32,40.30,83.62,0.1755,-1,-1,-1
187,61,995.42,442.47,81.94,251.93,0.6250,-1,-1,-1
187,60,609.24,428.47,177.93,483.66,0.8413,-1,-1,-1
187,56,467.03,477.14,41.26,98.53,0.4649,-1,-1,-1
187,14,1877.12,390.42,42.03,234.59,0.1575,-1,-1,-1
187,12,1099.35,442.05,33.59,142.18,0.1797,-1,-1,-1
187,8,928.61,445.30,90.85,307.68,0.7313,-1,-1,-1
187,2,790.23,435.31,113.81,367.73,0.8032,-1,-1,-1
188,93,570.79,434.49,60.84,179.95,0.4445,-1,-1,-1
188,84,1156.25,452.16,42.61,95.93,0.5013,-1,-1,-1
188,74,511.25,449.14,38.09,113.80,0.2851,-1,-1,-1
188,63,413.68,476.87,41.59,83.46,0.1558,-1,-1,-1
188,61,997.86,444.28,79.00,250.08,0.5058,-1,-1,-1
188,60,609.44,426.53,180.71,495.65,0.8356,-1,-1,-1
188,56,467.43,477.83,37.61,97.18,0.3660,-1,-1,-1
188,14,1877.68,391.30,41.55,240.31,0.1511,-1,-1,-1
188,12,1092.20,441.32,40.58,154.19,0.2251,-1,-1,-1
188,8,931.77,441.76,93.37,310.40,0.6870,-1,-1,-1
188,2,792.41,434.58,114.18,364.23,0.8122,-1,-1,-1
189,93,569.56,433.61,59.20,178.59,0.5280,-1,-1,-1
189,84,1156.39,446.30,42.61,101.33,0.4804,-1,-1,-1
189,74,512.09,450.12,36.86,112.07,0.2175,-1,-1,-1
189,63,413.92,476.19,39.44,87.53,0.1667,-1,-1,-1
189,61,1005.33,437.64,82.47,267.26,0.5323,-1,-1,-1
189,60,611.54,426.04,179.00,505.35,0.7960,-1,-1,-1
189,56,466.19,476.49,40.08,99.75,0.4110,-1,-1,-1
189,12,1092.77,442.30,40.07,153.40,0.2084,-1,-1,-1
189,8,932.80,441.82,106.99,311.74,0.7793,-1,-1,-1
189,2,794.65,433.08,112.05,367.90,0.8100,-1,-1,-1
190,93,569.67,439.76,62.45,170.47,0.5402,-1,-1,-1
190,84,1152.33,449.20,46.14,99.17,0.4187,-1,-1,-1
190,74,513.41,455.06,35.97,106.37,0.2455,-1,-1,-1
190,65,1100.01,444.26,31.96,101.65,0.2039,-1,-1,-1
190,61,1009.75,440.47,79.31,267.82,0.4651,-1,-1,-1
190,60,616.24,426.32,182.68,511.98,0.7025,-1,-1,-1
190,56,467.89,476.67,37.44,98.87,0.3897,-1,-1,-1
190,12,1080.99,443.35,48.73,153.83,0.2759,-1,-1,-1
190,8,936.44,442.91,110.14,309.54,0.7576,-1,-1,-1
190,2,796.87,432.38,118.53,372.72,0.8022,-1,-1,-1
191,93,568.74,447.66,60.41,167.26,0.5801,-1,-1,-1
191,84,1152.38,445.64,49.06,102.49,0.4997,-1,-1,-1
191,74,513.18,453.16,35.62,106.78,0.2043,-1,-1,-1
191,65,1101.80,439.83,32.03,100.64,0.2406,-1,-1,-1
191,61,1011.65,435.53,77.53,274.22,0.3265,-1,-1,-1
191,60,620.42,425.93,179.00,516.97,0.7482,-1,-1,-1
191,56,465.50,477.05,36.12,98.21,0.3553,-1,-1,-1
191,44,1670.46,432.76,109.50,154.18,0.1512,-1,-1,-1
191,12,1083.52,441.62,47.02,156.42,0.2233,-1,-1,-1
191,8,941.10,443.57,115.62,310.45,0.7603,-1,-1,-1
191,2,799.06,432.57,115.68,371.25,0.7813,-1,-1,-1
192,93,568.34,442.93,64.50,171.46,0.5892,-1,-1,-1
192,84,1150.30,447.41,50.23,101.63,0.4782,-1,-1,-1
192,74,516.18,447.20,32.87,112.70,0.1764,-1,-1,-1
192,65,1101.23,440.88,32.71,98.40,0.2042,-1,-1,-1
192,61,1010.50,435.70,85.05,278.21,0.2938,-1,-1,-1
192,60,625.11,426.46,176.68,526.43,0.7261,-1,-1,-1
192,56,464.76,476.78,36.42,97.38,0.3430,-1,-1,-1
192,12,1087.86,442.25,42.75,156.29,0.2346,-1,-1,-1
192,8,943.29,449.43,114.11,303.80,0.7593,-1,-1,-1
192,2,800.81,429.12,115.25,380.41,0.7872,-1,-1,-1
193,93,570.30,442.76,62.37,171.86,0.6286,-1,-1,-1
193,84,1149.12,442.15,49.95,106.70,0.4476,-1,-1,-1
193,74,513.79,443.90,36.05,115.80,0.2454,-1,-1,-1
193,67,1826.94,467.22,67.37,183.08,0.1647,-1,-1,-1
193,65,1103.00,438.77,31.63,99.72,0.1712,-1,-1,-1
193,61,1014.90,437.81,92.48,262.73,0.5388,-1,-1,-1
193,60,631.29,427.12,167.85,527.43,0.7649,-1,-1,-1
193,56,463.48,477.69,39.30,97.99,0.3081,-1,-1,-1
193,8,944.49,442.53,115.11,311.48,0.7560,-1,-1,-1
193,2,803.05,426.02,112.31,380.82,0.7858,-1,-1,-1
194,93,570.45,442.49,62.59,173.79,0.6697,-1,-1,-1
194,84,1147.64,448.72,45.32,99.62,0.3701,-1,-1,-1
194,74,517.16,445.01,33.21,114.59,0.2165,-1,-1,-1
194,67,1825.93,463.51,74.58,188.00,0.1586,-1,-1,-1
194,61,1015.68,433.80,96.36,277.43,0.6466,-1,-1,-1
194,60,632.23,425.39,181.17,539.22,0.7598,-1,-1,-1
194,56,460.64,475.41,36.91,100.66,0.3317,-1,-1,-1
194,12,1090.63,438.66,40.00,159.21,0.1581,-1,-1,-1
194,8,946.37,443.52,108.17,310.54,0.7482,-1,-1,-1
194,2,804.44,424.81,119.12,383.78,0.7888,-1,-1,-1
195,93,569.62,441.53,64.12,174.56,0.6821,-1,-1,-1
195,84,1147.27,444.24,41.15,103.96,0.4054,-1,-1,-1
195,74,511.92,439.98,38.36,121.37,0.3772,-1,-1,-1
195,61,1020.82,433.19,95.66,278.42,0.6926,-1,-1,-1
195,60,636.36,422.33,178.54,540.71,0.7844,-1,-1,-1
195,56,458.25,473.35,46.71,101.31,0.2971,-1,-1,-1
195,35,1162.65,444.11,40.48,104.52,0.1822,-1,-1,-1
195,14,1877.80,392.40,41.50,250.07,0.1641,-1,-1,-1
195,12,1100.23,439.81,30.91,108.00,0.1682,-1,-1,-1
195,8,945.16,448.42,116.44,308.48,0.7594,-1,-1,-1
195,2,805.11,424.15,126.73,382.50,0.7892,-1,-1,-1
196,93,569.84,442.95,65.28,173.43,0.6701,-1,-1,-1
196,84,1146.27,440.45,42.87,107.43,0.4139,-1,-1,-1
196,74,512.70,439.71,38.77,121.79,0.4384,-1,-1,-1
196,67,1825.96,462.84,71.08,187.78,0.1755,-1,-1,-1
196,61,1025.78,432.25,96.25,280.24,0.6812,-1,-1,-1
196,60,643.73,424.46,171.87,536.13,0.8010,-1,-1,-1
196,56,456.07,473.03,45.81,102.33,0.3466,-1,-1,-1
196,44,1666.59,432.19,58.64,155.27,0.1557,-1,-1,-1
196,8,946.55,449.23,115.20,308.04,0.7276,-1,-1,-1
196,2,807.21,426.55,136.22,379.66,0.8252,-1,-1,-1
197,93,569.50,440.98,66.84,174.37,0.6701,-1,-1,-1
197,84,1146.04,444.38,42.78,103.41,0.3621,-1,-1,-1
197,75,488.72,468.27,31.37,97.41,0.1609,-1,-1,-1
197,74,512.83,439.83,38.59,121.16,0.4483,-1,-1,-1
197,67,1826.20,465.66,71.21,185.35,0.2480,-1,-1,-1
197,61,1030.47,431.61,95.32,281.32,0.4672,-1,-1,-1
197,60,646.11,421.85,164.24,551.54,0.8226,-1,-1,-1
197,56,455.59,470.71,44.00,104.55,0.3352,-1,-1,-1
197,8,951.44,447.01,110.61,310.21,0.7515,-1,-1,-1
197,2,809.95,428.05,148.89,378.66,0.8145,-1,-1,-1
198,93,570.48,442.07,66.51,173.91,0.6822,-1,-1,-1
198,84,1146.54,440.85,42.70,107.00,0.3869,-1,-1,-1
198,74,515.80,444.71,36.45,117.87,0.3382,-1,-1,-1
198,67,1827.46,463.73,66.86,186.53,0.2304,-1,-1,-1
198,61,1036.87,433.72,91.43,279.91,0.6462,-1,-1,-1
198,60,649.14,423.17,164.48,540.18,0.8328,-1,-1,-1
198,56,458.95,471.60,36.98,103.15,0.3185,-1,-1,-1
198,8,958.69,447.35,104.43,311.42,0.7685,-1,-1,-1
198,2,813.90,433.28,151.79,374.08,0.8300,-1,-1,-1
199,93,572.13,444.24,63.89,170.97,0.6885,-1,-1,-1
199,92,1182.72,441.88,35.82,101.24,0.2065,-1,-1,-1
199,84,1144.74,444.26,40.09,104.53,0.3757,-1,-1,-1
199,74,514.43,447.95,37.35,114.84,0.3016,-1,-1,-1
199,67,1828.07,461.71,64.97,188.18,0.1777,-1,-1,-1
199,61,1040.53,437.67,92.40,278.83,0.6358,-1,-1,-1
199,60,647.60,423.71,173.26,538.29,0.8391,-1,-1,-1
199,56,457.13,472.39,38.20,103.12,0.2785,-1,-1,-1
199,14,1877.85,391.75,41.46,250.13,0.1813,-1,-1,-1
199,8,965.92,447.95,103.52,313.06,0.7579,-1,-1,-1
199,2,816.54,433.63,158.51,374.96,0.8462,-1,-1,-1
200,93,572.15,446.80,64.49,169.70,0.6769,-1,-1,-1
200,84,1145.68,442.18,35.73,106.88,0.3230,-1,-1,-1
200,74,511.85,443.83,38.51,117.81,0.3385,-1,-1,-1
200,67,1826.74,465.83,65.83,184.49,0.1974,-1,-1,-1
200,61,1042.23,433.75,93.55,285.24,0.6057,-1,-1,-1
200,60,651.35,422.48,172.99,539.67,0.8591,-1,-1,-1
200,56,456.53,468.29,36.18,99.54,0.2894,-1,-1,-1
200,44,1668.81,434.49,114.07,202.01,0.2071,-1,-1,-1
200,14,1877.44,391.68,41.81,251.43,0.1503,-1,-1,-1
200,8,970.75,448.77,102.75,311.44,0.7219,-1,-1,-1
200,2,817.28,436.02,158.82,374.03,0.8426,-1,-1,-1
201,95,661.46,461.41,38.60,76.94,0.2080,-1,-1,-1
201,93,574.06,444.30,63.34,169.44,0.6632,-1,-1,-1
201,84,1142.64,440.17,36.62,109.13,0.3228,-1,-1,-1
201,74,510.23,439.74,40.06,121.91,0.2783,-1,-1,-1
201,67,1828.52,467.06,59.81,182.51,0.1757,-1,-1,-1
201,61,1047.81,436.08,92.00,288.15,0.6135,-1,-1,-1
201,60,657.89,423.20,174.11,537.47,0.8445,-1,-1,-1
201,56,454.32,467.57,38.05,107.70,0.2766,-1,-1,-1
201,8,979.75,451.81,90.89,308.99,0.7077,-1,-1,-1
201,2,820.60,437.64,157.50,373.32,0.8389,-1,-1,-1
202,96,660.86,467.40,27.41,70.83,0.2112,-1,-1,-1
202,93,573.27,447.23,66.48,167.07,0.6782,-1,-1,-1
202,92,1184.52,438.16,35.18,107.47,0.2088,-1,-1,-1
202,84,1142.00,438.20,35.06,109.73,0.3481,-1,-1,-1
202,74,512.73,438.46,38.06,122.52,0.2162,-1,-1,-1
202,61,1050.03,436.35,95.43,281.40,0.6830,-1,-1,-1
202,60,657.78,421.34,179.69,542.23,0.8548,-1,-1,-1
202,56,454.14,473.24,35.57,98.15,0.2488,-1,-1,-1
202,8,986.82,449.21,89.00,313.34,0.7740,-1,-1,-1
202,2,822.31,437.68,153.84,375.06,0.8450,-1,-1,-1
203,93,573.76,443.46,68.21,171.26,0.7086,-1,-1,-1
203,92,1184.78,436.44,37.87,111.38,0.2038,-1,-1,-1
203,84,1143.82,436.92,32.34,110.29,0.2445,-1,-1,-1
203,74,508.73,439.66,41.20,122.77,0.3393,-1,-1,-1
203,67,1828.18,466.57,63.81,177.28,0.1976,-1,-1,-1
203,61,1053.88,434.32,94.99,282.87,0.6935,-1,-1,-1
203,60,667.92,426.42,174.70,548.98,0.8228,-1,-1,-1
203,56,451.32,474.76,42.71,99.61,0.2245,-1,-1,-1
203,14,1879.15,397.01,40.10,233.52,0.1726,-1,-1,-1
203,8,988.26,449.42,93.26,314.26,0.7718,-1,-1,-1
203,2,823.85,437.70,150.65,375.98,0.8434,-1,-1,-1
204,93,576.90,450.06,65.04,165.20,0.7258,-1,-1,-1
204,92,1185.69,444.23,38.84,104.25,0.2176,-1,-1,-1
204,84,1146.30,439.98,30.40,105.90,0.1526,-1,-1,-1
204,74,510.75,449.41,37.87,112.68,0.1521,-1,-1,-1
204,67,1825.82,468.80,63.95,181.37,0.2674,-1,-1,-1
204,61,1060.73,434.73,88.17,282.94,0.6989,-1,-1,-1
204,60,662.73,423.90,181.64,558.60,0.8435,-1,-1,-1
204,56,451.86,472.88,42.62,102.50,0.2984,-1,-1,-1
204,44,1684.26,435.64,97.25,149.80,0.1587,-1,-1,-1
204,14,1880.28,400.31,38.99,232.27,0.1629,-1,-1,-1
204,8,991.63,449.22,92.61,316.54,0.7722,-1,-1,-1
204,2,824.40,437.13,150.43,376.10,0.8423,-1,-1,-1
205,93,575.34,446.23,66.13,170.17,0.7469,-1,-1,-1
205,92,1186.75,470.14,39.10,79.80,0.1841,-1,-1,-1
205,74,509.77,443.62,39.09,118.66,0.2065,-1,-1,-1
205,67,1828.34,467.63,65.04,178.69,0.1826,-1,-1,-1
205,61,1063.63,439.78,87.27,276.19,0.7152,-1,-1,-1
205,60,669.18,424.04,175.40,568.35,0.8479,-1,-1,-1
205,56,450.90,474.51,42.80,100.92,0.3193,-1,-1,-1
205,44,1682.48,435.19,98.55,152.32,0.2147,-1,-1,-1
205,14,1876.19,393.45,43.10,242.96,0.1814,-1,-1,-1
205,8,994.45,447.36,94.08,317.22,0.7864,-1,-1,-1
205,2,825.28,433.57,150.53,379.39,0.8316,-1,-1,-1
206,93,575.75,446.95,66.93,170.49,0.7255,-1,-1,-1
206,92,1186.32,453.68,40.27,96.74,0.3292,-1,-1,-1
206,74,510.53,441.32,39.29,121.27,0.2851,-1,-1,-1
206,67,1828.96,466.92,66.31,178.88,0.2189,-1,-1,-1
206,61,1065.62,436.17,86.53,282.27,0.6802,-1,-1,-1
206,60,674.20,422.83,172.48,570.22,0.8388,-1,-1,-1
206,56,451.02,475.45,42.14,97.01,0.2302,-1,-1,-1
206,44,1685.70,436.74,95.66,149.77,0.1831,-1,-1,-1
206,14,1880.12,399.15,39.14,230.99,0.1797,-1,-1,-1
206,8,999.92,447.59,92.79,317.34,0.7752,-1,-1,-1
206,2,830.37,435.55,148.15,377.01,0.8325,-1,-1,-1
207,93,580.34,455.95,63.42,160.95,0.7391,-1,-1,-1
207,92,1187.17,450.13,41.01,100.31,0.3588,-1,-1,-1
207,84,1136.45,440.66,32.64,101.13,0.1549,-1,-1,-1
207,74,510.27,450.38,39.39,110.81,0.2334,-1,-1,-1
207,67,1830.44,464.52,70.53,182.61,0.1732,-1,-1,-1
207,61,1074.25,434.97,78.49,285.40,0.6520,-1,-1,-1
207,60,675.83,419.45,173.20,573.82,0.8416,-1,-1,-1
207,56,450.66,472.31,39.19,96.98,0.2644,-1,-1,-1
207,14,1876.75,395.11,42.57,247.10,0.1611,-1,-1,-1
207,8,1006.00,448.96,95.31,313.54,0.7192,-1,-1,-1
207,2,830.92,435.52,148.90,376.68,0.8277,-1,-1,-1
208,93,581.48,454.64,63.08,162.77,0.7305,-1,-1,-1
208,92,1187.36,447.19,40.16,103.35,0.4098,-1,-1,-1
208,74,510.45,444.64,40.30,116.84,0.3968,-1,-1,-1
208,67,1830.94,466.92,69.64,180.63,0.1530,-1,-1,-1
208,61,1076.67,433.33,75.89,304.52,0.5922,-1,-1,-1
208,60,679.08,420.33,172.13,572.16,0.8346,-1,-1,-1
208,56,447.99,469.53,40.70,103.87,0.2034,-1,-1,-1
208,8,1008.84,450.94,92.43,309.97,0.6928,-1,-1,-1
208,2,833.18,434.52,147.64,379.89,0.8236,-1,-1,-1
209,94,969.51,444.13,46.53,109.71,0.1513,-1,-1,-1
209,93,582.49,457.56,66.38,159.84,0.7433,-1,-1,-1
209,92,1189.00,448.69,40.21,103.07,0.4842,-1,-1,-1
209,75,503.98,452.12,31.79,109.09,0.1505,-1,-1,-1
209,74,510.96,443.90,40.69,117.95,0.4144,-1,-1,-1
209,61,1083.43,433.64,77.59,281.62,0.6136,-1,-1,-1
209,60,683.62,415.51,170.91,577.79,0.8193,-1,-1,-1
209,56,447.71,471.53,41.07,102.04,0.1572,-1,-1,-1
209,8,1011.05,444.85,138.69,318.02,0.5993,-1,-1,-1
209,2,836.11,434.43,145.42,380.62,0.8075,-1,-1,-1
210,94,970.49,443.92,44.64,95.45,0.1689,-1,-1,-1
210,93,584.71,457.02,67.13,159.75,0.7272,-1,-1,-1
210,92,1190.18,445.21,39.93,106.99,0.4825,-1,-1,-1
210,75,510.99,442.18,40.33,118.61,0.4126,-1,-1,-1
210,67,1828.56,471.59,68.45,175.97,0.2342,-1,-1,-1
210,61,1087.33,433.77,80.41,260.29,0.2469,-1,-1,-1
210,60,685.84,415.61,171.89,577.37,0.7953,-1,-1,-1
210,56,444.79,475.31,41.44,97.95,0.1795,-1,-1,-1
210,14,1878.38,395.24,40.87,238.76,0.1561,-1,-1,-1
210,8,1016.65,443.65,151.14,319.57,0.8152,-1,-1,-1
210,2,840.61,427.50,148.02,386.41,0.8139,-1,-1,-1
211,94,970.54,443.84,43.02,97.25,0.1805,-1,-1,-1
211,93,584.76,451.23,71.15,165.45,0.7423,-1,-1,-1
211,92,1192.13,445.13,38.54,107.52,0.4640,-1,-1,-1
211,75,510.73,441.12,40.05,120.01,0.4344,-1,-1,-1
211,67,1829.04,471.77,67.86,175.21,0.2314,-1,-1,-1
211,61,1089.45,433.35,84.65,257.00,0.3126,-1,-1,-1
211,60,684.72,420.43,175.55,573.51,0.8112,-1,-1,-1
211,44,1687.13,435.88,94.80,149.86,0.1512,-1,-1,-1
211,14,1877.28,393.21,41.96,240.98,0.1658,-1,-1,-1
211,8,1018.80,443.46,157.59,319.96,0.8007,-1,-1,-1
211,2,847.45,430.60,149.10,386.03,0.7886,-1,-1,-1
212,94,971.29,443.98,42.45,106.15,0.2063,-1,-1,-1
212,93,587.86,450.86,67.65,164.92,0.7129,-1,-1,-1
212,92,1193.24,447.34,38.65,104.76,0.5083,-1,-1,-1
212,75,511.00,440.15,40.84,120.33,0.4645,-1,-1,-1
212,67,1829.36,471.65,68.84,175.84,0.1937,-1,-1,-1
212,61,1096.61,429.60,80.70,250.77,0.3555,-1,-1,-1
212,60,687.56,415.53,173.37,578.03,0.8253,-1,-1,-1
212,14,1877.15,392.77,42.15,243.27,0.1632,-1,-1,-1
212,8,1019.61,445.47,162.84,319.19,0.7905,-1,-1,-1
212,2,853.24,430.88,146.55,385.64,0.7878,-1,-1,-1
213,93,588.08,452.35,67.91,164.54,0.7383,-1,-1,-1
213,92,1194.49,447.13,37.93,102.99,0.3673,-1,-1,-1
213,75,510.78,439.02,41.61,121.53,0.4532,-1,-1,-1
213,67,1829.18,470.96,66.74,175.08,0.1707,-1,-1,-1
213,61,1099.73,434.15,79.48,272.74,0.5038,-1,-1,-1
213,60,687.54,413.91,177.77,579.07,0.8220,-1,-1,-1
213,56,438.25,475.05,46.08,99.58,0.1900,-1,-1,-1
213,8,1019.44,448.30,163.68,318.39,0.8067,-1,-1,-1
213,2,863.46,430.81,138.19,386.56,0.8084,-1,-1,-1
214,93,589.27,450.80,67.12,167.27,0.7260,-1,-1,-1
214,92,1195.06,445.07,40.97,104.00,0.3776,-1,-1,-1
214,75,510.39,439.14,42.73,120.82,0.4716,-1,-1,-1
214,67,1829.15,467.62,68.84,177.61,0.1548,-1,-1,-1
214,61,1105.32,430.91,78.42,279.15,0.5416,-1,-1,-1
214,60,689.49,413.61,175.69,578.88,0.8243,-1,-1,-1
214,56,439.62,474.50,43.84,99.39,0.2506,-1,-1,-1
214,8,1018.98,448.49,164.25,319.14,0.7728,-1,-1,-1
214,2,871.53,429.31,136.23,385.06,0.8162,-1,-1,-1
215,93,591.34,455.23,66.51,162.00,0.6824,-1,-1,-1
215,92,1197.48,440.46,41.32,110.61,0.3530,-1,-1,-1
215,75,510.31,438.34,42.90,121.50,0.4793,-1,-1,-1
215,67,1830.00,470.57,64.97,173.66,0.2366,-1,-1,-1
215,61,1112.78,425.87,76.88,292.36,0.5558,-1,-1,-1
215,60,693.05,411.67,176.14,582.01,0.8178,-1,-1,-1
215,56,439.44,475.92,42.79,97.88,0.2233,-1,-1,-1
215,14,1879.62,393.89,39.65,235.65,0.1712,-1,-1,-1
215,8,1019.59,446.62,160.20,321.71,0.8160,-1,-1,-1
215,2,879.29,429.09,127.33,387.34,0.8101,-1,-1,-1
216,93,594.65,456.18,64.82,166.52,0.6857,-1,-1,-1
216,92,1198.92,439.81,41.22,112.27,0.4075,-1,-1,-1
216,75,510.01,438.12,43.21,121.05,0.4926,-1,-1,-1
216,67,1831.09,468.17,64.45,177.33,0.1926,-1,-1,-1
216,61,1121.96,430.78,68.37,288.71,0.4628,-1,-1,-1
216,60,695.06,415.48,176.49,577.77,0.7933,-1,-1,-1
216,56,430.96,479.05,49.87,93.13,0.1683,-1,-1,-1
216,14,1880.28,395.59,38.96,230.34,0.1672,-1,-1,-1
216,8,1020.44,445.97,166.45,324.26,0.8255,-1,-1,-1
216,2,882.16,427.26,125.50,388.99,0.8191,-1,-1,-1
217,101,679.70,471.90,50.14,131.28,0.1823,-1,-1,-1
217,93,595.20,457.64,65.70,165.49,0.7145,-1,-1,-1
217,92,1199.37,437.19,42.37,114.39,0.4761,-1,-1,-1
217,75,509.73,438.29,43.27,120.71,0.4861,-1,-1,-1
217,67,1830.11,468.92,64.22,175.02,0.1799,-1,-1,-1
217,60,693.55,413.46,182.78,579.24,0.7479,-1,-1,-1
217,56,429.16,477.08,51.38,96.40,0.2389,-1,-1,-1
217,35,1126.91,431.55,61.67,193.01,0.3340,-1,-1,-1
217,14,1880.39,395.09,38.84,235.33,0.1593,-1,-1,-1
217,8,1023.31,446.58,163.94,322.76,0.7896,-1,-1,-1
217,2,883.45,428.98,125.41,391.59,0.8152,-1,-1,-1
218,103,1037.54,432.39,51.50,91.96,0.2192,-1,-1,-1
218,93,598.11,457.80,64.38,165.05,0.6982,-1,-1,-1
218,92,1201.51,441.78,43.29,110.18,0.4354,-1,-1,-1
218,75,509.12,439.59,42.34,119.84,0.5038,-1,-1,-1
218,61,1133.29,430.23,71.70,298.97,0.2300,-1,-1,-1
218,60,698.33,410.54,185.85,583.26,0.7671,-1,-1,-1
218,56,425.35,475.78,54.73,96.86,0.2297,-1,-1,-1
218,35,1135.61,435.66,55.43,188.32,0.2392,-1,-1,-1
218,14,1879.87,396.45,39.43,236.20,0.1753,-1,-1,-1
218,8,1028.01,440.80,160.24,329.24,0.7870,-1,-1,-1
218,2,887.07,427.21,125.39,397.06,0.8202,-1,-1,-1
219,103,1038.75,431.33,49.91,87.80,0.1846,-1,-1,-1
219,93,595.17,461.26,65.91,165.35,0.6769,-1,-1,-1
219,92,1201.81,439.48,43.57,112.04,0.4275,-1,-1,-1
219,75,509.07,439.25,42.78,119.75,0.5114,-1,-1,-1
219,67,1831.32,470.00,67.50,174.57,0.1573,-1,-1,-1
219,61,1137.71,426.87,71.61,308.39,0.2696,-1,-1,-1
219,60,701.90,411.40,187.32,581.94,0.7602,-1,-1,-1
219,56,424.32,469.17,56.07,104.29,0.2632,-1,-1,-1
219,8,1038.11,437.02,149.65,332.38,0.7945,-1,-1,-1
219,2,889.42,425.52,128.25,402.00,0.8411,-1,-1,-1
220,105,1034.95,432.71,61.78,158.55,0.3823,-1,-1,-1
220,103,1039.60,432.62,51.31,87.75,0.1784,-1,-1,-1
220,101,683.29,496.07,45.41,111.15,0.1505,-1,-1,-1
220,93,596.62,461.48,65.38,164.80,0.7001,-1,-1,-1
220,92,1207.57,447.05,39.56,103.71,0.3048,-1,-1,-1
220,75,508.69,438.57,43.16,120.32,0.5422,-1,-1,-1
220,67,1832.06,470.52,66.58,174.54,0.1699,-1,-1,-1
220,60,711.65,409.78,192.97,582.73,0.8118,-1,-1,-1
220,56,435.05,476.72,45.10,99.08,0.2755,-1,-1,-1
220,8,1047.10,439.12,142.40,330.04,0.8068,-1,-1,-1
220,2,891.77,426.11,127.79,406.92,0.8422,-1,-1,-1
221,105,1036.00,437.53,58.79,150.58,0.3133,-1,-1,-1
221,104,470.99,446.90,38.71,106.96,0.1728,-1,-1,-1
221,103,1040.99,436.39,46.01,67.62,0.1714,-1,-1,-1
221,101,681.48,481.59,46.26,129.13,0.1849,-1,-1,-1
221,93,598.38,460.30,61.85,163.32,0.7230,-1,-1,-1
221,92,1207.29,454.98,42.57,95.47,0.1571,-1,-1,-1
221,75,509.11,439.60,42.50,120.36,0.5023,-1,-1,-1
221,67,1829.36,469.30,63.88,174.16,0.2092,-1,-1,-1
221,61,1149.83,437.82,68.38,293.94,0.5497,-1,-1,-1
221,60,716.09,410.85,212.64,583.33,0.8604,-1,-1,-1
221,56,432.46,473.12,46.57,102.11,0.2237,-1,-1,-1
221,44,1692.67,435.48,88.29,149.78,0.1562,-1,-1,-1
221,8,1054.94,438.74,135.87,330.58,0.8092,-1,-1,-1
221,2,895.40,424.78,129.20,408.33,0.8386,-1,-1,-1
222,103,1041.45,435.16,47.67,68.77,0.1591,-1,-1,-1
222,102,1040.38,435.35,55.38,147.56,0.2662,-1,-1,-1
222,101,683.04,498.70,48.07,112.29,0.2083,-1,-1,-1
222,93,600.81,461.02,58.86,163.18,0.7403,-1,-1,-1
222,75,508.97,439.14,42.30,121.11,0.4928,-1,-1,-1
222,67,1829.00,468.16,67.52,177.57,0.2384,-1,-1,-1
222,61,1155.16,433.26,79.53,295.23,0.5986,-1,-1,-1
222,60,716.48,410.88,225.61,583.48,0.8614,-1,-1,-1
222,56,435.13,475.43,43.80,98.33,0.1605,-1,-1,-1
222,14,1877.73,390.35,41.57,242.29,0.2279,-1,-1,-1
222,8,1068.28,440.16,122.86,329.36,0.8168,-1,-1,-1
222,2,896.00,425.08,131.33,408.90,0.8379,-1,-1,-1
223,103,1042.98,435.83,48.81,67.12,0.1590,-1,-1,-1
223,102,1041.83,437.28,52.94,140.27,0.2724,-1,-1,-1
223,101,681.58,497.29,51.01,114.98,0.1943,-1,-1,-1
223,93,601.30,457.76,58.40,168.76,0.6914,-1,-1,-1
223,92,1215.90,444.41,38.15,106.88,0.1865,-1,-1,-1
223,75,507.04,439.73,45.65,121.01,0.4910,-1,-1,-1
223,67,1832.52,468.52,68.36,178.15,0.1773,-1,-1,-1
223,61,1170.24,429.42,65.60,300.79,0.2279,-1,-1,-1
223,60,716.21,406.31,248.88,588.47,0.8502,-1,-1,-1
223,56,432.66,473.17,49.25,99.28,0.2101,-1,-1,-1
223,14,1876.15,387.96,43.14,247.15,0.1980,-1,-1,-1
223,8,1081.07,439.52,110.41,330.95,0.7982,-1,-1,-1
223,2,899.53,427.47,130.18,410.80,0.8240,-1,-1,-1
224,105,1043.28,439.45,53.93,146.40,0.3281,-1,-1,-1
224,101,680.54,502.39,53.62,108.83,0.1927,-1,-1,-1
224,93,603.64,459.45,56.56,164.76,0.6905,-1,-1,-1
224,92,1217.89,440.26,36.65,112.46,0.1908,-1,-1,-1
224,75,506.96,440.24,46.47,120.60,0.5185,-1,-1,-1
224,67,1830.03,466.12,68.02,179.57,0.2421,-1,-1,-1
224,61,1176.16,440.52,60.15,288.36,0.1628,-1,-1,-1
224,60,721.61,406.77,263.06,586.20,0.8502,-1,-1,-1
224,56,432.65,466.79,49.33,105.26,0.2110,-1,-1,-1
224,14,1878.95,391.26,40.33,236.25,0.1861,-1,-1,-1
224,8,1096.89,441.53,106.54,333.62,0.7632,-1,-1,-1
224,2,900.72,427.92,128.03,412.67,0.8212,-1,-1,-1
225,105,1045.26,441.79,50.77,144.81,0.2193,-1,-1,-1
225,104,472.47,449.99,35.99,105.03,0.1710,-1,-1,-1
225,101,682.19,501.62,54.09,112.44,0.2553,-1,-1,-1
225,93,603.39,461.01,59.17,166.86,0.6750,-1,-1,-1
225,92,1220.44,455.89,35.76,96.79,0.1515,-1,-1,-1
225,75,508.47,440.19,44.94,120.57,0.4953,-1,-1,-1
225,67,1830.12,469.70,69.49,177.83,0.2086,-1,-1,-1
225,61,1168.60,426.46,63.46,309.53,0.3152,-1,-1,-1
225,60,724.99,410.02,270.46,585.95,0.8309,-1,-1,-1
225,56,429.77,473.60,46.79,102.51,0.2737,-1,-1,-1
225,14,1877.62,390.06,41.69,245.63,0.1748,-1,-1,-1
225,8,1103.46,439.89,95.88,336.60,0.7244,-1,-1,-1
225,2,902.73,428.43,129.20,414.12,0.8180,-1,-1,-1
226,93,604.49,462.35,57.53,167.43,0.6738,-1,-1,-1
226,92,1219.54,446.79,37.44,104.54,0.1798,-1,-1,-1
226,74,507.47,439.67,45.79,121.06,0.5070,-1,-1,-1
226,67,1828.59,469.24,70.25,176.82,0.2126,-1,-1,-1
226,61,1174.42,432.00,63.63,303.51,0.5215,-1,-1,-1
226,60,727.75,403.80,283.28,592.37,0.8566,-1,-1,-1
226,56,430.86,474.17,44.71,100.35,0.2322,-1,-1,-1
226,44,1670.18,433.72,103.87,153.74,0.1547,-1,-1,-1
226,14,1879.17,395.15,40.11,241.38,0.1596,-1,-1,-1
226,8,1108.64,436.98,95.18,342.19,0.6919,-1,-1,-1
226,2,904.31,428.82,134.29,415.03,0.8178,-1,-1,-1
227,93,607.10,458.76,55.07,168.40,0.6644,-1,-1,-1
227,74,506.80,438.36,45.96,122.37,0.4668,-1,-1,-1
227,67,1826.05,470.44,70.06,172.83,0.2001,-1,-1,-1
227,61,1178.61,427.91,69.05,310.37,0.5511,-1,-1,-1
227,60,729.82,405.13,291.73,589.58,0.8732,-1,-1,-1
227,56,428.09,477.83,45.39,95.68,0.2399,-1,-1,-1
227,14,1876.74,389.33,42.54,241.45,0.2227,-1,-1,-1
227,8,1114.00,438.46,99.35,342.57,0.7436,-1,-1,-1
227,2,905.80,428.38,137.35,416.29,0.8113,-1,-1,-1
228,110,722.65,455.80,51.34,111.49,0.2523,-1,-1,-1
228,93,607.57,460.73,54.02,166.41,0.6634,-1,-1,-1
228,74,505.94,439.09,46.14,122.25,0.4947,-1,-1,-1
228,67,1825.02,468.95,73.43,175.35,0.1831,-1,-1,-1
228,61,1185.14,429.20,69.35,305.98,0.4416,-1,-1,-1
228,60,735.06,408.18,291.00,586.77,0.8740,-1,-1,-1
228,56,426.29,478.39,45.42,98.25,0.2775,-1,-1,-1
228,14,1878.47,387.82,40.84,242.18,0.2344,-1,-1,-1
228,8,1116.28,438.95,101.94,350.56,0.7538,-1,-1,-1
228,2,906.53,425.13,139.50,418.62,0.7917,-1,-1,-1
229,110,722.13,451.41,57.55,120.43,0.1871,-1,-1,-1
229,104,470.03,448.06,38.09,108.02,0.1600,-1,-1,-1
229,102,1047.64,434.76,50.35,137.79,0.1864,-1,-1,-1
229,101,685.25,459.51,91.83,177.52,0.1527,-1,-1,-1
229,93,608.26,455.71,56.16,176.07,0.6667,-1,-1,-1
229,74,506.61,438.66,46.20,122.95,0.4472,-1,-1,-1
229,61,1189.68,419.13,75.63,189.89,0.5812,-1,-1,-1
229,60,739.29,408.62,296.28,586.97,0.8633,-1,-1,-1
229,56,425.68,477.39,44.14,101.06,0.3821,-1,-1,-1
229,14,1876.98,388.46,42.35,243.63,0.2633,-1,-1,-1
229,8,1116.59,441.77,103.02,347.45,0.7591,-1,-1,-1
229,2,906.08,426.75,140.20,417.55,0.7790,-1,-1,-1
230,110,723.76,451.92,59.03,103.25,0.1883,-1,-1,-1
230,102,1051.19,436.52,60.24,147.94,0.3250,-1,-1,-1
230,93,611.17,457.72,56.82,175.03,0.6641,-1,-1,-1
230,75,506.62,440.68,45.02,120.36,0.4376,-1,-1,-1
230,61,1194.05,417.76,73.83,191.28,0.5678,-1,-1,-1
230,60,745.73,412.24,289.96,582.48,0.8321,-1,-1,-1
230,56,425.91,478.40,46.36,99.27,0.4626,-1,-1,-1
230,14,1877.87,387.31,41.39,248.27,0.1526,-1,-1,-1
230,8,1118.41,442.80,111.29,348.44,0.7168,-1,-1,-1
230,2,907.37,425.79,144.97,416.74,0.7787,-1,-1,-1
231,110,745.13,447.40,49.47,144.89,0.1733,-1,-1,-1
231,102,1056.02,438.87,56.31,151.01,0.2604,-1,-1,-1
231,101,695.53,452.66,108.79,181.71,0.2420,-1,-1,-1
231,93,610.26,463.42,60.52,167.95,0.6846,-1,-1,-1
231,74,508.10,439.84,43.98,121.33,0.4875,-1,-1,-1
231,61,1199.16,418.56,72.47,188.18,0.5553,-1,-1,-1
231,60,751.99,411.38,283.86,585.46,0.8498,-1,-1,-1
231,56,425.66,477.13,45.18,100.95,0.4684,-1,-1,-1
231,14,1878.09,388.98,41.18,247.11,0.1604,-1,-1,-1
231,8,1125.86,439.95,127.68,350.51,0.7973,-1,-1,-1
231,2,910.95,425.42,135.59,416.75,0.7764,-1,-1,-1
232,110,747.51,431.59,87.17,194.74,0.2996,-1,-1,-1
232,102,1058.49,439.96,54.04,151.11,0.1856,-1,-1,-1
232,101,704.90,453.34,103.54,186.28,0.2163,-1,-1,-1
232,93,610.97,454.62,60.74,176.32,0.6764,-1,-1,-1
232,75,508.07,440.82,43.44,120.68,0.5419,-1,-1,-1
232,67,1827.93,468.79,71.70,177.85,0.1771,-1,-1,-1
232,61,1204.08,418.61,69.46,184.58,0.4756,-1,-1,-1
232,60,761.86,409.60,276.09,586.56,0.8219,-1,-1,-1
232,56,425.80,477.75,46.04,99.99,0.4858,-1,-1,-1
232,8,1132.63,440.24,131.48,351.05,0.7951,-1,-1,-1
232,2,913.42,424.99,131.42,419.17,0.7990,-1,-1,-1
233,111,676.96,460.99,53.88,143.95,0.1569,-1,-1,-1
233,110,749.94,430.97,89.94,195.69,0.2858,-1,-1,-1
233,102,1060.96,437.25,61.99,155.14,0.3268,-1,-1,-1
233,101,708.78,457.52,75.00,183.52,0.1897,-1,-1,-1
233,93,611.08,453.61,63.79,177.23,0.6711,-1,-1,-1
233,75,508.86,440.46,41.19,120.52,0.5223,-1,-1,-1
233,67,1828.51,466.93,72.03,178.03,0.1514,-1,-1,-1
233,61,1208.52,427.52,68.23,177.92,0.3829,-1,-1,-1
233,60,768.02,412.32,271.51,584.33,0.8234,-1,-1,-1
233,56,425.96,477.74,42.44,99.12,0.4406,-1,-1,-1
233,14,1878.39,389.17,40.93,243.26,0.1661,-1,-1,-1
233,8,1132.32,442.97,133.98,350.76,0.8316,-1,-1,-1
233,2,920.53,424.86,126.47,422.86,0.7580,-1,-1,-1
234,111,671.60,480.85,53.27,126.43,0.1799,-1,-1,-1
234,110,749.80,432.80,97.01,192.31,0.3089,-1,-1,-1
234,102,1062.38,436.58,63.34,154.82,0.3789,-1,-1,-1
234,101,713.85,463.45,60.65,171.44,0.1640,-1,-1,-1
234,93,612.64,456.98,64.45,171.51,0.6641,-1,-1,-1
234,75,508.52,440.16,42.05,120.90,0.5272,-1,-1,-1
234,67,1828.33,465.98,72.87,180.82,0.1796,-1,-1,-1
234,61,1212.15,423.42,68.82,183.50,0.3032,-1,-1,-1
234,60,777.18,417.59,265.13,580.19,0.7897,-1,-1,-1
234,56,425.07,476.54,41.27,100.09,0.4593,-1,-1,-1
234,8,1132.83,445.14,133.86,352.96,0.8436,-1,-1,-1
234,2,923.64,424.55,125.04,425.81,0.7377,-1,-1,-1
235,113,737.16,427.44,156.01,435.52,0.5507,-1,-1,-1
235,111,672.61,484.78,52.20,123.35,0.1552,-1,-1,-1
235,110,751.58,434.90,102.39,194.42,0.2197,-1,-1,-1
235,93,616.66,454.21,59.56,176.14,0.6713,-1,-1,-1
235,75,508.77,440.62,40.45,120.34,0.5102,-1,-1,-1
235,67,1829.98,464.31,71.50,182.04,0.1627,-1,-1,-1
235,61,1215.87,429.81,68.17,176.90,0.4326,-1,-1,-1
235,60,789.49,418.77,252.54,578.26,0.8166,-1,-1,-1
235,56,425.02,476.51,40.15,98.91,0.4737,-1,-1,-1
235,8,1132.61,444.98,137.80,356.30,0.8149,-1,-1,-1
235,2,924.42,423.69,125.38,432.78,0.6978,-1,-1,-1
236,113,745.36,431.60,139.03,433.54,0.5302,-1,-1,-1
236,111,675.57,462.02,54.60,145.63,0.1796,-1,-1,-1
236,110,755.90,434.76,104.62,195.89,0.1963,-1,-1,-1
236,102,1065.25,439.69,61.66,149.00,0.2525,-1,-1,-1
236,93,620.95,457.52,55.63,172.86,0.6884,-1,-1,-1
236,75,508.40,440.17,40.13,120.29,0.4780,-1,-1,-1
236,61,1221.45,430.63,66.30,178.61,0.4839,-1,-1,-1
236,60,789.45,410.39,252.64,586.93,0.8125,-1,-1,-1
236,56,425.05,474.37,38.67,100.57,0.4677,-1,-1,-1
236,8,1133.46,444.11,138.45,358.40,0.8209,-1,-1,-1
236,2,934.94,423.26,114.59,428.79,0.6907,-1,-1,-1
237,117,1114.84,439.30,35.21,105.56,0.2487,-1,-1,-1
237,113,755.86,433.17,129.21,430.44,0.5870,-1,-1,-1
237,104,467.42,448.66,37.23,107.83,0.1627,-1,-1,-1
237,102,1067.47,438.60,60.93,149.92,0.2830,-1,-1,-1
237,93,621.73,454.60,55.02,175.52,0.6499,-1,-1,-1
237,74,509.36,439.94,39.94,119.27,0.4445,-1,-1,-1
237,61,1231.15,429.47,64.22,182.55,0.4660,-1,-1,-1
237,60,791.21,416.83,249.37,580.80,0.8147,-1,-1,-1
237,56,424.17,471.51,39.56,100.81,0.2571,-1,-1,-1
237,14,1878.13,387.84,41.19,257.97,0.1779,-1,-1,-1
237,8,1136.29,441.70,138.82,361.31,0.8085,-1,-1,-1
237,2,940.12,423.12,116.23,417.58,0.5452,-1,-1,-1
238,117,1116.69,441.19,34.38,104.71,0.2672,-1,-1,-1
238,113,758.43,436.92,125.48,428.58,0.4338,-1,-1,-1
238,111,669.60,468.16,57.08,147.18,0.2432,-1,-1,-1
238,110,760.86,440.18,104.94,189.87,0.1782,-1,-1,-1
238,102,1067.89,440.97,61.37,148.65,0.2078,-1,-1,-1
238,93,624.35,459.64,50.47,174.97,0.6747,-1,-1,-1
238,74,509.70,441.95,39.41,115.88,0.3341,-1,-1,-1
238,61,1232.91,429.09,74.20,183.28,0.4721,-1,-1,-1
238,60,788.38,409.71,252.63,587.61,0.8136,-1,-1,-1
238,56,424.16,473.53,39.49,100.01,0.2825,-1,-1,-1
238,14,1878.18,387.49,41.17,257.67,0.1937,-1,-1,-1
238,8,1140.30,436.94,136.48,366.32,0.7699,-1,-1,-1
238,2,943.37,421.65,117.04,405.66,0.5794,-1,-1,-1
239,117,1119.24,443.90,32.33,101.34,0.2054,-1,-1,-1
239,113,714.33,438.64,160.72,427.73,0.5458,-1,-1,-1
239,111,672.40,487.73,53.43,118.36,0.2000,-1,-1,-1
239,110,764.83,440.41,108.51,191.61,0.1669,-1,-1,-1
239,93,625.97,461.19,53.09,173.48,0.6684,-1,-1,-1
239,74,509.41,441.62,39.69,116.64,0.3981,-1,-1,-1
239,61,1240.04,429.39,68.00,186.91,0.3096,-1,-1,-1
239,60,791.78,407.60,247.83,590.62,0.8386,-1,-1,-1
239,56,423.88,475.43,38.18,97.89,0.2397,-1,-1,-1
239,14,1877.49,387.12,41.84,260.60,0.1729,-1,-1,-1
239,8,1148.38,437.57,128.56,366.67,0.7496,-1,-1,-1
239,2,949.60,423.73,113.23,357.39,0.4359,-1,-1,-1
240,120,1244.42,431.76,70.66,323.65,0.5407,-1,-1,-1
240,117,1121.08,446.26,31.96,99.70,0.1737,-1,-1,-1
240,113,717.16,437.81,163.63,430.81,0.6310,-1,-1,-1
240,111,674.09,497.57,51.34,119.16,0.2053,-1,-1,-1
240,105,1068.12,442.76,56.41,152.48,0.2169,-1,-1,-1
240,93,627.59,460.61,51.53,172.20,0.5954,-1,-1,-1
240,74,509.03,441.13,39.92,117.80,0.4040,-1,-1,-1
240,60,796.00,412.04,244.17,586.65,0.8480,-1,-1,-1
240,56,421.48,475.19,37.68,97.94,0.1996,-1,-1,-1
240,14,1877.05,387.74,42.29,255.41,0.2346,-1,-1,-1
240,8,1162.04,437.46,116.54,371.39,0.7143,-1,-1,-1
240,2,954.97,425.10,115.65,416.96,0.6240,-1,-1,-1
241,120,1251.75,429.82,64.52,325.84,0.5438,-1,-1,-1
241,117,1119.08,445.78,34.77,100.94,0.2013,-1,-1,-1
241,113,722.40,437.01,161.33,429.41,0.6225,-1,-1,-1
241,111,675.12,489.34,49.96,117.24,0.1898,-1,-1,-1
241,105,1069.32,449.71,53.78,144.20,0.2554,-1,-1,-1
241,93,628.71,456.83,57.00,175.01,0.5834,-1,-1,-1
241,75,508.82,442.01,39.81,116.88,0.4083,-1,-1,-1
241,60,810.80,416.38,231.41,583.60,0.8196,-1,-1,-1
241,14,1878.60,389.38,40.73,256.23,0.1754,-1,-1,-1
241,8,1172.76,438.16,109.06,370.48,0.7354,-1,-1,-1
241,2,960.37,425.58,109.12,417.25,0.6740,-1,-1,-1
242,120,1254.70,428.59,63.51,339.24,0.2629,-1,-1,-1
242,117,1119.89,445.08,34.41,102.19,0.1897,-1,-1,-1
242,113,757.32,437.16,127.79,434.99,0.6463,-1,-1,-1
242,105,1068.62,448.49,56.89,142.94,0.2413,-1,-1,-1
242,101,722.04,449.10,55.66,202.46,0.1506,-1,-1,-1
242,100,676.71,456.54,55.35,142.91,0.1961,-1,-1,-1
242,93,628.25,459.52,58.12,170.30,0.5867,-1,-1,-1
242,74,508.32,444.75,39.72,114.46,0.3896,-1,-1,-1
242,61,1256.25,435.11,56.63,176.28,0.1841,-1,-1,-1
242,60,823.87,423.72,216.42,579.69,0.8240,-1,-1,-1
242,14,1878.05,389.32,41.27,250.17,0.1971,-1,-1,-1
242,8,1181.14,437.43,110.18,366.33,0.6818,-1,-1,-1
242,2,957.37,425.87,115.07,411.68,0.5606,-1,-1,-1
243,120,1255.37,425.41,64.34,353.70,0.1966,-1,-1,-1
243,117,1121.72,446.46,31.36,102.86,0.2026,-1,-1,-1
243,113,735.29,436.93,153.04,432.59,0.6695,-1,-1,-1
243,105,1069.27,448.97,56.20,143.07,0.2464,-1,-1,-1
243,104,457.50,449.21,46.44,111.35,0.1841,-1,-1,-1
243,101,722.62,454.40,52.94,188.42,0.1895,-1,-1,-1
243,100,677.11,456.66,55.77,143.77,0.2105,-1,-1,-1
243,93,630.08,461.62,60.95,167.70,0.5670,-1,-1,-1
243,74,507.92,450.38,40.24,108.65,0.3382,-1,-1,-1
243,61,1259.58,424.20,56.22,195.47,0.1578,-1,-1,-1
243,60,829.37,402.64,212.77,602.47,0.8007,-1,-1,-1
243,14,1879.04,395.92,40.27,244.05,0.1643,-1,-1,-1
243,8,1188.93,435.32,107.57,368.14,0.6389,-1,-1,-1
243,2,976.97,427.77,96.04,407.97,0.4631,-1,-1,-1
244,117,1120.89,450.51,32.36,98.98,0.2082,-1,-1,-1
244,113,734.31,435.96,154.06,432.93,0.6903,-1,-1,-1
244,105,1070.38,449.74,55.82,142.66,0.2628,-1,-1,-1
244,104,455.94,449.11,48.16,110.91,0.1558,-1,-1,-1
244,101,723.32,457.79,46.07,123.60,0.1630,-1,-1,-1
244,100,680.03,460.38,51.73,135.89,0.2057,-1,-1,-1
244,93,631.10,462.30,65.95,168.98,0.5952,-1,-1,-1
244,74,507.53,447.34,40.88,112.02,0.3742,-1,-1,-1
244,61,1266.18,421.67,60.46,210.54,0.1555,-1,-1,-1
244,60,840.90,395.03,203.52,613.72,0.7915,-1,-1,-1
244,14,1877.84,393.62,41.47,244.81,0.1875,-1,-1,-1
244,8,1199.16,433.33,114.27,369.95,0.7684,-1,-1,-1
244,2,980.96,422.41,96.01,417.72,0.4868,-1,-1,-1
245,117,1120.47,454.31,32.75,95.75,0.1955,-1,-1,-1
245,113,735.50,437.65,158.08,434.77,0.6435,-1,-1,-1
245,105,1069.08,450.60,56.15,141.65,0.2624,-1,-1,-1
245,104,455.26,447.71,48.33,110.49,0.1605,-1,-1,-1
245,100,681.80,459.18,50.90,139.30,0.2106,-1,-1,-1
245,93,631.17,463.04,65.80,168.71,0.5915,-1,-1,-1
245,74,506.97,446.29,41.61,112.46,0.3848,-1,-1,-1
245,67,1829.27,466.07,69.55,180.25,0.1680,-1,-1,-1
245,61,1270.65,417.09,63.62,222.32,0.2650,-1,-1,-1
245,60,848.17,401.08,202.13,615.11,0.7382,-1,-1,-1
245,14,1879.17,394.61,40.15,243.83,0.2038,-1,-1,-1
245,8,1204.63,431.73,117.36,372.30,0.7983,-1,-1,-1
245,2,983.85,420.05,95.23,420.29,0.2528,-1,-1,-1
246,117,1123.05,452.97,29.98,96.61,0.2059,-1,-1,-1
246,113,735.57,439.35,164.71,433.68,0.5698,-1,-1,-1
246,105,1071.29,448.77,55.62,145.39,0.3268,-1,-1,-1
246,104,458.42,445.70,46.03,113.79,0.1813,-1,-1,-1
246,101,724.37,471.83,42.94,117.18,0.1551,-1,-1,-1
246,100,683.86,459.25,47.45,140.67,0.2727,-1,-1,-1
246,93,632.39,460.97,64.15,169.68,0.5923,-1,-1,-1
246,75,507.63,441.06,41.42,118.05,0.3772,-1,-1,-1
246,67,1829.84,463.04,69.97,183.68,0.2001,-1,-1,-1
246,61,1278.30,421.10,60.27,216.29,0.4107,-1,-1,-1
246,60,856.38,412.66,197.77,615.27,0.7832,-1,-1,-1
246,14,1879.29,394.20,40.03,245.04,0.2031,-1,-1,-1
246,8,1208.07,431.46,112.59,370.62,0.7652,-1,-1,-1
246,2,984.63,423.53,105.06,421.17,0.2652,-1,-1,-1
247,117,1120.48,448.70,30.33,100.13,0.1848,-1,-1,-1
247,116,569.62,463.40,24.57,56.03,0.1572,-1,-1,-1
247,113,772.08,436.14,135.40,440.71,0.5569,-1,-1,-1
247,105,1072.17,446.55,52.06,149.67,0.2383,-1,-1,-1
247,104,459.27,446.54,44.65,113.46,0.2789,-1,-1,-1
247,101,722.15,471.77,42.91,119.34,0.1876,-1,-1,-1
247,100,682.26,457.28,50.08,142.08,0.2845,-1,-1,-1
247,93,631.97,457.85,69.29,173.86,0.5075,-1,-1,-1
247,75,504.46,441.20,44.52,118.06,0.4357,-1,-1,-1
247,67,1824.15,465.66,76.47,187.94,0.1834,-1,-1,-1
247,61,1284.54,429.28,53.25,199.25,0.2143,-1,-1,-1
247,60,867.15,421.33,188.56,613.84,0.7729,-1,-1,-1
247,56,415.23,472.10,41.51,100.03,0.1595,-1,-1,-1
247,14,1877.77,390.02,41.54,244.28,0.2572,-1,-1,-1
247,8,1211.13,430.68,120.58,369.45,0.7320,-1,-1,-1
247,2,990.30,429.36,111.14,418.39,0.2769,-1,-1,-1
248,122,1006.32,421.33,60.35,168.00,0.2345,-1,-1,-1
248,113,771.64,434.05,136.76,443.32,0.5747,-1,-1,-1
248,105,1070.84,437.88,65.84,154.24,0.3615,-1,-1,-1
248,104,459.66,446.33,44.43,115.13,0.2568,-1,-1,-1
248,101,723.54,485.28,44.17,105.93,0.2143,-1,-1,-1
248,100,689.69,461.15,42.06,138.34,0.2321,-1,-1,-1
248,93,638.05,461.31,58.95,170.93,0.5894,-1,-1,-1
248,75,503.82,440.27,45.10,118.99,0.3943,-1,-1,-1
248,67,1824.53,461.08,76.36,191.67,0.1804,-1,-1,-1
248,61,1290.12,427.21,53.01,217.39,0.1559,-1,-1,-1
248,60,877.65,420.07,186.31,619.46,0.7379,-1,-1,-1
248,56,414.25,474.31,42.63,98.11,0.1860,-1,-1,-1
248,44,1668.20,433.40,108.43,155.55,0.1856,-1,-1,-1
248,14,1877.54,390.06,41.78,252.01,0.2778,-1,-1,-1
248,8,1215.03,431.53,136.38,371.14,0.8024,-1,-1,-1
248,2,992.38,443.43,122.53,406.81,0.2499,-1,-1,-1
249,113,779.83,430.93,142.07,446.60,0.7505,-1,-1,-1
249,105,1090.88,438.59,53.32,132.66,0.1638,-1,-1,-1
249,104,459.98,448.19,43.41,109.59,0.2049,-1,-1,-1
249,102,1069.14,442.15,59.82,153.09,0.2689,-1,-1,-1
249,101,724.12,480.86,41.54,108.08,0.1620,-1,-1,-1
249,100,690.53,458.42,41.16,142.08,0.2118,-1,-1,-1
249,93,636.96,452.31,61.55,180.84,0.5774,-1,-1,-1
249,75,505.15,443.63,44.28,116.07,0.4016,-1,-1,-1
249,61,1295.91,421.78,52.70,227.25,0.2646,-1,-1,-1
249,60,884.75,422.99,182.69,620.61,0.7133,-1,-1,-1
249,56,415.50,474.62,41.59,98.54,0.2168,-1,-1,-1
249,8,1217.37,431.41,154.19,371.53,0.6993,-1,-1,-1
249,2,994.06,431.91,114.45,416.93,0.2453,-1,-1,-1
250,124,600.38,462.82,27.77,55.00,0.2097,-1,-1,-1
250,113,779.66,427.47,147.70,450.31,0.7529,-1,-1,-1
250,105,1092.88,435.90,55.06,156.80,0.3144,-1,-1,-1
250,104,462.35,450.44,42.69,108.10,0.1812,-1,-1,-1
250,101,726.73,487.42,41.49,104.41,0.2138,-1,-1,-1
250,100,695.18,455.41,37.40,146.38,0.1723,-1,-1,-1
250,93,643.20,449.86,65.83,183.90,0.6447,-1,-1,-1
250,74,507.93,444.46,41.72,115.08,0.3396,-1,-1,-1
250,67,1856.86,441.25,62.51,340.84,0.2150,-1,-1,-1
250,61,1303.03,436.94,50.85,209.70,0.1670,-1,-1,-1
250,60,890.41,423.08,222.81,615.05,0.7204,-1,-1,-1
250,56,409.98,472.30,47.67,99.42,0.1871,-1,-1,-1
250,8,1218.44,432.42,175.13,372.29,0.7418,-1,-1,-1
250,2,990.77,429.52,120.68,419.78,0.2053,-1,-1,-1
251,124,599.43,463.16,26.89,55.58,0.2068,-1,-1,-1
251,117,1108.94,442.35,44.42,108.79,0.1772,-1,-1,-1
251,113,784.29,428.83,140.84,449.39,0.7635,-1,-1,-1
251,105,1091.10,439.10,58.60,151.56,0.2400,-1,-1,-1
251,104,468.85,451.13,36.70,102.93,0.1600,-1,-1,-1
251,102,1074.74,445.03,54.60,150.72,0.2218,-1,-1,-1
251,101,726.91,478.91,45.17,111.01,0.1884,-1,-1,-1
251,100,695.13,452.95,37.80,145.22,0.1625,-1,-1,-1
251,93,648.02,449.82,67.53,181.82,0.6700,-1,-1,-1
251,75,507.59,446.01,42.75,114.15,0.3449,-1,-1,-1
251,67,1849.15,473.02,70.21,309.48,0.3460,-1,-1,-1
251,60,901.97,409.32,217.15,634.65,0.7894,-1,-1,-1
251,56,410.76,472.31,44.73,99.20,0.2612,-1,-1,-1
251,8,1216.41,430.00,192.18,374.88,0.8487,-1,-1,-1
252,117,1097.75,442.73,40.19,120.81,0.2259,-1,-1,-1
252,113,784.42,429.71,143.37,449.99,0.7428,-1,-1,-1
252,105,1115.97,443.66,39.07,108.35,0.1709,-1,-1,-1
252,104,463.22,455.45,42.61,104.91,0.1898,-1,-1,-1
252,102,1076.94,446.13,51.39,149.01,0.2331,-1,-1,-1
252,101,729.67,487.20,45.28,110.23,0.2965,-1,-1,-1
252,100,695.63,455.06,37.22,144.87,0.1688,-1,-1,-1
252,93,649.85,447.80,67.38,183.94,0.7185,-1,-1,-1
252,74,507.36,442.87,43.93,117.56,0.3642,-1,-1,-1
252,67,1847.68,530.93,71.66,249.52,0.4945,-1,-1,-1
252,60,909.19,403.22,217.75,636.22,0.8474,-1,-1,-1
252,56,410.64,472.27,44.17,99.98,0.3845,-1,-1,-1
252,8,1216.80,427.08,201.87,378.99,0.8414,-1,-1,-1
253,124,600.71,472.29,21.07,46.46,0.1583,-1,-1,-1
253,117,1099.69,441.66,43.71,121.64,0.2823,-1,-1,-1
253,113,789.12,432.41,136.24,444.40,0.7412,-1,-1,-1
253,104,463.73,455.28,43.12,103.00,0.2086,-1,-1,-1
253,102,1078.21,445.80,52.79,149.33,0.1989,-1,-1,-1
253,101,728.84,481.87,48.55,112.28,0.3698,-1,-1,-1
253,100,697.44,453.35,35.93,147.84,0.1680,-1,-1,-1
253,93,652.03,446.87,65.61,185.52,0.6938,-1,-1,-1
253,74,508.45,444.16,43.28,116.76,0.3318,-1,-1,-1
253,67,1847.89,479.12,71.46,299.38,0.5930,-1,-1,-1
253,60,917.47,404.38,210.89,636.19,0.8429,-1,-1,-1
253,56,410.59,470.94,44.74,100.85,0.3768,-1,-1,-1
253,8,1217.74,427.36,204.26,380.15,0.8539,-1,-1,-1
254,124,600.16,472.42,20.31,46.37,0.1745,-1,-1,-1
254,122,1022.61,448.37,59.38,143.47,0.2218,-1,-1,-1
254,117,1100.35,442.34,47.22,147.03,0.2917,-1,-1,-1
254,113,786.65,433.23,139.21,444.20,0.7462,-1,-1,-1
254,104,464.14,458.22,42.49,100.08,0.2098,-1,-1,-1
254,102,1079.31,449.60,53.83,145.88,0.2007,-1,-1,-1
254,101,731.45,485.46,44.90,112.45,0.3836,-1,-1,-1
254,93,655.41,448.44,62.38,183.53,0.7196,-1,-1,-1
254,74,508.77,446.66,42.61,114.49,0.3833,-1,-1,-1
254,60,921.35,409.42,203.67,631.04,0.8355,-1,-1,-1
254,56,411.46,467.66,40.95,104.50,0.3536,-1,-1,-1
254,14,1839.58,391.36,79.80,389.12,0.5196,-1,-1,-1
254,8,1217.24,424.11,201.65,385.46,0.8595,-1,-1,-1
255,124,600.36,472.80,23.11,45.40,0.1700,-1,-1,-1
255,122,1022.71,446.42,61.41,141.00,0.2152,-1,-1,-1
255,119,1102.79,437.65,47.50,117.65,0.3306,-1,-1,-1
255,116,571.42,461.37,20.66,57.42,0.1531,-1,-1,-1
255,113,799.77,430.64,133.83,446.18,0.7032,-1,-1,-1
255,104,467.93,464.07,38.36,97.33,0.2098,-1,-1,-1
255,102,1074.18,460.71,44.45,136.65,0.1877,-1,-1,-1
255,101,731.00,483.51,46.11,113.97,0.3561,-1,-1,-1
255,100,700.82,458.90,31.62,135.99,0.1667,-1,-1,-1
255,93,656.91,449.49,64.01,183.22,0.6826,-1,-1,-1
255,74,512.06,446.10,39.84,114.62,0.3656,-1,-1,-1
255,60,925.08,405.06,191.39,637.71,0.8328,-1,-1,-1
255,56,410.45,471.20,40.45,102.53,0.3801,-1,-1,-1
255,14,1813.48,389.08,105.88,390.63,0.7462,-1,-1,-1
255,8,1217.82,427.66,209.13,384.18,0.8621,-1,-1,-1
256,124,600.17,467.10,25.24,50.49,0.1882,-1,-1,-1
256,119,1099.87,436.04,50.92,120.83,0.3241,-1,-1,-1
256,116,570.10,461.46,22.03,57.67,0.1507,-1,-1,-1
256,113,806.85,432.39,128.99,449.55,0.7444,-1,-1,-1
256,104,465.36,461.45,39.44,100.99,0.2165,-1,-1,-1
256,101,730.37,483.50,44.91,115.17,0.3395,-1,-1,-1
256,93,657.84,450.47,68.88,183.45,0.7103,-1,-1,-1
256,74,510.42,440.32,42.51,121.06,0.4503,-1,-1,-1
256,60,928.30,408.40,195.79,630.85,0.8421,-1,-1,-1
256,56,408.38,475.13,41.66,99.36,0.3763,-1,-1,-1
256,44,1683.27,436.87,98.81,150.74,0.1520,-1,-1,-1
256,14,1805.71,394.82,113.67,385.24,0.7645,-1,-1,-1
256,8,1223.20,428.29,207.46,385.61,0.8679,-1,-1,-1
257,126,553.05,452.67,31.70,65.24,0.1768,-1,-1,-1
257,124,600.29,464.42,27.40,53.42,0.1881,-1,-1,-1
257,122,1038.38,473.61,56.01,119.16,0.1787,-1,-1,-1
257,119,1101.45,435.42,49.81,121.24,0.3593,-1,-1,-1
257,116,568.68,460.94,23.54,58.64,0.1748,-1,-1,-1
257,113,810.08,433.74,128.25,460.91,0.7060,-1,-1,-1
257,104,463.69,462.92,40.29,99.65,0.2191,-1,-1,-1
257,101,730.64,484.28,44.37,113.44,0.3060,-1,-1,-1
257,93,657.73,452.60,71.51,182.30,0.7086,-1,-1,-1
257,74,509.96,440.20,42.54,120.76,0.4334,-1,-1,-1
257,60,929.95,407.76,189.12,633.56,0.8272,-1,-1,-1
257,56,407.54,474.59,42.41,100.89,0.3681,-1,-1,-1
257,44,1668.34,431.35,114.44,152.50,0.1651,-1,-1,-1
257,14,1811.75,394.67,107.79,386.17,0.7880,-1,-1,-1
257,8,1228.20,428.94,206.31,385.37,0.8663,-1,-1,-1
258,126,571.55,460.11,21.01,59.67,0.1674,-1,-1,-1
258,122,1042.20,455.95,68.36,144.76,0.2975,-1,-1,-1
258,119,1101.12,434.00,52.52,122.36,0.3991,-1,-1,-1
258,116,553.92,452.41,31.28,65.53,0.1696,-1,-1,-1
258,113,793.34,433.16,145.52,473.45,0.6284,-1,-1,-1
258,104,467.06,465.69,36.92,94.79,0.1565,-1,-1,-1
258,101,733.70,486.20,42.75,115.17,0.2514,-1,-1,-1
258,93,659.23,447.98,72.22,191.91,0.7454,-1,-1,-1
258,74,510.24,447.64,42.79,112.34,0.2753,-1,-1,-1
258,60,935.05,397.83,185.22,642.84,0.8026,-1,-1,-1
258,56,406.71,472.92,43.37,98.86,0.2303,-1,-1,-1
258,44,1667.66,427.79,115.44,156.11,0.1853,-1,-1,-1
258,14,1806.29,397.41,112.38,381.91,0.7381,-1,-1,-1
258,8,1240.73,427.54,194.91,385.42,0.8651,-1,-1,-1
259,126,568.22,456.55,25.79,61.87,0.1798,-1,-1,-1
259,124,597.55,472.76,24.15,45.43,0.1540,-1,-1,-1
259,122,1043.85,457.07,69.14,147.98,0.3077,-1,-1,-1
259,119,1101.65,432.40,52.95,123.72,0.4000,-1,-1,-1
259,116,554.51,452.33,32.41,65.49,0.1582,-1,-1,-1
259,113,810.21,432.04,127.47,473.87,0.6528,-1,-1,-1
259,104,464.97,458.19,38.57,102.74,0.2054,-1,-1,-1
259,101,733.74,487.87,44.54,110.52,0.2252,-1,-1,-1
259,93,659.52,450.46,73.40,187.70,0.7307,-1,-1,-1
259,74,508.89,442.41,43.42,117.78,0.2403,-1,-1,-1
259,60,934.32,394.81,182.77,647.37,0.7606,-1,-1,-1
259,56,405.89,474.50,43.93,98.76,0.2677,-1,-1,-1
259,44,1667.98,426.66,114.27,156.78,0.1571,-1,-1,-1
259,14,1781.59,400.81,137.00,375.43,0.7976,-1,-1,-1
259,8,1251.12,427.36,184.57,385.34,0.8004,-1,-1,-1
260,122,1047.46,461.87,70.54,134.86,0.2810,-1,-1,-1
260,119,1101.61,434.05,55.60,120.05,0.2856,-1,-1,-1
260,113,812.87,432.58,128.02,477.75,0.5791,-1,-1,-1
260,101,735.58,490.04,42.99,108.37,0.2701,-1,-1,-1
260,93,662.76,452.35,70.32,184.78,0.7028,-1,-1,-1
260,74,507.03,447.74,44.59,112.50,0.2537,-1,-1,-1
260,60,937.17,396.10,177.15,643.92,0.7713,-1,-1,-1
260,56,404.58,472.56,44.79,102.93,0.3154,-1,-1,-1
260,14,1748.28,402.43,170.96,374.39,0.7756,-1,-1,-1
260,8,1262.23,426.04,175.41,386.84,0.7872,-1,-1,-1
261,127,1875.13,394.56,44.28,262.65,0.3075,-1,-1,-1
261,122,1050.16,462.08,67.76,133.68,0.2954,-1,-1,-1
261,119,1104.84,437.07,55.05,116.80,0.2110,-1,-1,-1
261,113,778.68,442.88,156.28,472.71,0.5593,-1,-1,-1
261,104,461.82,450.28,41.67,112.47,0.2223,-1,-1,-1
261,101,734.93,492.67,44.61,107.13,0.2654,-1,-1,-1
261,93,663.51,450.87,70.30,188.92,0.7249,-1,-1,-1
261,74,505.71,443.48,45.92,117.13,0.3154,-1,-1,-1
261,60,939.36,400.19,176.64,640.79,0.7815,-1,-1,-1
261,56,403.17,469.98,46.31,102.95,0.2713,-1,-1,-1
261,14,1709.10,398.59,210.30,380.10,0.7868,-1,-1,-1
261,8,1278.28,426.35,159.07,386.80,0.7394,-1,-1,-1
262,129,1291.81,428.84,49.21,121.91,0.2484,-1,-1,-1
262,127,1856.66,400.88,62.72,258.11,0.2646,-1,-1,-1
262,122,1051.29,442.76,66.16,160.88,0.2236,-1,-1,-1
262,119,1103.92,435.35,56.51,120.96,0.3308,-1,-1,-1
262,113,820.15,433.57,126.71,480.87,0.6393,-1,-1,-1
262,104,459.11,448.87,43.88,113.97,0.2133,-1,-1,-1
262,101,731.82,488.13,48.00,113.69,0.2441,-1,-1,-1
262,93,663.99,450.57,70.16,189.58,0.6880,-1,-1,-1
262,74,505.25,438.86,46.32,121.57,0.4139,-1,-1,-1
262,60,939.39,396.14,175.79,645.45,0.7996,-1,-1,-1
262,56,401.00,470.70,48.70,97.61,0.3281,-1,-1,-1
262,14,1681.46,413.95,236.29,365.49,0.8118,-1,-1,-1
262,8,1306.47,424.26,135.14,391.56,0.7774,-1,-1,-1
263,129,1294.40,429.62,46.02,120.84,0.4681,-1,-1,-1
263,127,1851.62,419.28,67.77,239.11,0.2313,-1,-1,-1
263,122,1053.74,440.10,69.25,160.55,0.1681,-1,-1,-1
263,119,1106.72,437.79,53.54,117.82,0.3363,-1,-1,-1
263,113,821.15,433.75,125.40,481.73,0.6634,-1,-1,-1
263,104,458.26,454.35,43.75,108.27,0.1794,-1,-1,-1
263,101,728.37,486.26,50.61,116.25,0.2525,-1,-1,-1
263,93,664.10,452.97,72.46,185.89,0.6493,-1,-1,-1
263,74,503.08,438.80,47.89,121.90,0.4045,-1,-1,-1
263,60,942.73,396.25,176.15,645.16,0.8203,-1,-1,-1
263,56,401.16,470.71,48.82,96.46,0.3306,-1,-1,-1
263,14,1668.91,424.50,249.51,353.80,0.8338,-1,-1,-1
263,8,1315.31,424.53,136.62,391.55,0.7907,-1,-1,-1
264,129,1297.77,432.55,41.96,117.93,0.3474,-1,-1,-1
264,127,1848.75,394.59,70.64,261.87,0.2546,-1,-1,-1
264,122,1052.67,449.37,74.10,148.24,0.1579,-1,-1,-1
264,119,1108.19,439.28,52.05,112.42,0.2284,-1,-1,-1
264,113,823.68,433.42,119.63,481.34,0.6325,-1,-1,-1
264,110,769.29,477.76,75.14,176.20,0.1658,-1,-1,-1
264,104,458.68,454.62,42.36,107.28,0.1687,-1,-1,-1
264,101,728.36,491.48,50.75,111.85,0.2550,-1,-1,-1
264,93,666.02,452.64,73.53,186.63,0.6317,-1,-1,-1
264,74,504.63,439.76,47.31,120.77,0.4164,-1,-1,-1
264,60,944.77,399.58,181.62,641.20,0.8215,-1,-1,-1
264,56,402.62,468.39,44.58,99.82,0.3457,-1,-1,-1
264,14,1663.23,425.98,252.79,352.52,0.8500,-1,-1,-1
264,8,1331.29,420.43,127.20,397.65,0.8137,-1,-1,-1
265,129,1298.64,434.86,46.42,113.35,0.3183,-1,-1,-1
265,127,1833.03,470.38,67.31,177.64,0.1638,-1,-1,-1
265,119,1110.46,437.77,50.80,119.59,0.3257,-1,-1,-1
265,117,1063.78,476.88,67.64,122.13,0.1705,-1,-1,-1
265,113,824.79,433.03,120.50,483.27,0.5963,-1,-1,-1
265,104,456.44,460.39,41.91,99.26,0.2131,-1,-1,-1
265,101,733.51,497.92,45.41,102.93,0.1981,-1,-1,-1
265,93,669.41,452.11,73.04,187.02,0.6308,-1,-1,-1
265,74,504.87,438.82,47.43,121.63,0.4094,-1,-1,-1
265,60,946.06,402.17,183.55,639.79,0.8286,-1,-1,-1
265,56,401.01,467.90,48.74,102.83,0.3569,-1,-1,-1
265,14,1660.52,427.53,245.40,349.85,0.8360,-1,-1,-1
265,8,1340.61,422.02,120.52,398.44,0.8056,-1,-1,-1
266,127,1830.82,472.11,69.52,175.61,0.2101,-1,-1,-1
266,119,1110.57,437.74,52.06,120.91,0.4104,-1,-1,-1
266,113,825.11,431.71,120.48,485.22,0.6313,-1,-1,-1
266,110,773.80,483.82,65.80,169.87,0.1655,-1,-1,-1
266,104,456.54,456.41,43.57,105.14,0.2044,-1,-1,-1
266,102,1070.92,480.33,63.50,115.10,0.2007,-1,-1,-1
266,101,736.37,503.19,41.56,96.64,0.1506,-1,-1,-1
266,93,674.64,454.15,70.29,184.49,0.5930,-1,-1,-1
266,74,505.26,438.72,47.40,121.80,0.4104,-1,-1,-1
266,60,948.48,403.02,176.85,638.72,0.8176,-1,-1,-1
266,56,401.94,467.29,47.60,106.74,0.3041,-1,-1,-1
266,14,1658.45,413.55,233.70,360.99,0.8503,-1,-1,-1
266,8,1346.31,422.26,123.27,404.95,0.8193,-1,-1,-1
267,127,1829.17,463.58,65.38,188.95,0.2807,-1,-1,-1
267,122,1053.89,427.92,78.16,182.80,0.1592,-1,-1,-1
267,119,1115.30,438.61,47.51,118.80,0.3499,-1,-1,-1
267,113,824.77,428.11,120.19,491.01,0.7041,-1,-1,-1
267,110,775.46,484.67,64.36,169.15,0.1747,-1,-1,-1
267,104,457.63,464.60,39.99,95.29,0.2264,-1,-1,-1
267,93,675.09,454.08,70.81,183.16,0.6218,-1,-1,-1
267,74,505.18,439.05,47.48,121.25,0.4299,-1,-1,-1
267,60,950.03,402.50,175.63,639.01,0.8105,-1,-1,-1
267,56,400.33,464.19,50.04,109.71,0.3753,-1,-1,-1
267,14,1657.00,418.72,218.04,347.38,0.8300,-1,-1,-1
267,8,1351.49,418.74,122.63,414.71,0.8201,-1,-1,-1
268,127,1823.77,471.02,74.24,182.96,0.2289,-1,-1,-1
268,119,1125.30,449.22,35.52,107.94,0.2918,-1,-1,-1
268,113,824.10,429.95,126.12,487.91,0.5945,-1,-1,-1
268,104,457.69,461.70,37.78,97.14,0.1948,-1,-1,-1
268,102,1053.82,443.14,100.72,204.81,0.3103,-1,-1,-1
268,93,677.30,454.11,68.41,182.85,0.6810,-1,-1,-1
268,74,506.28,437.68,46.44,123.71,0.4164,-1,-1,-1
268,60,950.58,403.90,171.83,638.24,0.8181,-1,-1,-1
268,56,396.88,463.30,52.70,111.24,0.3047,-1,-1,-1
268,14,1658.69,415.99,187.70,340.20,0.8203,-1,-1,-1
268,8,1353.78,424.06,141.15,408.14,0.8309,-1,-1,-1
269,129,1304.62,435.35,39.18,113.26,0.1529,-1,-1,-1
269,127,1823.58,470.68,75.29,182.92,0.2225,-1,-1,-1
269,119,1121.76,443.75,40.27,112.23,0.3672,-1,-1,-1
269,113,822.16,428.66,126.60,491.75,0.5654,-1,-1,-1
269,104,458.11,453.82,36.47,103.85,0.1988,-1,-1,-1
269,102,1051.38,437.60,103.65,212.54,0.3068,-1,-1,-1
269,101,734.80,497.54,46.14,102.25,0.1635,-1,-1,-1
269,93,678.94,453.26,67.04,183.02,0.6683,-1,-1,-1
269,74,505.28,435.98,47.22,125.08,0.4431,-1,-1,-1
269,60,950.80,403.56,178.17,639.02,0.8197,-1,-1,-1
269,56,393.56,462.09,54.01,109.94,0.3000,-1,-1,-1
269,14,1657.18,417.76,167.60,338.36,0.8101,-1,-1,-1
269,8,1358.45,424.23,163.22,413.14,0.8576,-1,-1,-1
270,127,1826.49,469.01,66.43,182.02,0.2627,-1,-1,-1
270,119,1120.30,440.10,41.82,114.20,0.2592,-1,-1,-1
270,113,826.01,426.65,135.22,494.05,0.5995,-1,-1,-1
270,102,1051.00,429.43,105.43,217.99,0.3154,-1,-1,-1
270,101,739.90,491.03,41.47,107.12,0.1951,-1,-1,-1
270,93,681.73,452.14,65.78,186.77,0.6998,-1,-1,-1
270,74,505.80,436.13,46.79,125.00,0.4103,-1,-1,-1
270,60,952.49,404.59,172.80,638.51,0.8080,-1,-1,-1
270,56,390.35,460.87,57.74,110.99,0.1937,-1,-1,-1
270,14,1657.55,410.41,136.82,343.50,0.8015,-1,-1,-1
270,8,1361.09,424.24,178.63,414.56,0.8497,-1,-1,-1
271,127,1826.40,471.35,63.86,178.66,0.2518,-1,-1,-1
271,119,1122.79,438.79,37.86,115.82,0.1957,-1,-1,-1
271,113,826.15,426.26,137.30,495.00,0.6076,-1,-1,-1
271,102,1059.48,428.38,99.66,216.07,0.3347,-1,-1,-1
271,101,740.09,478.70,41.03,119.33,0.2386,-1,-1,-1
271,93,685.55,447.70,65.01,193.41,0.6160,-1,-1,-1
271,74,507.41,437.85,46.84,123.09,0.3776,-1,-1,-1
271,60,955.50,405.23,166.04,638.30,0.7717,-1,-1,-1
271,56,391.90,459.12,56.12,114.29,0.2412,-1,-1,-1
271,14,1656.82,415.80,109.72,338.12,0.7669,-1,-1,-1
271,8,1360.18,423.56,196.65,414.34,0.8316,-1,-1,-1
272,129,1305.37,427.79,49.54,122.65,0.2151,-1,-1,-1
272,127,1824.65,464.39,76.03,186.59,0.2433,-1,-1,-1
272,126,573.10,459.69,21.93,59.06,0.1523,-1,-1,-1
272,116,507.22,441.20,47.92,119.82,0.3849,-1,-1,-1
272,113,829.35,426.81,133.31,493.77,0.6614,-1,-1,-1
272,104,455.37,455.01,39.51,102.87,0.2155,-1,-1,-1
272,102,1062.07,421.69,100.53,219.65,0.2968,-1,-1,-1
272,101,740.98,476.38,40.71,120.61,0.2287,-1,-1,-1
272,93,687.59,445.60,67.12,198.15,0.6513,-1,-1,-1
272,60,959.99,403.91,158.73,639.13,0.8078,-1,-1,-1
272,56,394.13,462.09,55.86,112.79,0.3113,-1,-1,-1
272,14,1642.68,416.52,96.61,335.48,0.7026,-1,-1,-1
272,8,1360.30,426.03,199.99,415.07,0.8649,-1,-1,-1
273,132,803.44,472.53,34.00,73.39,0.2281,-1,-1,-1
273,129,1305.60,427.75,51.88,122.91,0.2250,-1,-1,-1
273,127,1825.20,471.57,73.40,182.15,0.2030,-1,-1,-1
273,126,574.39,460.80,19.69,57.31,0.1661,-1,-1,-1
273,122,1065.38,430.65,91.24,168.63,0.2501,-1,-1,-1
273,113,830.71,424.11,132.84,495.69,0.6601,-1,-1,-1
273,104,454.91,461.19,39.61,96.81,0.2246,-1,-1,-1
273,101,742.37,473.35,39.00,120.24,0.2764,-1,-1,-1
273,93,688.07,443.41,67.74,201.68,0.6531,-1,-1,-1
273,75,508.47,451.19,46.09,109.38,0.2800,-1,-1,-1
273,60,963.32,403.08,158.62,640.04,0.8123,-1,-1,-1
273,56,393.34,464.28,53.29,109.07,0.3625,-1,-1,-1
273,14,1637.51,430.78,85.32,322.71,0.7103,-1,-1,-1
273,8,1361.79,427.71,201.20,419.59,0.8805,-1,-1,-1
274,132,803.08,473.12,33.92,69.50,0.2049,-1,-1,-1
274,131,789.32,452.40,35.92,79.69,0.2121,-1,-1,-1
274,129,1305.44,424.33,55.47,126.19,0.1993,-1,-1,-1
274,127,1825.01,465.00,70.46,184.78,0.1718,-1,-1,-1
274,126,573.89,460.71,18.59,57.44,0.1653,-1,-1,-1
274,116,508.56,447.67,46.09,112.55,0.2925,-1,-1,-1
274,113,831.98,424.75,133.81,494.49,0.6800,-1,-1,-1
274,104,455.16,459.91,39.78,97.70,0.2106,-1,-1,-1
274,102,1068.86,425.53,102.01,224.95,0.3287,-1,-1,-1
274,101,742.93,471.25,37.81,122.75,0.2988,-1,-1,-1
274,93,688.30,450.29,67.62,190.34,0.5838,-1,-1,-1
274,60,964.42,403.22,155.47,640.19,0.8158,-1,-1,-1
274,56,394.18,467.85,51.93,105.11,0.3265,-1,-1,-1
274,14,1622.79,439.01,96.99,311.57,0.7957,-1,-1,-1
274,8,1364.26,425.45,204.57,428.14,0.8754,-1,-1,-1
275,132,804.07,466.98,36.73,90.54,0.1638,-1,-1,-1
275,131,788.07,452.45,34.94,80.40,0.1704,-1,-1,-1
275,129,1305.19,424.95,55.36,125.75,0.2667,-1,-1,-1
275,127,1825.28,467.91,74.79,182.65,0.2109,-1,-1,-1
275,116,509.72,449.14,45.74,111.74,0.2948,-1,-1,-1
275,113,832.07,422.52,134.33,495.94,0.7002,-1,-1,-1
275,104,455.29,457.30,40.30,99.05,0.1772,-1,-1,-1
275,102,1067.63,425.51,104.25,225.06,0.4189,-1,-1,-1
275,101,742.42,461.43,37.81,142.37,0.1542,-1,-1,-1
275,93,692.19,449.31,73.82,193.60,0.5685,-1,-1,-1
275,60,965.80,404.78,153.68,639.08,0.7983,-1,-1,-1
275,56,392.72,464.89,55.76,108.45,0.3167,-1,-1,-1
275,14,1588.13,438.84,131.81,313.16,0.7846,-1,-1,-1
275,8,1369.17,424.11,202.45,430.25,0.8780,-1,-1,-1
276,135,792.32,453.79,31.95,79.42,0.2476,-1,-1,-1
276,129,1304.63,427.83,57.06,123.13,0.4031,-1,-1,-1
276,127,1825.97,464.16,74.80,185.62,0.1550,-1,-1,-1
276,113,829.92,423.75,131.31,494.86,0.7021,-1,-1,-1
276,102,1071.53,422.71,101.72,229.58,0.4046,-1,-1,-1
276,101,729.60,458.00,53.63,181.14,0.2002,-1,-1,-1
276,93,698.45,449.34,66.55,192.06,0.5449,-1,-1,-1
276,75,508.35,454.13,45.90,105.47,0.2126,-1,-1,-1
276,60,967.34,401.13,155.66,642.30,0.8142,-1,-1,-1
276,56,391.37,464.77,58.83,108.65,0.2716,-1,-1,-1
276,14,1567.36,437.73,150.07,316.52,0.8035,-1,-1,-1
276,8,1375.25,425.30,194.98,429.05,0.8333,-1,-1,-1
277,135,793.10,452.44,31.75,80.73,0.3154,-1,-1,-1
277,129,1304.48,430.43,59.61,119.60,0.2548,-1,-1,-1
277,128,802.84,465.24,36.65,77.73,0.1811,-1,-1,-1
277,127,1828.46,464.28,72.01,182.53,0.1523,-1,-1,-1
277,126,578.89,469.32,15.21,48.55,0.1550,-1,-1,-1
277,116,508.07,453.40,45.75,106.10,0.1938,-1,-1,-1
277,113,827.02,423.70,131.15,495.43,0.6845,-1,-1,-1
277,102,1077.58,426.86,96.59,225.76,0.3676,-1,-1,-1
277,101,745.56,456.69,38.12,176.51,0.2337,-1,-1,-1
277,93,694.65,453.30,65.17,191.61,0.4532,-1,-1,-1
277,60,971.05,403.73,156.64,640.44,0.8281,-1,-1,-1
277,56,389.66,469.52,60.47,103.67,0.1764,-1,-1,-1
277,14,1551.42,417.68,165.42,336.15,0.8513,-1,-1,-1
277,8,1378.88,425.52,192.48,429.23,0.8147,-1,-1,-1
278,135,792.07,453.17,35.91,81.47,0.1768,-1,-1,-1
278,113,830.43,423.22,129.92,495.54,0.7099,-1,-1,-1
278,102,1093.03,442.92,82.47,213.36,0.2768,-1,-1,-1
278,93,705.68,451.60,69.24,193.58,0.4961,-1,-1,-1
278,75,506.29,456.93,45.10,101.76,0.2726,-1,-1,-1
278,60,970.13,401.44,160.44,643.40,0.8239,-1,-1,-1
278,56,389.76,467.89,60.38,105.68,0.1963,-1,-1,-1
278,14,1536.78,459.98,179.73,290.28,0.8507,-1,-1,-1
278,8,1388.30,425.84,208.34,425.69,0.8073,-1,-1,-1
279,135,791.37,447.94,37.05,87.19,0.1888,-1,-1,-1
279,122,1104.22,469.09,60.09,147.24,0.1579,-1,-1,-1
279,113,828.28,420.67,132.73,498.64,0.7356,-1,-1,-1
279,102,1090.42,445.66,86.22,213.94,0.2678,-1,-1,-1
279,101,750.40,476.01,37.47,165.44,0.1801,-1,-1,-1
279,100,700.39,458.71,47.43,184.40,0.2075,-1,-1,-1
279,93,708.62,452.36,76.62,192.45,0.4307,-1,-1,-1
279,75,503.77,457.35,44.01,101.68,0.3372,-1,-1,-1
279,60,974.18,401.01,158.97,644.75,0.8244,-1,-1,-1
279,56,388.30,460.52,59.58,113.17,0.3212,-1,-1,-1
279,14,1535.48,420.66,178.28,328.65,0.8376,-1,-1,-1
279,8,1446.22,431.45,139.60,417.96,0.5474,-1,-1,-1
280,135,791.72,447.83,39.02,88.49,0.2406,-1,-1,-1
280,129,1339.54,439.69,27.77,106.15,0.1614,-1,-1,-1
280,126,579.79,468.57,17.49,48.66,0.1663,-1,-1,-1
280,113,825.13,419.45,136.83,499.70,0.7231,-1,-1,-1
280,102,1099.75,463.98,76.04,194.77,0.2537,-1,-1,-1
280,100,702.24,454.77,47.39,188.06,0.1993,-1,-1,-1
280,93,712.89,452.10,75.77,193.32,0.5381,-1,-1,-1
280,75,503.05,457.48,45.41,101.41,0.3202,-1,-1,-1
280,61,1436.47,424.35,82.56,219.10,0.2032,-1,-1,-1
280,60,975.26,401.19,164.79,643.17,0.8128,-1,-1,-1
280,56,387.31,461.33,56.77,114.00,0.3620,-1,-1,-1
280,44,1689.31,438.01,91.52,148.51,0.1848,-1,-1,-1
280,14,1557.45,451.28,148.67,293.17,0.7798,-1,-1,-1
280,8,1452.10,428.44,137.24,422.11,0.7809,-1,-1,-1
281,138,682.02,469.39,41.31,126.65,0.2399,-1,-1,-1
281,135,793.17,449.92,35.52,86.51,0.3179,-1,-1,-1
281,129,1342.46,442.24,30.72,103.52,0.1862,-1,-1,-1
281,113,826.74,420.22,144.68,498.85,0.7255,-1,-1,-1
281,104,453.18,458.56,35.04,95.74,0.1887,-1,-1,-1
281,102,1100.81,457.53,73.70,202.38,0.2408,-1,-1,-1
281,93,714.77,456.36,76.74,190.46,0.6095,-1,-1,-1
281,75,503.32,455.62,45.49,102.64,0.3043,-1,-1,-1
281,60,977.49,398.25,167.03,645.56,0.8157,-1,-1,-1
281,56,387.14,460.90,60.30,112.63,0.3627,-1,-1,-1
281,44,1687.57,435.46,95.87,148.75,0.2276,-1,-1,-1
281,14,1554.15,414.29,139.60,335.31,0.6383,-1,-1,-1
281,8,1458.22,428.31,122.99,421.10,0.7883,-1,-1,-1
282,138,679.15,501.69,43.50,100.14,0.2312,-1,-1,-1
282,135,795.21,451.18,33.73,83.97,0.2557,-1,-1,-1
282,129,1341.74,440.63,32.77,105.74,0.2873,-1,-1,-1
282,116,504.57,454.56,43.80,104.56,0.3270,-1,-1,-1
282,113,826.02,419.47,153.79,497.18,0.7456,-1,-1,-1
282,102,1098.06,456.14,77.65,205.41,0.1943,-1,-1,-1
282,100,707.57,483.05,46.82,158.92,0.1518,-1,-1,-1
282,93,713.22,459.72,81.79,184.76,0.5087,-1,-1,-1
282,61,1445.76,432.77,51.71,206.04,0.1816,-1,-1,-1
282,60,978.75,400.43,169.87,643.30,0.7954,-1,-1,-1
282,56,385.65,463.93,51.84,110.88,0.3588,-1,-1,-1
282,44,1691.85,438.75,89.34,147.94,0.1963,-1,-1,-1
282,14,1546.70,419.18,127.88,321.94,0.5455,-1,-1,-1
282,8,1466.39,435.06,122.01,416.19,0.7364,-1,-1,-1
283,138,681.90,494.67,43.22,106.10,0.2748,-1,-1,-1
283,135,795.73,452.47,32.14,85.34,0.1841,-1,-1,-1
283,129,1342.76,442.95,33.84,102.83,0.2891,-1,-1,-1
283,116,504.11,455.54,43.41,103.76,0.3480,-1,-1,-1
283,113,825.21,421.05,169.04,496.82,0.7567,-1,-1,-1
283,104,452.94,461.36,35.65,94.41,0.1773,-1,-1,-1
283,102,1097.57,456.33,126.57,348.31,0.2318,-1,-1,-1
283,100,707.25,478.78,48.61,162.39,0.1739,-1,-1,-1
283,93,716.06,458.59,79.81,185.38,0.6083,-1,-1,-1
283,60,983.31,399.44,168.66,644.32,0.7813,-1,-1,-1
283,56,385.69,463.49,51.93,111.94,0.4533,-1,-1,-1
283,44,1693.51,439.45,87.14,147.38,0.1882,-1,-1,-1
283,8,1470.24,431.41,143.75,422.09,0.7704,-1,-1,-1
284,141,958.90,442.24,54.57,146.52,0.2852,-1,-1,-1
284,138,679.87,493.90,45.90,104.60,0.2975,-1,-1,-1
284,135,797.14,452.78,31.82,87.75,0.1817,-1,-1,-1
284,129,1345.33,443.90,34.37,102.13,0.3799,-1,-1,-1
284,126,578.40,467.28,15.24,49.59,0.1503,-1,-1,-1
284,116,505.36,456.59,41.61,103.49,0.3518,-1,-1,-1
284,113,824.90,421.03,180.01,498.53,0.7645,-1,-1,-1
284,104,453.01,461.22,34.88,95.35,0.1971,-1,-1,-1
284,93,717.12,457.19,80.15,187.60,0.6897,-1,-1,-1
284,60,991.66,401.44,156.49,641.15,0.7639,-1,-1,-1
284,56,383.81,466.70,57.29,108.51,0.4321,-1,-1,-1
284,44,1687.00,438.29,95.43,149.41,0.1939,-1,-1,-1
284,8,1478.13,427.89,147.72,423.33,0.7981,-1,-1,-1
285,141,962.55,444.90,49.15,138.82,0.3331,-1,-1,-1
285,138,676.48,497.41,50.76,103.98,0.2944,-1,-1,-1
285,129,1346.23,444.37,36.62,102.15,0.4819,-1,-1,-1
285,122,1097.33,418.79,76.21,230.83,0.1603,-1,-1,-1
285,116,504.52,456.37,42.42,103.80,0.3971,-1,-1,-1
285,113,825.93,428.41,185.57,495.56,0.7774,-1,-1,-1
285,104,453.65,459.92,35.35,96.69,0.1605,-1,-1,-1
285,93,715.42,455.25,83.61,189.30,0.7342,-1,-1,-1
285,60,992.85,404.67,154.99,638.31,0.7923,-1,-1,-1
285,56,381.58,467.40,56.48,107.56,0.4211,-1,-1,-1
285,44,1685.56,435.76,96.78,150.88,0.1957,-1,-1,-1
285,8,1487.01,436.04,142.09,416.05,0.7758,-1,-1,-1
286,141,966.64,446.74,45.64,133.50,0.2282,-1,-1,-1
286,138,676.10,498.49,52.56,103.87,0.2537,-1,-1,-1
286,135,803.15,463.19,30.98,80.55,0.1615,-1,-1,-1
286,129,1349.54,442.67,35.85,103.27,0.4343,-1,-1,-1
286,122,1102.54,436.26,72.14,217.58,0.2234,-1,-1,-1
286,116,504.48,457.19,42.22,102.90,0.3725,-1,-1,-1
286,113,825.76,425.14,190.55,499.03,0.7843,-1,-1,-1
286,93,715.67,453.79,87.32,190.82,0.7743,-1,-1,-1
286,61,1472.88,442.64,57.14,194.39,0.4093,-1,-1,-1
286,60,995.10,406.67,154.06,636.76,0.7906,-1,-1,-1
286,56,380.52,468.75,54.37,106.00,0.3749,-1,-1,-1
286,44,1686.96,436.07,94.31,150.90,0.2275,-1,-1,-1
286,8,1494.90,434.43,157.91,417.29,0.8168,-1,-1,-1
287,146,1874.35,385.24,45.03,254.88,0.1853,-1,-1,-1
287,141,964.94,447.85,47.94,135.94,0.2820,-1,-1,-1
287,138,679.38,490.00,47.76,109.37,0.1659,-1,-1,-1
287,129,1351.00,444.11,34.84,104.56,0.4865,-1,-1,-1
287,116,504.56,457.13,41.89,103.45,0.3371,-1,-1,-1
287,113,829.67,420.82,191.32,500.53,0.8053,-1,-1,-1
287,93,718.37,454.96,84.59,188.81,0.7627,-1,-1,-1
287,61,1477.92,442.00,59.64,193.65,0.5657,-1,-1,-1
287,60,994.45,406.65,156.52,636.94,0.7841,-1,-1,-1
287,56,380.64,469.97,50.09,103.92,0.3052,-1,-1,-1
287,44,1686.27,435.30,96.46,151.07,0.1587,-1,-1,-1
287,8,1496.44,429.67,186.89,422.70,0.8299,-1,-1,-1
288,146,1873.44,384.95,45.94,254.01,0.1687,-1,-1,-1
288,141,965.26,448.90,46.86,134.00,0.1996,-1,-1,-1
288,138,678.01,489.25,49.78,109.76,0.1561,-1,-1,-1
288,129,1350.87,443.83,40.17,102.72,0.2486,-1,-1,-1
288,122,1105.68,438.17,67.03,208.65,0.1747,-1,-1,-1
288,116,504.81,456.01,41.40,104.87,0.3750,-1,-1,-1
288,113,830.81,421.06,191.51,500.47,0.8140,-1,-1,-1
288,104,451.67,465.04,33.46,93.14,0.1537,-1,-1,-1
288,93,721.85,446.59,81.35,195.99,0.7396,-1,-1,-1
288,61,1485.19,435.34,60.80,213.59,0.2328,-1,-1,-1
288,60,996.75,406.51,154.16,637.82,0.7845,-1,-1,-1
288,56,381.44,470.83,47.48,103.82,0.3560,-1,-1,-1
288,44,1687.27,436.72,94.71,149.60,0.1593,-1,-1,-1
288,8,1500.40,429.15,213.26,428.33,0.8567,-1,-1,-1
289,146,1875.38,384.88,43.92,246.24,0.1709,-1,-1,-1
289,138,677.69,489.47,52.18,111.16,0.1873,-1,-1,-1
289,134,1153.04,439.78,42.64,99.63,0.1826,-1,-1,-1
289,129,1353.56,442.08,42.12,105.64,0.3069,-1,-1,-1
289,122,1104.39,435.58,65.58,176.51,0.1694,-1,-1,-1
289,113,836.25,423.82,186.20,496.23,0.8089,-1,-1,-1
289,93,726.35,446.39,79.92,197.59,0.6597,-1,-1,-1
289,75,506.42,455.98,39.93,104.68,0.3565,-1,-1,-1
289,61,1482.04,433.97,69.64,231.89,0.1549,-1,-1,-1
289,60,998.88,408.24,152.68,635.26,0.7846,-1,-1,-1
289,56,381.04,472.18,47.66,101.93,0.2899,-1,-1,-1
289,14,1476.31,414.98,105.66,308.56,0.3407,-1,-1,-1
289,8,1501.97,438.13,228.50,421.35,0.8817,-1,-1,-1
290,137,675.59,496.68,52.86,107.46,0.3406,-1,-1,-1
290,129,1356.66,439.70,43.08,107.44,0.2755,-1,-1,-1
290,113,841.03,417.26,180.91,503.67,0.8087,-1,-1,-1
290,104,450.07,463.18,35.24,95.07,0.1544,-1,-1,-1
290,93,730.73,449.07,79.40,194.78,0.6345,-1,-1,-1
290,75,506.33,456.44,38.71,102.03,0.3480,-1,-1,-1
290,60,1002.44,404.71,151.16,639.13,0.8122,-1,-1,-1
290,56,378.73,474.60,46.43,97.15,0.2483,-1,-1,-1
290,44,1715.43,437.27,67.52,148.35,0.1576,-1,-1,-1
290,14,1432.54,415.39,140.81,309.38,0.4380,-1,-1,-1
290,8,1500.74,436.28,242.12,429.92,0.8746,-1,-1,-1
291,138,678.15,479.71,52.58,124.67,0.3435,-1,-1,-1
291,129,1357.68,442.35,45.72,105.24,0.3009,-1,-1,-1
291,116,505.74,457.10,39.54,101.77,0.2589,-1,-1,-1
291,113,832.42,421.48,190.70,500.34,0.8189,-1,-1,-1
291,93,733.86,455.20,77.86,190.63,0.6253,-1,-1,-1
291,60,1003.17,402.96,154.66,639.79,0.7856,-1,-1,-1
291,56,381.09,473.67,47.29,99.38,0.1507,-1,-1,-1
291,44,1693.01,435.68,89.71,151.69,0.1537,-1,-1,-1
291,14,1414.35,425.24,153.95,292.48,0.6329,-1,-1,-1
291,8,1498.52,433.73,254.39,435.57,0.8359,-1,-1,-1
292,141,963.75,444.10,53.90,136.66,0.1933,-1,-1,-1
292,138,680.63,482.34,50.86,122.97,0.2976,-1,-1,-1
292,129,1358.43,442.89,44.43,103.05,0.1929,-1,-1,-1
292,116,505.48,456.14,40.28,103.82,0.2615,-1,-1,-1
292,113,834.66,422.94,189.14,496.84,0.8121,-1,-1,-1
292,93,744.00,452.33,66.88,193.46,0.6021,-1,-1,-1
292,61,1485.37,429.64,84.18,359.98,0.2406,-1,-1,-1
292,60,1002.09,403.62,156.24,638.63,0.7559,-1,-1,-1
292,56,380.89,472.83,49.81,100.18,0.1511,-1,-1,-1
292,14,1401.50,429.44,158.35,314.82,0.3366,-1,-1,-1
292,8,1497.50,435.56,255.35,438.01,0.8560,-1,-1,-1
293,141,967.97,446.60,47.29,102.47,0.1617,-1,-1,-1
293,137,681.39,488.53,48.19,117.14,0.2648,-1,-1,-1
293,134,1156.38,434.19,42.56,116.69,0.3102,-1,-1,-1
293,127,1824.13,470.48,73.53,176.50,0.1920,-1,-1,-1
293,122,1106.72,432.00,63.45,185.91,0.1512,-1,-1,-1
293,113,841.04,417.02,181.88,504.18,0.8220,-1,-1,-1
293,93,745.00,449.17,68.34,197.90,0.6662,-1,-1,-1
293,75,504.92,454.23,40.44,105.16,0.3594,-1,-1,-1
293,61,1495.11,431.02,103.25,322.52,0.2131,-1,-1,-1
293,60,1006.81,404.69,155.28,637.59,0.8020,-1,-1,-1
293,56,379.03,471.42,49.03,101.39,0.1783,-1,-1,-1
293,14,1401.72,429.97,130.08,278.59,0.7028,-1,-1,-1
293,8,1498.45,437.01,260.57,442.43,0.8686,-1,-1,-1
294,153,1530.17,437.56,70.02,218.89,0.4481,-1,-1,-1
294,137,681.31,484.09,50.48,121.96,0.3562,-1,-1,-1
294,135,803.50,476.89,31.95,70.78,0.1676,-1,-1,-1
294,134,1156.77,436.07,42.67,114.95,0.3384,-1,-1,-1
294,127,1825.86,472.89,70.57,174.37,0.2062,-1,-1,-1
294,116,504.68,458.08,40.43,100.46,0.3396,-1,-1,-1
294,113,843.11,414.22,180.73,507.00,0.8318,-1,-1,-1
294,93,747.11,452.33,63.27,194.07,0.6552,-1,-1,-1
294,60,1007.69,402.43,154.88,641.53,0.8147,-1,-1,-1
294,56,378.23,470.27,48.92,103.21,0.1836,-1,-1,-1
294,14,1399.23,429.61,137.94,280.72,0.7576,-1,-1,-1
294,8,1499.47,435.21,265.15,445.80,0.8660,-1,-1,-1
295,153,1538.16,431.45,69.54,219.93,0.4276,-1,-1,-1
295,146,1878.94,392.19,40.34,242.64,0.1806,-1,-1,-1
295,137,683.51,487.40,46.95,118.00,0.2559,-1,-1,-1
295,134,1156.79,437.33,45.36,113.86,0.3221,-1,-1,-1
295,127,1826.33,470.66,70.75,175.53,0.1701,-1,-1,-1
295,116,504.20,458.77,39.96,99.28,0.2810,-1,-1,-1
295,113,845.91,412.72,178.50,507.71,0.8263,-1,-1,-1
295,93,746.68,451.84,71.53,196.59,0.6376,-1,-1,-1
295,60,1009.23,402.98,151.12,640.52,0.8107,-1,-1,-1
295,56,378.55,470.23,49.38,104.01,0.1870,-1,-1,-1
295,14,1393.92,428.92,152.18,281.60,0.7587,-1,-1,-1
295,8,1499.19,430.03,265.67,448.33,0.8549,-1,-1,-1
296,153,1544.40,430.93,78.61,220.91,0.3584,-1,-1,-1
296,146,1879.27,389.44,40.05,242.69,0.2081,-1,-1,-1
296,141,970.65,446.32,45.76,114.31,0.1724,-1,-1,-1
296,137,680.47,491.82,52.04,115.04,0.2991,-1,-1,-1
296,134,1156.39,436.58,46.66,114.71,0.3720,-1,-1,-1
296,127,1826.97,470.29,70.73,176.13,0.2376,-1,-1,-1
296,116,504.88,460.22,39.45,97.71,0.2660,-1,-1,-1
296,113,849.62,412.85,175.30,508.44,0.8370,-1,-1,-1
296,93,750.55,449.12,76.71,196.81,0.6583,-1,-1,-1
296,60,1008.23,403.99,156.10,638.64,0.8181,-1,-1,-1
296,56,377.73,468.27,49.27,106.14,0.2046,-1,-1,-1
296,14,1397.98,427.32,141.79,283.05,0.7694,-1,-1,-1
296,8,1513.45,429.09,249.25,450.23,0.8341,-1,-1,-1
297,153,1554.04,441.65,78.00,212.70,0.4018,-1,-1,-1
297,146,1878.48,388.59,40.84,239.93,0.2116,-1,-1,-1
297,137,679.61,492.02,51.23,114.39,0.3195,-1,-1,-1
297,134,1157.40,436.90,46.85,115.96,0.3653,-1,-1,-1
297,127,1826.53,471.16,72.61,175.71,0.2085,-1,-1,-1
297,116,506.18,457.56,38.72,101.31,0.2769,-1,-1,-1
297,113,853.96,408.85,170.86,512.49,0.8351,-1,-1,-1
297,93,759.14,447.79,70.05,200.22,0.7291,-1,-1,-1
297,60,1010.96,405.14,155.11,636.81,0.8149,-1,-1,-1
297,56,378.41,469.54,47.12,105.36,0.2289,-1,-1,-1
297,14,1401.87,434.26,133.36,276.65,0.7833,-1,-1,-1
297,8,1532.70,430.02,227.93,448.61,0.7895,-1,-1,-1
298,153,1564.24,429.57,77.01,216.78,0.3779,-1,-1,-1
298,146,1878.76,389.12,40.56,235.82,0.2624,-1,-1,-1
298,137,679.44,493.32,52.19,112.22,0.2634,-1,-1,-1
298,134,1157.28,436.48,48.44,117.11,0.4044,-1,-1,-1
298,127,1826.61,471.50,71.10,175.37,0.2311,-1,-1,-1
298,113,855.47,410.74,169.62,512.48,0.8060,-1,-1,-1
298,93,756.33,447.34,72.15,200.00,0.7156,-1,-1,-1
298,75,506.52,455.05,39.52,104.75,0.3013,-1,-1,-1
298,60,1009.61,406.07,158.57,635.56,0.8085,-1,-1,-1
298,56,378.63,467.23,47.18,107.73,0.2850,-1,-1,-1
298,14,1399.12,441.12,121.39,267.06,0.7831,-1,-1,-1
298,8,1544.33,431.36,219.09,445.03,0.7482,-1,-1,-1
299,153,1572.22,420.89,90.44,227.98,0.3315,-1,-1,-1
299,137,682.47,487.46,45.86,116.91,0.3248,-1,-1,-1
299,134,1156.88,437.53,49.79,115.57,0.2430,-1,-1,-1
299,127,1827.77,470.03,69.79,176.42,0.1682,-1,-1,-1
299,113,869.61,415.80,155.70,512.15,0.7731,-1,-1,-1
299,100,735.45,484.41,32.95,112.02,0.1788,-1,-1,-1
299,93,762.77,452.22,70.59,198.27,0.7053,-1,-1,-1
299,75,507.00,457.20,37.66,102.72,0.2108,-1,-1,-1
299,60,1009.82,404.94,161.96,635.10,0.8110,-1,-1,-1
299,56,379.00,470.34,44.59,103.53,0.2907,-1,-1,-1
299,14,1396.86,450.82,106.63,256.83,0.7392,-1,-1,-1
299,8,1558.08,423.36,215.68,456.85,0.7704,-1,-1,-1
300,157,0.22,725.69,105.28,133.56,0.5760,-1,-1,-1
300,153,1580.08,426.07,81.20,222.89,0.4268,-1,-1,-1
300,137,683.34,496.26,46.13,109.04,0.3332,-1,-1,-1
300,134,1161.28,440.19,46.61,112.93,0.2246,-1,-1,-1
300,127,1830.84,464.84,69.72,182.14,0.1713,-1,-1,-1
300,116,505.52,456.73,39.32,102.80,0.3015,-1,-1,-1
300,113,878.68,419.79,144.25,513.34,0.7726,-1,-1,-1
300,100,733.85,473.67,39.84,123.41,0.1860,-1,-1,-1
300,93,765.05,451.09,70.57,198.65,0.7139,-1,-1,-1
300,60,1011.84,405.32,162.60,630.80,0.8217,-1,-1,-1
300,56,379.06,469.80,44.45,103.85,0.3174,-1,-1,-1
300,14,1384.97,421.31,99.57,285.88,0.7877,-1,-1,-1
300,8,1580.26,422.36,184.45,457.47,0.6959,-1,-1,-1
301,157,0.00,610.72,111.33,250.10,0.3010,-1,-1,-1
301,153,1582.76,426.32,88.29,221.74,0.3789,-1,-1,-1
301,137,681.08,490.31,51.55,117.08,0.2726,-1,-1,-1
301,134,1159.78,440.61,50.60,111.53,0.2098,-1,-1,-1
301,122,1115.01,434.41,55.23,158.11,0.1957,-1,-1,-1
301,113,886.28,419.37,135.85,523.50,0.7650,-1,-1,-1
301,100,736.81,478.67,39.01,118.49,0.2422,-1,-1,-1
301,93,769.95,449.53,67.16,199.98,0.7476,-1,-1,-1
301,75,506.25,458.41,37.19,101.05,0.3099,-1,-1,-1
301,60,1009.70,404.77,160.74,628.72,0.8169,-1,-1,-1
301,56,378.99,467.89,44.64,105.99,0.3902,-1,-1,-1
301,14,1381.90,449.20,84.49,257.55,0.8124,-1,-1,-1
301,8,1613.81,421.87,176.02,456.42,0.7294,-1,-1,-1
302,157,0.00,682.09,115.54,176.76,0.5671,-1,-1,-1
302,153,1588.16,421.45,96.32,229.15,0.3662,-1,-1,-1
302,146,1878.59,393.02,40.74,247.34,0.1502,-1,-1,-1
302,137,681.59,492.48,50.30,114.31,0.2408,-1,-1,-1
302,134,1160.85,437.26,55.95,118.33,0.2748,-1,-1,-1
302,127,1829.54,466.71,71.79,181.19,0.1503,-1,-1,-1
302,113,889.42,419.29,133.76,529.81,0.7534,-1,-1,-1
302,100,737.76,479.27,39.68,118.55,0.2601,-1,-1,-1
302,93,770.17,456.37,72.86,194.85,0.7885,-1,-1,-1
302,75,506.90,460.22,35.90,98.58,0.3998,-1,-1,-1
302,60,1006.81,406.33,165.67,623.69,0.8146,-1,-1,-1
302,56,379.81,468.82,43.89,104.28,0.4012,-1,-1,-1
302,44,1731.80,450.87,51.77,130.30,0.1559,-1,-1,-1
302,14,1371.12,454.33,86.34,253.57,0.8322,-1,-1,-1
302,8,1632.96,414.97,158.73,465.39,0.7632,-1,-1,-1
303,157,0.21,648.85,116.90,209.41,0.6844,-1,-1,-1
303,153,1594.35,418.61,92.98,229.92,0.3900,-1,-1,-1
303,146,1878.92,391.43,40.45,245.34,0.1777,-1,-1,-1
303,137,681.77,492.03,50.55,114.68,0.2345,-1,-1,-1
303,134,1163.80,438.35,53.32,113.38,0.2622,-1,-1,-1
303,127,1829.66,465.02,71.97,182.65,0.1528,-1,-1,-1
303,122,1112.38,434.43,58.06,157.30,0.1958,-1,-1,-1
303,116,506.18,459.32,36.61,100.54,0.4127,-1,-1,-1
303,113,872.95,421.16,150.98,528.05,0.7567,-1,-1,-1
303,100,739.97,476.99,39.17,118.68,0.2840,-1,-1,-1
303,93,770.98,454.00,72.30,198.14,0.7770,-1,-1,-1
303,60,1012.03,404.65,162.27,621.40,0.8100,-1,-1,-1
303,56,378.84,465.69,44.73,107.83,0.4224,-1,-1,-1
303,14,1357.82,419.86,91.13,286.14,0.7919,-1,-1,-1
303,8,1648.49,408.69,149.76,480.87,0.7716,-1,-1,-1
304,160,1298.17,414.55,48.60,132.49,0.2512,-1,-1,-1
304,157,0.06,552.12,119.19,306.00,0.7201,-1,-1,-1
304,153,1603.74,419.77,91.58,230.03,0.3350,-1,-1,-1
304,146,1878.83,392.51,40.52,241.44,0.1624,-1,-1,-1
304,137,681.81,488.52,51.58,118.73,0.2549,-1,-1,-1
304,134,1178.38,439.02,40.48,111.25,0.3284,-1,-1,-1
304,127,1830.32,466.17,70.19,179.55,0.1511,-1,-1,-1
304,122,1113.11,435.11,56.69,152.63,0.2298,-1,-1,-1
304,116,505.30,458.86,38.36,102.01,0.4884,-1,-1,-1
304,113,866.26,419.96,159.05,530.93,0.7953,-1,-1,-1
304,100,738.83,477.10,41.63,119.46,0.3331,-1,-1,-1
304,93,773.52,453.76,75.97,199.08,0.7692,-1,-1,-1
304,60,1012.66,403.83,171.14,623.34,0.8100,-1,-1,-1
304,56,378.50,466.63,44.79,106.83,0.3868,-1,-1,-1
304,14,1343.36,420.45,100.02,285.69,0.7747,-1,-1,-1
304,8,1660.29,410.49,156.53,489.96,0.7762,-1,-1,-1
305,160,1301.11,415.98,46.48,134.80,0.2534,-1,-1,-1
305,157,0.49,491.79,117.36,366.64,0.6235,-1,-1,-1
305,153,1612.31,408.56,92.94,242.61,0.3236,-1,-1,-1
305,138,687.88,471.41,46.85,132.25,0.2186,-1,-1,-1
305,134,1183.89,439.58,37.59,109.55,0.3835,-1,-1,-1
305,122,1112.01,435.24,57.21,152.55,0.2370,-1,-1,-1
305,113,873.82,420.91,151.07,530.06,0.7790,-1,-1,-1
305,100,739.33,479.16,40.76,118.62,0.3207,-1,-1,-1
305,93,774.19,450.00,76.61,205.16,0.7745,-1,-1,-1
305,75,505.69,457.28,37.37,103.31,0.4554,-1,-1,-1
305,60,1012.29,404.28,184.87,620.18,0.7974,-1,-1,-1
305,56,377.64,466.38,45.80,107.33,0.3849,-1,-1,-1
305,14,1336.31,425.42,103.96,280.48,0.7662,-1,-1,-1
305,8,1668.06,415.04,152.00,492.34,0.7422,-1,-1,-1
306,160,1304.73,416.30,44.43,154.57,0.3347,-1,-1,-1
306,157,0.05,470.72,123.04,389.88,0.7374,-1,-1,-1
306,153,1613.99,412.65,106.99,366.26,0.3464,-1,-1,-1
306,137,683.25,482.41,49.48,121.58,0.2343,-1,-1,-1
306,134,1183.35,441.89,41.19,107.35,0.5475,-1,-1,-1
306,122,1108.76,433.79,62.82,154.99,0.2076,-1,-1,-1
306,116,503.95,457.41,40.10,103.59,0.4757,-1,-1,-1
306,113,874.91,420.01,151.14,531.46,0.7988,-1,-1,-1
306,100,737.77,481.00,42.98,116.83,0.3089,-1,-1,-1
306,93,776.13,446.98,76.11,208.21,0.7658,-1,-1,-1
306,60,1014.72,405.07,197.48,615.73,0.8195,-1,-1,-1
306,56,377.29,466.05,46.55,108.07,0.3833,-1,-1,-1
306,14,1319.00,440.16,121.12,262.63,0.8031,-1,-1,-1
306,8,1669.81,417.92,176.81,494.68,0.8635,-1,-1,-1
307,160,1300.93,418.36,47.57,152.65,0.2868,-1,-1,-1
307,157,0.40,414.04,122.70,447.42,0.7493,-1,-1,-1
307,153,1612.68,408.94,119.39,400.47,0.5688,-1,-1,-1
307,137,684.15,490.02,48.91,116.44,0.2355,-1,-1,-1
307,134,1184.76,442.69,41.00,105.73,0.5622,-1,-1,-1
307,116,503.89,461.61,38.47,99.40,0.4179,-1,-1,-1
307,113,872.08,419.61,154.38,531.59,0.8147,-1,-1,-1
307,100,732.49,481.71,44.69,113.04,0.3359,-1,-1,-1
307,93,779.56,452.21,72.86,201.57,0.7219,-1,-1,-1
307,60,1016.61,401.87,204.47,617.93,0.8297,-1,-1,-1
307,56,378.90,466.88,44.92,106.98,0.3605,-1,-1,-1
307,14,1310.39,450.77,129.96,249.82,0.8039,-1,-1,-1
307,8,1675.01,413.59,217.40,502.35,0.8523,-1,-1,-1
308,160,1299.59,411.61,43.93,147.88,0.1517,-1,-1,-1
308,157,0.45,406.17,123.38,454.66,0.7872,-1,-1,-1
308,153,1605.01,402.10,132.86,403.86,0.6368,-1,-1,-1
308,137,686.41,491.98,46.68,113.87,0.2544,-1,-1,-1
308,134,1186.31,442.35,43.82,105.93,0.4958,-1,-1,-1
308,116,502.20,462.47,40.82,98.71,0.4128,-1,-1,-1
308,113,874.19,420.41,152.78,531.05,0.8196,-1,-1,-1
308,100,731.55,478.45,46.90,117.37,0.3389,-1,-1,-1
308,93,782.18,449.37,71.42,203.72,0.7512,-1,-1,-1
308,60,1016.17,401.33,214.81,616.20,0.8433,-1,-1,-1
308,56,377.76,467.04,47.18,106.92,0.3478,-1,-1,-1
308,14,1301.21,431.97,136.48,268.29,0.8114,-1,-1,-1
308,8,1674.36,418.67,238.27,497.53,0.8351,-1,-1,-1
309,157,0.48,399.66,123.55,461.41,0.8111,-1,-1,-1
309,153,1609.54,406.29,136.99,401.47,0.5926,-1,-1,-1
309,137,683.02,492.53,49.20,111.53,0.2231,-1,-1,-1
309,134,1189.49,443.63,39.79,103.93,0.4223,-1,-1,-1
309,116,500.81,461.13,42.21,99.80,0.4336,-1,-1,-1
309,113,872.42,421.39,154.00,529.16,0.8313,-1,-1,-1
309,100,732.02,477.62,49.88,119.20,0.3718,-1,-1,-1
309,93,790.76,446.64,66.76,208.14,0.7213,-1,-1,-1
309,60,1016.56,399.21,223.61,616.83,0.8482,-1,-1,-1
309,56,378.32,465.20,45.93,108.31,0.3292,-1,-1,-1
309,14,1295.25,431.36,139.39,269.92,0.8018,-1,-1,-1
309,8,1673.55,418.07,240.02,502.51,0.8586,-1,-1,-1
310,157,0.61,398.13,123.64,462.59,0.8050,-1,-1,-1
310,153,1617.08,409.39,139.46,399.86,0.5079,-1,-1,-1
310,138,691.91,473.14,43.98,129.34,0.1684,-1,-1,-1
310,134,1190.44,445.44,41.61,102.86,0.4922,-1,-1,-1
310,116,499.23,459.88,43.38,101.23,0.4624,-1,-1,-1
310,113,874.59,421.83,151.30,529.13,0.8078,-1,-1,-1
310,100,732.76,480.50,49.66,117.59,0.3745,-1,-1,-1
310,93,795.13,444.62,63.93,210.39,0.7222,-1,-1,-1
310,60,1017.43,400.05,229.65,615.17,0.8572,-1,-1,-1
310,56,376.74,464.16,45.29,108.45,0.2798,-1,-1,-1
310,14,1290.62,429.00,138.40,270.97,0.7629,-1,-1,-1
310,8,1670.61,418.22,248.07,510.80,0.8810,-1,-1,-1
311,157,0.24,394.73,120.08,462.43,0.8183,-1,-1,-1
311,153,1647.75,409.11,115.10,406.66,0.4775,-1,-1,-1
311,138,692.87,474.83,42.43,127.11,0.1900,-1,-1,-1
311,134,1190.10,446.64,41.59,100.84,0.5117,-1,-1,-1
311,113,873.21,420.59,153.24,530.35,0.8185,-1,-1,-1
311,100,732.62,479.42,51.35,119.27,0.4493,-1,-1,-1
311,93,798.74,444.57,63.92,211.24,0.7320,-1,-1,-1
311,75,499.19,455.63,45.29,105.02,0.4798,-1,-1,-1
311,60,1016.06,402.66,231.70,612.63,0.8585,-1,-1,-1
311,56,375.83,466.45,46.17,106.66,0.2415,-1,-1,-1
311,14,1289.57,432.29,126.26,262.82,0.7591,-1,-1,-1
311,8,1668.67,419.70,250.79,514.69,0.8750,-1,-1,-1
312,157,0.21,392.40,127.23,467.54,0.8304,-1,-1,-1
312,153,1619.40,411.67,151.92,404.83,0.5090,-1,-1,-1
312,138,691.70,472.48,43.21,128.99,0.1675,-1,-1,-1
312,134,1191.42,442.33,40.74,107.25,0.4683,-1,-1,-1
312,113,870.94,420.19,156.23,531.47,0.8328,-1,-1,-1
312,100,732.24,479.93,52.61,118.62,0.4648,-1,-1,-1
312,93,799.39,448.24,67.37,208.06,0.7321,-1,-1,-1
312,75,498.76,455.09,45.38,106.14,0.4224,-1,-1,-1
312,60,1020.15,403.93,227.14,611.30,0.8613,-1,-1,-1
312,56,375.53,461.67,47.63,110.73,0.2190,-1,-1,-1
312,14,1279.89,430.05,117.17,260.01,0.7647,-1,-1,-1
312,8,1671.12,420.25,248.49,514.61,0.8619,-1,-1,-1
313,157,1.42,393.03,141.20,467.54,0.8574,-1,-1,-1
313,153,1618.40,413.34,166.77,398.54,0.4769,-1,-1,-1
313,146,1873.63,385.18,45.78,242.57,0.2044,-1,-1,-1
313,138,693.05,473.43,41.97,125.69,0.1740,-1,-1,-1
313,134,1191.08,440.22,43.82,110.80,0.4890,-1,-1,-1
313,116,498.42,458.24,44.89,103.45,0.3888,-1,-1,-1
313,113,869.91,419.52,157.44,532.43,0.8133,-1,-1,-1
313,100,732.61,478.62,51.74,118.90,0.4908,-1,-1,-1
313,93,799.71,445.29,76.73,211.72,0.7278,-1,-1,-1
313,60,1020.02,402.66,228.12,612.64,0.8614,-1,-1,-1
313,56,375.68,459.64,46.71,114.07,0.2313,-1,-1,-1
313,14,1274.63,432.65,108.18,256.44,0.7861,-1,-1,-1
313,8,1677.78,422.26,241.15,514.46,0.8693,-1,-1,-1
314,157,8.00,394.62,154.77,462.91,0.8540,-1,-1,-1
314,153,1624.51,415.60,167.34,394.38,0.3581,-1,-1,-1
314,146,1871.88,384.11,47.51,215.73,0.1500,-1,-1,-1
314,138,691.06,479.98,44.71,121.91,0.1739,-1,-1,-1
314,134,1191.80,438.77,44.93,112.78,0.5536,-1,-1,-1
314,113,868.94,418.99,159.49,533.23,0.8200,-1,-1,-1
314,100,733.44,482.59,49.47,115.13,0.4094,-1,-1,-1
314,93,801.60,445.61,76.42,211.48,0.7230,-1,-1,-1
314,75,496.79,455.84,46.53,106.11,0.4152,-1,-1,-1
314,60,1022.31,402.36,224.80,611.93,0.8651,-1,-1,-1
314,56,375.82,466.04,46.96,107.53,0.2101,-1,-1,-1
314,14,1277.40,427.04,90.53,261.67,0.8066,-1,-1,-1
314,8,1688.47,419.03,230.27,518.10,0.8702,-1,-1,-1
315,157,17.05,398.38,185.33,463.11,0.8670,-1,-1,-1
315,153,1628.86,419.53,219.76,468.44,0.4210,-1,-1,-1
315,138,682.19,496.76,47.24,108.01,0.1671,-1,-1,-1
315,134,1193.45,434.27,42.84,116.66,0.5376,-1,-1,-1
315,113,867.79,417.05,162.16,534.91,0.8149,-1,-1,-1
315,100,731.64,480.63,50.50,117.21,0.3637,-1,-1,-1
315,93,805.03,443.33,77.74,214.43,0.7223,-1,-1,-1
315,75,497.57,454.00,44.70,106.87,0.4378,-1,-1,-1
315,60,1029.19,399.42,218.28,616.24,0.8600,-1,-1,-1
315,56,377.41,462.93,44.83,111.07,0.3025,-1,-1,-1
315,14,1274.44,426.88,82.33,260.56,0.7805,-1,-1,-1
315,8,1776.60,422.28,142.44,515.86,0.7127,-1,-1,-1
316,157,18.66,406.15,221.89,456.48,0.8803,-1,-1,-1
316,153,1640.42,413.94,214.67,475.52,0.6290,-1,-1,-1
316,138,691.74,480.92,42.94,119.95,0.1610,-1,-1,-1
316,134,1195.00,436.19,45.35,114.77,0.6062,-1,-1,-1
316,113,866.79,415.67,161.11,536.28,0.8044,-1,-1,-1
316,104,415.90,479.50,41.20,86.88,0.1664,-1,-1,-1
316,100,730.74,481.19,51.32,115.89,0.3195,-1,-1,-1
316,93,804.96,444.41,79.67,214.89,0.6920,-1,-1,-1
316,75,498.04,453.05,43.94,108.23,0.4586,-1,-1,-1
316,60,1034.59,401.67,211.02,611.98,0.8604,-1,-1,-1
316,56,378.03,463.03,44.22,110.53,0.2968,-1,-1,-1
316,14,1272.98,428.35,73.22,261.89,0.7537,-1,-1,-1
316,8,1788.67,416.52,130.51,518.65,0.7920,-1,-1,-1
317,157,17.96,403.13,250.29,459.15,0.8819,-1,-1,-1
317,153,1648.90,408.72,198.47,471.80,0.5928,-1,-1,-1
317,138,694.44,482.05,40.41,116.56,0.1649,-1,-1,-1
317,134,1196.23,437.67,43.75,113.38,0.5818,-1,-1,-1
317,129,1430.28,437.30,34.15,110.05,0.1515,-1,-1,-1
317,113,865.33,417.70,166.38,533.56,0.8188,-1,-1,-1
317,104,416.00,477.79,43.37,91.49,0.1814,-1,-1,-1
317,100,731.69,481.93,50.46,115.52,0.3408,-1,-1,-1
317,93,806.94,443.76,68.24,216.93,0.6833,-1,-1,-1
317,75,498.05,451.31,42.80,110.20,0.4665,-1,-1,-1
317,60,1036.64,399.85,209.57,614.73,0.8568,-1,-1,-1
317,56,378.23,463.89,44.94,111.25,0.3883,-1,-1,-1
317,14,1265.35,421.72,75.86,264.87,0.7733,-1,-1,-1
317,8,1799.83,415.78,119.89,517.41,0.7080,-1,-1,-1
318,157,16.91,402.72,274.26,460.76,0.9010,-1,-1,-1
318,153,1686.41,408.91,154.79,426.78,0.3689,-1,-1,-1
318,138,695.18,480.65,39.55,117.70,0.1519,-1,-1,-1
318,134,1199.07,437.67,44.96,111.69,0.5601,-1,-1,-1
318,129,1437.50,439.41,32.78,107.57,0.1651,-1,-1,-1
318,113,868.08,417.12,164.84,534.72,0.8160,-1,-1,-1
318,104,415.64,480.95,42.74,86.17,0.1816,-1,-1,-1
318,100,730.58,481.45,51.17,115.74,0.3319,-1,-1,-1
318,93,807.89,443.84,69.27,216.32,0.6695,-1,-1,-1
318,75,497.23,453.47,42.22,107.67,0.4918,-1,-1,-1
318,60,1039.56,400.05,207.80,613.35,0.8527,-1,-1,-1
318,56,377.15,463.11,45.91,110.78,0.3310,-1,-1,-1
318,14,1257.43,429.62,80.67,257.09,0.7974,-1,-1,-1
318,8,1783.38,421.88,135.06,525.85,0.6348,-1,-1,-1
319,157,17.55,401.11,282.54,462.64,0.8975,-1,-1,-1
319,153,1718.64,401.32,131.41,444.04,0.4389,-1,-1,-1
319,134,1201.13,439.60,44.63,109.01,0.5848,-1,-1,-1
319,129,1435.03,437.63,39.20,109.73,0.2702,-1,-1,-1
319,113,866.37,416.18,166.71,535.61,0.8182,-1,-1,-1
319,104,415.81,480.71,43.69,86.56,0.1949,-1,-1,-1
319,100,729.78,482.07,51.45,114.49,0.2258,-1,-1,-1
319,93,814.49,444.88,70.59,213.82,0.6716,-1,-1,-1
319,75,496.64,454.19,41.28,107.23,0.4819,-1,-1,-1
319,60,1041.43,400.54,206.02,611.78,0.8538,-1,-1,-1
319,56,377.27,462.80,46.29,111.45,0.3382,-1,-1,-1
319,14,1243.95,427.84,93.66,259.60,0.7733,-1,-1,-1
319,8,1813.59,415.41,105.35,525.02,0.6739,-1,-1,-1
320,157,20.41,403.97,287.82,457.87,0.8933,-1,-1,-1
320,153,1705.40,397.46,150.67,458.79,0.5097,-1,-1,-1
320,138,693.44,480.85,42.37,118.61,0.1575,-1,-1,-1
320,134,1203.15,441.23,43.99,107.30,0.4242,-1,-1,-1
320,129,1437.68,434.60,41.13,114.62,0.4442,-1,-1,-1
320,113,865.62,416.61,169.51,534.35,0.8259,-1,-1,-1
320,104,415.56,479.63,43.76,87.92,0.1767,-1,-1,-1
320,100,737.58,487.36,42.20,109.08,0.2580,-1,-1,-1
320,93,816.18,445.43,73.00,213.82,0.6271,-1,-1,-1
320,75,496.49,450.11,40.92,110.95,0.4495,-1,-1,-1
320,60,1045.55,401.68,201.19,610.64,0.8578,-1,-1,-1
320,56,377.15,464.53,46.59,109.20,0.2706,-1,-1,-1
320,14,1230.86,436.84,107.58,252.02,0.7425,-1,-1,-1
320,8,1830.66,418.04,88.66,521.89,0.7309,-1,-1,-1
321,157,22.06,403.66,289.60,457.44,0.8874,-1,-1,-1
321,153,1716.54,401.30,146.08,440.28,0.5447,-1,-1,-1
321,138,693.21,481.92,42.00,117.80,0.1832,-1,-1,-1
321,134,1206.86,443.34,41.27,94.95,0.3217,-1,-1,-1
321,129,1437.87,435.43,43.72,114.23,0.5423,-1,-1,-1
321,113,868.26,417.42,164.76,533.88,0.8209,-1,-1,-1
321,104,415.49,478.10,43.54,89.52,0.1664,-1,-1,-1
321,100,734.74,486.75,45.71,110.16,0.2860,-1,-1,-1
321,93,818.71,448.49,68.69,210.25,0.6440,-1,-1,-1
321,75,495.23,447.99,40.28,112.99,0.4154,-1,-1,-1
321,60,1047.71,400.65,199.11,611.75,0.8622,-1,-1,-1
321,56,377.90,464.07,45.13,109.80,0.2798,-1,-1,-1
321,14,1234.76,435.32,104.05,251.81,0.7710,-1,-1,-1
321,8,1844.94,429.42,74.40,511.46,0.7349,-1,-1,-1
322,164,1666.47,420.03,99.06,166.06,0.2293,-1,-1,-1
322,157,24.97,405.15,295.40,447.32,0.8864,-1,-1,-1
322,153,1731.77,394.05,141.48,449.94,0.5505,-1,-1,-1
322,138,692.80,483.31,42.88,115.11,0.1503,-1,-1,-1
322,129,1436.84,434.64,46.19,114.72,0.5468,-1,-1,-1
322,113,868.64,416.68,163.01,534.68,0.8248,-1,-1,-1
322,104,415.43,479.29,43.84,87.23,0.2153,-1,-1,-1
322,100,735.71,486.29,44.62,110.63,0.2854,-1,-1,-1
322,93,819.69,448.99,71.48,210.39,0.6701,-1,-1,-1
322,75,493.13,446.03,42.41,115.35,0.4478,-1,-1,-1
322,60,1048.77,404.34,197.51,609.02,0.8587,-1,-1,-1
322,56,376.52,462.52,46.79,111.68,0.3777,-1,-1,-1
322,14,1231.90,443.50,106.31,242.27,0.7587,-1,-1,-1
322,8,1855.97,428.09,63.35,511.81,0.6971,-1,-1,-1
323,157,25.75,407.57,299.06,443.79,0.8896,-1,-1,-1
323,153,1738.42,392.86,142.52,449.61,0.6868,-1,-1,-1
323,129,1436.94,438.62,51.28,110.09,0.4974,-1,-1,-1
323,113,870.73,415.49,165.16,535.86,0.8173,-1,-1,-1
323,104,415.08,479.32,46.94,87.24,0.2483,-1,-1,-1
323,100,735.99,487.77,44.66,108.42,0.1842,-1,-1,-1
323,93,820.42,453.26,74.36,205.72,0.6409,-1,-1,-1
323,75,492.82,446.22,43.00,114.72,0.4654,-1,-1,-1
323,60,1051.19,402.15,194.60,610.07,0.8646,-1,-1,-1
323,56,376.56,463.04,46.58,111.43,0.4024,-1,-1,-1
323,14,1231.84,440.94,101.09,243.68,0.7668,-1,-1,-1
323,8,1859.77,467.32,59.54,474.94,0.6176,-1,-1,-1
324,164,1670.84,429.79,96.90,160.15,0.1736,-1,-1,-1
324,157,32.79,408.06,293.15,438.94,0.8971,-1,-1,-1
324,153,1749.76,392.94,141.16,453.19,0.6027,-1,-1,-1
324,129,1440.24,441.04,51.81,107.76,0.5523,-1,-1,-1
324,113,872.53,416.10,164.27,535.41,0.8081,-1,-1,-1
324,104,414.62,477.33,44.49,90.41,0.1999,-1,-1,-1
324,100,736.86,486.83,43.39,108.62,0.2606,-1,-1,-1
324,93,820.67,457.32,74.64,201.10,0.6238,-1,-1,-1
324,75,491.85,446.87,43.10,114.23,0.4749,-1,-1,-1
324,60,1054.99,399.41,191.15,613.17,0.8562,-1,-1,-1
324,56,376.58,464.25,46.06,110.33,0.4084,-1,-1,-1
324,14,1222.73,437.57,103.79,247.75,0.7489,-1,-1,-1
324,8,1858.19,432.11,61.18,510.39,0.5789,-1,-1,-1
325,164,1669.67,429.15,102.01,159.15,0.1910,-1,-1,-1
325,157,43.08,406.38,283.90,441.10,0.9014,-1,-1,-1
325,153,1758.93,391.97,157.97,471.60,0.5504,-1,-1,-1
325,138,684.02,495.06,46.49,106.18,0.1524,-1,-1,-1
325,129,1445.12,439.42,50.73,108.61,0.5733,-1,-1,-1
325,113,874.52,415.39,162.46,535.98,0.8057,-1,-1,-1
325,104,414.38,476.98,45.21,90.97,0.2163,-1,-1,-1
325,100,734.07,487.48,46.25,109.47,0.2410,-1,-1,-1
325,93,826.40,442.67,76.81,219.56,0.4446,-1,-1,-1
325,75,491.92,447.05,42.09,115.46,0.4747,-1,-1,-1
325,60,1056.41,398.03,190.87,614.50,0.8535,-1,-1,-1
325,56,375.99,464.34,47.65,110.48,0.4271,-1,-1,-1
325,14,1218.50,444.42,101.89,240.11,0.6803,-1,-1,-1
325,8,1862.97,397.91,56.46,542.91,0.5327,-1,-1,-1
326,167,842.52,443.17,64.70,135.08,0.3374,-1,-1,-1
326,157,60.32,406.54,266.60,436.99,0.8902,-1,-1,-1
326,153,1764.37,394.73,155.03,504.95,0.6152,-1,-1,-1
326,129,1447.16,441.61,49.72,107.04,0.5908,-1,-1,-1
326,113,875.85,415.82,161.74,535.87,0.7933,-1,-1,-1
326,104,414.67,478.48,49.78,90.30,0.2428,-1,-1,-1
326,100,731.28,485.85,51.32,111.92,0.2553,-1,-1,-1
326,93,828.54,439.81,81.76,223.84,0.3749,-1,-1,-1
326,75,490.29,445.55,44.25,116.30,0.4507,-1,-1,-1
326,60,1057.20,398.48,191.08,614.49,0.8586,-1,-1,-1
326,56,376.80,465.97,46.83,109.38,0.4041,-1,-1,-1
326,14,1212.74,455.81,96.46,224.52,0.5428,-1,-1,-1
326,8,1860.14,407.87,59.23,535.37,0.3076,-1,-1,-1
327,167,847.27,443.65,60.65,136.07,0.3476,-1,-1,-1
327,157,86.51,403.71,240.01,435.60,0.8740,-1,-1,-1
327,153,1768.76,392.24,150.70,539.05,0.7191,-1,-1,-1
327,129,1448.14,441.47,53.25,106.85,0.5938,-1,-1,-1
327,113,880.01,417.23,157.20,534.25,0.7847,-1,-1,-1
327,104,414.17,478.06,45.69,90.96,0.2486,-1,-1,-1
327,100,733.81,485.27,48.77,111.95,0.2871,-1,-1,-1
327,93,835.85,441.72,76.92,227.05,0.1937,-1,-1,-1
327,75,489.72,445.45,43.44,115.98,0.5024,-1,-1,-1
327,60,1057.59,395.65,190.73,618.03,0.8637,-1,-1,-1
327,56,376.27,466.81,48.07,108.12,0.4017,-1,-1,-1
327,14,1207.42,432.44,62.60,191.51,0.4026,-1,-1,-1
327,8,1859.60,397.73,59.82,541.02,0.1844,-1,-1,-1
328,167,855.84,445.38,55.35,129.12,0.3225,-1,-1,-1
328,157,105.56,392.38,221.84,438.36,0.8826,-1,-1,-1
328,153,1768.53,387.91,150.92,551.21,0.7892,-1,-1,-1
328,138,684.75,485.57,49.25,110.75,0.1556,-1,-1,-1
328,129,1453.66,442.50,45.33,105.27,0.6210,-1,-1,-1
328,113,879.85,415.65,157.41,536.27,0.7551,-1,-1,-1
328,104,415.55,477.61,43.98,90.23,0.2348,-1,-1,-1
328,100,733.77,484.87,48.87,112.40,0.3384,-1,-1,-1
328,93,843.01,440.60,74.02,222.91,0.1705,-1,-1,-1
328,75,489.94,451.09,41.20,110.64,0.3987,-1,-1,-1
328,60,1057.31,396.01,192.67,617.92,0.8601,-1,-1,-1
328,56,377.46,467.18,47.38,108.62,0.4554,-1,-1,-1
328,14,1202.55,444.28,81.24,227.98,0.3381,-1,-1,-1
329,167,859.25,446.41,54.87,125.95,0.2291,-1,-1,-1
329,164,1691.19,435.35,88.00,151.68,0.1550,-1,-1,-1
329,157,127.58,393.50,198.39,431.75,0.8312,-1,-1,-1
329,153,1765.65,396.34,153.84,541.47,0.8197,-1,-1,-1
329,129,1457.95,441.31,40.23,104.13,0.5395,-1,-1,-1
329,113,873.72,418.29,164.41,535.73,0.7763,-1,-1,-1
329,104,415.31,477.54,44.98,89.88,0.2337,-1,-1,-1
329,100,733.52,484.34,49.29,113.79,0.3478,-1,-1,-1
329,75,489.92,453.91,42.16,108.02,0.3901,-1,-1,-1
329,60,1057.46,399.52,192.42,615.02,0.8602,-1,-1,-1
329,56,377.36,467.11,47.41,107.75,0.4088,-1,-1,-1
330,167,863.39,449.64,52.65,120.24,0.1909,-1,-1,-1
330,157,151.58,401.65,172.81,422.48,0.8069,-1,-1,-1
330,153,1766.29,397.43,153.24,532.32,0.7416,-1,-1,-1
330,134,1201.95,457.10,52.53,111.22,0.1813,-1,-1,-1
330,129,1460.68,441.04,38.49,103.55,0.4592,-1,-1,-1
330,113,867.91,419.81,172.31,533.18,0.8044,-1,-1,-1
330,104,415.00,475.98,44.68,91.07,0.2214,-1,-1,-1
330,100,735.36,485.00,47.01,112.26,0.3622,-1,-1,-1
330,75,488.90,452.65,42.77,109.25,0.4431,-1,-1,-1
330,60,1057.57,396.34,191.99,618.29,0.8641,-1,-1,-1
330,56,377.72,466.48,46.71,107.51,0.4273,-1,-1,-1
331,167,864.39,438.28,61.46,133.56,0.1552,-1,-1,-1
331,164,1693.79,433.97,82.72,153.69,0.1673,-1,-1,-1
331,163,1766.95,391.25,152.45,458.54,0.7398,-1,-1,-1
331,157,178.17,394.54,148.67,429.47,0.7993,-1,-1,-1
331,129,1464.47,440.40,37.32,105.47,0.5808,-1,-1,-1
331,113,868.81,420.37,172.40,532.28,0.8023,-1,-1,-1
331,104,414.54,474.69,44.55,93.65,0.2073,-1,-1,-1
331,100,734.64,483.41,47.21,114.62,0.3463,-1,-1,-1
331,75,487.86,453.18,43.11,108.92,0.3922,-1,-1,-1
331,60,1057.90,395.44,194.04,618.95,0.8650,-1,-1,-1
331,56,377.12,465.25,47.44,108.86,0.4202,-1,-1,-1
331,14,1174.61,420.18,83.74,206.83,0.2370,-1,-1,-1
332,170,0.14,597.55,87.16,195.07,0.4903,-1,-1,-1
332,168,831.47,445.97,40.38,107.76,0.1819,-1,-1,-1
332,167,867.01,438.72,54.02,134.18,0.2261,-1,-1,-1
332,163,1768.21,394.62,151.52,458.30,0.7844,-1,-1,-1
332,157,204.41,393.61,134.01,430.86,0.7744,-1,-1,-1
332,138,684.13,480.63,51.38,116.21,0.1551,-1,-1,-1
332,129,1467.08,439.76,40.53,107.08,0.5811,-1,-1,-1
332,113,871.73,420.24,174.68,532.33,0.8234,-1,-1,-1
332,104,415.16,468.18,42.76,100.19,0.1643,-1,-1,-1
332,100,736.62,484.40,46.35,113.47,0.3066,-1,-1,-1
332,75,489.14,450.52,41.15,111.76,0.4044,-1,-1,-1
332,60,1058.77,396.89,194.13,618.74,0.8638,-1,-1,-1
332,56,377.71,462.41,47.18,113.70,0.4429,-1,-1,-1
332,14,1180.15,416.59,89.44,270.53,0.1661,-1,-1,-1
333,170,0.13,591.05,115.41,197.93,0.3759,-1,-1,-1
333,168,832.14,451.93,40.04,100.92,0.1602,-1,-1,-1
333,167,870.38,440.74,57.31,118.56,0.1605,-1,-1,-1
333,163,1768.12,394.25,151.56,460.94,0.7827,-1,-1,-1
333,157,218.18,391.17,135.22,433.19,0.7502,-1,-1,-1
333,138,684.35,478.45,50.63,120.22,0.1815,-1,-1,-1
333,134,1195.58,463.25,71.41,160.99,0.2106,-1,-1,-1
333,129,1471.48,440.29,38.54,104.01,0.5665,-1,-1,-1
333,113,871.98,419.40,176.10,533.31,0.8293,-1,-1,-1
333,100,738.77,481.42,45.11,117.11,0.3101,-1,-1,-1
333,75,491.07,453.18,39.71,108.54,0.3879,-1,-1,-1
333,60,1059.56,397.47,195.47,617.61,0.8717,-1,-1,-1
333,56,371.74,469.61,55.19,103.49,0.2870,-1,-1,-1
334,173,804.74,466.11,30.48,82.34,0.2004,-1,-1,-1
334,170,0.00,451.91,133.34,339.94,0.6668,-1,-1,-1
334,167,871.12,437.70,58.70,114.01,0.1910,-1,-1,-1
334,163,1776.12,392.02,143.49,462.43,0.6609,-1,-1,-1
334,157,222.76,404.93,148.28,418.38,0.7156,-1,-1,-1
334,138,684.37,480.37,50.10,119.48,0.1688,-1,-1,-1
334,129,1472.31,440.24,37.30,106.53,0.4882,-1,-1,-1
334,113,872.67,420.21,176.73,532.40,0.8306,-1,-1,-1
334,104,415.91,472.38,43.34,93.80,0.1833,-1,-1,-1
334,100,739.04,482.41,45.84,116.28,0.3443,-1,-1,-1
334,75,491.20,453.37,39.09,108.34,0.3500,-1,-1,-1
334,60,1060.88,396.63,193.12,618.62,0.8760,-1,-1,-1
334,56,371.85,471.29,54.62,102.31,0.2700,-1,-1,-1
335,173,803.15,467.12,32.90,81.92,0.1865,-1,-1,-1
335,170,0.38,459.64,142.55,323.99,0.6938,-1,-1,-1
335,163,1781.67,408.60,138.12,449.19,0.6193,-1,-1,-1
335,157,191.49,423.54,197.45,399.12,0.7263,-1,-1,-1
335,138,686.29,480.19,46.36,118.43,0.1752,-1,-1,-1
335,134,1209.45,455.63,60.12,162.39,0.2286,-1,-1,-1
335,129,1473.81,438.27,38.86,107.18,0.5401,-1,-1,-1
335,127,1824.67,472.71,54.68,166.68,0.2417,-1,-1,-1
335,113,872.93,419.17,177.32,533.25,0.8365,-1,-1,-1
335,100,738.85,481.20,45.57,118.48,0.3814,-1,-1,-1
335,75,490.30,448.28,40.45,114.42,0.4439,-1,-1,-1
335,60,1061.28,396.90,191.33,617.03,0.8785,-1,-1,-1
335,56,375.22,470.96,52.04,103.54,0.2309,-1,-1,-1
336,173,800.66,466.83,33.98,81.86,0.1551,-1,-1,-1
336,170,0.33,443.16,146.43,345.36,0.8054,-1,-1,-1
336,163,1791.42,442.02,128.41,417.64,0.5101,-1,-1,-1
336,157,205.71,414.90,195.61,404.30,0.6272,-1,-1,-1
336,146,1869.81,436.18,49.55,240.86,0.1856,-1,-1,-1
336,138,682.15,496.00,48.23,108.44,0.2535,-1,-1,-1
336,129,1475.28,437.83,37.20,106.79,0.5231,-1,-1,-1
336,127,1828.78,468.24,56.17,177.30,0.3441,-1,-1,-1
336,113,873.65,420.87,174.00,531.70,0.8423,-1,-1,-1
336,100,736.66,483.42,47.23,115.26,0.3294,-1,-1,-1
336,75,488.83,446.97,40.40,113.71,0.4382,-1,-1,-1
336,60,1060.08,396.75,192.79,617.44,0.8792,-1,-1,-1
336,56,378.29,467.48,47.31,106.91,0.1559,-1,-1,-1
336,14,1201.79,450.10,87.52,229.03,0.1809,-1,-1,-1
337,170,0.40,442.70,149.83,343.62,0.8231,-1,-1,-1
337,168,833.11,455.63,48.84,93.99,0.2366,-1,-1,-1
337,167,877.07,443.08,53.86,112.31,0.1514,-1,-1,-1
337,163,1807.84,438.05,111.54,420.49,0.3927,-1,-1,-1
337,157,225.29,429.33,196.65,395.62,0.7155,-1,-1,-1
337,138,679.84,495.52,49.90,108.98,0.2856,-1,-1,-1
337,129,1475.56,436.04,40.12,110.25,0.5354,-1,-1,-1
337,113,874.55,419.22,173.44,533.39,0.8339,-1,-1,-1
337,100,735.07,483.18,47.51,117.23,0.3868,-1,-1,-1
337,75,488.59,450.18,38.81,110.74,0.2599,-1,-1,-1
337,60,1060.63,397.39,195.26,617.52,0.8804,-1,-1,-1
337,56,375.42,468.85,49.13,104.61,0.1635,-1,-1,-1
337,14,1196.71,445.99,111.90,347.12,0.1860,-1,-1,-1
338,175,1826.04,701.57,93.31,152.44,0.3539,-1,-1,-1
338,170,0.44,449.54,148.71,335.94,0.8322,-1,-1,-1
338,163,1825.03,463.50,94.42,390.45,0.1835,-1,-1,-1
338,157,228.23,440.35,216.66,383.41,0.7957,-1,-1,-1
338,138,681.61,483.10,49.78,116.39,0.2385,-1,-1,-1
338,129,1479.26,436.08,41.46,109.67,0.5945,-1,-1,-1
338,113,875.23,418.16,176.08,535.06,0.8205,-1,-1,-1
338,100,734.87,483.64,47.70,116.55,0.3662,-1,-1,-1
338,75,488.69,454.07,39.21,107.03,0.1862,-1,-1,-1
338,60,1061.01,397.37,196.39,617.00,0.8736,-1,-1,-1
338,14,1204.60,448.35,92.57,231.04,0.2085,-1,-1,-1
339,175,1844.85,711.03,74.47,146.88,0.2587,-1,-1,-1
339,170,0.44,445.91,150.10,339.15,0.8344,-1,-1,-1
339,168,834.32,449.90,46.97,101.82,0.1804,-1,-1,-1
339,157,236.10,404.71,216.13,418.23,0.8189,-1,-1,-1
339,138,679.93,492.19,49.27,111.77,0.3504,-1,-1,-1
339,129,1481.76,437.51,42.18,108.40,0.5214,-1,-1,-1
339,127,1828.79,470.18,69.58,175.12,0.2050,-1,-1,-1
339,113,875.65,418.27,172.23,535.08,0.8224,-1,-1,-1
339,100,737.04,485.42,45.38,113.87,0.4451,-1,-1,-1
339,75,488.46,457.78,38.71,103.59,0.1854,-1,-1,-1
339,60,1062.52,396.46,192.54,617.64,0.8826,-1,-1,-1
339,14,1207.84,447.23,87.14,232.16,0.3043,-1,-1,-1
340,170,0.45,442.50,148.33,343.99,0.8388,-1,-1,-1
340,168,834.40,457.57,46.56,94.47,0.1642,-1,-1,-1
340,157,232.58,405.70,227.37,417.94,0.8486,-1,-1,-1
340,146,1875.02,387.05,44.29,255.93,0.1536,-1,-1,-1
340,138,679.77,491.62,49.30,112.63,0.3510,-1,-1,-1
340,129,1484.32,436.91,40.78,109.54,0.4274,-1,-1,-1
340,127,1830.26,471.49,67.27,173.81,0.1870,-1,-1,-1
340,113,877.51,418.18,169.13,534.88,0.8207,-1,-1,-1
340,100,736.94,485.03,44.88,113.96,0.4510,-1,-1,-1
340,75,487.93,455.31,38.16,107.31,0.1895,-1,-1,-1
340,60,1062.63,398.98,194.78,614.78,0.8842,-1,-1,-1
340,14,1208.25,435.85,88.16,240.66,0.2645,-1,-1,-1
341,170,0.10,436.29,150.45,348.65,0.8458,-1,-1,-1
341,168,830.50,462.32,54.13,86.84,0.1604,-1,-1,-1
341,157,239.37,431.18,219.88,391.13,0.8178,-1,-1,-1
341,138,679.06,492.08,49.36,111.48,0.3512,-1,-1,-1
341,129,1484.61,433.84,45.55,112.74,0.2683,-1,-1,-1
341,127,1831.99,467.55,69.54,174.25,0.1987,-1,-1,-1
341,113,878.45,417.92,168.48,534.63,0.8211,-1,-1,-1
341,100,736.28,483.34,45.06,115.75,0.4481,-1,-1,-1
341,75,490.11,454.85,37.78,106.70,0.1885,-1,-1,-1
341,60,1063.89,403.18,194.14,610.76,0.8853,-1,-1,-1
341,14,1211.13,427.11,85.45,241.59,0.2138,-1,-1,-1
342,173,800.25,473.16,32.41,74.95,0.1596,-1,-1,-1
342,170,0.74,441.68,151.38,342.99,0.8342,-1,-1,-1
342,157,239.85,433.71,222.93,387.32,0.8159,-1,-1,-1
342,138,679.11,489.39,50.43,114.77,0.3736,-1,-1,-1
342,134,1231.18,439.29,50.67,177.53,0.1905,-1,-1,-1
342,129,1484.25,434.59,55.96,112.98,0.2312,-1,-1,-1
342,127,1833.10,469.72,62.94,173.50,0.1511,-1,-1,-1
342,113,882.66,423.41,172.44,529.08,0.8177,-1,-1,-1
342,100,738.30,483.49,43.41,114.98,0.4751,-1,-1,-1
342,75,491.62,455.62,38.91,106.80,0.2254,-1,-1,-1
342,60,1065.59,400.20,197.01,613.23,0.8777,-1,-1,-1
342,14,1221.04,430.63,75.39,242.06,0.2108,-1,-1,-1
343,173,801.62,473.16,30.44,74.63,0.1521,-1,-1,-1
343,170,0.40,433.54,151.07,356.48,0.7921,-1,-1,-1
343,157,242.45,431.38,218.74,388.66,0.8163,-1,-1,-1
343,138,676.75,489.08,54.09,113.40,0.3016,-1,-1,-1
343,129,1487.41,434.14,57.49,113.62,0.2276,-1,-1,-1
343,127,1832.58,470.19,60.10,172.52,0.2181,-1,-1,-1
343,113,885.03,423.35,168.56,529.26,0.8164,-1,-1,-1
343,100,738.22,485.31,45.18,113.33,0.4102,-1,-1,-1
343,75,493.68,456.10,37.43,104.13,0.2119,-1,-1,-1
343,60,1065.29,400.91,193.64,612.67,0.8819,-1,-1,-1
343,14,1204.60,423.94,93.10,248.70,0.2446,-1,-1,-1
344,173,802.16,473.93,30.04,73.66,0.1625,-1,-1,-1
344,170,9.80,436.44,141.34,349.93,0.7776,-1,-1,-1
344,157,245.47,412.53,215.19,405.43,0.8107,-1,-1,-1
344,138,676.50,488.09,54.94,115.94,0.3688,-1,-1,-1
344,127,1833.84,470.16,64.94,173.82,0.2116,-1,-1,-1
344,116,493.22,457.55,38.01,101.08,0.2277,-1,-1,-1
344,113,887.04,424.42,167.59,527.95,0.8186,-1,-1,-1
344,100,736.75,485.05,46.70,114.62,0.4690,-1,-1,-1
344,60,1066.08,399.56,195.04,614.31,0.8784,-1,-1,-1
344,14,1197.86,421.48,101.40,257.14,0.2911,-1,-1,-1
345,170,13.16,433.93,140.16,354.21,0.8136,-1,-1,-1
345,157,249.07,407.25,210.54,409.99,0.8543,-1,-1,-1
345,138,678.72,490.09,52.98,114.22,0.3220,-1,-1,-1
345,127,1830.52,466.88,70.66,177.94,0.2132,-1,-1,-1
345,116,493.56,450.47,38.40,109.81,0.2123,-1,-1,-1
345,113,889.52,424.17,164.30,527.69,0.8060,-1,-1,-1
345,100,734.12,483.70,49.79,114.89,0.3778,-1,-1,-1
345,60,1066.18,401.16,198.91,611.84,0.8807,-1,-1,-1
345,14,1195.26,409.99,113.28,273.10,0.3104,-1,-1,-1
346,173,803.40,470.78,27.26,75.73,0.1517,-1,-1,-1
346,170,38.71,437.54,121.54,347.81,0.8019,-1,-1,-1
346,157,261.80,401.90,197.70,413.64,0.8381,-1,-1,-1
346,138,676.14,492.85,54.69,112.48,0.3181,-1,-1,-1
346,127,1831.78,464.95,70.62,180.00,0.2014,-1,-1,-1
346,116,490.55,446.61,41.56,113.85,0.2665,-1,-1,-1
346,113,890.06,424.08,168.39,527.33,0.8131,-1,-1,-1
346,100,733.46,482.88,50.86,116.00,0.4084,-1,-1,-1
346,60,1066.74,400.31,196.54,613.60,0.8778,-1,-1,-1
346,14,1195.75,409.87,113.26,265.10,0.2805,-1,-1,-1
347,176,468.48,440.15,39.93,120.99,0.1784,-1,-1,-1
347,170,53.83,439.86,120.55,342.12,0.8050,-1,-1,-1
347,157,273.54,402.72,187.69,414.68,0.8133,-1,-1,-1
347,138,671.77,488.22,58.65,119.81,0.3347,-1,-1,-1
347,127,1833.23,466.38,69.94,177.56,0.2429,-1,-1,-1
347,116,489.59,447.51,42.15,112.64,0.2490,-1,-1,-1
347,113,891.62,424.20,168.90,526.99,0.8082,-1,-1,-1
347,100,733.56,484.37,50.26,114.72,0.3356,-1,-1,-1
347,60,1067.61,403.04,198.75,611.13,0.8741,-1,-1,-1
347,14,1196.26,410.28,113.27,263.30,0.2750,-1,-1,-1
348,173,805.76,471.66,26.09,75.95,0.1975,-1,-1,-1
348,170,53.99,434.93,131.10,348.11,0.6841,-1,-1,-1
348,157,292.05,408.11,172.14,406.55,0.7898,-1,-1,-1
348,138,671.13,493.00,59.66,115.47,0.2442,-1,-1,-1
348,129,1501.07,434.65,45.26,112.38,0.2111,-1,-1,-1
348,127,1831.81,464.21,71.60,182.83,0.2346,-1,-1,-1
348,116,480.66,447.21,48.60,114.63,0.3001,-1,-1,-1
348,113,896.34,423.11,158.87,527.73,0.8009,-1,-1,-1
348,100,730.80,481.35,54.08,116.60,0.3806,-1,-1,-1
348,60,1067.11,399.25,200.75,614.45,0.8733,-1,-1,-1
348,14,1197.91,407.43,113.23,258.69,0.2796,-1,-1,-1
349,177,554.64,456.82,27.77,54.69,0.1785,-1,-1,-1
349,173,805.85,472.16,25.92,75.54,0.1673,-1,-1,-1
349,170,42.02,433.97,151.52,349.47,0.5192,-1,-1,-1
349,157,299.58,400.55,157.89,403.41,0.8059,-1,-1,-1
349,138,672.28,493.89,57.65,114.64,0.2263,-1,-1,-1
349,127,1830.60,466.76,70.34,180.26,0.2479,-1,-1,-1
349,116,473.02,441.82,53.27,121.21,0.2747,-1,-1,-1
349,113,899.12,421.98,158.71,529.34,0.8063,-1,-1,-1
349,100,734.70,483.18,48.09,115.57,0.2584,-1,-1,-1
349,60,1067.28,402.37,201.48,611.78,0.8727,-1,-1,-1
349,14,1197.31,408.82,113.17,236.67,0.1682,-1,-1,-1
350,177,552.85,455.39,31.34,56.45,0.2040,-1,-1,-1
350,173,805.24,473.31,27.31,74.36,0.1861,-1,-1,-1
350,170,75.67,437.03,139.28,346.63,0.7810,-1,-1,-1
350,157,317.01,397.59,142.27,406.57,0.8006,-1,-1,-1
350,146,1877.52,389.21,41.79,252.96,0.1651,-1,-1,-1
350,138,672.84,493.00,54.37,115.01,0.2052,-1,-1,-1
350,127,1830.15,465.30,71.05,182.22,0.2510,-1,-1,-1
350,116,474.66,444.01,53.71,117.97,0.4960,-1,-1,-1
350,113,898.87,421.40,163.64,529.89,0.8087,-1,-1,-1
350,100,735.49,487.70,46.26,111.01,0.2047,-1,-1,-1
350,60,1066.60,399.63,201.26,614.00,0.8741,-1,-1,-1
351,178,0.46,494.82,53.17,359.77,0.5297,-1,-1,-1
351,177,553.73,456.40,29.55,55.59,0.1842,-1,-1,-1
351,173,805.65,469.77,30.99,79.17,0.1883,-1,-1,-1
351,170,69.04,438.37,177.85,345.01,0.8100,-1,-1,-1
351,168,834.82,467.22,36.57,82.98,0.1554,-1,-1,-1
351,157,343.72,389.95,117.82,408.50,0.7794,-1,-1,-1
351,138,673.09,491.71,52.70,115.95,0.2871,-1,-1,-1
351,127,1830.89,465.17,68.24,181.82,0.2607,-1,-1,-1
351,116,476.76,446.96,50.85,114.77,0.4336,-1,-1,-1
351,113,898.88,421.73,164.05,528.84,0.8005,-1,-1,-1
351,100,735.83,485.74,46.78,112.97,0.2935,-1,-1,-1
351,60,1066.71,399.68,198.79,614.23,0.8754,-1,-1,-1
352,178,0.27,506.71,61.88,348.98,0.5708,-1,-1,-1
352,177,553.77,457.85,27.09,53.80,0.1757,-1,-1,-1
352,173,804.22,472.61,27.47,74.78,0.1523,-1,-1,-1
352,170,71.54,436.15,193.77,345.63,0.8394,-1,-1,-1
352,157,359.24,396.82,110.98,401.24,0.7256,-1,-1,-1
352,138,672.36,488.91,55.19,118.03,0.2822,-1,-1,-1
352,127,1830.64,465.12,64.94,180.25,0.2357,-1,-1,-1
352,116,477.06,445.49,50.62,115.83,0.4016,-1,-1,-1
352,113,900.07,422.62,163.51,527.35,0.7984,-1,-1,-1
352,100,732.23,484.29,51.46,113.84,0.2776,-1,-1,-1
352,60,1066.02,400.73,201.79,613.43,0.8788,-1,-1,-1
353,178,0.31,507.10,72.93,349.33,0.6886,-1,-1,-1
353,170,79.16,434.92,203.79,347.89,0.8505,-1,-1,-1
353,164,1699.13,434.12,83.21,154.97,0.1732,-1,-1,-1
353,157,369.73,416.53,111.40,383.65,0.5818,-1,-1,-1
353,138,671.10,490.34,53.48,116.36,0.2881,-1,-1,-1
353,129,1516.48,428.86,44.75,115.23,0.1835,-1,-1,-1
353,127,1831.54,461.69,67.14,186.66,0.2637,-1,-1,-1
353,116,472.31,445.95,49.05,116.62,0.2848,-1,-1,-1
353,113,900.44,421.20,161.55,527.69,0.8015,-1,-1,-1
353,100,737.61,486.18,43.56,112.88,0.3161,-1,-1,-1
353,75,499.03,447.84,32.52,111.68,0.1556,-1,-1,-1
353,60,1065.36,400.15,200.87,614.23,0.8772,-1,-1,-1
354,178,0.50,498.78,81.67,354.56,0.6864,-1,-1,-1
354,177,553.02,457.55,28.32,54.24,0.1630,-1,-1,-1
354,170,83.80,435.97,208.15,346.51,0.8236,-1,-1,-1
354,157,365.06,398.90,126.25,402.35,0.5872,-1,-1,-1
354,146,1878.41,388.32,40.90,249.48,0.2288,-1,-1,-1
354,138,680.06,480.40,54.75,122.26,0.2658,-1,-1,-1
354,129,1517.30,427.65,48.80,117.31,0.1932,-1,-1,-1
354,127,1831.06,464.92,68.64,182.77,0.2645,-1,-1,-1
354,116,473.29,451.86,49.84,109.73,0.2014,-1,-1,-1
354,113,901.22,421.94,165.01,527.71,0.7946,-1,-1,-1
354,100,734.59,485.45,48.09,112.51,0.3231,-1,-1,-1
354,60,1065.45,399.04,201.51,615.38,0.8736,-1,-1,-1
355,178,0.39,466.85,111.19,385.99,0.7159,-1,-1,-1
355,177,553.49,456.35,28.27,55.18,0.1672,-1,-1,-1
355,170,86.06,439.62,208.94,336.97,0.8582,-1,-1,-1
355,157,344.78,392.02,160.33,404.60,0.5678,-1,-1,-1
355,146,1876.80,388.52,42.49,256.98,0.1892,-1,-1,-1
355,138,679.89,482.22,54.61,120.14,0.2347,-1,-1,-1
355,134,1235.73,447.60,42.40,141.78,0.1656,-1,-1,-1
355,127,1830.37,462.61,68.28,183.54,0.2739,-1,-1,-1
355,116,472.63,450.99,48.70,109.65,0.1580,-1,-1,-1
355,113,901.47,421.90,165.38,526.10,0.7722,-1,-1,-1
355,100,736.32,484.84,45.06,113.14,0.3868,-1,-1,-1
355,60,1066.19,400.62,198.73,613.35,0.8756,-1,-1,-1
356,180,1058.62,435.62,61.60,212.53,0.5826,-1,-1,-1
356,178,0.35,450.42,152.88,402.38,0.8013,-1,-1,-1
356,177,553.38,456.72,28.52,54.83,0.1673,-1,-1,-1
356,170,100.49,439.06,195.85,332.46,0.8341,-1,-1,-1
356,157,351.16,402.77,167.18,395.75,0.6160,-1,-1,-1
356,138,681.17,481.02,54.04,120.26,0.2594,-1,-1,-1
356,127,1829.32,464.02,70.95,182.73,0.2872,-1,-1,-1
356,116,473.51,450.79,47.67,109.64,0.1981,-1,-1,-1
356,113,903.67,421.96,159.94,524.05,0.7563,-1,-1,-1
356,100,739.30,486.85,41.68,112.06,0.4018,-1,-1,-1
356,60,1066.06,401.60,198.46,613.48,0.8681,-1,-1,-1
357,180,1055.11,431.06,65.31,212.94,0.2987,-1,-1,-1
357,178,0.40,451.21,180.88,407.07,0.8446,-1,-1,-1
357,173,803.06,475.20,30.04,71.18,0.1628,-1,-1,-1
357,170,114.11,437.29,183.27,330.28,0.8121,-1,-1,-1
357,157,359.28,405.47,189.43,395.25,0.6806,-1,-1,-1
357,146,1873.45,389.85,45.84,255.15,0.2110,-1,-1,-1
357,138,679.90,479.17,55.63,121.85,0.3066,-1,-1,-1
357,127,1829.46,465.31,69.16,180.77,0.2589,-1,-1,-1
357,116,469.42,443.01,51.88,118.51,0.2183,-1,-1,-1
357,113,904.53,421.68,157.45,522.65,0.7651,-1,-1,-1
357,100,738.19,491.28,41.79,107.21,0.2812,-1,-1,-1
357,60,1066.20,399.38,204.50,615.54,0.8534,-1,-1,-1
358,180,1053.81,435.95,62.13,208.59,0.5519,-1,-1,-1
358,178,0.22,452.97,205.65,402.94,0.8562,-1,-1,-1
358,177,552.07,453.15,27.25,58.74,0.1567,-1,-1,-1
358,170,128.15,437.55,168.66,329.95,0.8110,-1,-1,-1
358,157,393.01,400.62,173.78,396.08,0.6522,-1,-1,-1
358,146,1874.53,388.62,44.78,256.65,0.2038,-1,-1,-1
358,138,680.30,478.75,55.20,117.66,0.2449,-1,-1,-1
358,127,1830.91,462.65,72.66,183.79,0.2567,-1,-1,-1
358,113,904.09,418.90,158.29,524.87,0.7857,-1,-1,-1
358,100,735.90,483.96,45.66,115.82,0.3777,-1,-1,-1
358,75,476.63,443.96,50.95,116.99,0.1816,-1,-1,-1
358,60,1066.90,400.41,204.15,614.39,0.8522,-1,-1,-1
359,180,1043.78,428.24,66.50,214.75,0.4369,-1,-1,-1
359,178,0.00,445.81,208.27,408.61,0.8451,-1,-1,-1
359,177,552.32,454.17,27.38,58.29,0.1796,-1,-1,-1
359,173,807.56,474.05,27.41,72.82,0.1644,-1,-1,-1
359,170,134.81,435.12,162.50,332.65,0.8211,-1,-1,-1
359,157,394.95,407.34,185.28,392.35,0.8124,-1,-1,-1
359,146,1844.64,405.25,74.69,247.20,0.1512,-1,-1,-1
359,138,677.97,480.36,57.74,111.92,0.2702,-1,-1,-1
359,129,1532.99,428.16,44.53,112.84,0.2027,-1,-1,-1
359,127,1831.17,466.87,70.15,180.03,0.2687,-1,-1,-1
359,113,907.55,419.54,154.92,523.99,0.7900,-1,-1,-1
359,100,735.70,483.16,46.48,116.71,0.3854,-1,-1,-1
359,75,478.95,443.44,50.53,115.02,0.2384,-1,-1,-1
359,60,1067.21,399.14,205.27,615.38,0.8521,-1,-1,-1
360,182,580.35,460.81,24.58,50.87,0.1621,-1,-1,-1
360,180,1035.40,430.84,69.85,212.90,0.2363,-1,-1,-1
360,178,0.16,446.90,215.76,407.03,0.8747,-1,-1,-1
360,177,552.42,455.38,27.07,56.78,0.1928,-1,-1,-1
360,170,145.66,436.36,153.64,326.81,0.7774,-1,-1,-1
360,157,398.30,411.23,191.15,387.22,0.8068,-1,-1,-1
360,146,1870.95,388.81,48.37,254.37,0.1567,-1,-1,-1
360,138,677.19,481.79,57.87,118.86,0.2071,-1,-1,-1
360,129,1536.76,428.85,41.15,115.73,0.2227,-1,-1,-1
360,127,1830.42,464.31,69.43,182.18,0.2267,-1,-1,-1
360,113,908.81,420.16,158.87,522.75,0.7899,-1,-1,-1
360,100,737.70,487.54,44.25,112.43,0.3582,-1,-1,-1
360,60,1066.94,401.09,207.66,613.81,0.8503,-1,-1,-1
361,178,0.08,443.94,221.07,408.88,0.8764,-1,-1,-1
361,177,552.19,453.59,26.62,58.41,0.1720,-1,-1,-1
361,173,802.21,475.58,30.38,71.86,0.1670,-1,-1,-1
361,170,171.02,435.40,129.11,328.46,0.7516,-1,-1,-1
361,157,395.49,405.19,203.16,393.21,0.8433,-1,-1,-1
361,138,692.63,458.90,44.77,120.17,0.1789,-1,-1,-1
361,127,1831.65,465.22,70.11,178.99,0.2224,-1,-1,-1
361,113,908.98,419.16,158.71,519.56,0.7993,-1,-1,-1
361,100,736.04,483.54,45.98,115.90,0.2948,-1,-1,-1
361,60,1066.97,402.39,209.30,612.26,0.8538,-1,-1,-1
362,180,1034.74,432.39,60.31,210.49,0.2984,-1,-1,-1
362,178,0.00,445.62,232.38,409.48,0.8542,-1,-1,-1
362,177,550.48,454.76,27.47,57.54,0.1522,-1,-1,-1
362,173,805.04,475.56,29.18,70.88,0.1567,-1,-1,-1
362,170,174.44,440.31,123.24,324.89,0.6718,-1,-1,-1
362,157,394.70,406.54,204.29,392.74,0.8476,-1,-1,-1
362,146,1877.08,387.91,42.24,245.68,0.2351,-1,-1,-1
362,138,672.09,479.79,61.60,121.56,0.1848,-1,-1,-1
362,113,909.23,416.60,161.27,519.96,0.8060,-1,-1,-1
362,100,732.07,483.89,49.10,114.71,0.2726,-1,-1,-1
362,60,1068.37,402.30,209.03,612.64,0.8602,-1,-1,-1
363,183,525.31,440.93,22.38,73.05,0.1628,-1,-1,-1
363,182,579.33,458.42,22.31,52.37,0.1609,-1,-1,-1
363,178,0.00,446.90,230.28,406.12,0.8442,-1,-1,-1
363,177,552.31,453.54,26.95,58.33,0.1738,-1,-1,-1
363,173,802.79,474.97,30.72,71.85,0.1863,-1,-1,-1
363,170,182.88,438.05,114.58,328.09,0.7533,-1,-1,-1
363,157,390.52,411.49,209.51,386.87,0.8394,-1,-1,-1
363,146,1878.82,386.89,40.50,244.76,0.2023,-1,-1,-1
363,138,676.49,478.88,57.52,118.66,0.1693,-1,-1,-1
363,129,1541.04,426.08,40.83,118.56,0.3506,-1,-1,-1
363,113,913.58,419.79,161.75,516.70,0.8019,-1,-1,-1
363,100,732.36,482.21,48.27,116.20,0.3875,-1,-1,-1
363,60,1068.12,401.57,209.04,613.01,0.8536,-1,-1,-1
364,183,530.18,444.46,22.30,69.76,0.1639,-1,-1,-1
364,182,578.62,458.27,23.49,52.85,0.1679,-1,-1,-1
364,178,0.00,440.15,229.52,409.33,0.8533,-1,-1,-1
364,177,552.45,452.70,27.78,59.79,0.1925,-1,-1,-1
364,173,801.66,474.75,31.67,72.06,0.1735,-1,-1,-1
364,170,197.02,442.81,101.37,321.76,0.7325,-1,-1,-1
364,157,394.00,415.69,204.80,383.08,0.8503,-1,-1,-1
364,146,1878.20,387.46,41.13,246.62,0.1852,-1,-1,-1
364,138,677.80,478.60,57.23,115.67,0.1883,-1,-1,-1
364,134,1242.96,443.80,40.66,95.82,0.1757,-1,-1,-1
364,129,1543.08,426.36,40.60,118.33,0.3538,-1,-1,-1
364,113,914.93,412.52,160.38,521.90,0.8269,-1,-1,-1
364,100,732.83,482.93,48.12,116.08,0.4328,-1,-1,-1
364,60,1068.15,401.38,211.05,613.35,0.8541,-1,-1,-1
365,182,578.54,457.12,23.43,54.04,0.1968,-1,-1,-1
365,178,1.97,442.00,233.28,410.34,0.8605,-1,-1,-1
365,177,551.14,450.83,27.71,61.11,0.1965,-1,-1,-1
365,170,202.33,437.35,103.30,327.86,0.7411,-1,-1,-1
365,157,393.20,412.36,205.28,385.62,0.8574,-1,-1,-1
365,146,1877.07,387.55,42.26,250.44,0.1731,-1,-1,-1
365,138,677.69,477.49,58.61,113.86,0.1574,-1,-1,-1
365,129,1546.30,423.68,37.40,111.34,0.1693,-1,-1,-1
365,127,1828.24,466.57,73.19,177.59,0.1530,-1,-1,-1
365,113,916.78,412.70,160.05,521.87,0.8190,-1,-1,-1
365,100,733.71,481.34,47.79,118.28,0.4254,-1,-1,-1
365,60,1068.08,402.91,209.96,611.16,0.8522,-1,-1,-1
366,182,578.74,458.00,22.52,53.66,0.1679,-1,-1,-1
366,178,3.87,442.81,232.03,406.13,0.8590,-1,-1,-1
366,170,207.59,435.25,104.62,329.29,0.7747,-1,-1,-1
366,157,396.56,410.96,202.42,381.88,0.8220,-1,-1,-1
366,146,1876.54,391.43,42.78,240.69,0.1612,-1,-1,-1
366,138,664.05,493.33,54.93,113.00,0.2219,-1,-1,-1
366,129,1545.75,426.08,38.54,113.13,0.1579,-1,-1,-1
366,113,919.47,412.01,159.93,523.54,0.8291,-1,-1,-1
366,100,733.21,482.26,46.23,116.45,0.4094,-1,-1,-1
366,60,1068.20,399.49,209.09,615.49,0.8472,-1,-1,-1
367,178,30.94,441.88,204.36,394.05,0.7861,-1,-1,-1
367,170,218.63,436.59,108.32,327.62,0.7566,-1,-1,-1
367,157,399.12,404.25,195.07,387.03,0.8418,-1,-1,-1
367,146,1877.56,390.99,41.74,243.41,0.1526,-1,-1,-1
367,138,663.41,490.37,52.87,116.24,0.2650,-1,-1,-1
367,127,1827.53,467.92,71.41,175.18,0.1930,-1,-1,-1
367,113,922.78,410.40,157.03,525.47,0.8253,-1,-1,-1
367,100,731.95,481.50,46.51,117.16,0.4554,-1,-1,-1
367,60,1068.56,401.23,212.46,613.82,0.8218,-1,-1,-1
368,185,688.29,479.22,47.03,98.54,0.2106,-1,-1,-1
368,178,55.81,435.99,175.29,390.83,0.7830,-1,-1,-1
368,170,227.55,438.43,122.98,326.64,0.7359,-1,-1,-1
368,164,1717.61,436.69,63.95,147.49,0.1503,-1,-1,-1
368,157,401.61,394.61,190.55,393.70,0.8463,-1,-1,-1
368,146,1876.78,389.13,42.50,245.92,0.1573,-1,-1,-1
368,138,662.90,492.29,53.63,115.03,0.2040,-1,-1,-1
368,127,1828.32,469.67,68.40,174.92,0.1953,-1,-1,-1
368,113,924.95,409.63,155.62,525.68,0.8198,-1,-1,-1
368,100,731.16,481.88,47.49,116.62,0.4662,-1,-1,-1
368,60,1068.20,398.71,220.28,616.32,0.7877,-1,-1,-1
369,186,1068.25,459.72,50.99,132.48,0.1864,-1,-1,-1
369,185,684.81,477.85,50.79,102.62,0.1893,-1,-1,-1
369,182,579.60,458.18,20.96,52.33,0.1566,-1,-1,-1
369,178,88.02,432.93,145.32,392.16,0.7696,-1,-1,-1
369,170,233.75,434.08,140.01,330.45,0.8104,-1,-1,-1
369,157,408.50,395.92,182.56,393.07,0.8536,-1,-1,-1
369,146,1876.70,390.31,42.55,235.05,0.1750,-1,-1,-1
369,127,1829.12,471.18,66.56,174.13,0.2406,-1,-1,-1
369,113,926.02,415.83,155.37,517.11,0.8220,-1,-1,-1
369,100,731.50,482.60,47.53,115.90,0.4196,-1,-1,-1
369,60,1069.27,400.54,223.24,614.56,0.7462,-1,-1,-1
370,186,1065.34,454.80,52.52,135.71,0.2146,-1,-1,-1
370,185,684.68,478.15,50.37,106.25,0.1936,-1,-1,-1
370,182,576.58,464.21,14.81,47.21,0.1724,-1,-1,-1
370,178,114.83,436.14,121.38,385.97,0.8105,-1,-1,-1
370,170,239.76,431.72,155.16,331.65,0.8301,-1,-1,-1
370,164,1710.78,435.79,70.70,148.45,0.1660,-1,-1,-1
370,157,415.71,408.85,175.32,381.92,0.8351,-1,-1,-1
370,146,1877.66,388.82,41.65,242.96,0.1664,-1,-1,-1
370,138,662.95,492.29,53.63,116.43,0.1510,-1,-1,-1
370,127,1830.74,467.44,67.98,178.90,0.1962,-1,-1,-1
370,113,929.44,416.75,157.52,519.94,0.8016,-1,-1,-1
370,100,730.86,480.64,47.53,117.86,0.4005,-1,-1,-1
370,60,1068.87,397.07,220.04,617.80,0.7952,-1,-1,-1
371,188,0.00,532.70,44.27,275.54,0.2773,-1,-1,-1
371,186,1062.99,451.41,61.84,138.92,0.1615,-1,-1,-1
371,185,685.95,477.41,48.25,112.72,0.1727,-1,-1,-1
371,182,580.78,460.45,18.86,49.62,0.1702,-1,-1,-1
371,178,132.16,441.61,119.76,379.02,0.7981,-1,-1,-1
371,173,803.45,476.09,30.94,71.92,0.1548,-1,-1,-1
371,170,241.04,432.23,166.07,330.60,0.8392,-1,-1,-1
371,157,430.32,401.24,163.96,387.82,0.8320,-1,-1,-1
371,146,1877.67,389.10,41.66,246.83,0.2750,-1,-1,-1
371,127,1829.09,465.78,68.77,179.68,0.1557,-1,-1,-1
371,113,933.34,415.69,155.41,521.16,0.7965,-1,-1,-1
371,100,729.96,481.50,48.57,118.02,0.3850,-1,-1,-1
371,60,1069.78,398.05,211.24,616.43,0.7178,-1,-1,-1
372,188,0.00,499.21,45.52,308.34,0.5007,-1,-1,-1
372,186,1060.89,452.29,69.82,141.54,0.1530,-1,-1,-1
372,185,684.53,476.40,49.53,109.68,0.1764,-1,-1,-1
372,178,136.03,438.10,122.46,382.74,0.7601,-1,-1,-1
372,173,803.06,475.86,30.14,72.13,0.1613,-1,-1,-1
372,170,240.63,435.69,171.07,325.82,0.8179,-1,-1,-1
372,157,442.34,426.53,150.41,352.38,0.7975,-1,-1,-1
372,146,1877.43,387.55,41.95,253.72,0.2845,-1,-1,-1
372,113,935.72,415.64,154.71,520.85,0.7960,-1,-1,-1
372,100,731.06,482.43,46.20,116.08,0.3729,-1,-1,-1
372,60,1070.58,397.35,216.00,616.62,0.8190,-1,-1,-1
373,188,0.00,490.02,46.43,318.21,0.6281,-1,-1,-1
373,186,1058.22,454.91,69.97,139.74,0.1772,-1,-1,-1
373,185,687.86,479.54,46.98,104.70,0.1545,-1,-1,-1
373,178,146.01,434.57,147.73,384.51,0.8089,-1,-1,-1
373,170,253.18,436.02,160.51,318.68,0.8034,-1,-1,-1
373,168,833.56,470.67,40.28,75.25,0.1647,-1,-1,-1
373,157,462.04,399.68,142.28,375.32,0.8000,-1,-1,-1
373,146,1877.21,388.43,42.13,252.04,0.2325,-1,-1,-1
373,138,659.28,501.85,52.24,107.64,0.1854,-1,-1,-1
373,134,1256.58,433.76,40.58,109.25,0.1862,-1,-1,-1
373,127,1828.89,464.79,73.29,181.30,0.1982,-1,-1,-1
373,113,938.01,416.55,154.58,521.29,0.7950,-1,-1,-1
373,100,731.93,482.84,47.04,114.41,0.3945,-1,-1,-1
373,60,1070.69,397.24,219.28,617.32,0.8387,-1,-1,-1
374,188,0.32,491.46,50.95,317.16,0.7026,-1,-1,-1
374,186,1065.08,454.58,51.76,102.06,0.1706,-1,-1,-1
374,178,154.97,431.11,148.21,386.68,0.7264,-1,-1,-1
374,170,266.72,443.09,152.50,300.57,0.7789,-1,-1,-1
374,168,838.07,470.08,37.71,73.30,0.1561,-1,-1,-1
374,157,473.32,400.52,138.92,371.06,0.7724,-1,-1,-1
374,146,1846.51,391.56,72.83,261.83,0.2247,-1,-1,-1
374,134,1256.53,426.99,42.74,115.97,0.2894,-1,-1,-1
374,127,1833.40,461.23,70.99,184.87,0.1972,-1,-1,-1
374,113,943.78,417.04,150.96,519.37,0.7884,-1,-1,-1
374,100,732.85,479.80,47.65,118.54,0.3961,-1,-1,-1
374,60,1071.53,398.24,217.97,616.05,0.8098,-1,-1,-1
375,188,0.30,486.14,60.02,326.55,0.6592,-1,-1,-1
375,186,1065.84,453.14,37.41,99.64,0.1781,-1,-1,-1
375,185,691.25,476.57,44.76,107.24,0.2133,-1,-1,-1
375,180,1063.39,452.39,60.72,140.33,0.1959,-1,-1,-1
375,178,157.38,434.51,178.48,382.63,0.8168,-1,-1,-1
375,173,800.87,472.83,31.13,73.90,0.1530,-1,-1,-1
375,170,279.41,453.38,140.37,294.28,0.7425,-1,-1,-1
375,157,482.55,409.23,142.77,362.15,0.7128,-1,-1,-1
375,146,1842.29,388.35,77.07,262.37,0.1758,-1,-1,-1
375,134,1257.19,435.65,39.16,108.59,0.2451,-1,-1,-1
375,127,1830.03,461.54,72.85,183.53,0.2815,-1,-1,-1
375,113,941.52,412.83,153.34,522.01,0.7756,-1,-1,-1
375,100,733.40,480.02,47.50,118.90,0.3846,-1,-1,-1
375,60,1071.24,400.21,219.22,613.35,0.7954,-1,-1,-1
376,195,413.66,482.01,44.72,85.96,0.1953,-1,-1,-1
376,188,0.22,480.09,73.30,331.93,0.7803,-1,-1,-1
376,186,1063.95,453.47,52.16,134.46,0.1899,-1,-1,-1
376,185,683.57,476.10,51.80,107.50,0.2287,-1,-1,-1
376,178,153.78,438.43,195.89,378.36,0.7681,-1,-1,-1
376,170,275.08,434.55,146.88,313.83,0.7423,-1,-1,-1
376,168,832.19,470.18,38.66,74.47,0.1566,-1,-1,-1
376,164,1668.52,432.03,106.89,155.22,0.1509,-1,-1,-1
376,157,487.67,403.45,142.61,364.93,0.6939,-1,-1,-1
376,146,1848.80,392.21,70.55,261.22,0.2425,-1,-1,-1
376,134,1256.64,439.98,40.12,104.10,0.2052,-1,-1,-1
376,113,944.40,418.18,148.85,521.23,0.7739,-1,-1,-1
376,100,730.63,478.98,49.10,120.25,0.3214,-1,-1,-1
376,60,1071.33,399.82,221.68,613.15,0.8087,-1,-1,-1
377,195,414.21,481.44,46.65,89.27,0.2240,-1,-1,-1
377,188,0.22,440.80,106.27,368.02,0.7789,-1,-1,-1
377,186,1062.61,449.57,51.37,134.09,0.1917,-1,-1,-1
377,185,688.83,475.73,45.93,108.27,0.1901,-1,-1,-1
377,178,152.40,441.12,211.74,376.27,0.7974,-1,-1,-1
377,170,283.01,442.35,143.03,306.15,0.7057,-1,-1,-1
377,157,487.57,398.92,146.39,369.98,0.7358,-1,-1,-1
377,146,1828.11,461.54,73.45,183.66,0.1954,-1,-1,-1
377,134,1257.06,439.88,40.52,102.02,0.1884,-1,-1,-1
377,113,946.17,417.60,153.22,521.18,0.7970,-1,-1,-1
377,100,731.46,481.81,47.34,117.94,0.3284,-1,-1,-1
377,60,1071.02,400.90,225.66,613.97,0.8123,-1,-1,-1
378,195,414.21,482.35,46.45,87.39,0.2366,-1,-1,-1
378,188,0.09,433.84,141.21,375.70,0.8289,-1,-1,-1
378,186,1065.04,450.11,49.08,138.10,0.1570,-1,-1,-1
378,185,690.48,479.65,43.90,104.44,0.2455,-1,-1,-1
378,178,154.67,440.88,212.87,376.35,0.8198,-1,-1,-1
378,170,293.28,440.23,131.95,311.51,0.6757,-1,-1,-1
378,157,493.22,394.66,150.05,376.73,0.7880,-1,-1,-1
378,146,1828.62,462.52,72.67,182.43,0.1791,-1,-1,-1
378,134,1257.18,438.65,41.38,103.85,0.1604,-1,-1,-1
378,113,945.50,411.20,157.61,523.62,0.7802,-1,-1,-1
378,100,731.73,482.75,46.01,114.54,0.3457,-1,-1,-1
378,60,1071.71,398.66,222.31,616.43,0.7752,-1,-1,-1
379,195,414.58,480.79,50.00,90.11,0.2153,-1,-1,-1
379,188,0.15,433.43,139.41,373.95,0.8210,-1,-1,-1
379,186,1064.49,452.26,48.52,136.37,0.2024,-1,-1,-1
379,185,691.29,479.60,42.22,106.69,0.3110,-1,-1,-1
379,178,154.53,442.22,215.32,374.61,0.8247,-1,-1,-1
379,170,314.31,438.86,110.83,310.03,0.6841,-1,-1,-1
379,157,499.89,397.44,163.75,374.27,0.7933,-1,-1,-1
379,146,1831.04,463.76,70.07,180.23,0.1644,-1,-1,-1
379,113,945.26,410.44,157.24,524.27,0.8144,-1,-1,-1
379,100,731.92,482.00,44.79,116.15,0.3895,-1,-1,-1
379,60,1070.92,396.26,221.10,617.78,0.8307,-1,-1,-1
380,194,415.18,480.00,50.14,91.36,0.2190,-1,-1,-1
380,188,0.41,432.18,162.69,374.44,0.7753,-1,-1,-1
380,185,691.13,470.12,42.28,119.41,0.2482,-1,-1,-1
380,178,157.54,444.05,220.95,370.58,0.8376,-1,-1,-1
380,170,323.55,447.10,97.31,305.49,0.6351,-1,-1,-1
380,157,504.72,400.16,166.47,371.28,0.6394,-1,-1,-1
380,146,1829.45,467.04,71.94,176.92,0.1642,-1,-1,-1
380,138,666.74,459.37,38.57,122.89,0.2115,-1,-1,-1
380,134,1257.11,439.10,42.07,102.46,0.2208,-1,-1,-1
380,113,946.23,406.06,160.28,527.66,0.8113,-1,-1,-1
380,100,731.12,479.92,43.35,117.21,0.3587,-1,-1,-1
380,60,1071.74,394.90,220.23,619.14,0.8255,-1,-1,-1
381,194,414.20,480.16,51.07,94.15,0.1714,-1,-1,-1
381,188,0.53,441.77,172.46,364.77,0.7523,-1,-1,-1
381,185,692.37,471.31,42.00,120.16,0.2775,-1,-1,-1
381,178,153.55,444.77,226.09,365.68,0.8610,-1,-1,-1
381,170,322.52,440.94,98.46,311.89,0.7057,-1,-1,-1
381,157,517.95,409.55,142.22,362.33,0.5864,-1,-1,-1
381,138,662.42,463.87,43.91,134.71,0.1587,-1,-1,-1
381,134,1258.15,439.15,42.42,99.88,0.1864,-1,-1,-1
381,113,955.29,413.58,153.03,525.83,0.7699,-1,-1,-1
381,100,730.47,479.35,47.80,119.63,0.3083,-1,-1,-1
381,60,1072.33,393.32,215.21,621.17,0.7992,-1,-1,-1
382,188,0.16,440.39,177.53,365.16,0.8045,-1,-1,-1
382,185,691.12,471.50,44.58,117.91,0.3278,-1,-1,-1
382,178,163.86,442.22,214.41,368.22,0.8295,-1,-1,-1
382,173,802.18,473.45,30.58,74.23,0.1687,-1,-1,-1
382,170,335.09,442.00,96.02,306.60,0.6878,-1,-1,-1
382,157,537.44,405.60,135.90,364.28,0.6057,-1,-1,-1
382,146,1835.46,464.76,68.89,181.43,0.2309,-1,-1,-1
382,134,1257.80,441.87,38.97,99.22,0.1993,-1,-1,-1
382,116,471.68,445.96,44.96,116.44,0.2429,-1,-1,-1
382,113,951.48,416.31,159.58,518.40,0.7518,-1,-1,-1
382,100,730.62,479.13,49.90,121.27,0.3573,-1,-1,-1
382,60,1073.68,398.58,221.23,616.24,0.8144,-1,-1,-1
383,199,919.68,444.12,52.49,142.64,0.2691,-1,-1,-1
383,188,0.03,439.37,190.74,365.60,0.8582,-1,-1,-1
383,185,690.74,463.61,44.54,125.89,0.3417,-1,-1,-1
383,180,1092.87,432.44,49.86,102.69,0.1779,-1,-1,-1
383,178,187.87,442.08,191.46,367.65,0.7935,-1,-1,-1
383,170,346.07,444.67,99.32,299.45,0.5557,-1,-1,-1
383,157,524.91,414.29,156.01,356.19,0.6916,-1,-1,-1
383,146,1832.17,465.92,70.68,181.09,0.2843,-1,-1,-1
383,134,1259.01,442.55,41.36,94.97,0.2028,-1,-1,-1
383,116,469.30,446.30,47.34,117.31,0.1867,-1,-1,-1
383,113,954.09,417.33,156.17,522.10,0.6962,-1,-1,-1
383,100,730.27,477.32,52.23,122.56,0.3670,-1,-1,-1
383,60,1073.41,397.62,220.40,617.35,0.8288,-1,-1,-1
384,199,920.61,447.24,46.40,140.53,0.2166,-1,-1,-1
384,188,0.44,434.27,198.62,372.39,0.8756,-1,-1,-1
384,185,686.93,466.60,47.87,125.30,0.3557,-1,-1,-1
384,178,197.93,434.79,181.50,374.86,0.7938,-1,-1,-1
384,173,801.78,472.06,30.31,75.29,0.1651,-1,-1,-1
384,170,365.02,457.54,91.46,286.23,0.6045,-1,-1,-1
384,157,528.62,406.82,156.99,363.42,0.7506,-1,-1,-1
384,146,1832.62,464.40,69.39,181.95,0.2180,-1,-1,-1
384,134,1258.93,443.83,40.02,91.07,0.1598,-1,-1,-1
384,116,474.34,450.68,45.70,111.88,0.1828,-1,-1,-1
384,113,955.72,416.51,151.93,523.37,0.7106,-1,-1,-1
384,100,730.02,474.98,50.43,126.13,0.4519,-1,-1,-1
384,60,1073.87,397.07,220.03,617.93,0.8328,-1,-1,-1
385,199,922.51,450.13,43.14,136.11,0.2356,-1,-1,-1
385,188,0.37,437.72,210.05,368.81,0.8629,-1,-1,-1
385,185,686.87,468.52,47.41,126.59,0.3845,-1,-1,-1
385,178,214.75,432.88,165.83,369.12,0.8060,-1,-1,-1
385,173,801.20,473.49,31.06,73.20,0.1808,-1,-1,-1
385,170,362.97,438.33,98.96,305.23,0.7056,-1,-1,-1
385,157,534.44,407.88,154.30,362.61,0.7874,-1,-1,-1
385,146,1831.78,465.39,69.18,182.35,0.2595,-1,-1,-1
385,116,468.77,448.03,36.93,74.14,0.1723,-1,-1,-1
385,113,958.20,416.42,149.22,524.20,0.7201,-1,-1,-1
385,100,730.57,472.01,49.53,128.97,0.5479,-1,-1,-1
385,60,1074.13,397.19,218.65,617.81,0.7877,-1,-1,-1
386,188,0.00,434.43,208.63,373.83,0.8359,-1,-1,-1
386,185,690.90,468.64,42.48,125.93,0.3452,-1,-1,-1
386,178,235.05,436.04,143.57,364.47,0.7921,-1,-1,-1
386,173,800.84,473.76,32.22,72.93,0.2082,-1,-1,-1
386,170,366.58,437.80,118.70,307.89,0.7071,-1,-1,-1
386,157,539.53,405.37,154.08,364.27,0.8329,-1,-1,-1
386,146,1831.61,465.54,70.88,181.01,0.2132,-1,-1,-1
386,116,466.85,446.82,42.29,108.13,0.2168,-1,-1,-1
386,113,960.76,414.14,149.19,527.73,0.7416,-1,-1,-1
386,100,731.07,470.25,48.59,130.17,0.5290,-1,-1,-1
386,60,1073.72,397.54,220.62,616.99,0.7060,-1,-1,-1
387,199,926.91,433.57,66.30,152.78,0.3176,-1,-1,-1
387,188,2.47,434.65,204.81,370.82,0.8367,-1,-1,-1
387,185,691.33,474.61,42.45,116.15,0.3117,-1,-1,-1
387,178,259.29,430.07,119.82,368.62,0.5758,-1,-1,-1
387,173,800.52,472.76,32.45,73.88,0.2023,-1,-1,-1
387,170,365.78,438.25,148.26,309.19,0.8056,-1,-1,-1
387,157,541.36,407.42,150.28,359.90,0.8455,-1,-1,-1
387,146,1828.18,467.70,74.67,176.57,0.2540,-1,-1,-1
387,116,467.63,449.10,48.40,108.87,0.3289,-1,-1,-1
387,113,959.49,417.04,148.21,523.28,0.7225,-1,-1,-1
387,100,731.36,471.21,48.31,129.25,0.5301,-1,-1,-1
387,75,525.52,438.95,30.50,82.48,0.2494,-1,-1,-1
387,60,1073.37,397.74,220.45,616.47,0.7757,-1,-1,-1
388,199,938.34,433.68,52.71,142.62,0.1692,-1,-1,-1
388,188,14.66,433.31,191.99,370.01,0.8071,-1,-1,-1
388,185,691.91,473.32,42.25,120.54,0.3500,-1,-1,-1
388,178,279.02,434.44,100.27,362.32,0.6753,-1,-1,-1
388,173,800.37,471.92,33.08,75.14,0.2079,-1,-1,-1
388,170,366.77,440.63,159.43,308.21,0.7892,-1,-1,-1
388,157,545.42,405.20,146.62,358.23,0.8252,-1,-1,-1
388,146,1828.38,466.11,74.57,178.27,0.2285,-1,-1,-1
388,116,464.31,448.30,54.58,105.72,0.2562,-1,-1,-1
388,113,960.43,417.93,144.14,522.36,0.7216,-1,-1,-1
388,100,730.53,468.74,48.63,133.95,0.4964,-1,-1,-1
388,75,526.25,441.51,28.62,79.24,0.1924,-1,-1,-1
388,60,1055.55,396.98,255.27,618.40,0.7372,-1,-1,-1
389,204,921.94,444.37,61.90,145.25,0.2613,-1,-1,-1
389,188,25.69,423.34,182.49,374.81,0.7874,-1,-1,-1
389,185,692.20,475.61,40.58,116.04,0.3357,-1,-1,-1
389,178,285.02,428.06,101.84,371.55,0.6786,-1,-1,-1
389,173,800.37,471.65,32.34,75.89,0.2188,-1,-1,-1
389,170,362.26,441.98,172.20,302.62,0.8016,-1,-1,-1
389,157,548.14,408.95,145.04,354.43,0.8064,-1,-1,-1
389,146,1832.86,467.77,70.15,176.03,0.2033,-1,-1,-1
389,116,467.42,447.30,46.73,110.60,0.2408,-1,-1,-1
389,113,963.14,418.20,138.02,521.98,0.7017,-1,-1,-1
389,100,730.47,472.62,48.63,129.33,0.5033,-1,-1,-1
389,75,528.21,443.97,27.13,77.21,0.2005,-1,-1,-1
389,60,1054.50,397.54,312.22,617.35,0.7262,-1,-1,-1
390,204,919.73,435.98,68.25,153.44,0.4018,-1,-1,-1
390,188,37.51,429.46,174.57,367.86,0.7948,-1,-1,-1
390,185,690.29,478.38,40.10,111.83,0.2993,-1,-1,-1
390,178,280.33,436.16,114.89,362.70,0.5260,-1,-1,-1
390,173,801.08,470.55,33.13,76.80,0.2008,-1,-1,-1
390,170,368.11,440.99,172.12,302.78,0.8139,-1,-1,-1
390,157,555.19,410.07,139.04,351.47,0.8007,-1,-1,-1
390,146,1832.75,467.83,67.37,175.46,0.1898,-1,-1,-1
390,113,966.11,417.94,134.43,523.79,0.6751,-1,-1,-1
390,100,729.72,474.23,50.32,129.89,0.4865,-1,-1,-1
390,75,527.37,440.35,26.58,80.27,0.2118,-1,-1,-1
390,60,1058.53,397.12,308.47,618.75,0.7742,-1,-1,-1
391,204,917.39,434.86,67.83,154.41,0.3720,-1,-1,-1
391,188,43.31,430.12,169.15,367.92,0.7605,-1,-1,-1
391,185,689.99,477.79,41.21,110.86,0.3291,-1,-1,-1
391,178,301.50,439.02,102.96,360.82,0.5330,-1,-1,-1
391,173,800.68,471.59,33.27,75.35,0.1926,-1,-1,-1
391,170,377.70,441.26,163.73,298.89,0.7847,-1,-1,-1
391,157,561.03,412.42,133.34,352.25,0.8018,-1,-1,-1
391,146,1831.90,467.69,65.99,175.74,0.2013,-1,-1,-1
391,113,974.49,416.14,125.42,529.85,0.6590,-1,-1,-1
391,100,728.41,471.08,51.33,132.21,0.4435,-1,-1,-1
391,75,522.42,436.92,26.49,85.31,0.2695,-1,-1,-1
391,60,1052.99,397.05,315.40,618.42,0.7778,-1,-1,-1
392,204,926.14,434.79,55.73,156.41,0.5648,-1,-1,-1
392,188,56.06,434.78,158.79,360.61,0.7637,-1,-1,-1
392,186,1068.99,433.65,64.32,117.58,0.1602,-1,-1,-1
392,185,686.44,469.31,44.36,122.49,0.2548,-1,-1,-1
392,178,307.58,437.79,125.18,362.36,0.6567,-1,-1,-1
392,173,800.60,470.23,34.76,77.40,0.2286,-1,-1,-1
392,170,392.21,439.03,149.83,298.92,0.7245,-1,-1,-1
392,157,569.53,407.46,126.34,359.19,0.7869,-1,-1,-1
392,146,1832.37,466.11,67.15,178.67,0.1750,-1,-1,-1
392,127,1848.18,391.95,71.16,260.08,0.2200,-1,-1,-1
392,113,980.44,410.82,122.16,527.93,0.6500,-1,-1,-1
392,100,727.83,467.47,52.02,134.99,0.4473,-1,-1,-1
392,75,526.44,439.87,26.59,83.29,0.3059,-1,-1,-1
392,60,1052.32,398.23,310.53,617.99,0.7845,-1,-1,-1
393,196,924.63,437.81,54.96,164.24,0.6499,-1,-1,-1
393,188,87.72,429.34,132.54,366.02,0.6330,-1,-1,-1
393,186,1071.80,434.61,62.29,113.12,0.1922,-1,-1,-1
393,185,684.35,470.80,43.71,120.71,0.3081,-1,-1,-1
393,178,309.01,441.53,151.15,358.73,0.7908,-1,-1,-1
393,173,800.21,469.93,33.68,77.20,0.2162,-1,-1,-1
393,170,400.94,439.79,141.33,296.27,0.7274,-1,-1,-1
393,157,577.22,415.21,119.14,338.36,0.7914,-1,-1,-1
393,146,1833.08,468.16,66.47,175.72,0.2088,-1,-1,-1
393,127,1848.12,393.22,71.23,258.21,0.1978,-1,-1,-1
393,113,966.27,419.08,134.89,523.86,0.6501,-1,-1,-1
393,100,727.85,467.25,52.35,134.88,0.5302,-1,-1,-1
393,75,522.95,445.04,25.29,78.52,0.2154,-1,-1,-1
393,60,1049.06,398.45,313.73,618.24,0.8134,-1,-1,-1
394,196,921.60,438.55,56.25,165.19,0.6389,-1,-1,-1
394,188,65.50,429.35,165.54,366.96,0.7570,-1,-1,-1
394,186,1074.57,433.84,64.39,112.01,0.2270,-1,-1,-1
394,185,686.94,482.37,40.53,111.68,0.1888,-1,-1,-1
394,178,309.73,444.53,153.82,356.72,0.7241,-1,-1,-1
394,173,802.04,467.40,32.20,80.55,0.2048,-1,-1,-1
394,170,413.21,444.34,131.89,291.12,0.7292,-1,-1,-1
394,157,583.01,411.83,113.34,340.44,0.7606,-1,-1,-1
394,146,1834.45,464.35,66.38,180.67,0.2087,-1,-1,-1
394,127,1847.48,397.01,71.88,254.44,0.2389,-1,-1,-1
394,113,983.76,411.98,116.16,525.77,0.6298,-1,-1,-1
394,100,726.11,476.95,52.81,126.61,0.5980,-1,-1,-1
394,75,521.68,440.12,28.01,82.97,0.2721,-1,-1,-1
394,60,1056.18,398.12,266.47,617.06,0.6771,-1,-1,-1
395,196,919.45,439.76,54.71,162.70,0.5962,-1,-1,-1
395,188,70.39,431.81,165.01,364.95,0.7789,-1,-1,-1
395,186,1085.56,429.40,60.98,101.07,0.2392,-1,-1,-1
395,178,309.49,444.07,160.17,357.52,0.7475,-1,-1,-1
395,173,801.91,467.57,33.52,80.69,0.1871,-1,-1,-1
395,170,423.09,440.42,121.45,295.15,0.7396,-1,-1,-1
395,157,587.65,413.82,111.59,335.22,0.7668,-1,-1,-1
395,146,1833.96,462.62,67.35,182.79,0.2005,-1,-1,-1
395,127,1848.17,390.08,71.18,261.59,0.2920,-1,-1,-1
395,113,986.70,412.95,111.99,523.96,0.6579,-1,-1,-1
395,100,724.56,469.99,53.78,136.30,0.6130,-1,-1,-1
395,75,521.74,451.45,27.33,71.83,0.2080,-1,-1,-1
395,60,1056.47,396.60,263.30,618.80,0.7000,-1,-1,-1
396,196,917.59,442.61,54.56,168.37,0.6768,-1,-1,-1
396,188,112.07,447.78,128.41,347.32,0.5854,-1,-1,-1
396,186,1087.41,430.92,62.68,96.85,0.2536,-1,-1,-1
396,185,678.81,459.74,49.13,143.69,0.2597,-1,-1,-1
396,178,307.61,442.12,176.76,356.65,0.7601,-1,-1,-1
396,173,800.45,470.67,33.06,76.38,0.1736,-1,-1,-1
396,170,436.28,444.39,108.76,287.26,0.6563,-1,-1,-1
396,157,591.10,427.59,114.30,316.36,0.7561,-1,-1,-1
396,146,1830.94,466.76,68.07,179.77,0.2640,-1,-1,-1
396,127,1848.00,392.71,71.34,259.22,0.2115,-1,-1,-1
396,113,983.53,413.92,114.94,523.27,0.6218,-1,-1,-1
396,100,721.57,463.67,57.58,146.71,0.5792,-1,-1,-1
396,60,1058.41,399.13,301.85,617.79,0.7612,-1,-1,-1
397,196,914.91,442.71,56.04,166.65,0.6400,-1,-1,-1
397,188,135.60,433.98,116.65,363.14,0.6219,-1,-1,-1
397,186,1091.29,430.88,62.11,96.86,0.2028,-1,-1,-1
397,185,678.28,455.19,49.72,141.92,0.2284,-1,-1,-1
397,178,308.39,429.97,174.77,368.53,0.7633,-1,-1,-1
397,173,800.63,470.86,33.28,76.41,0.1926,-1,-1,-1
397,170,450.02,477.25,93.19,252.46,0.5730,-1,-1,-1
397,157,595.41,417.12,114.49,328.01,0.7488,-1,-1,-1
397,146,1832.80,465.27,67.03,180.36,0.2214,-1,-1,-1
397,134,1250.72,444.33,42.70,84.80,0.1552,-1,-1,-1
397,127,1849.11,387.31,70.24,264.77,0.2723,-1,-1,-1
397,113,984.52,413.81,113.89,524.45,0.6774,-1,-1,-1
397,100,719.79,463.81,58.35,145.42,0.5765,-1,-1,-1
397,60,1062.86,398.56,242.90,618.96,0.7906,-1,-1,-1
398,196,916.25,444.35,55.68,161.17,0.4854,-1,-1,-1
398,188,136.75,436.43,127.21,360.04,0.7496,-1,-1,-1
398,186,1088.87,430.62,57.80,96.82,0.2112,-1,-1,-1
398,178,310.83,437.87,180.18,358.19,0.8204,-1,-1,-1
398,173,801.21,470.55,33.80,76.50,0.2135,-1,-1,-1
398,170,445.05,432.65,100.44,299.39,0.7328,-1,-1,-1
398,157,598.69,424.53,120.28,318.38,0.7559,-1,-1,-1
398,146,1832.75,467.69,66.83,176.96,0.2406,-1,-1,-1
398,134,1249.38,443.49,44.21,87.97,0.2486,-1,-1,-1
398,127,1844.26,383.58,75.10,267.38,0.1818,-1,-1,-1
398,113,969.36,416.19,129.82,524.79,0.6354,-1,-1,-1
398,100,720.33,460.87,56.79,147.98,0.5430,-1,-1,-1
398,60,1065.35,399.27,239.72,619.24,0.8380,-1,-1,-1
399,196,913.71,436.17,57.63,174.76,0.5827,-1,-1,-1
399,188,133.23,432.37,164.48,362.29,0.7641,-1,-1,-1
399,178,315.12,438.51,173.23,358.58,0.8309,-1,-1,-1
399,173,800.48,472.15,34.34,75.18,0.2198,-1,-1,-1
399,170,467.13,441.41,80.97,290.90,0.6275,-1,-1,-1
399,157,605.00,429.17,126.63,310.87,0.7882,-1,-1,-1
399,146,1832.20,468.37,63.80,176.76,0.2415,-1,-1,-1
399,134,1247.37,444.45,43.93,91.03,0.2958,-1,-1,-1
399,113,967.76,415.48,132.91,525.27,0.6614,-1,-1,-1
399,100,720.05,464.68,54.67,144.16,0.5361,-1,-1,-1
399,60,1066.31,400.83,239.29,617.26,0.8375,-1,-1,-1
400,196,910.63,438.31,56.15,169.69,0.5659,-1,-1,-1
400,188,137.29,433.22,179.47,360.46,0.7803,-1,-1,-1
400,178,313.34,434.80,176.27,360.94,0.8428,-1,-1,-1
400,173,801.41,472.12,33.42,74.77,0.1611,-1,-1,-1
400,170,470.87,438.79,82.35,290.77,0.7307,-1,-1,-1
400,157,605.88,421.21,136.48,319.77,0.7794,-1,-1,-1
400,146,1832.11,465.48,64.41,179.37,0.1987,-1,-1,-1
400,134,1244.70,444.93,45.13,89.63,0.3265,-1,-1,-1
400,113,967.90,413.55,131.48,527.36,0.6565,-1,-1,-1
400,100,717.90,470.98,50.31,136.51,0.4776,-1,-1,-1
400,60,1068.52,400.29,236.32,618.64,0.8528,-1,-1,-1
401,196,908.39,437.97,60.83,165.63,0.5768,-1,-1,-1
401,195,450.44,439.50,51.91,140.59,0.1602,-1,-1,-1
401,188,138.11,433.54,175.17,360.89,0.8140,-1,-1,-1
401,178,323.16,437.22,167.38,355.15,0.8149,-1,-1,-1
401,173,800.25,471.53,33.25,75.17,0.1628,-1,-1,-1
401,170,480.36,445.82,81.79,286.45,0.7209,-1,-1,-1
401,157,608.25,423.51,151.13,316.89,0.7721,-1,-1,-1
401,146,1831.89,467.41,65.49,178.08,0.1930,-1,-1,-1
401,134,1243.83,445.71,45.48,88.59,0.3022,-1,-1,-1
401,113,985.26,410.18,111.64,527.23,0.6369,-1,-1,-1
401,100,715.15,465.02,53.24,147.79,0.4253,-1,-1,-1
401,60,1069.60,399.42,235.11,619.71,0.8464,-1,-1,-1
402,196,903.27,438.33,69.99,170.96,0.5297,-1,-1,-1
402,188,141.51,436.91,172.69,355.77,0.8097,-1,-1,-1
402,178,338.84,445.57,151.73,344.95,0.8264,-1,-1,-1
402,173,800.20,470.44,31.41,75.77,0.1689,-1,-1,-1
402,170,482.31,452.22,90.73,276.41,0.7226,-1,-1,-1
402,157,616.07,413.26,154.65,327.42,0.8021,-1,-1,-1
402,146,1829.73,464.58,68.17,181.76,0.1900,-1,-1,-1
402,134,1243.85,446.64,39.68,86.73,0.2869,-1,-1,-1
402,127,1847.44,392.86,71.92,259.50,0.2054,-1,-1,-1
402,113,985.65,410.61,111.27,527.17,0.6261,-1,-1,-1
402,100,715.72,462.50,54.21,147.47,0.4926,-1,-1,-1
402,60,1071.96,399.17,230.60,620.19,0.8370,-1,-1,-1
403,196,901.19,442.43,76.23,168.19,0.3596,-1,-1,-1
403,195,464.68,443.63,47.52,133.21,0.1594,-1,-1,-1
403,188,140.28,440.64,187.19,352.62,0.8039,-1,-1,-1
403,178,349.69,451.63,142.84,330.03,0.7465,-1,-1,-1
403,173,802.13,472.60,29.95,74.34,0.1705,-1,-1,-1
403,170,487.19,444.08,101.61,285.38,0.6044,-1,-1,-1
403,157,618.61,408.02,160.84,334.84,0.8362,-1,-1,-1
403,146,1830.51,464.14,66.08,182.33,0.2004,-1,-1,-1
403,134,1245.19,444.95,34.50,90.09,0.2285,-1,-1,-1
403,127,1870.24,386.64,49.09,257.21,0.2021,-1,-1,-1
403,113,964.23,417.63,135.61,523.50,0.6182,-1,-1,-1
403,100,716.08,465.19,53.72,144.99,0.4663,-1,-1,-1
403,60,1075.68,399.71,226.37,619.29,0.8374,-1,-1,-1
404,196,897.57,449.50,51.90,160.95,0.5255,-1,-1,-1
404,188,150.30,438.48,181.43,350.54,0.8273,-1,-1,-1
404,178,359.22,440.89,136.83,342.92,0.7213,-1,-1,-1
404,173,802.29,472.15,28.98,74.01,0.1579,-1,-1,-1
404,170,488.17,438.63,126.60,288.62,0.6404,-1,-1,-1
404,157,623.72,406.65,165.36,337.19,0.8022,-1,-1,-1
404,146,1829.12,464.22,70.61,183.08,0.2496,-1,-1,-1
404,134,1243.22,444.28,35.19,90.42,0.3165,-1,-1,-1
404,127,1873.54,385.94,45.78,261.21,0.1638,-1,-1,-1
404,113,963.38,417.68,135.55,524.67,0.6687,-1,-1,-1
404,100,715.66,462.94,51.99,148.41,0.4497,-1,-1,-1
404,60,1076.83,399.83,226.07,620.63,0.8293,-1,-1,-1
405,196,895.15,454.89,51.73,155.23,0.4055,-1,-1,-1
405,188,154.30,436.25,174.19,351.31,0.8182,-1,-1,-1
405,178,383.73,434.95,110.50,341.32,0.7012,-1,-1,-1
405,173,802.39,471.86,29.30,75.55,0.1699,-1,-1,-1
405,170,494.48,446.11,127.14,282.05,0.6790,-1,-1,-1
405,157,627.32,418.11,166.50,326.52,0.7875,-1,-1,-1
405,146,1831.21,468.64,70.43,175.95,0.2318,-1,-1,-1
405,134,1243.20,445.42,35.29,89.69,0.2982,-1,-1,-1
405,113,963.62,416.31,135.47,525.56,0.6856,-1,-1,-1
405,100,716.88,469.13,50.92,142.70,0.3763,-1,-1,-1
405,60,1078.46,400.56,209.60,618.45,0.8328,-1,-1,-1
406,196,892.24,455.15,54.07,152.63,0.3649,-1,-1,-1
406,188,159.18,435.63,168.52,353.40,0.8076,-1,-1,-1
406,178,399.46,433.35,98.55,337.69,0.7057,-1,-1,-1
406,170,498.61,449.58,122.87,277.88,0.6744,-1,-1,-1
406,168,801.90,470.16,30.10,77.83,0.1774,-1,-1,-1
406,157,632.21,424.14,165.23,319.35,0.7930,-1,-1,-1
406,146,1829.84,464.76,70.81,179.43,0.2365,-1,-1,-1
406,134,1242.92,445.54,34.27,91.38,0.2226,-1,-1,-1
406,127,1876.97,386.89,42.35,253.84,0.1883,-1,-1,-1
406,113,960.97,415.67,137.64,525.98,0.6971,-1,-1,-1
406,100,719.92,466.75,46.74,145.75,0.2251,-1,-1,-1
406,60,1076.08,398.71,209.05,621.31,0.8325,-1,-1,-1
407,205,376.73,463.23,39.69,54.26,0.2177,-1,-1,-1
407,196,887.91,459.07,56.14,148.84,0.3129,-1,-1,-1
407,188,174.88,432.49,158.55,356.82,0.8026,-1,-1,-1
407,178,412.06,434.73,91.97,335.68,0.6730,-1,-1,-1
407,173,803.44,469.99,28.60,77.24,0.1605,-1,-1,-1
407,170,491.73,445.54,140.10,286.65,0.7084,-1,-1,-1
407,157,635.72,414.22,160.27,329.90,0.8541,-1,-1,-1
407,146,1828.85,468.35,71.73,177.53,0.2954,-1,-1,-1
407,134,1243.47,444.29,34.08,95.12,0.3275,-1,-1,-1
407,113,957.53,418.40,139.65,522.73,0.7252,-1,-1,-1
407,60,1075.67,395.96,203.08,622.85,0.8346,-1,-1,-1
408,205,378.84,461.70,39.35,57.30,0.2400,-1,-1,-1
408,204,927.61,451.81,54.09,159.11,0.2118,-1,-1,-1
408,196,877.44,454.06,64.00,156.13,0.4983,-1,-1,-1
408,188,188.99,433.54,146.76,350.57,0.7955,-1,-1,-1
408,178,403.68,433.60,106.00,337.26,0.6180,-1,-1,-1
408,173,802.20,467.50,29.47,79.85,0.1581,-1,-1,-1
408,170,499.78,437.77,140.05,292.18,0.7524,-1,-1,-1
408,157,641.40,419.78,156.01,325.34,0.8466,-1,-1,-1
408,146,1827.72,462.74,77.51,187.04,0.3109,-1,-1,-1
408,134,1243.94,446.20,33.30,92.27,0.2568,-1,-1,-1
408,113,960.06,417.06,137.94,523.86,0.7100,-1,-1,-1
408,60,1072.16,398.01,202.99,622.30,0.8385,-1,-1,-1
409,205,381.57,460.64,37.74,60.15,0.1982,-1,-1,-1
409,204,927.05,448.85,55.09,162.13,0.2822,-1,-1,-1
409,196,874.68,443.42,65.34,167.40,0.6134,-1,-1,-1
409,188,206.01,437.24,131.59,332.74,0.7232,-1,-1,-1
409,178,393.15,439.23,125.29,330.46,0.6158,-1,-1,-1
409,170,496.78,435.10,144.13,295.31,0.7531,-1,-1,-1
409,157,642.80,417.63,155.46,326.96,0.8314,-1,-1,-1
409,146,1827.11,463.55,81.05,187.35,0.3068,-1,-1,-1
409,134,1241.98,446.03,34.52,96.08,0.3696,-1,-1,-1
409,113,959.63,416.76,140.45,523.47,0.7043,-1,-1,-1
409,60,1073.44,399.59,198.94,619.35,0.8396,-1,-1,-1
410,205,383.28,458.38,37.40,60.67,0.1977,-1,-1,-1
410,204,925.88,448.29,54.37,162.24,0.3888,-1,-1,-1
410,196,875.90,445.52,61.21,165.58,0.5701,-1,-1,-1
410,188,227.59,435.35,117.91,336.35,0.6605,-1,-1,-1
410,178,421.93,439.40,115.39,331.67,0.5810,-1,-1,-1
410,170,514.25,440.47,126.55,280.47,0.7308,-1,-1,-1
410,157,644.30,410.01,155.53,334.78,0.8197,-1,-1,-1
410,146,1831.84,462.84,73.54,187.24,0.2364,-1,-1,-1
410,134,1242.21,444.59,32.83,95.37,0.3120,-1,-1,-1
410,113,960.06,419.77,137.95,519.95,0.7095,-1,-1,-1
410,60,1072.92,397.86,190.89,621.13,0.8459,-1,-1,-1
411,209,827.39,465.39,35.43,83.47,0.1634,-1,-1,-1
411,205,382.79,459.50,38.06,59.99,0.1851,-1,-1,-1
411,204,924.60,447.27,56.93,162.43,0.2911,-1,-1,-1
411,196,875.75,440.67,61.86,170.37,0.5405,-1,-1,-1
411,195,519.51,439.13,46.99,138.70,0.1540,-1,-1,-1
411,188,253.76,424.89,100.13,344.65,0.5464,-1,-1,-1
411,178,423.77,435.58,140.61,331.70,0.6693,-1,-1,-1
411,170,523.42,441.62,116.45,281.78,0.6931,-1,-1,-1
411,157,644.09,418.86,155.02,322.87,0.8265,-1,-1,-1
411,146,1830.50,460.05,74.57,190.99,0.2020,-1,-1,-1
411,134,1240.11,444.57,34.95,88.06,0.3015,-1,-1,-1
411,113,958.34,421.68,140.33,517.51,0.7181,-1,-1,-1
411,60,1071.54,398.29,185.21,620.62,0.8467,-1,-1,-1
412,209,825.82,467.29,30.52,81.01,0.1517,-1,-1,-1
412,205,381.88,457.00,39.23,62.07,0.2089,-1,-1,-1
412,204,924.41,449.93,59.14,151.68,0.1729,-1,-1,-1
412,196,875.23,441.34,56.94,166.63,0.5160,-1,-1,-1
412,188,265.51,426.63,99.36,343.74,0.7140,-1,-1,-1
412,178,414.93,436.07,156.18,332.09,0.6617,-1,-1,-1
412,170,529.77,436.75,112.88,283.99,0.7386,-1,-1,-1
412,168,800.22,467.77,33.90,79.83,0.1639,-1,-1,-1
412,157,644.13,402.11,155.61,341.21,0.8270,-1,-1,-1
412,146,1830.47,463.26,73.73,186.91,0.2068,-1,-1,-1
412,134,1239.67,446.07,33.22,85.73,0.3086,-1,-1,-1
412,113,963.12,421.82,135.57,518.38,0.6861,-1,-1,-1
412,60,1070.48,400.53,187.14,617.61,0.8433,-1,-1,-1
413,205,380.92,457.88,39.72,59.81,0.1657,-1,-1,-1
413,204,925.07,448.75,45.44,132.13,0.2106,-1,-1,-1
413,196,876.55,440.00,54.19,167.32,0.4901,-1,-1,-1
413,188,266.89,426.30,109.05,345.69,0.7255,-1,-1,-1
413,178,434.94,434.67,156.60,331.96,0.7118,-1,-1,-1
413,170,553.68,436.21,94.84,283.18,0.6168,-1,-1,-1
413,157,647.27,409.66,152.66,331.27,0.8040,-1,-1,-1
413,146,1829.76,462.92,74.09,187.45,0.2474,-1,-1,-1
413,134,1239.78,445.39,30.67,87.08,0.1816,-1,-1,-1
413,113,958.51,421.39,141.61,518.56,0.7356,-1,-1,-1
413,60,1070.90,402.12,186.86,616.57,0.8518,-1,-1,-1
414,211,1002.16,419.44,97.30,229.28,0.1901,-1,-1,-1
414,205,381.33,456.03,41.36,61.44,0.1573,-1,-1,-1
414,204,924.24,447.14,44.82,137.07,0.1896,-1,-1,-1
414,196,872.00,440.32,53.09,167.72,0.5951,-1,-1,-1
414,188,269.53,424.35,114.03,348.55,0.6973,-1,-1,-1
414,178,435.61,438.05,159.74,328.48,0.7424,-1,-1,-1
414,170,559.92,438.27,93.11,282.08,0.6543,-1,-1,-1
414,168,800.29,466.23,32.95,80.94,0.1629,-1,-1,-1
414,157,654.27,426.26,144.80,314.38,0.8022,-1,-1,-1
414,146,1831.17,461.61,76.54,189.14,0.2241,-1,-1,-1
414,134,1237.74,447.76,32.50,84.87,0.1540,-1,-1,-1
414,113,962.67,421.27,136.21,516.43,0.6944,-1,-1,-1
414,60,1064.70,405.31,192.01,613.87,0.8609,-1,-1,-1
415,211,1002.94,417.28,93.05,217.25,0.2408,-1,-1,-1
415,196,872.26,441.48,49.73,166.49,0.7087,-1,-1,-1
415,188,276.63,434.82,121.37,337.43,0.6670,-1,-1,-1
415,178,432.34,439.44,163.30,327.38,0.7651,-1,-1,-1
415,170,560.77,433.04,91.62,288.97,0.6031,-1,-1,-1
415,157,658.24,426.59,141.63,314.74,0.8065,-1,-1,-1
415,146,1830.54,460.87,74.62,190.00,0.2728,-1,-1,-1
415,113,964.84,418.89,131.24,519.70,0.7134,-1,-1,-1
415,60,1063.18,409.05,193.84,610.32,0.8578,-1,-1,-1
416,214,1167.79,407.86,118.21,256.96,0.2277,-1,-1,-1
416,211,1002.50,417.71,92.61,220.75,0.2068,-1,-1,-1
416,196,869.73,440.37,51.65,165.83,0.6147,-1,-1,-1
416,188,286.72,438.02,115.67,332.33,0.7308,-1,-1,-1
416,178,432.14,442.08,162.15,325.07,0.8113,-1,-1,-1
416,170,571.00,433.99,86.11,286.37,0.7329,-1,-1,-1
416,157,669.54,433.08,130.81,304.67,0.7948,-1,-1,-1
416,146,1830.43,458.73,72.29,191.79,0.2519,-1,-1,-1
416,113,964.62,418.87,130.82,519.77,0.7053,-1,-1,-1
416,60,1060.49,412.17,198.32,607.60,0.8636,-1,-1,-1
417,215,382.03,450.79,67.74,124.62,0.2009,-1,-1,-1
417,214,1167.43,416.34,144.02,388.50,0.1654,-1,-1,-1
417,211,1001.49,416.73,92.23,223.09,0.2041,-1,-1,-1
417,196,868.47,438.65,50.89,167.24,0.6314,-1,-1,-1
417,188,285.36,439.10,135.83,329.35,0.5965,-1,-1,-1
417,178,433.48,454.02,162.86,313.39,0.7914,-1,-1,-1
417,170,566.01,436.89,102.01,282.46,0.6753,-1,-1,-1
417,157,678.19,421.08,122.74,312.57,0.8033,-1,-1,-1
417,146,1831.98,458.99,65.88,191.40,0.2815,-1,-1,-1
417,113,970.17,416.35,126.56,518.08,0.6690,-1,-1,-1
417,60,1062.24,408.25,198.55,612.42,0.8532,-1,-1,-1
418,215,411.66,460.22,42.02,112.79,0.1847,-1,-1,-1
418,214,1200.81,429.87,105.57,251.54,0.3124,-1,-1,-1
418,209,832.78,463.97,40.18,89.26,0.1691,-1,-1,-1
418,204,925.00,443.95,47.65,137.60,0.1688,-1,-1,-1
418,196,868.07,440.12,48.23,164.15,0.5207,-1,-1,-1
418,188,285.61,434.76,150.43,334.35,0.6845,-1,-1,-1
418,178,436.72,444.13,154.30,321.73,0.8079,-1,-1,-1
418,170,584.60,436.63,93.65,281.79,0.7152,-1,-1,-1
418,157,682.76,407.87,121.14,323.26,0.7850,-1,-1,-1
418,146,1832.03,461.17,72.16,189.18,0.2814,-1,-1,-1
418,113,968.38,418.42,126.50,520.25,0.6730,-1,-1,-1
418,60,1059.12,403.55,201.77,616.90,0.8571,-1,-1,-1
419,215,409.57,447.78,44.31,123.37,0.1832,-1,-1,-1
419,214,1168.03,416.04,137.71,266.08,0.2143,-1,-1,-1
419,204,922.87,444.44,50.20,137.25,0.2264,-1,-1,-1
419,196,865.64,441.35,45.24,163.48,0.5460,-1,-1,-1
419,188,287.33,439.17,162.37,330.39,0.7582,-1,-1,-1
419,178,440.26,435.48,158.75,328.05,0.8021,-1,-1,-1
419,170,588.59,437.62,90.22,279.50,0.7164,-1,-1,-1
419,157,688.85,404.09,120.90,327.22,0.8005,-1,-1,-1
419,146,1831.91,458.98,71.37,190.17,0.2532,-1,-1,-1
419,113,970.63,420.29,125.48,515.96,0.6840,-1,-1,-1
419,60,1056.02,408.34,207.45,612.02,0.8490,-1,-1,-1
420,215,407.71,449.42,46.55,123.56,0.2198,-1,-1,-1
420,214,1158.18,414.81,151.52,498.94,0.2031,-1,-1,-1
420,204,921.72,444.47,49.68,140.17,0.3275,-1,-1,-1
420,196,860.88,444.94,46.33,161.10,0.2577,-1,-1,-1
420,188,290.65,443.86,162.83,325.59,0.7818,-1,-1,-1
420,178,449.44,433.97,148.38,329.23,0.7692,-1,-1,-1
420,170,582.98,437.03,100.70,277.36,0.7143,-1,-1,-1
420,157,695.67,408.07,116.25,322.53,0.7801,-1,-1,-1
420,146,1830.97,464.14,68.56,184.88,0.3119,-1,-1,-1
420,113,970.81,413.37,123.43,524.33,0.5912,-1,-1,-1
420,60,1053.28,409.72,216.80,611.11,0.8393,-1,-1,-1
421,215,408.16,448.85,46.68,126.41,0.2228,-1,-1,-1
421,214,1161.17,414.18,160.85,481.63,0.3378,-1,-1,-1
421,211,992.32,420.23,95.09,209.59,0.1730,-1,-1,-1
421,204,921.38,444.42,50.58,141.05,0.2976,-1,-1,-1
421,196,857.99,434.05,48.94,171.48,0.4989,-1,-1,-1
421,188,288.26,437.94,168.68,330.72,0.7781,-1,-1,-1
421,178,446.13,433.88,149.39,326.90,0.7421,-1,-1,-1
421,170,587.49,440.14,114.75,277.06,0.7297,-1,-1,-1
421,157,696.65,424.96,109.97,306.15,0.7099,-1,-1,-1
421,146,1832.94,465.57,73.63,183.98,0.2966,-1,-1,-1
421,113,968.45,410.72,124.37,527.26,0.5960,-1,-1,-1
421,60,1050.34,408.89,216.82,611.86,0.8238,-1,-1,-1
422,215,408.07,448.68,48.02,122.28,0.1713,-1,-1,-1
422,214,1157.86,410.17,163.96,495.52,0.5068,-1,-1,-1
422,209,824.69,466.03,39.45,89.06,0.2400,-1,-1,-1
422,204,923.20,444.08,48.61,142.78,0.3061,-1,-1,-1
422,196,860.73,441.36,46.99,156.57,0.4726,-1,-1,-1
422,188,289.48,439.36,190.09,327.67,0.8232,-1,-1,-1
422,178,463.18,435.84,127.61,325.27,0.6973,-1,-1,-1
422,170,595.77,441.26,116.73,276.18,0.7147,-1,-1,-1
422,157,701.50,437.99,108.43,288.97,0.6475,-1,-1,-1
422,146,1833.50,466.26,73.06,183.43,0.2930,-1,-1,-1
422,113,968.32,413.11,124.87,524.67,0.5194,-1,-1,-1
422,60,1046.15,405.73,215.60,615.94,0.8181,-1,-1,-1
423,214,1154.42,412.39,169.69,493.70,0.6562,-1,-1,-1
423,204,923.16,444.64,49.86,142.40,0.4132,-1,-1,-1
423,196,856.06,438.79,52.02,161.80,0.5986,-1,-1,-1
423,188,288.94,435.40,187.06,331.02,0.7820,-1,-1,-1
423,178,473.23,438.53,117.92,317.84,0.7150,-1,-1,-1
423,170,602.28,444.31,125.47,271.64,0.7249,-1,-1,-1
423,157,707.35,437.34,105.91,291.20,0.6213,-1,-1,-1
423,146,1833.28,466.35,70.97,183.76,0.3241,-1,-1,-1
423,113,969.09,418.68,123.10,517.99,0.4224,-1,-1,-1
423,60,1046.49,402.32,218.99,620.23,0.8158,-1,-1,-1
424,214,1150.72,412.42,174.53,499.92,0.5138,-1,-1,-1
424,204,923.32,444.07,48.96,142.08,0.3048,-1,-1,-1
424,196,850.13,438.85,53.56,164.14,0.5306,-1,-1,-1
424,188,301.88,436.81,172.68,327.38,0.7752,-1,-1,-1
424,178,477.35,437.32,120.71,321.19,0.7190,-1,-1,-1
424,170,607.86,443.09,134.03,272.44,0.7741,-1,-1,-1
424,157,710.98,427.98,105.27,302.50,0.6344,-1,-1,-1
424,146,1834.29,467.68,72.32,182.49,0.2764,-1,-1,-1
424,113,968.92,486.01,120.81,448.57,0.4158,-1,-1,-1
424,60,1049.14,397.82,216.46,627.36,0.7840,-1,-1,-1
425,214,1163.53,412.68,161.59,511.45,0.6051,-1,-1,-1
425,204,921.90,447.69,50.34,139.60,0.2820,-1,-1,-1
425,196,850.63,440.52,47.81,157.53,0.5430,-1,-1,-1
425,188,312.60,438.50,163.40,325.09,0.7789,-1,-1,-1
425,178,490.29,439.62,110.31,318.59,0.6390,-1,-1,-1
425,170,609.32,451.50,129.20,264.42,0.7356,-1,-1,-1
425,157,713.26,416.42,118.30,309.58,0.7297,-1,-1,-1
425,146,1833.49,462.99,79.15,187.64,0.2612,-1,-1,-1
425,113,971.44,489.29,119.04,443.66,0.5232,-1,-1,-1
425,60,1049.73,396.98,203.67,636.99,0.7193,-1,-1,-1
426,214,1164.17,411.14,162.61,517.16,0.5898,-1,-1,-1
426,204,920.18,445.49,51.78,142.68,0.3918,-1,-1,-1
426,196,848.26,438.73,47.05,159.17,0.5964,-1,-1,-1
426,188,324.25,432.58,150.51,331.95,0.7909,-1,-1,-1
426,178,523.13,438.16,91.42,314.90,0.6455,-1,-1,-1
426,170,609.37,448.58,133.22,269.22,0.7206,-1,-1,-1
426,157,713.96,409.20,117.46,316.62,0.7550,-1,-1,-1
426,146,1843.85,435.95,75.61,208.73,0.2888,-1,-1,-1
426,113,970.93,490.04,119.01,441.08,0.5296,-1,-1,-1
426,60,1051.50,397.61,198.49,640.10,0.7136,-1,-1,-1
427,214,1157.70,408.75,174.38,521.98,0.4893,-1,-1,-1
427,204,919.85,449.52,52.48,138.51,0.2646,-1,-1,-1
427,196,843.65,436.52,49.72,163.46,0.4927,-1,-1,-1
427,188,332.21,433.66,147.35,324.77,0.7857,-1,-1,-1
427,178,519.10,438.77,94.94,315.18,0.6316,-1,-1,-1
427,170,608.53,450.11,131.06,268.07,0.7150,-1,-1,-1
427,157,720.97,410.41,109.67,316.69,0.7452,-1,-1,-1
427,113,971.97,431.91,120.60,499.72,0.4410,-1,-1,-1
427,60,1056.05,401.64,181.16,637.31,0.6815,-1,-1,-1
428,224,1681.21,329.14,238.45,627.61,0.6095,-1,-1,-1
428,214,1144.35,412.98,183.19,629.85,0.4302,-1,-1,-1
428,204,921.40,450.48,52.02,138.03,0.1847,-1,-1,-1
428,196,841.29,443.23,50.39,155.77,0.5171,-1,-1,-1
428,188,351.57,437.92,128.81,314.28,0.7381,-1,-1,-1
428,178,499.63,437.37,117.60,318.98,0.6649,-1,-1,-1
428,170,605.96,446.01,132.85,269.19,0.6943,-1,-1,-1
428,157,723.70,421.56,116.74,306.90,0.7234,-1,-1,-1
428,113,973.15,433.13,121.67,491.75,0.5751,-1,-1,-1
428,60,1060.60,408.66,162.26,613.37,0.6651,-1,-1,-1
429,224,1633.64,324.47,286.31,613.85,0.4651,-1,-1,-1
429,214,1144.71,415.52,183.19,635.39,0.3503,-1,-1,-1
429,204,916.25,491.40,58.94,97.38,0.2490,-1,-1,-1
429,196,836.17,457.33,51.03,140.84,0.1558,-1,-1,-1
429,188,371.50,438.75,112.80,313.23,0.7167,-1,-1,-1
429,178,497.45,438.92,132.35,316.29,0.6045,-1,-1,-1
429,170,620.95,439.68,116.67,273.77,0.7093,-1,-1,-1
429,157,727.12,437.97,117.49,289.58,0.7136,-1,-1,-1
429,113,974.55,458.65,118.50,474.07,0.5119,-1,-1,-1
429,60,1060.43,401.36,164.19,617.78,0.6599,-1,-1,-1
430,230,1252.59,424.90,91.24,242.68,0.3141,-1,-1,-1
430,229,1281.54,323.01,638.37,750.05,0.2193,-1,-1,-1
430,224,1581.40,320.10,338.11,622.87,0.4808,-1,-1,-1
430,214,1148.92,417.13,181.33,634.65,0.3089,-1,-1,-1
430,204,915.26,494.67,60.50,94.89,0.2385,-1,-1,-1
430,196,840.39,438.30,45.16,155.12,0.3815,-1,-1,-1
430,188,378.07,437.68,107.45,309.21,0.7391,-1,-1,-1
430,178,512.75,437.93,142.65,318.16,0.5809,-1,-1,-1
430,170,638.80,441.64,101.71,271.16,0.6002,-1,-1,-1
430,157,728.37,431.64,121.80,295.77,0.6789,-1,-1,-1
430,113,975.22,442.59,119.49,485.34,0.5744,-1,-1,-1
430,60,1063.55,403.40,164.57,626.18,0.6894,-1,-1,-1
431,230,1255.91,423.13,94.20,256.75,0.3473,-1,-1,-1
431,224,1536.38,304.86,383.17,713.89,0.7127,-1,-1,-1
431,214,1143.46,417.28,180.17,647.33,0.3020,-1,-1,-1
431,204,915.59,495.41,59.78,94.14,0.1624,-1,-1,-1
431,196,840.22,440.88,42.50,153.42,0.5894,-1,-1,-1
431,188,383.81,438.13,106.83,306.40,0.7315,-1,-1,-1
431,178,541.19,442.80,128.94,312.22,0.6325,-1,-1,-1
431,170,643.30,442.00,96.19,264.07,0.5390,-1,-1,-1
431,157,725.60,429.09,124.69,298.87,0.6862,-1,-1,-1
431,146,1876.42,377.92,42.98,224.25,0.1517,-1,-1,-1
431,113,976.25,437.07,121.23,489.60,0.5674,-1,-1,-1
431,60,1066.87,404.85,163.49,632.65,0.6785,-1,-1,-1
432,232,1179.25,410.57,145.67,382.90,0.5699,-1,-1,-1
432,230,1262.62,420.39,94.23,256.38,0.4260,-1,-1,-1
432,224,1492.29,301.41,427.57,717.64,0.8262,-1,-1,-1
432,196,836.54,442.98,46.08,150.44,0.6309,-1,-1,-1
432,188,386.73,440.43,109.26,309.73,0.7039,-1,-1,-1
432,178,546.27,441.35,135.97,314.49,0.6603,-1,-1,-1
432,170,659.07,449.02,78.49,253.82,0.4656,-1,-1,-1
432,157,726.87,421.43,124.94,304.77,0.6500,-1,-1,-1
432,127,1850.16,394.82,69.23,255.93,0.1856,-1,-1,-1
432,113,977.18,445.54,121.48,483.99,0.5618,-1,-1,-1
432,60,1070.61,408.35,172.53,630.56,0.7298,-1,-1,-1
433,232,1184.88,413.45,149.59,385.24,0.6475,-1,-1,-1
433,230,1267.43,417.12,93.39,259.45,0.3078,-1,-1,-1
433,224,1443.67,306.22,476.14,711.56,0.7812,-1,-1,-1
433,196,834.68,438.14,47.67,156.58,0.6025,-1,-1,-1
433,188,395.15,441.40,110.05,306.25,0.6749,-1,-1,-1
433,178,541.72,443.05,146.50,314.20,0.6804,-1,-1,-1
433,170,666.64,446.22,82.93,257.36,0.4254,-1,-1,-1
433,157,733.22,428.47,120.44,296.26,0.6890,-1,-1,-1
433,113,979.42,422.66,128.46,505.71,0.5648,-1,-1,-1
433,60,1075.19,409.75,166.02,609.14,0.7190,-1,-1,-1
434,231,1191.20,406.25,124.06,320.50,0.4598,-1,-1,-1
434,230,1271.57,418.93,94.10,298.74,0.3890,-1,-1,-1
434,224,1399.84,304.56,494.25,706.76,0.7402,-1,-1,-1
434,196,833.32,438.29,46.03,150.49,0.2681,-1,-1,-1
434,188,402.85,440.69,108.19,306.63,0.6780,-1,-1,-1
434,178,546.42,446.35,141.16,310.32,0.7808,-1,-1,-1
434,170,668.19,449.71,87.06,253.50,0.4118,-1,-1,-1
434,157,738.78,416.26,116.00,309.80,0.6974,-1,-1,-1
434,127,1832.27,463.54,74.63,186.18,0.2091,-1,-1,-1
434,113,982.30,422.53,136.51,519.63,0.6454,-1,-1,-1
434,60,1076.47,400.65,156.05,528.88,0.4757,-1,-1,-1
435,231,1194.04,404.60,126.76,302.14,0.6141,-1,-1,-1
435,230,1278.14,419.04,93.37,298.55,0.5583,-1,-1,-1
435,224,1362.12,309.37,451.82,696.60,0.4196,-1,-1,-1
435,196,832.29,444.53,46.61,148.40,0.1972,-1,-1,-1
435,195,532.30,451.57,54.65,153.92,0.2008,-1,-1,-1
435,188,414.49,436.26,106.72,312.64,0.7632,-1,-1,-1
435,178,546.23,444.57,145.86,311.97,0.7973,-1,-1,-1
435,170,687.27,431.99,76.60,272.82,0.5281,-1,-1,-1
435,157,744.81,423.85,109.86,300.13,0.6921,-1,-1,-1
435,127,1832.32,467.57,74.37,182.02,0.2775,-1,-1,-1
435,113,984.93,417.77,137.81,485.39,0.7034,-1,-1,-1
435,60,1083.97,405.24,163.11,389.80,0.6218,-1,-1,-1
436,232,1188.82,410.30,137.59,393.48,0.5846,-1,-1,-1
436,230,1278.66,416.74,80.30,275.06,0.1856,-1,-1,-1
436,229,1303.63,313.29,447.51,696.70,0.8391,-1,-1,-1
436,196,829.87,436.86,45.82,153.44,0.2431,-1,-1,-1
436,195,539.08,447.67,58.14,176.11,0.2470,-1,-1,-1
436,188,414.95,436.87,112.18,311.85,0.7577,-1,-1,-1
436,178,543.99,440.61,149.07,315.71,0.7819,-1,-1,-1
436,170,698.02,437.12,76.16,273.05,0.4706,-1,-1,-1
436,157,753.18,425.54,102.63,294.86,0.6587,-1,-1,-1
436,127,1833.97,464.21,72.06,183.57,0.2236,-1,-1,-1
436,113,999.20,419.99,131.45,383.32,0.6308,-1,-1,-1
436,60,1088.75,412.03,164.87,414.19,0.6527,-1,-1,-1
437,231,1201.11,404.57,133.31,305.84,0.5317,-1,-1,-1
437,229,1198.89,322.17,483.73,696.97,0.8074,-1,-1,-1
437,195,541.96,446.18,58.88,179.17,0.1824,-1,-1,-1
437,188,414.89,439.24,119.68,312.67,0.7785,-1,-1,-1
437,178,546.26,439.57,147.98,318.19,0.7817,-1,-1,-1
437,170,707.66,430.50,75.77,279.38,0.4958,-1,-1,-1
437,157,758.34,413.03,98.03,305.91,0.5656,-1,-1,-1
437,127,1833.10,464.32,74.03,182.50,0.2828,-1,-1,-1
437,113,999.02,421.20,135.49,398.98,0.6794,-1,-1,-1
437,60,1095.86,401.59,157.61,441.26,0.6934,-1,-1,-1
438,229,1199.57,331.12,410.45,695.68,0.7261,-1,-1,-1
438,188,419.14,432.31,121.57,318.53,0.8063,-1,-1,-1
438,178,547.32,442.39,148.72,310.43,0.7833,-1,-1,-1
438,170,707.89,429.77,86.05,280.56,0.5464,-1,-1,-1
438,157,771.28,414.55,87.74,304.36,0.5399,-1,-1,-1
438,127,1834.36,464.42,72.93,181.40,0.2914,-1,-1,-1
438,113,1001.40,424.19,135.22,410.34,0.6851,-1,-1,-1
438,60,1099.99,393.25,157.69,459.74,0.8134,-1,-1,-1
439,229,1156.47,336.63,391.16,698.09,0.7738,-1,-1,-1
439,188,422.41,440.68,126.28,306.17,0.7597,-1,-1,-1
439,178,550.21,438.96,147.02,315.20,0.7897,-1,-1,-1
439,170,708.32,438.07,88.71,273.87,0.4631,-1,-1,-1
439,157,771.72,438.34,89.49,279.54,0.5399,-1,-1,-1
439,127,1832.52,465.83,68.62,181.30,0.3627,-1,-1,-1
439,113,998.47,422.03,141.59,429.95,0.7031,-1,-1,-1
439,60,1101.34,431.66,153.44,427.44,0.5200,-1,-1,-1
440,229,1098.58,356.47,382.53,674.51,0.7385,-1,-1,-1
440,211,957.35,462.12,67.84,128.43,0.1586,-1,-1,-1
440,188,427.85,438.37,124.52,305.04,0.7012,-1,-1,-1
440,178,550.69,441.36,147.09,313.18,0.7787,-1,-1,-1
440,170,709.34,439.30,85.97,271.79,0.5185,-1,-1,-1
440,157,772.26,443.07,89.04,273.59,0.5876,-1,-1,-1
440,146,1876.41,458.26,42.84,188.29,0.1545,-1,-1,-1
440,127,1832.87,466.19,64.18,179.48,0.4016,-1,-1,-1
440,113,997.70,424.74,148.84,445.08,0.7794,-1,-1,-1
440,60,1106.75,492.41,113.01,257.59,0.2855,-1,-1,-1
441,230,1314.43,427.44,138.16,324.57,0.7004,-1,-1,-1
441,229,1045.43,360.02,365.78,668.16,0.7502,-1,-1,-1
441,204,918.29,482.67,54.28,106.09,0.1639,-1,-1,-1
441,195,528.50,441.36,54.37,181.32,0.2001,-1,-1,-1
441,188,437.08,438.99,115.15,301.52,0.6945,-1,-1,-1
441,178,551.75,441.18,145.80,312.49,0.7495,-1,-1,-1
441,170,710.48,448.79,101.00,262.79,0.5608,-1,-1,-1
441,157,776.02,433.89,86.80,277.32,0.5722,-1,-1,-1
441,127,1833.61,466.29,69.98,182.58,0.3999,-1,-1,-1
441,113,999.33,436.29,135.76,394.63,0.4463,-1,-1,-1
442,236,358.69,467.35,69.70,156.87,0.2717,-1,-1,-1
442,233,1711.00,440.58,71.69,145.46,0.1532,-1,-1,-1
442,230,1304.57,432.44,154.36,325.08,0.7323,-1,-1,-1
442,229,1002.94,366.31,352.06,652.28,0.7934,-1,-1,-1
442,204,918.38,482.22,54.85,106.09,0.1897,-1,-1,-1
442,195,531.53,448.07,54.97,164.94,0.1908,-1,-1,-1
442,188,443.57,436.83,107.15,310.61,0.6985,-1,-1,-1
442,178,562.55,439.14,136.30,309.62,0.7671,-1,-1,-1
442,170,710.51,449.02,117.83,263.29,0.5509,-1,-1,-1
442,157,777.54,427.65,89.30,281.92,0.5486,-1,-1,-1
442,127,1834.31,465.79,66.33,182.21,0.3562,-1,-1,-1
442,113,1001.81,448.02,119.47,292.63,0.2675,-1,-1,-1
443,236,347.26,470.79,77.60,172.30,0.4138,-1,-1,-1
443,232,1231.15,429.30,121.68,406.18,0.6263,-1,-1,-1
443,230,1311.99,431.91,148.35,326.80,0.6962,-1,-1,-1
443,229,960.19,362.54,344.30,651.30,0.8090,-1,-1,-1
443,215,414.64,472.64,39.60,96.65,0.2532,-1,-1,-1
443,195,537.87,450.44,49.58,158.93,0.2998,-1,-1,-1
443,188,450.88,441.32,104.43,301.00,0.7198,-1,-1,-1
443,178,568.62,437.79,131.58,311.43,0.7965,-1,-1,-1
443,170,709.34,442.45,116.56,268.76,0.5487,-1,-1,-1
443,157,784.90,427.06,81.04,284.15,0.6363,-1,-1,-1
443,127,1834.82,465.94,67.59,181.25,0.2923,-1,-1,-1
444,236,325.86,504.68,89.37,130.50,0.2431,-1,-1,-1
444,232,1236.10,431.66,120.82,414.64,0.5230,-1,-1,-1
444,231,1174.30,437.22,109.86,247.64,0.2363,-1,-1,-1
444,230,1314.68,432.78,144.28,330.18,0.6649,-1,-1,-1
444,229,918.11,361.23,331.94,650.48,0.8144,-1,-1,-1
444,215,413.64,469.70,40.01,100.02,0.3499,-1,-1,-1
444,214,1177.92,437.39,155.39,475.21,0.2664,-1,-1,-1
444,211,916.46,483.44,71.84,104.96,0.1598,-1,-1,-1
444,209,847.13,462.97,35.71,88.64,0.1775,-1,-1,-1
444,196,803.56,426.62,47.83,119.60,0.2937,-1,-1,-1
444,195,540.40,447.92,48.03,161.09,0.2258,-1,-1,-1
444,188,463.46,434.73,97.36,305.39,0.7627,-1,-1,-1
444,178,582.43,436.76,117.78,307.58,0.7457,-1,-1,-1
444,170,709.07,443.11,133.57,267.79,0.5969,-1,-1,-1
444,157,786.91,431.99,86.27,279.25,0.5137,-1,-1,-1
444,127,1834.74,466.86,68.72,181.53,0.3260,-1,-1,-1
445,236,326.92,507.68,76.29,129.40,0.1845,-1,-1,-1
445,232,1141.81,409.61,209.79,508.84,0.5939,-1,-1,-1
445,231,1143.37,415.63,155.10,269.70,0.1904,-1,-1,-1
445,230,1327.12,432.89,132.04,327.73,0.7329,-1,-1,-1
445,229,877.17,348.28,339.15,660.84,0.7808,-1,-1,-1
445,215,416.17,469.49,39.64,101.21,0.2939,-1,-1,-1
445,214,1237.00,430.15,130.39,368.08,0.4094,-1,-1,-1
445,209,847.44,462.10,33.34,88.90,0.2067,-1,-1,-1
445,196,801.87,434.33,49.24,112.07,0.1645,-1,-1,-1
445,188,469.25,433.73,100.62,299.86,0.7620,-1,-1,-1
445,178,589.05,438.33,111.53,306.24,0.7545,-1,-1,-1
445,170,709.76,446.62,93.12,261.41,0.4187,-1,-1,-1
445,157,782.91,439.14,93.28,274.63,0.5027,-1,-1,-1
445,127,1832.81,468.28,72.47,179.56,0.2896,-1,-1,-1
446,237,588.60,454.83,53.78,199.55,0.4854,-1,-1,-1
446,236,269.89,512.67,134.42,158.25,0.2178,-1,-1,-1
446,233,1721.31,441.03,59.89,145.09,0.1542,-1,-1,-1
446,232,1135.01,428.94,197.03,637.74,0.7608,-1,-1,-1
446,230,1335.46,432.03,123.08,328.86,0.7050,-1,-1,-1
446,229,847.22,340.83,325.41,653.68,0.7818,-1,-1,-1
446,215,417.35,475.67,40.70,95.31,0.3099,-1,-1,-1
446,214,1240.75,428.89,126.86,408.63,0.4972,-1,-1,-1
446,188,469.18,435.01,106.51,291.84,0.7215,-1,-1,-1
446,178,607.95,439.48,93.86,302.49,0.6878,-1,-1,-1
446,170,711.73,453.23,109.76,255.79,0.4560,-1,-1,-1
446,157,791.39,426.20,87.90,285.44,0.5665,-1,-1,-1
446,127,1832.05,469.74,70.74,178.47,0.3498,-1,-1,-1
447,237,587.56,460.22,59.83,192.70,0.3191,-1,-1,-1
447,236,300.23,508.34,91.18,146.92,0.3334,-1,-1,-1
447,232,1133.78,414.18,193.16,654.53,0.7876,-1,-1,-1
447,230,1341.71,430.70,118.83,329.45,0.6710,-1,-1,-1
447,229,801.47,331.82,335.67,653.95,0.7791,-1,-1,-1
447,215,415.61,474.50,37.94,98.50,0.2302,-1,-1,-1
447,214,1235.65,421.23,127.87,420.38,0.3010,-1,-1,-1
447,188,473.14,429.77,107.41,296.82,0.6842,-1,-1,-1
447,178,610.90,431.31,96.22,310.89,0.6748,-1,-1,-1
447,170,716.34,451.52,104.02,255.82,0.3903,-1,-1,-1
447,157,791.78,432.37,80.08,269.31,0.2874,-1,-1,-1
447,127,1832.35,469.95,67.78,177.79,0.2773,-1,-1,-1
447,60,1068.74,420.45,115.18,355.28,0.4470,-1,-1,-1
448,237,585.73,453.61,61.83,195.02,0.1550,-1,-1,-1
448,236,297.06,509.50,86.07,132.75,0.3313,-1,-1,-1
448,232,1138.41,421.61,196.49,647.71,0.7741,-1,-1,-1
448,230,1346.51,419.87,117.80,343.09,0.7803,-1,-1,-1
448,229,769.62,332.09,335.22,642.33,0.7764,-1,-1,-1
448,215,415.24,472.94,39.37,100.28,0.2388,-1,-1,-1
448,214,1244.07,422.14,125.84,353.30,0.3707,-1,-1,-1
448,188,484.09,435.96,102.01,280.56,0.5837,-1,-1,-1
448,178,602.17,435.32,109.44,309.24,0.6110,-1,-1,-1
448,170,726.02,442.43,130.50,266.78,0.4134,-1,-1,-1
448,157,791.26,465.22,68.64,212.82,0.1515,-1,-1,-1
448,127,1831.50,469.01,73.21,179.25,0.2747,-1,-1,-1
448,60,1054.21,421.58,134.88,516.71,0.5333,-1,-1,-1
449,236,287.56,506.18,91.35,140.95,0.3287,-1,-1,-1
449,232,1142.69,427.57,188.30,638.42,0.7308,-1,-1,-1
449,230,1349.91,420.92,114.58,340.34,0.7499,-1,-1,-1
449,229,732.52,332.21,333.92,646.79,0.7325,-1,-1,-1
449,215,415.61,472.81,38.25,99.35,0.2572,-1,-1,-1
449,214,1245.18,418.30,122.14,324.63,0.5114,-1,-1,-1
449,188,483.46,438.27,107.34,282.93,0.7027,-1,-1,-1
449,178,633.01,435.15,89.64,307.73,0.5933,-1,-1,-1
449,127,1830.79,469.52,73.35,179.50,0.3385,-1,-1,-1
449,60,1030.85,420.61,157.03,535.19,0.8014,-1,-1,-1
450,237,602.60,474.31,57.17,163.83,0.2309,-1,-1,-1
450,236,282.93,522.28,88.49,125.27,0.3504,-1,-1,-1
450,233,1714.18,440.13,68.82,145.48,0.1628,-1,-1,-1
450,232,1142.98,419.49,218.95,643.30,0.8143,-1,-1,-1
450,230,1352.13,420.81,119.88,339.90,0.7539,-1,-1,-1
450,229,699.20,337.78,330.09,630.30,0.7554,-1,-1,-1
450,215,416.00,473.68,38.93,98.65,0.3013,-1,-1,-1
450,214,1256.71,426.91,112.61,328.85,0.2411,-1,-1,-1
450,188,484.66,435.32,107.49,287.50,0.6994,-1,-1,-1
450,178,636.57,435.07,86.38,301.24,0.6590,-1,-1,-1
450,127,1832.11,467.95,75.44,180.64,0.3340,-1,-1,-1
450,60,1033.90,413.64,159.56,548.70,0.7720,-1,-1,-1
451,237,602.99,477.25,58.53,159.52,0.2806,-1,-1,-1
451,236,274.86,520.16,85.12,118.05,0.2216,-1,-1,-1
451,233,1717.46,442.14,65.80,143.37,0.1756,-1,-1,-1
451,232,1130.55,418.27,268.36,648.26,0.8218,-1,-1,-1
451,230,1351.36,417.46,127.06,346.80,0.7263,-1,-1,-1
451,229,662.90,341.92,334.98,641.06,0.7167,-1,-1,-1
451,215,415.30,472.98,39.49,99.76,0.2133,-1,-1,-1
451,214,1258.79,426.11,109.91,325.89,0.2700,-1,-1,-1
451,188,488.59,433.66,124.88,292.19,0.6379,-1,-1,-1
451,178,645.78,439.81,79.90,299.29,0.6660,-1,-1,-1
451,127,1833.05,466.80,81.37,183.62,0.2801,-1,-1,-1
451,60,1036.36,411.90,159.33,550.51,0.7848,-1,-1,-1
452,243,377.70,471.07,51.13,100.87,0.2168,-1,-1,-1
452,237,604.77,478.63,62.64,163.09,0.2733,-1,-1,-1
452,232,1086.46,415.53,318.49,650.79,0.7161,-1,-1,-1
452,231,1158.09,416.57,191.13,438.31,0.2113,-1,-1,-1
452,230,1359.39,417.52,127.81,346.67,0.7839,-1,-1,-1
452,229,640.92,350.81,319.28,634.91,0.7140,-1,-1,-1
452,215,415.77,470.24,39.50,102.35,0.2983,-1,-1,-1
452,214,1270.87,452.51,106.06,225.04,0.1559,-1,-1,-1
452,204,919.94,496.52,56.05,89.44,0.3074,-1,-1,-1
452,188,487.62,433.46,131.75,290.92,0.7212,-1,-1,-1
452,178,644.19,468.49,70.72,230.79,0.2748,-1,-1,-1
452,127,1835.98,465.62,68.77,182.04,0.2407,-1,-1,-1
452,60,1041.16,414.75,159.29,546.49,0.7996,-1,-1,-1
453,243,378.65,469.57,51.94,102.04,0.2060,-1,-1,-1
453,237,619.61,476.36,49.38,161.21,0.3523,-1,-1,-1
453,233,1672.92,431.61,106.51,159.40,0.1580,-1,-1,-1
453,232,1154.80,416.39,288.32,642.91,0.8064,-1,-1,-1
453,230,1366.80,418.06,123.57,345.36,0.8186,-1,-1,-1
453,229,581.95,363.56,359.09,685.70,0.5391,-1,-1,-1
453,215,416.66,470.09,39.47,100.81,0.2455,-1,-1,-1
453,214,1278.49,429.39,105.09,257.86,0.1578,-1,-1,-1
453,209,837.08,414.32,43.02,129.85,0.1799,-1,-1,-1
453,204,915.99,500.70,61.66,86.44,0.2430,-1,-1,-1
453,188,496.82,437.71,123.50,285.35,0.7166,-1,-1,-1
453,127,1834.39,462.99,69.32,185.96,0.2480,-1,-1,-1
453,60,1048.57,415.34,149.08,542.44,0.7940,-1,-1,-1
454,248,584.58,458.10,50.37,170.50,0.3216,-1,-1,-1
454,243,379.18,467.40,48.83,105.06,0.2482,-1,-1,-1
454,236,250.63,513.32,90.39,122.98,0.3554,-1,-1,-1
454,232,1148.58,408.14,303.01,661.73,0.7958,-1,-1,-1
454,230,1369.54,417.90,126.41,349.65,0.8185,-1,-1,-1
454,229,538.70,372.83,369.95,650.53,0.6761,-1,-1,-1
454,215,418.23,467.25,39.19,102.56,0.3445,-1,-1,-1
454,211,820.96,423.32,69.02,270.31,0.4524,-1,-1,-1
454,204,916.93,503.17,61.89,84.77,0.1633,-1,-1,-1
454,188,506.37,438.26,103.41,284.05,0.7768,-1,-1,-1
454,127,1833.51,465.47,83.08,185.13,0.2192,-1,-1,-1
454,60,1048.32,416.34,155.95,537.70,0.7732,-1,-1,-1
455,243,379.41,464.10,50.50,108.62,0.2484,-1,-1,-1
455,236,242.20,518.22,91.11,123.19,0.5262,-1,-1,-1
455,232,1150.10,421.69,299.31,654.24,0.7103,-1,-1,-1
455,230,1371.96,419.05,129.73,348.70,0.8235,-1,-1,-1
455,229,497.42,391.27,372.56,617.93,0.6355,-1,-1,-1
455,215,417.38,466.68,40.19,104.06,0.3154,-1,-1,-1
455,204,915.78,506.08,59.48,81.61,0.1689,-1,-1,-1
455,188,515.94,455.04,86.29,260.99,0.6617,-1,-1,-1
455,170,819.83,420.52,76.88,288.43,0.6186,-1,-1,-1
455,127,1835.00,458.00,83.40,193.09,0.1805,-1,-1,-1
455,60,1052.86,419.29,173.71,542.05,0.7694,-1,-1,-1
456,243,380.78,463.79,48.73,109.35,0.3278,-1,-1,-1
456,236,239.41,515.70,87.65,120.46,0.2716,-1,-1,-1
456,233,1676.56,431.01,110.41,152.56,0.1891,-1,-1,-1
456,232,1150.40,424.78,307.87,652.28,0.7526,-1,-1,-1
456,230,1375.66,420.21,131.97,354.16,0.8206,-1,-1,-1
456,229,460.93,393.32,377.93,655.11,0.7101,-1,-1,-1
456,215,415.94,468.40,41.50,103.75,0.3586,-1,-1,-1
456,214,1290.86,433.85,104.57,243.61,0.1655,-1,-1,-1
456,211,809.97,419.99,91.94,289.93,0.5994,-1,-1,-1
456,127,1828.47,470.56,84.49,181.55,0.1857,-1,-1,-1
456,60,1056.75,421.17,169.09,539.63,0.7770,-1,-1,-1
457,243,381.52,465.72,46.79,107.39,0.2874,-1,-1,-1
457,236,228.65,513.94,93.90,114.71,0.3940,-1,-1,-1
457,233,1705.39,434.93,80.30,148.23,0.1879,-1,-1,-1
457,232,1151.73,411.35,286.53,663.42,0.8215,-1,-1,-1
457,230,1378.14,420.81,136.20,358.29,0.8461,-1,-1,-1
457,229,407.11,395.14,383.79,645.14,0.6782,-1,-1,-1
457,215,415.68,471.53,42.71,100.20,0.3422,-1,-1,-1
457,211,804.93,411.02,100.09,298.00,0.6822,-1,-1,-1
457,196,781.26,440.77,46.63,135.43,0.2064,-1,-1,-1
457,178,687.93,441.04,69.49,212.45,0.3443,-1,-1,-1
457,127,1831.03,467.49,80.22,184.60,0.2020,-1,-1,-1
457,60,1062.31,421.07,164.33,541.11,0.8057,-1,-1,-1
458,243,380.40,465.96,47.24,106.98,0.2636,-1,-1,-1
458,236,219.32,518.87,93.97,118.46,0.4046,-1,-1,-1
458,233,1706.49,435.32,78.31,147.74,0.1824,-1,-1,-1
458,232,1152.57,415.41,302.08,659.00,0.8403,-1,-1,-1
458,230,1387.68,422.22,133.75,359.10,0.8286,-1,-1,-1
458,229,377.78,391.16,393.11,677.01,0.7577,-1,-1,-1
458,215,415.36,471.89,40.89,100.15,0.2664,-1,-1,-1
458,211,808.36,416.91,97.96,290.85,0.6733,-1,-1,-1
458,196,782.58,439.69,40.55,116.90,0.1997,-1,-1,-1
458,178,686.90,441.66,86.37,288.70,0.4967,-1,-1,-1
458,127,1830.84,449.28,86.58,202.79,0.2218,-1,-1,-1
458,60,1070.55,419.09,157.37,537.87,0.8052,-1,-1,-1
459,243,381.04,467.57,46.57,105.37,0.3061,-1,-1,-1
459,236,208.59,521.69,96.58,125.92,0.3796,-1,-1,-1
459,233,1713.18,436.63,72.54,147.08,0.1926,-1,-1,-1
459,232,1154.68,415.18,316.18,660.12,0.8347,-1,-1,-1
459,230,1392.19,424.28,148.66,361.32,0.8361,-1,-1,-1
459,229,343.05,386.35,395.59,686.43,0.8429,-1,-1,-1
459,211,820.69,421.61,81.96,281.62,0.5964,-1,-1,-1
459,178,684.76,443.46,114.76,290.91,0.4897,-1,-1,-1
459,127,1830.35,441.03,87.18,209.89,0.2297,-1,-1,-1
459,60,1077.84,418.41,154.90,544.86,0.7695,-1,-1,-1
460,248,580.72,442.93,51.36,127.41,0.3381,-1,-1,-1
460,236,202.01,521.70,95.02,114.56,0.4020,-1,-1,-1
460,233,1697.86,433.17,86.05,153.17,0.1764,-1,-1,-1
460,232,1159.18,412.09,306.10,660.87,0.8424,-1,-1,-1
460,230,1398.31,424.07,162.31,363.39,0.8448,-1,-1,-1
460,229,304.10,385.84,408.20,675.23,0.6813,-1,-1,-1
460,211,822.25,423.94,87.84,276.99,0.5387,-1,-1,-1
460,204,919.96,491.27,64.98,94.86,0.1654,-1,-1,-1
460,178,668.02,440.63,133.00,294.88,0.6883,-1,-1,-1
460,127,1831.89,447.45,85.48,203.63,0.2571,-1,-1,-1
460,60,1088.83,419.04,149.63,546.15,0.7160,-1,-1,-1
461,250,780.95,445.19,38.97,138.78,0.2958,-1,-1,-1
461,236,192.00,520.77,96.67,115.74,0.2783,-1,-1,-1
461,233,1674.72,429.99,113.02,153.85,0.2374,-1,-1,-1
461,232,1160.59,410.63,306.52,665.88,0.8619,-1,-1,-1
461,230,1401.12,425.79,166.22,364.54,0.8553,-1,-1,-1
461,229,280.96,367.45,401.87,707.62,0.8020,-1,-1,-1
461,211,816.76,414.16,101.13,287.12,0.5822,-1,-1,-1
461,188,550.55,436.80,103.00,273.30,0.3216,-1,-1,-1
461,178,650.30,439.46,152.08,298.41,0.7445,-1,-1,-1
461,127,1832.43,449.50,85.29,201.41,0.2015,-1,-1,-1
461,60,1101.42,423.33,150.75,553.13,0.7144,-1,-1,-1
462,250,779.30,447.28,43.64,139.92,0.2484,-1,-1,-1
462,233,1673.88,429.45,113.05,154.44,0.2027,-1,-1,-1
462,232,1157.01,403.34,312.47,671.30,0.8665,-1,-1,-1
462,230,1402.74,426.00,167.32,365.82,0.8152,-1,-1,-1
462,229,257.55,367.53,390.47,705.31,0.7669,-1,-1,-1
462,211,810.01,411.96,105.42,291.36,0.6093,-1,-1,-1
462,188,564.86,434.03,88.18,276.43,0.5542,-1,-1,-1
462,178,666.20,440.10,132.06,297.19,0.6930,-1,-1,-1
462,127,1832.46,464.03,84.63,186.17,0.2820,-1,-1,-1
462,60,1097.54,419.32,160.65,555.16,0.7319,-1,-1,-1
463,250,774.42,446.72,46.98,141.02,0.4060,-1,-1,-1
463,233,1675.33,428.26,111.39,157.29,0.1675,-1,-1,-1
463,232,1161.77,402.76,306.57,672.41,0.8028,-1,-1,-1
463,230,1404.37,431.70,171.61,366.28,0.8299,-1,-1,-1
463,229,260.53,360.71,373.51,711.16,0.7795,-1,-1,-1
463,211,808.69,411.27,112.48,291.21,0.5966,-1,-1,-1
463,195,523.98,438.93,61.40,157.46,0.1808,-1,-1,-1
463,188,566.36,432.65,93.53,276.76,0.7023,-1,-1,-1
463,178,675.43,439.21,116.53,295.56,0.6768,-1,-1,-1
463,127,1832.55,459.55,84.99,189.05,0.2872,-1,-1,-1
463,60,1102.37,415.56,157.29,556.13,0.7728,-1,-1,-1
464,250,773.91,445.77,46.98,140.12,0.5096,-1,-1,-1
464,233,1696.48,432.99,84.65,152.26,0.1618,-1,-1,-1
464,232,1169.67,401.76,297.60,671.88,0.7970,-1,-1,-1
464,230,1415.57,425.31,161.37,374.35,0.8498,-1,-1,-1
464,229,227.71,357.43,386.21,713.06,0.8127,-1,-1,-1
464,211,809.27,412.47,116.53,291.80,0.6319,-1,-1,-1
464,195,516.61,441.86,71.07,190.70,0.3060,-1,-1,-1
464,188,572.70,432.68,91.71,274.22,0.6955,-1,-1,-1
464,178,684.59,438.63,110.63,291.07,0.6808,-1,-1,-1
464,127,1831.35,465.97,83.58,181.92,0.2937,-1,-1,-1
464,60,1104.06,411.48,164.60,564.77,0.7788,-1,-1,-1
465,232,1190.61,402.58,276.22,674.38,0.8342,-1,-1,-1
465,230,1423.74,422.38,153.11,379.50,0.8425,-1,-1,-1
465,229,200.90,362.48,397.04,704.46,0.7816,-1,-1,-1
465,211,822.21,413.13,103.39,290.68,0.6263,-1,-1,-1
465,195,517.98,445.41,70.22,206.98,0.4168,-1,-1,-1
465,188,563.92,430.83,104.01,276.54,0.6809,-1,-1,-1
465,178,687.48,439.18,110.86,291.55,0.6241,-1,-1,-1
465,127,1830.43,452.27,87.04,196.87,0.2134,-1,-1,-1
465,60,1108.01,417.71,157.91,556.96,0.7699,-1,-1,-1
466,232,1200.11,403.31,268.40,672.26,0.8168,-1,-1,-1
466,230,1435.97,419.60,140.51,383.34,0.8450,-1,-1,-1
466,229,156.30,368.40,401.45,702.77,0.7489,-1,-1,-1
466,211,825.46,408.65,104.35,296.49,0.6718,-1,-1,-1
466,195,511.45,449.38,76.34,189.74,0.3988,-1,-1,-1
466,188,561.00,430.31,109.17,278.16,0.6879,-1,-1,-1
466,178,712.74,438.49,104.28,291.37,0.6405,-1,-1,-1
466,127,1831.22,456.72,85.97,192.06,0.2377,-1,-1,-1
466,60,1105.57,422.09,167.92,549.60,0.7764,-1,-1,-1
467,232,1223.97,405.72,252.78,660.09,0.7362,-1,-1,-1
467,230,1452.28,420.10,129.81,384.48,0.8018,-1,-1,-1
467,229,133.88,371.86,402.30,699.08,0.8542,-1,-1,-1
467,211,830.23,407.40,96.69,297.74,0.6768,-1,-1,-1
467,195,499.92,458.10,80.24,180.32,0.3581,-1,-1,-1
467,188,569.89,428.36,101.22,279.87,0.6872,-1,-1,-1
467,178,724.13,440.73,92.07,290.55,0.6692,-1,-1,-1
467,127,1831.09,458.94,86.29,189.63,0.1937,-1,-1,-1
467,60,1107.69,428.36,174.24,545.02,0.7268,-1,-1,-1
468,258,420.47,493.11,68.32,110.35,0.3118,-1,-1,-1
468,232,1246.50,406.32,238.10,646.28,0.6435,-1,-1,-1
468,230,1462.02,413.40,130.25,388.87,0.8166,-1,-1,-1
468,229,123.55,373.93,383.69,699.22,0.8187,-1,-1,-1
468,214,1277.45,411.34,78.29,181.99,0.1739,-1,-1,-1
468,211,831.98,406.95,95.27,297.62,0.6697,-1,-1,-1
468,195,498.26,455.28,71.04,162.45,0.2638,-1,-1,-1
468,188,573.42,434.98,96.26,268.29,0.7035,-1,-1,-1
468,178,709.35,439.00,102.92,292.66,0.6049,-1,-1,-1
468,127,1831.89,457.84,84.96,190.74,0.2015,-1,-1,-1
468,60,1113.22,422.16,178.12,566.24,0.7789,-1,-1,-1
469,258,419.34,493.76,64.85,122.92,0.3305,-1,-1,-1
469,233,1703.88,434.62,76.43,152.93,0.1696,-1,-1,-1
469,232,1256.00,402.29,244.01,669.77,0.7934,-1,-1,-1
469,231,1254.84,442.30,100.45,470.93,0.1553,-1,-1,-1
469,230,1473.48,413.04,120.14,390.03,0.7872,-1,-1,-1
469,229,78.42,383.86,386.29,681.48,0.7296,-1,-1,-1
469,211,834.85,407.56,91.65,297.77,0.6870,-1,-1,-1
469,195,492.74,457.55,82.15,193.89,0.3635,-1,-1,-1
469,188,576.70,437.54,96.12,266.60,0.7115,-1,-1,-1
469,178,709.07,436.33,108.18,295.15,0.6250,-1,-1,-1
469,127,1830.72,465.74,85.64,182.81,0.2404,-1,-1,-1
469,60,1117.07,421.43,171.28,577.92,0.7743,-1,-1,-1
470,262,1080.71,461.47,63.66,131.63,0.2783,-1,-1,-1
470,258,413.64,492.97,66.83,108.86,0.3371,-1,-1,-1
470,232,1274.06,407.44,234.91,666.54,0.6423,-1,-1,-1
470,231,1257.73,409.90,111.89,514.45,0.2148,-1,-1,-1
470,230,1481.86,411.30,119.16,389.59,0.8234,-1,-1,-1
470,229,51.27,393.55,394.19,673.13,0.7838,-1,-1,-1
470,211,832.52,408.82,92.77,298.34,0.7190,-1,-1,-1
470,195,488.89,475.10,73.12,169.23,0.3059,-1,-1,-1
470,188,580.26,440.48,93.68,266.63,0.7093,-1,-1,-1
470,178,712.05,437.29,124.56,291.55,0.6064,-1,-1,-1
470,127,1830.18,462.38,77.34,183.16,0.2074,-1,-1,-1
470,60,1124.67,421.61,179.67,585.63,0.7598,-1,-1,-1
471,262,1082.04,461.81,63.00,131.84,0.2864,-1,-1,-1
471,258,409.72,492.23,67.72,133.88,0.3689,-1,-1,-1
471,232,1293.11,399.58,204.81,674.25,0.5582,-1,-1,-1
471,231,1262.35,406.10,108.99,512.13,0.2633,-1,-1,-1
471,230,1489.53,409.54,116.45,391.97,0.8152,-1,-1,-1
471,229,20.89,398.19,416.36,670.38,0.8302,-1,-1,-1
471,214,1292.32,413.13,86.26,182.39,0.1826,-1,-1,-1
471,211,838.41,415.80,89.41,289.04,0.7530,-1,-1,-1
471,195,481.74,478.13,74.03,176.04,0.2106,-1,-1,-1
471,188,581.54,449.51,94.52,260.15,0.6993,-1,-1,-1
471,178,738.93,431.14,114.48,301.02,0.5846,-1,-1,-1
471,127,1832.57,462.72,76.59,182.89,0.2324,-1,-1,-1
471,60,1131.45,421.55,169.63,586.97,0.7716,-1,-1,-1
472,262,1082.28,469.01,61.17,124.32,0.3534,-1,-1,-1
472,258,409.34,485.45,61.07,138.90,0.3855,-1,-1,-1
472,232,1285.68,397.85,208.57,673.30,0.6538,-1,-1,-1
472,231,1263.85,393.41,129.34,525.28,0.2190,-1,-1,-1
472,230,1493.32,409.09,119.66,395.23,0.8316,-1,-1,-1
472,229,3.94,403.76,391.87,660.75,0.7824,-1,-1,-1
472,214,1294.74,412.44,86.03,183.97,0.1971,-1,-1,-1
472,211,838.14,412.87,89.37,291.69,0.7328,-1,-1,-1
472,195,485.26,471.60,62.65,167.34,0.3564,-1,-1,-1
472,188,584.43,445.77,96.88,262.45,0.7330,-1,-1,-1
472,178,740.70,432.54,119.33,298.77,0.6446,-1,-1,-1
472,127,1833.07,466.02,73.02,178.15,0.1822,-1,-1,-1
472,60,1133.73,416.59,181.18,593.16,0.8034,-1,-1,-1
473,262,1079.56,447.20,66.65,147.64,0.2149,-1,-1,-1
473,258,410.69,488.86,52.28,123.49,0.3497,-1,-1,-1
473,232,1314.79,399.74,202.24,665.78,0.6615,-1,-1,-1
473,231,1268.46,391.84,120.25,524.65,0.2450,-1,-1,-1
473,230,1499.40,410.85,120.04,390.21,0.8031,-1,-1,-1
473,229,0.54,403.24,391.46,663.55,0.6331,-1,-1,-1
473,214,1302.10,412.37,84.43,188.64,0.2929,-1,-1,-1
473,211,840.43,417.81,90.11,287.60,0.6985,-1,-1,-1
473,195,467.61,474.14,75.47,177.59,0.3428,-1,-1,-1
473,188,587.17,439.56,98.26,268.88,0.7316,-1,-1,-1
473,178,741.56,436.79,118.01,293.34,0.6691,-1,-1,-1
473,127,1834.63,468.33,74.65,179.84,0.2325,-1,-1,-1
473,60,1138.91,423.30,167.05,585.72,0.7926,-1,-1,-1
474,262,1081.75,452.01,64.38,142.18,0.2322,-1,-1,-1
474,258,404.65,489.69,54.51,112.67,0.1645,-1,-1,-1
474,232,1324.46,400.24,205.26,663.98,0.7212,-1,-1,-1
474,230,1501.85,411.45,127.15,390.14,0.7797,-1,-1,-1
474,229,0.07,399.94,349.73,673.64,0.5951,-1,-1,-1
474,214,1305.74,415.80,84.39,200.25,0.4039,-1,-1,-1
474,211,838.11,413.65,85.04,290.55,0.6222,-1,-1,-1
474,195,447.38,474.68,97.12,185.27,0.4079,-1,-1,-1
474,188,589.62,439.40,98.68,268.60,0.7393,-1,-1,-1
474,178,739.29,439.45,119.08,289.77,0.6527,-1,-1,-1
474,127,1833.80,467.01,77.00,181.93,0.2547,-1,-1,-1
474,60,1144.28,422.15,164.36,587.04,0.8007,-1,-1,-1
475,262,1086.04,467.95,58.59,123.23,0.1593,-1,-1,-1
475,232,1321.49,401.70,210.16,665.53,0.7507,-1,-1,-1
475,231,1309.80,423.95,81.78,438.09,0.1524,-1,-1,-1
475,230,1507.28,410.20,134.42,392.67,0.7777,-1,-1,-1
475,229,0.00,397.63,339.36,676.36,0.7482,-1,-1,-1
475,214,1308.42,414.05,84.33,192.02,0.2653,-1,-1,-1
475,211,847.85,416.35,93.38,286.82,0.5109,-1,-1,-1
475,195,457.80,475.28,82.85,188.35,0.3744,-1,-1,-1
475,188,592.30,442.84,98.77,264.63,0.7416,-1,-1,-1
475,178,741.88,436.38,117.11,294.19,0.6513,-1,-1,-1
475,127,1834.13,456.25,82.48,193.63,0.1949,-1,-1,-1
475,60,1146.95,422.04,167.51,587.96,0.8164,-1,-1,-1
476,262,1090.52,450.98,58.01,140.62,0.2096,-1,-1,-1
476,258,378.77,472.39,74.70,147.89,0.1569,-1,-1,-1
476,232,1324.66,396.23,218.63,676.71,0.6737,-1,-1,-1
476,231,1301.97,403.32,87.47,530.00,0.2341,-1,-1,-1
476,230,1512.63,412.30,153.59,392.59,0.7602,-1,-1,-1
476,229,0.12,394.01,219.99,680.65,0.6779,-1,-1,-1
476,214,1308.99,409.46,89.01,196.12,0.2573,-1,-1,-1
476,211,846.33,417.15,79.82,287.41,0.5587,-1,-1,-1
476,195,440.77,478.89,89.91,181.97,0.5479,-1,-1,-1
476,188,595.30,445.79,101.82,260.02,0.7923,-1,-1,-1
476,178,741.95,436.75,117.33,294.29,0.7015,-1,-1,-1
476,127,1834.11,458.96,70.54,189.58,0.2350,-1,-1,-1
476,60,1148.70,421.20,167.46,588.76,0.8137,-1,-1,-1
477,266,902.45,439.45,88.29,244.78,0.3774,-1,-1,-1
477,262,1090.64,459.00,56.82,133.38,0.1994,-1,-1,-1
477,258,378.18,473.89,76.69,152.70,0.1721,-1,-1,-1
477,248,531.97,448.04,28.44,83.18,0.1632,-1,-1,-1
477,232,1333.66,396.63,193.46,660.45,0.3966,-1,-1,-1
477,231,1305.35,407.86,88.83,523.40,0.4151,-1,-1,-1
477,230,1515.31,410.99,176.35,401.25,0.8324,-1,-1,-1
477,229,0.54,388.84,295.95,682.38,0.7838,-1,-1,-1
477,214,1310.59,412.90,90.04,190.48,0.2333,-1,-1,-1
477,211,846.52,416.96,74.63,284.58,0.5532,-1,-1,-1
477,195,430.58,472.79,93.09,189.43,0.4177,-1,-1,-1
477,188,600.86,444.67,99.82,260.89,0.7704,-1,-1,-1
477,178,744.26,438.05,114.91,293.07,0.7029,-1,-1,-1
477,127,1836.03,464.38,69.31,183.40,0.2348,-1,-1,-1
477,60,1150.55,421.02,172.49,589.49,0.8250,-1,-1,-1
478,266,852.49,427.64,143.96,269.16,0.3464,-1,-1,-1
478,262,1088.48,437.81,61.83,156.84,0.2305,-1,-1,-1
478,258,368.60,472.56,83.72,149.48,0.1508,-1,-1,-1
478,248,530.56,447.95,28.75,80.79,0.2102,-1,-1,-1
478,232,1335.41,399.07,205.32,657.85,0.6572,-1,-1,-1
478,231,1308.14,420.61,86.47,507.77,0.4051,-1,-1,-1
478,230,1523.57,407.05,187.39,402.23,0.8257,-1,-1,-1
478,229,0.07,382.65,183.89,689.82,0.4847,-1,-1,-1
478,214,1316.22,422.93,78.62,244.89,0.2546,-1,-1,-1
478,211,848.48,414.91,75.31,286.84,0.4892,-1,-1,-1
478,195,420.76,474.13,98.75,190.76,0.4567,-1,-1,-1
478,188,614.63,445.65,90.50,257.85,0.6860,-1,-1,-1
478,178,746.36,437.42,111.62,295.25,0.6313,-1,-1,-1
478,127,1836.40,465.02,76.21,182.00,0.2626,-1,-1,-1
478,60,1158.49,420.99,167.96,589.38,0.8187,-1,-1,-1
479,266,897.94,435.76,105.15,254.00,0.4879,-1,-1,-1
479,262,1089.97,433.49,61.21,160.92,0.3193,-1,-1,-1
479,260,0.96,382.35,257.57,687.63,0.7246,-1,-1,-1
479,248,530.59,447.01,27.70,82.44,0.2039,-1,-1,-1
479,232,1343.77,398.44,218.57,674.17,0.7606,-1,-1,-1
479,231,1318.24,412.02,96.76,534.09,0.4337,-1,-1,-1
479,230,1529.59,410.45,198.89,405.13,0.8492,-1,-1,-1
479,214,1318.41,420.27,84.04,250.86,0.2201,-1,-1,-1
479,211,851.22,413.47,68.78,286.08,0.5193,-1,-1,-1
479,195,418.23,476.20,86.79,182.82,0.2733,-1,-1,-1
479,188,606.36,443.64,104.46,259.43,0.6575,-1,-1,-1
479,178,757.41,439.07,103.09,293.17,0.6149,-1,-1,-1
479,157,746.85,445.90,56.11,128.33,0.1795,-1,-1,-1
479,127,1834.33,464.55,75.76,183.14,0.2521,-1,-1,-1
479,60,1162.38,419.79,167.87,590.07,0.8015,-1,-1,-1
480,272,553.69,444.70,34.20,85.85,0.1995,-1,-1,-1
480,266,898.97,437.64,107.11,247.43,0.5523,-1,-1,-1
480,262,1089.59,435.18,58.17,156.71,0.2681,-1,-1,-1
480,258,366.10,477.10,59.94,133.19,0.1996,-1,-1,-1
480,248,531.00,448.53,26.63,80.60,0.1882,-1,-1,-1
480,232,1345.10,403.57,234.66,670.86,0.8130,-1,-1,-1
480,231,1324.98,411.22,92.58,543.20,0.4464,-1,-1,-1
480,230,1536.30,414.78,199.84,409.58,0.8576,-1,-1,-1
480,229,0.55,392.81,140.81,681.64,0.4759,-1,-1,-1
480,211,851.34,412.25,70.16,287.55,0.5701,-1,-1,-1
480,195,413.53,479.55,90.60,180.62,0.3089,-1,-1,-1
480,188,621.17,436.40,88.11,264.06,0.6056,-1,-1,-1
480,178,765.15,436.74,97.59,291.28,0.6541,-1,-1,-1
480,127,1834.81,463.81,67.24,184.93,0.2442,-1,-1,-1
480,60,1168.62,420.70,164.66,588.43,0.8058,-1,-1,-1
481,272,562.33,452.80,33.14,79.81,0.1967,-1,-1,-1
481,266,901.82,440.25,104.06,243.30,0.6320,-1,-1,-1
481,262,1091.77,435.44,57.47,158.67,0.3563,-1,-1,-1
481,260,0.68,415.00,219.25,657.61,0.7644,-1,-1,-1
481,258,358.83,480.86,63.35,138.14,0.3074,-1,-1,-1
481,248,530.73,447.98,27.13,81.21,0.1858,-1,-1,-1
481,232,1345.41,397.80,253.01,680.44,0.8316,-1,-1,-1
481,231,1328.26,407.06,89.34,555.40,0.3926,-1,-1,-1
481,230,1541.28,420.36,202.98,405.37,0.8476,-1,-1,-1
481,211,852.72,413.32,67.65,285.94,0.5480,-1,-1,-1
481,195,407.22,478.50,83.22,185.10,0.5193,-1,-1,-1
481,188,627.03,434.54,92.50,264.58,0.6025,-1,-1,-1
481,178,774.99,440.37,94.75,283.14,0.6126,-1,-1,-1
481,127,1832.12,462.11,78.07,186.54,0.2660,-1,-1,-1
481,60,1172.92,418.98,164.50,589.84,0.8081,-1,-1,-1
482,272,561.05,444.12,35.37,88.77,0.2443,-1,-1,-1
482,266,904.74,443.56,102.61,239.43,0.6764,-1,-1,-1
482,262,1091.33,438.50,56.36,156.27,0.3358,-1,-1,-1
482,260,0.47,474.91,200.57,597.16,0.7683,-1,-1,-1
482,258,359.24,477.63,73.31,194.64,0.3016,-1,-1,-1
482,248,530.44,445.80,26.77,83.21,0.1914,-1,-1,-1
482,232,1352.78,395.72,258.74,681.85,0.8511,-1,-1,-1
482,231,1329.35,406.78,99.21,545.14,0.3443,-1,-1,-1
482,230,1546.82,418.81,203.95,409.88,0.8333,-1,-1,-1
482,211,853.89,413.34,66.89,283.39,0.5302,-1,-1,-1
482,195,405.75,476.55,82.87,193.91,0.4562,-1,-1,-1
482,188,632.29,434.10,87.20,266.42,0.5771,-1,-1,-1
482,178,781.69,438.13,90.96,283.37,0.5799,-1,-1,-1
482,157,746.65,454.20,33.77,78.48,0.2009,-1,-1,-1
482,127,1833.66,457.97,82.53,190.47,0.2706,-1,-1,-1
482,60,1176.70,418.97,163.41,593.38,0.7925,-1,-1,-1
483,272,558.75,440.08,37.10,91.67,0.3272,-1,-1,-1
483,266,908.12,445.49,97.67,237.55,0.6632,-1,-1,-1
483,260,0.32,519.46,183.30,551.11,0.7445,-1,-1,-1
483,258,358.22,475.04,69.14,150.44,0.2350,-1,-1,-1
483,248,530.45,446.04,25.99,82.00,0.1961,-1,-1,-1
483,232,1356.84,393.82,266.07,682.20,0.8280,-1,-1,-1
483,231,1330.82,399.97,104.73,559.10,0.4044,-1,-1,-1
483,230,1555.29,418.14,192.82,413.86,0.8255,-1,-1,-1
483,211,855.21,416.11,67.80,284.11,0.5265,-1,-1,-1
483,195,398.96,475.31,90.42,193.50,0.4750,-1,-1,-1
483,188,628.00,433.31,98.11,263.84,0.6164,-1,-1,-1
483,178,795.16,436.13,78.62,290.12,0.6331,-1,-1,-1
483,170,1093.74,439.77,54.79,157.70,0.2686,-1,-1,-1
483,157,746.19,455.40,35.97,84.52,0.1720,-1,-1,-1
483,127,1835.01,459.02,82.48,190.97,0.2033,-1,-1,-1
483,60,1183.83,418.39,161.06,592.66,0.7927,-1,-1,-1
484,272,561.34,444.32,35.04,87.45,0.3123,-1,-1,-1
484,266,911.02,444.98,95.07,239.25,0.6515,-1,-1,-1
484,262,1091.87,435.83,59.15,158.45,0.3123,-1,-1,-1
484,260,0.64,557.77,161.25,409.97,0.3884,-1,-1,-1
484,248,531.06,450.30,26.67,76.55,0.1854,-1,-1,-1
484,232,1357.31,393.79,275.03,684.00,0.8716,-1,-1,-1
484,231,1335.66,409.00,99.31,552.76,0.4303,-1,-1,-1
484,230,1563.35,415.12,188.09,420.75,0.8215,-1,-1,-1
484,211,859.73,434.93,65.07,264.68,0.5164,-1,-1,-1
484,196,704.75,453.19,37.73,121.07,0.1569,-1,-1,-1
484,195,379.75,474.97,107.53,195.77,0.4637,-1,-1,-1
484,188,631.53,435.90,102.84,260.85,0.6555,-1,-1,-1
484,178,796.73,438.08,77.48,290.79,0.6599,-1,-1,-1
484,157,743.83,456.51,40.88,119.89,0.2195,-1,-1,-1
484,127,1834.61,448.22,83.68,202.32,0.2221,-1,-1,-1
484,60,1188.83,417.29,161.24,594.80,0.7879,-1,-1,-1
485,272,562.02,445.24,34.29,86.14,0.3391,-1,-1,-1
485,266,911.72,440.09,95.78,242.09,0.6780,-1,-1,-1
485,262,1091.51,436.03,58.67,156.33,0.2873,-1,-1,-1
485,260,0.39,565.73,142.98,509.06,0.4235,-1,-1,-1
485,248,530.80,449.96,27.34,77.34,0.1997,-1,-1,-1
485,232,1357.80,396.40,279.40,679.95,0.8565,-1,-1,-1
485,231,1337.59,424.23,100.15,534.16,0.5508,-1,-1,-1
485,230,1575.42,409.23,178.49,428.44,0.8339,-1,-1,-1
485,211,861.93,423.03,59.70,272.07,0.4660,-1,-1,-1
485,195,362.54,477.11,114.88,199.48,0.3483,-1,-1,-1
485,188,629.89,434.79,115.16,262.17,0.6877,-1,-1,-1
485,178,799.77,439.00,86.51,285.24,0.6580,-1,-1,-1
485,127,1833.51,445.59,84.20,205.49,0.2504,-1,-1,-1
485,60,1193.84,420.74,163.79,592.11,0.7822,-1,-1,-1
486,272,563.44,447.23,33.20,84.74,0.3081,-1,-1,-1
486,266,910.21,440.81,95.56,240.82,0.6939,-1,-1,-1
486,262,1091.37,433.51,61.98,159.99,0.3657,-1,-1,-1
486,260,0.55,579.38,113.57,406.22,0.5677,-1,-1,-1
486,248,530.48,452.79,28.94,76.54,0.1835,-1,-1,-1
486,232,1356.99,397.35,284.05,678.53,0.8408,-1,-1,-1
486,231,1338.08,414.18,106.43,550.26,0.6090,-1,-1,-1
486,230,1583.10,412.59,174.08,426.74,0.8356,-1,-1,-1
486,211,864.90,431.80,59.59,242.67,0.3565,-1,-1,-1
486,195,354.01,479.10,105.01,190.36,0.3272,-1,-1,-1
486,188,631.26,434.50,121.62,262.82,0.7144,-1,-1,-1
486,178,799.52,438.51,101.82,285.92,0.5762,-1,-1,-1
486,127,1852.23,397.31,67.16,254.43,0.2177,-1,-1,-1
486,60,1198.76,420.16,163.85,591.89,0.7762,-1,-1,-1
487,272,564.50,445.98,32.93,84.86,0.3233,-1,-1,-1
487,266,917.49,441.51,90.78,241.06,0.6623,-1,-1,-1
487,262,1094.19,433.36,61.42,159.30,0.3218,-1,-1,-1
487,260,0.28,537.50,91.74,446.32,0.4663,-1,-1,-1
487,248,531.10,451.79,31.14,75.17,0.1598,-1,-1,-1
487,232,1359.14,396.46,280.98,679.13,0.8438,-1,-1,-1
487,231,1346.60,412.15,102.79,524.26,0.5807,-1,-1,-1
487,230,1589.75,417.12,165.17,422.30,0.7892,-1,-1,-1
487,211,862.42,428.39,63.02,266.25,0.4199,-1,-1,-1
487,195,355.83,477.66,104.42,198.55,0.4732,-1,-1,-1
487,188,631.83,435.81,128.05,261.07,0.6702,-1,-1,-1
487,178,801.87,437.37,92.35,285.44,0.4917,-1,-1,-1
487,127,1853.95,431.43,65.48,220.74,0.1841,-1,-1,-1
487,60,1200.15,418.77,181.93,593.87,0.7764,-1,-1,-1
488,272,565.37,447.97,31.75,83.44,0.2908,-1,-1,-1
488,266,920.38,450.11,88.65,231.90,0.5535,-1,-1,-1
488,260,0.36,656.68,70.04,303.64,0.5588,-1,-1,-1
488,248,533.60,452.35,28.26,78.41,0.1641,-1,-1,-1
488,232,1358.82,401.22,288.48,674.87,0.8192,-1,-1,-1
488,231,1349.27,418.78,106.56,504.93,0.5103,-1,-1,-1
488,230,1598.83,419.31,162.10,419.48,0.7659,-1,-1,-1
488,195,350.04,474.34,104.34,203.86,0.4939,-1,-1,-1
488,188,635.14,435.46,125.56,261.16,0.6726,-1,-1,-1
488,178,803.63,432.54,126.88,293.24,0.5849,-1,-1,-1
488,157,735.64,449.06,38.11,120.63,0.2672,-1,-1,-1
488,127,1855.86,398.69,63.59,252.20,0.1950,-1,-1,-1
488,60,1201.34,419.77,183.85,592.08,0.7843,-1,-1,-1
489,278,0.10,535.55,63.30,130.81,0.5443,-1,-1,-1
489,272,565.09,448.39,32.76,83.29,0.2884,-1,-1,-1
489,266,922.82,437.74,88.80,243.69,0.6098,-1,-1,-1
489,248,533.41,453.67,28.29,77.46,0.1687,-1,-1,-1
489,232,1360.20,392.65,289.63,679.32,0.7879,-1,-1,-1
489,231,1350.27,423.49,111.19,471.24,0.5548,-1,-1,-1
489,230,1608.40,412.42,153.37,430.26,0.7451,-1,-1,-1
489,195,339.45,451.81,98.46,228.53,0.5008,-1,-1,-1
489,188,641.42,436.37,123.09,259.78,0.6958,-1,-1,-1
489,178,804.64,431.42,133.82,293.37,0.5714,-1,-1,-1
489,170,1087.47,441.79,55.25,147.14,0.2033,-1,-1,-1
489,157,732.86,445.37,40.11,128.76,0.3433,-1,-1,-1
489,127,1854.62,398.94,64.80,251.99,0.2110,-1,-1,-1
489,60,1204.67,412.84,186.62,596.09,0.8260,-1,-1,-1
490,278,0.06,544.35,50.15,107.50,0.3632,-1,-1,-1
490,272,565.03,442.65,32.77,86.87,0.2849,-1,-1,-1
490,266,935.64,439.04,76.77,241.01,0.6163,-1,-1,-1
490,248,533.79,451.19,27.80,79.21,0.1949,-1,-1,-1
490,232,1366.90,397.67,262.79,674.38,0.7455,-1,-1,-1
490,231,1355.29,419.37,113.40,476.77,0.6114,-1,-1,-1
490,230,1615.88,411.55,146.97,432.56,0.7320,-1,-1,-1
490,195,331.39,461.54,95.62,218.94,0.5011,-1,-1,-1
490,188,642.66,435.13,122.80,263.25,0.7903,-1,-1,-1
490,178,804.29,437.09,136.42,287.76,0.5798,-1,-1,-1
490,170,1086.79,439.62,65.31,149.70,0.2199,-1,-1,-1
490,127,1853.13,415.79,66.25,236.90,0.1705,-1,-1,-1
490,60,1203.56,417.80,187.93,594.10,0.8008,-1,-1,-1
491,280,550.71,438.95,35.87,92.17,0.1981,-1,-1,-1
491,279,417.54,474.87,47.00,93.76,0.3072,-1,-1,-1
491,278,0.06,554.64,41.08,83.35,0.2451,-1,-1,-1
491,272,564.80,440.90,33.35,88.90,0.3418,-1,-1,-1
491,266,947.44,435.96,69.22,242.20,0.5934,-1,-1,-1
491,262,1096.51,437.57,61.75,151.05,0.2425,-1,-1,-1
491,248,534.55,450.70,27.39,80.19,0.2178,-1,-1,-1
491,233,1719.41,441.52,68.68,181.58,0.1801,-1,-1,-1
491,232,1368.22,400.65,253.03,668.30,0.6712,-1,-1,-1
491,231,1362.82,418.07,113.73,474.77,0.5504,-1,-1,-1
491,230,1619.54,408.79,127.26,431.72,0.7350,-1,-1,-1
491,195,319.54,494.61,103.47,187.31,0.4786,-1,-1,-1
491,188,647.22,434.89,120.27,264.87,0.7890,-1,-1,-1
491,178,806.75,437.00,136.34,287.91,0.5244,-1,-1,-1
491,157,722.26,444.04,49.21,132.30,0.3697,-1,-1,-1
491,127,1853.43,448.84,65.98,203.86,0.1652,-1,-1,-1
491,60,1204.72,418.00,187.31,594.27,0.8076,-1,-1,-1
492,280,549.71,438.18,32.83,92.47,0.1887,-1,-1,-1
492,279,417.14,475.57,45.64,94.76,0.4004,-1,-1,-1
492,278,0.06,560.49,34.26,88.22,0.3579,-1,-1,-1
492,272,566.06,440.47,32.26,89.98,0.3620,-1,-1,-1
492,266,953.37,436.96,74.15,241.84,0.6237,-1,-1,-1
492,262,1098.13,436.89,60.29,152.65,0.1683,-1,-1,-1
492,248,532.18,451.34,29.97,78.29,0.1860,-1,-1,-1
492,232,1373.04,392.79,316.33,667.43,0.4264,-1,-1,-1
492,231,1367.77,411.29,122.21,470.35,0.5253,-1,-1,-1
492,230,1632.94,410.39,116.46,437.94,0.7096,-1,-1,-1
492,195,316.07,481.91,95.51,200.96,0.5228,-1,-1,-1
492,188,647.25,432.72,123.35,268.50,0.7641,-1,-1,-1
492,178,806.55,444.79,141.27,280.52,0.6688,-1,-1,-1
492,157,724.32,444.50,46.15,131.87,0.3467,-1,-1,-1
492,127,1853.09,454.23,66.35,197.36,0.1962,-1,-1,-1
492,60,1204.36,412.88,196.06,596.83,0.8155,-1,-1,-1
493,280,548.33,436.37,40.86,94.76,0.1906,-1,-1,-1
493,279,415.43,475.17,49.25,95.16,0.3276,-1,-1,-1
493,272,563.45,438.65,35.61,93.14,0.3300,-1,-1,-1
493,266,957.05,440.47,75.50,239.46,0.7060,-1,-1,-1
493,248,533.18,451.90,29.57,77.20,0.1624,-1,-1,-1
493,232,1373.04,388.52,235.62,672.06,0.4741,-1,-1,-1
493,231,1373.78,409.94,120.76,497.77,0.5386,-1,-1,-1
493,230,1635.44,410.53,123.19,432.80,0.6395,-1,-1,-1
493,195,305.80,488.23,102.60,190.44,0.4884,-1,-1,-1
493,188,651.43,442.50,118.55,259.97,0.7730,-1,-1,-1
493,178,808.70,446.34,141.05,277.75,0.6876,-1,-1,-1
493,157,728.92,444.21,40.76,129.45,0.3709,-1,-1,-1
493,127,1852.83,442.48,66.51,210.01,0.2240,-1,-1,-1
493,60,1205.20,417.81,198.82,592.41,0.8292,-1,-1,-1
494,280,549.78,437.49,36.32,93.63,0.1895,-1,-1,-1
494,279,414.94,474.26,48.99,97.01,0.2642,-1,-1,-1
494,272,564.63,439.87,34.66,92.20,0.3095,-1,-1,-1
494,266,955.70,441.86,79.98,238.67,0.6561,-1,-1,-1
494,248,532.48,452.16,29.52,76.67,0.1589,-1,-1,-1
494,232,1377.81,388.19,295.19,659.86,0.4988,-1,-1,-1
494,230,1634.17,410.60,135.00,396.90,0.6716,-1,-1,-1
494,214,1378.78,407.49,122.51,531.83,0.6169,-1,-1,-1
494,195,302.38,474.79,104.77,204.16,0.3780,-1,-1,-1
494,188,654.07,442.28,118.36,259.77,0.7826,-1,-1,-1
494,178,809.22,445.59,142.98,280.13,0.7109,-1,-1,-1
494,170,1083.52,441.08,50.49,147.58,0.1869,-1,-1,-1
494,157,728.99,446.04,39.89,129.45,0.2631,-1,-1,-1
494,127,1850.35,424.94,69.00,227.54,0.1841,-1,-1,-1
494,60,1205.41,421.50,207.33,588.79,0.8280,-1,-1,-1
495,280,546.83,439.99,31.06,92.24,0.2050,-1,-1,-1
495,279,415.12,474.60,47.06,97.82,0.2821,-1,-1,-1
495,272,564.34,441.56,35.32,92.22,0.3225,-1,-1,-1
495,266,959.88,441.81,91.40,239.86,0.6628,-1,-1,-1
495,248,532.83,450.52,31.15,78.49,0.1995,-1,-1,-1
495,232,1377.67,383.14,283.58,665.72,0.4456,-1,-1,-1
495,230,1635.58,405.49,168.02,457.61,0.6932,-1,-1,-1
495,214,1377.02,406.74,125.87,558.22,0.5717,-1,-1,-1
495,195,295.62,471.22,98.42,222.04,0.3150,-1,-1,-1
495,188,653.75,436.79,117.40,264.87,0.7627,-1,-1,-1
495,178,818.73,442.40,133.73,282.32,0.6824,-1,-1,-1
495,170,1081.76,439.07,53.78,149.86,0.1809,-1,-1,-1
495,60,1206.50,421.62,214.35,589.91,0.8143,-1,-1,-1
496,280,550.61,443.94,34.42,89.41,0.1857,-1,-1,-1
496,279,414.18,473.81,48.21,96.40,0.1645,-1,-1,-1
496,272,567.36,441.86,32.93,91.45,0.3872,-1,-1,-1
496,266,958.11,443.05,106.61,239.11,0.7291,-1,-1,-1
496,262,1099.28,434.05,61.74,158.27,0.1600,-1,-1,-1
496,248,542.32,442.27,28.14,89.94,0.2134,-1,-1,-1
496,232,1391.36,374.35,275.73,695.33,0.5690,-1,-1,-1
496,230,1640.64,403.89,176.69,402.62,0.4881,-1,-1,-1
496,214,1382.23,413.31,129.85,563.90,0.6477,-1,-1,-1
496,195,293.27,457.27,87.78,228.33,0.3579,-1,-1,-1
496,188,656.61,437.62,114.54,264.19,0.7865,-1,-1,-1
496,178,821.90,440.60,132.11,286.30,0.7016,-1,-1,-1
496,127,1850.92,423.75,68.41,228.65,0.1519,-1,-1,-1
496,60,1206.90,419.88,220.85,591.97,0.8325,-1,-1,-1
497,280,550.37,444.51,38.53,88.51,0.1892,-1,-1,-1
497,279,414.70,472.97,45.91,98.78,0.1733,-1,-1,-1
497,272,567.32,442.32,32.78,90.74,0.3683,-1,-1,-1
497,266,962.22,441.96,113.09,240.24,0.7283,-1,-1,-1
497,248,543.51,442.60,27.93,89.25,0.2187,-1,-1,-1
497,232,1397.36,378.40,291.71,695.74,0.6532,-1,-1,-1
497,231,1391.28,418.95,129.77,459.88,0.6544,-1,-1,-1
497,230,1645.26,406.31,154.02,472.41,0.8000,-1,-1,-1
497,195,252.84,471.23,117.54,222.51,0.4463,-1,-1,-1
497,188,664.44,433.43,106.02,268.76,0.7760,-1,-1,-1
497,178,830.54,442.82,123.57,285.76,0.7342,-1,-1,-1
497,170,1074.85,436.97,70.85,152.56,0.2087,-1,-1,-1
497,127,1852.79,427.95,66.57,224.59,0.2176,-1,-1,-1
497,60,1208.40,420.43,223.78,590.36,0.8528,-1,-1,-1
498,280,551.25,444.70,37.51,88.88,0.2146,-1,-1,-1
498,279,415.38,473.23,45.43,98.20,0.1950,-1,-1,-1
498,272,566.94,441.29,33.72,92.31,0.3906,-1,-1,-1
498,266,967.51,439.55,114.46,242.70,0.7380,-1,-1,-1
498,248,545.39,442.26,26.55,90.23,0.2488,-1,-1,-1
498,232,1414.88,377.45,273.82,693.51,0.6500,-1,-1,-1
498,230,1651.62,410.65,158.93,465.67,0.7419,-1,-1,-1
498,214,1391.32,412.16,137.26,530.65,0.6514,-1,-1,-1
498,195,258.04,478.83,111.65,222.17,0.4575,-1,-1,-1
498,188,670.74,431.98,98.84,270.22,0.7722,-1,-1,-1
498,178,840.46,444.06,114.27,282.41,0.6808,-1,-1,-1
498,170,1080.41,440.03,72.41,152.62,0.2316,-1,-1,-1
498,127,1851.63,440.90,67.73,211.58,0.2198,-1,-1,-1
498,60,1213.83,417.09,220.88,594.16,0.8473,-1,-1,-1
499,282,535.82,451.50,27.14,80.62,0.2254,-1,-1,-1
499,280,552.13,445.71,34.38,88.29,0.2134,-1,-1,-1
499,279,415.40,473.67,44.15,98.45,0.2266,-1,-1,-1
499,272,567.25,442.37,32.34,91.31,0.3970,-1,-1,-1
499,266,969.34,440.67,120.74,242.57,0.6975,-1,-1,-1
499,248,547.29,443.77,23.70,89.05,0.2534,-1,-1,-1
499,232,1426.01,379.19,267.76,692.69,0.6668,-1,-1,-1
499,230,1653.11,406.16,206.23,470.05,0.8519,-1,-1,-1
499,214,1391.98,405.37,145.68,537.21,0.6556,-1,-1,-1
499,196,669.93,456.13,30.08,90.17,0.2697,-1,-1,-1
499,195,243.68,483.69,110.16,217.14,0.5501,-1,-1,-1
499,188,673.44,436.73,96.85,263.94,0.7668,-1,-1,-1
499,178,855.59,442.91,100.14,285.50,0.6998,-1,-1,-1
499,170,1086.55,441.88,65.65,150.73,0.2347,-1,-1,-1
499,127,1850.31,435.30,69.05,217.55,0.2719,-1,-1,-1
499,60,1222.52,414.50,210.39,597.75,0.8361,-1,-1,-1
500,279,415.60,472.51,43.84,99.72,0.2386,-1,-1,-1
500,272,568.69,442.72,31.71,90.73,0.3358,-1,-1,-1
500,266,968.99,443.98,119.60,239.22,0.6806,-1,-1,-1
500,248,543.10,443.17,27.86,90.49,0.2538,-1,-1,-1
500,232,1451.20,378.81,258.17,691.85,0.5812,-1,-1,-1
500,230,1661.81,412.96,212.43,472.88,0.8425,-1,-1,-1
500,214,1386.98,410.01,158.52,550.19,0.6763,-1,-1,-1
500,196,670.76,457.19,31.21,85.03,0.2460,-1,-1,-1
500,195,238.23,481.40,99.63,223.11,0.6089,-1,-1,-1
500,188,675.71,433.26,95.71,267.52,0.7471,-1,-1,-1
500,178,855.84,438.24,102.08,287.79,0.6592,-1,-1,-1
500,170,1093.98,449.25,58.56,144.00,0.2004,-1,-1,-1
500,127,1851.69,438.01,67.69,215.47,0.2610,-1,-1,-1
500,60,1231.07,417.13,205.27,595.64,0.7887,-1,-1,-1
501,279,414.83,470.51,44.55,101.06,0.2263,-1,-1,-1
501,272,571.69,446.01,28.97,87.81,0.3178,-1,-1,-1
501,266,967.69,454.98,118.92,227.85,0.7068,-1,-1,-1
501,248,542.84,443.20,28.34,90.08,0.2633,-1,-1,-1
501,232,1489.41,374.35,218.17,569.38,0.6101,-1,-1,-1
501,230,1674.75,417.81,222.84,469.58,0.8533,-1,-1,-1
501,214,1394.35,413.44,151.24,541.31,0.6842,-1,-1,-1
501,196,670.72,458.06,38.02,82.97,0.1842,-1,-1,-1
501,195,225.67,480.94,108.36,221.10,0.6273,-1,-1,-1
501,188,683.29,433.77,89.72,265.89,0.6852,-1,-1,-1
501,178,858.12,437.49,103.21,287.94,0.6992,-1,-1,-1
501,170,1098.22,456.76,54.64,136.35,0.1972,-1,-1,-1
501,127,1858.42,430.60,61.07,221.87,0.2122,-1,-1,-1
501,60,1243.63,414.27,197.87,599.29,0.7918,-1,-1,-1
502,284,0.86,898.40,126.18,180.99,0.3602,-1,-1,-1
502,282,536.06,450.79,28.69,81.41,0.1930,-1,-1,-1
502,279,414.69,469.29,44.46,102.05,0.2095,-1,-1,-1
502,272,572.38,450.74,28.08,82.21,0.3033,-1,-1,-1
502,266,972.02,450.70,114.18,232.11,0.7335,-1,-1,-1
502,248,546.51,445.49,26.42,87.14,0.2227,-1,-1,-1
502,232,1499.57,377.49,224.52,687.83,0.6182,-1,-1,-1
502,230,1686.38,415.09,213.48,473.91,0.8443,-1,-1,-1
502,214,1386.73,405.47,164.57,558.90,0.7131,-1,-1,-1
502,195,218.13,484.32,115.14,217.09,0.6017,-1,-1,-1
502,188,693.83,436.35,81.12,262.19,0.6774,-1,-1,-1
502,178,860.65,440.53,104.90,285.82,0.6557,-1,-1,-1
502,170,1093.24,454.80,59.01,137.66,0.1844,-1,-1,-1
502,127,1867.16,423.97,52.31,227.46,0.1660,-1,-1,-1
502,60,1257.32,415.26,192.28,599.81,0.7968,-1,-1,-1
503,286,0.28,655.97,102.66,417.85,0.5361,-1,-1,-1
503,284,0.18,918.05,107.55,161.86,0.4087,-1,-1,-1
503,282,543.24,445.54,29.32,88.41,0.2417,-1,-1,-1
503,272,571.88,446.66,28.67,87.77,0.3504,-1,-1,-1
503,266,981.40,446.30,106.07,236.47,0.7195,-1,-1,-1
503,262,1078.27,439.06,71.92,153.52,0.2020,-1,-1,-1
503,232,1509.02,373.88,216.36,692.19,0.7258,-1,-1,-1
503,230,1693.23,412.05,211.93,482.99,0.8553,-1,-1,-1
503,214,1382.70,411.82,171.89,554.27,0.6208,-1,-1,-1
503,211,858.59,435.27,63.16,286.11,0.1944,-1,-1,-1
503,195,203.94,480.35,120.82,235.11,0.5348,-1,-1,-1
503,188,690.02,434.32,88.78,265.89,0.6960,-1,-1,-1
503,178,867.34,440.43,105.82,285.26,0.6732,-1,-1,-1
503,60,1285.32,409.99,170.30,607.90,0.7671,-1,-1,-1
504,285,379.73,469.92,54.23,102.89,0.1667,-1,-1,-1
504,284,0.71,933.27,88.24,144.90,0.3491,-1,-1,-1
504,282,546.44,447.77,26.68,86.57,0.2285,-1,-1,-1
504,272,571.64,446.67,28.71,88.21,0.4045,-1,-1,-1
504,266,991.80,447.62,93.43,235.20,0.6596,-1,-1,-1
504,262,1073.52,444.06,40.38,144.89,0.2670,-1,-1,-1
504,232,1517.20,372.85,218.00,694.38,0.7005,-1,-1,-1
504,230,1698.42,410.13,217.39,496.89,0.8657,-1,-1,-1
504,214,1391.13,411.09,167.93,554.56,0.6971,-1,-1,-1
504,211,861.43,416.73,61.37,293.96,0.3590,-1,-1,-1
504,195,190.09,481.82,118.25,236.44,0.6457,-1,-1,-1
504,188,692.67,435.69,87.91,265.09,0.6867,-1,-1,-1
504,178,873.75,440.64,106.83,284.22,0.5696,-1,-1,-1
504,170,1118.96,439.23,42.64,149.62,0.2163,-1,-1,-1
504,60,1296.46,412.63,164.99,607.28,0.8042,-1,-1,-1
505,285,379.78,470.21,55.15,103.16,0.1557,-1,-1,-1
505,284,0.49,955.33,70.38,123.02,0.1580,-1,-1,-1
505,282,543.34,450.09,28.65,84.27,0.2476,-1,-1,-1
505,272,571.52,449.52,28.62,85.14,0.4049,-1,-1,-1
505,266,1003.05,456.65,81.89,226.63,0.6442,-1,-1,-1
505,262,1073.72,441.47,43.21,148.41,0.2504,-1,-1,-1
505,232,1522.76,373.70,223.07,700.83,0.7682,-1,-1,-1
505,230,1710.46,406.93,206.44,502.60,0.8850,-1,-1,-1
505,214,1405.95,426.53,158.38,541.81,0.6621,-1,-1,-1
505,211,867.41,427.27,61.97,279.60,0.4613,-1,-1,-1
505,195,181.57,482.29,111.00,235.20,0.6028,-1,-1,-1
505,188,692.59,437.41,91.91,264.16,0.7825,-1,-1,-1
505,178,884.04,444.06,118.04,279.42,0.5831,-1,-1,-1
505,170,1112.54,440.14,49.30,149.85,0.2354,-1,-1,-1
505,60,1302.86,410.35,165.20,615.93,0.8282,-1,-1,-1
506,285,380.56,469.79,52.64,102.56,0.1633,-1,-1,-1
506,284,0.27,984.59,54.92,93.81,0.1597,-1,-1,-1
506,282,540.87,447.76,30.79,86.05,0.2577,-1,-1,-1
506,272,571.43,447.75,29.31,86.05,0.4106,-1,-1,-1
506,266,1012.95,461.23,75.71,221.13,0.6264,-1,-1,-1
506,262,1070.86,442.07,43.52,145.94,0.2260,-1,-1,-1
506,232,1526.46,372.36,219.13,701.50,0.7571,-1,-1,-1
506,230,1719.79,401.49,198.69,508.07,0.8853,-1,-1,-1
506,214,1444.74,423.67,122.55,526.80,0.7062,-1,-1,-1
506,211,869.10,412.90,69.98,289.40,0.5857,-1,-1,-1
506,195,166.35,484.55,113.56,232.24,0.6548,-1,-1,-1
506,188,699.68,434.70,90.97,267.44,0.7433,-1,-1,-1
506,178,897.10,452.07,119.78,270.16,0.6529,-1,-1,-1
506,170,1105.12,440.36,58.57,146.17,0.2106,-1,-1,-1
506,60,1308.31,412.06,164.86,627.12,0.7937,-1,-1,-1
507,285,379.46,468.90,53.41,104.15,0.1969,-1,-1,-1
507,282,541.75,445.83,30.68,88.30,0.2872,-1,-1,-1
507,272,572.16,446.57,28.72,87.62,0.3941,-1,-1,-1
507,266,1017.60,448.95,80.61,232.31,0.5338,-1,-1,-1
507,262,1072.64,447.70,41.05,139.55,0.2157,-1,-1,-1
507,232,1528.78,376.19,222.59,699.52,0.7413,-1,-1,-1
507,230,1736.75,398.78,181.68,513.13,0.8764,-1,-1,-1
507,214,1448.05,416.63,121.86,545.07,0.6955,-1,-1,-1
507,211,869.41,413.66,68.86,289.12,0.6050,-1,-1,-1
507,196,672.15,459.51,31.44,78.45,0.1979,-1,-1,-1
507,195,150.60,481.37,116.76,245.77,0.6778,-1,-1,-1
507,188,702.11,435.50,98.23,265.99,0.7236,-1,-1,-1
507,178,899.75,451.19,121.78,270.21,0.6701,-1,-1,-1
507,170,1102.17,437.15,58.89,152.65,0.2916,-1,-1,-1
507,60,1313.49,412.83,162.48,635.47,0.8118,-1,-1,-1
508,285,379.12,466.41,52.90,107.88,0.2423,-1,-1,-1
508,272,570.56,446.54,29.59,88.89,0.4386,-1,-1,-1
508,266,1027.28,448.44,71.63,231.25,0.5329,-1,-1,-1
508,248,544.35,447.06,29.01,87.22,0.2538,-1,-1,-1
508,232,1527.31,374.10,231.86,697.15,0.7468,-1,-1,-1
508,230,1744.62,397.45,173.07,513.05,0.8458,-1,-1,-1
508,214,1455.20,410.95,119.43,535.19,0.6743,-1,-1,-1
508,211,869.08,412.79,69.29,285.29,0.6063,-1,-1,-1
508,196,674.04,459.27,29.79,79.12,0.2095,-1,-1,-1
508,195,137.67,483.64,121.91,244.48,0.6708,-1,-1,-1
508,188,715.64,435.90,90.36,263.62,0.6847,-1,-1,-1
508,178,898.68,452.61,139.36,269.09,0.7100,-1,-1,-1
508,170,1101.45,438.45,58.92,151.48,0.2459,-1,-1,-1
508,60,1317.62,416.55,187.91,639.08,0.7756,-1,-1,-1
509,285,379.44,468.78,52.24,104.24,0.2058,-1,-1,-1
509,272,570.40,446.06,30.27,89.53,0.4298,-1,-1,-1
509,266,1032.03,466.39,66.87,212.21,0.4928,-1,-1,-1
509,248,542.99,447.33,29.42,86.93,0.2656,-1,-1,-1
509,232,1529.15,374.31,225.57,691.86,0.7009,-1,-1,-1
509,230,1751.99,396.05,166.23,511.55,0.7910,-1,-1,-1
509,214,1462.18,404.95,121.15,568.74,0.5879,-1,-1,-1
509,211,873.91,423.46,64.20,276.99,0.5880,-1,-1,-1
509,196,673.55,457.86,30.46,80.07,0.1905,-1,-1,-1
509,195,126.98,477.03,120.06,244.62,0.6710,-1,-1,-1
509,188,715.19,439.17,98.55,261.09,0.6718,-1,-1,-1
509,178,899.59,446.76,140.66,277.64,0.7371,-1,-1,-1
509,170,1102.36,436.38,59.03,153.17,0.2597,-1,-1,-1
509,60,1323.59,413.07,210.28,645.31,0.8279,-1,-1,-1
510,285,380.77,466.66,51.83,104.92,0.1863,-1,-1,-1
510,272,569.83,445.23,29.99,88.77,0.4345,-1,-1,-1
510,266,1035.80,466.86,71.85,207.65,0.4966,-1,-1,-1
510,248,539.49,446.39,32.64,87.31,0.3074,-1,-1,-1
510,232,1547.69,377.13,244.82,698.58,0.6134,-1,-1,-1
510,230,1771.42,392.89,147.02,496.06,0.8243,-1,-1,-1
510,214,1468.47,404.55,121.98,575.12,0.7085,-1,-1,-1
510,211,875.00,411.35,66.76,286.38,0.5884,-1,-1,-1
510,196,673.37,457.47,28.77,79.70,0.2135,-1,-1,-1
510,195,106.54,476.51,127.76,247.85,0.6633,-1,-1,-1
510,188,712.99,435.31,116.01,264.81,0.7043,-1,-1,-1
510,178,899.10,445.41,138.99,280.18,0.7510,-1,-1,-1
510,170,1102.30,438.71,58.48,150.61,0.2565,-1,-1,-1
510,60,1323.62,413.27,226.90,643.68,0.8407,-1,-1,-1
511,272,570.05,446.23,29.77,87.61,0.4676,-1,-1,-1
511,266,1034.88,459.31,79.52,215.88,0.5460,-1,-1,-1
511,248,540.88,447.70,31.24,85.51,0.2776,-1,-1,-1
511,232,1541.16,369.01,275.32,706.17,0.7176,-1,-1,-1
511,230,1779.87,394.61,139.32,492.65,0.8075,-1,-1,-1
511,214,1474.87,405.78,119.90,551.31,0.6678,-1,-1,-1
511,211,874.60,425.55,68.16,269.82,0.4940,-1,-1,-1
511,196,672.40,457.60,28.21,79.70,0.2980,-1,-1,-1
511,195,97.96,477.05,126.99,252.18,0.5584,-1,-1,-1
511,188,713.96,439.31,116.38,260.50,0.7250,-1,-1,-1
511,178,898.11,446.27,154.79,279.46,0.7626,-1,-1,-1
511,170,1098.50,438.12,62.01,149.45,0.3006,-1,-1,-1
511,60,1321.81,415.43,240.40,643.97,0.8386,-1,-1,-1
512,272,570.72,447.19,29.03,86.72,0.4568,-1,-1,-1
512,266,1038.39,452.96,87.66,224.91,0.6049,-1,-1,-1
512,248,539.07,447.94,32.70,86.04,0.2853,-1,-1,-1
512,232,1546.99,375.47,229.38,688.76,0.5767,-1,-1,-1
512,230,1785.67,394.39,133.45,497.29,0.8067,-1,-1,-1
512,214,1474.97,409.40,120.27,532.27,0.6393,-1,-1,-1
512,211,874.32,411.71,74.82,284.19,0.5612,-1,-1,-1
512,196,672.51,456.04,28.22,82.32,0.2459,-1,-1,-1
512,195,80.08,503.55,140.53,229.55,0.2128,-1,-1,-1
512,188,718.01,436.53,112.47,262.35,0.7390,-1,-1,-1
512,178,898.93,443.28,153.14,282.58,0.7578,-1,-1,-1
512,170,1095.50,433.04,65.07,156.57,0.4029,-1,-1,-1
512,60,1320.01,419.32,243.53,642.57,0.8451,-1,-1,-1
513,308,696.55,454.01,39.19,120.14,0.2637,-1,-1,-1
513,272,570.50,445.90,29.35,88.12,0.4768,-1,-1,-1
513,266,1041.21,443.64,93.43,234.10,0.6050,-1,-1,-1
513,248,540.62,447.09,30.75,86.63,0.2761,-1,-1,-1
513,232,1550.17,372.36,229.74,585.12,0.4819,-1,-1,-1
513,230,1804.84,389.92,114.34,512.11,0.7982,-1,-1,-1
513,214,1478.98,414.51,120.78,555.30,0.6536,-1,-1,-1
513,211,875.75,412.59,76.07,284.73,0.5143,-1,-1,-1
513,196,672.61,456.10,28.58,84.23,0.2310,-1,-1,-1
513,195,63.87,476.44,141.78,257.78,0.6036,-1,-1,-1
513,188,718.83,436.08,118.20,263.55,0.7424,-1,-1,-1
513,178,899.06,443.79,154.89,282.01,0.7505,-1,-1,-1
513,170,1100.33,446.61,54.60,145.54,0.3365,-1,-1,-1
513,60,1319.92,418.88,249.18,647.31,0.8471,-1,-1,-1
514,308,693.61,453.87,40.93,120.43,0.3466,-1,-1,-1
514,272,569.80,445.89,29.90,87.37,0.5265,-1,-1,-1
514,266,1041.36,444.80,103.68,232.28,0.6223,-1,-1,-1
514,248,544.13,447.24,28.21,85.51,0.2571,-1,-1,-1
514,232,1557.30,371.55,222.99,581.85,0.5672,-1,-1,-1
514,230,1808.12,390.86,111.33,513.06,0.8036,-1,-1,-1
514,214,1484.49,417.22,120.29,531.57,0.5940,-1,-1,-1
514,211,878.03,413.18,76.72,284.82,0.5091,-1,-1,-1
514,196,673.66,456.31,26.40,84.85,0.1882,-1,-1,-1
514,195,48.90,476.35,143.91,258.27,0.6568,-1,-1,-1
514,188,721.79,440.33,113.07,257.05,0.7477,-1,-1,-1
514,178,900.46,444.59,154.60,280.14,0.7014,-1,-1,-1
514,170,1100.70,444.24,55.59,146.21,0.3044,-1,-1,-1
514,60,1320.18,418.63,250.74,647.60,0.8435,-1,-1,-1
515,310,635.83,456.53,35.95,88.44,0.2367,-1,-1,-1
515,308,693.63,451.18,38.57,125.50,0.4616,-1,-1,-1
515,282,533.25,451.44,33.00,80.02,0.1712,-1,-1,-1
515,280,569.41,446.18,30.63,87.79,0.4837,-1,-1,-1
515,266,1044.70,451.43,105.61,226.11,0.6780,-1,-1,-1
515,248,549.23,446.76,24.58,86.07,0.2283,-1,-1,-1
515,232,1563.46,372.45,251.59,697.13,0.5283,-1,-1,-1
515,230,1819.71,388.73,99.75,518.69,0.7929,-1,-1,-1
515,214,1488.56,415.26,127.77,518.34,0.5201,-1,-1,-1
515,211,875.73,420.88,74.11,277.22,0.5766,-1,-1,-1
515,195,37.21,477.65,145.77,259.39,0.6997,-1,-1,-1
515,188,725.80,439.09,110.91,256.80,0.7253,-1,-1,-1
515,178,902.15,443.08,155.64,280.84,0.7431,-1,-1,-1
515,170,1099.33,451.36,55.65,139.44,0.2805,-1,-1,-1
515,60,1321.85,417.60,251.62,649.59,0.8440,-1,-1,-1
516,310,634.83,455.90,34.10,90.97,0.1937,-1,-1,-1
516,308,692.32,449.51,38.25,126.79,0.4896,-1,-1,-1
516,280,568.83,445.47,31.73,90.01,0.5029,-1,-1,-1
516,266,1048.67,450.34,97.45,224.97,0.5775,-1,-1,-1
516,248,552.09,446.33,24.34,87.31,0.1804,-1,-1,-1
516,232,1560.77,375.40,282.83,684.08,0.6064,-1,-1,-1
516,230,1822.35,387.71,96.57,527.70,0.7578,-1,-1,-1
516,214,1495.50,414.74,129.70,512.61,0.4165,-1,-1,-1
516,211,877.35,418.14,80.26,283.77,0.5690,-1,-1,-1
516,196,672.88,454.74,28.81,94.20,0.1519,-1,-1,-1
516,195,21.24,478.88,149.37,259.57,0.7054,-1,-1,-1
516,188,731.63,434.78,106.99,260.56,0.7483,-1,-1,-1
516,178,906.38,437.39,151.55,283.63,0.7598,-1,-1,-1
516,170,1104.86,453.72,50.97,139.84,0.2907,-1,-1,-1
516,60,1321.47,423.14,256.46,646.37,0.8307,-1,-1,-1
517,310,638.46,455.02,35.17,91.05,0.1770,-1,-1,-1
517,308,684.49,445.58,44.44,130.47,0.4908,-1,-1,-1
517,302,1161.73,437.03,40.74,93.27,0.1551,-1,-1,-1
517,280,567.82,444.21,32.08,91.82,0.4722,-1,-1,-1
517,266,1048.69,450.17,101.08,226.33,0.5534,-1,-1,-1
517,248,546.04,446.53,27.31,87.13,0.2087,-1,-1,-1
517,232,1573.64,378.52,275.91,691.06,0.4329,-1,-1,-1
517,230,1834.18,392.86,85.12,511.18,0.6981,-1,-1,-1
517,214,1501.50,409.06,131.58,506.00,0.3990,-1,-1,-1
517,211,879.40,425.01,84.29,279.88,0.5797,-1,-1,-1
517,195,16.03,495.26,147.19,242.51,0.5800,-1,-1,-1
517,188,735.21,440.20,105.40,254.23,0.7290,-1,-1,-1
517,178,910.29,437.37,146.13,284.82,0.7689,-1,-1,-1
517,170,1105.30,440.84,53.43,151.90,0.3435,-1,-1,-1
517,60,1322.00,424.61,260.92,644.79,0.8205,-1,-1,-1
518,310,639.34,457.24,36.78,89.58,0.1891,-1,-1,-1
518,308,681.64,448.95,44.82,124.24,0.4472,-1,-1,-1
518,272,570.14,447.01,30.27,87.81,0.4537,-1,-1,-1
518,266,1047.99,461.21,104.14,216.49,0.5708,-1,-1,-1
518,248,544.99,447.76,29.21,85.50,0.1673,-1,-1,-1
518,232,1576.23,378.25,274.39,691.37,0.4235,-1,-1,-1
518,230,1842.17,395.01,77.14,511.25,0.6629,-1,-1,-1
518,214,1509.93,411.53,131.26,643.05,0.3616,-1,-1,-1
518,211,878.83,415.88,79.76,288.76,0.6177,-1,-1,-1
518,196,674.81,454.13,30.67,96.97,0.1525,-1,-1,-1
518,195,3.25,479.85,150.34,259.59,0.6834,-1,-1,-1
518,188,740.89,431.21,99.84,262.02,0.7799,-1,-1,-1
518,178,913.94,434.81,143.20,288.16,0.7866,-1,-1,-1
518,170,1109.70,438.70,53.81,152.83,0.2129,-1,-1,-1
518,157,718.62,449.94,33.60,93.11,0.1585,-1,-1,-1
518,60,1327.25,417.40,262.31,650.44,0.8205,-1,-1,-1
519,310,639.90,455.15,33.60,92.61,0.2629,-1,-1,-1
519,308,678.53,447.88,45.52,125.82,0.5497,-1,-1,-1
519,272,570.82,450.39,29.58,85.18,0.4616,-1,-1,-1
519,266,1049.55,448.27,101.69,229.64,0.5336,-1,-1,-1
519,248,543.39,451.37,29.24,82.11,0.1769,-1,-1,-1
519,232,1574.63,381.56,314.11,688.34,0.6568,-1,-1,-1
519,230,1852.64,394.06,66.70,487.97,0.5247,-1,-1,-1
519,214,1516.99,413.41,123.35,644.68,0.4692,-1,-1,-1
519,211,879.69,433.48,78.19,266.39,0.5925,-1,-1,-1
519,195,0.66,490.97,145.99,248.63,0.6142,-1,-1,-1
519,188,743.73,432.26,99.96,260.34,0.7721,-1,-1,-1
519,178,917.26,441.49,140.24,278.34,0.6556,-1,-1,-1
519,170,1107.92,441.71,50.20,151.14,0.2876,-1,-1,-1
519,60,1329.53,420.72,260.71,646.58,0.7951,-1,-1,-1
520,310,642.10,456.55,33.55,91.21,0.2624,-1,-1,-1
520,308,680.71,448.56,43.54,123.99,0.5479,-1,-1,-1
520,272,570.98,449.43,29.53,86.55,0.4256,-1,-1,-1
520,266,1049.64,456.31,101.06,221.00,0.5671,-1,-1,-1
520,248,540.79,450.48,31.22,83.98,0.2201,-1,-1,-1
520,232,1579.38,380.10,247.06,691.07,0.5518,-1,-1,-1
520,230,1868.19,396.87,51.26,476.65,0.5434,-1,-1,-1
520,214,1521.91,419.74,131.77,516.27,0.4470,-1,-1,-1
520,211,881.36,435.39,78.20,263.52,0.6392,-1,-1,-1
520,195,0.21,479.24,150.28,265.03,0.5351,-1,-1,-1
520,188,750.42,430.10,92.67,260.53,0.7279,-1,-1,-1
520,178,931.30,446.53,132.36,273.36,0.6576,-1,-1,-1
520,170,1111.07,434.53,54.40,157.09,0.1776,-1,-1,-1
520,157,717.22,450.92,34.89,86.62,0.2002,-1,-1,-1
520,60,1334.88,417.71,253.22,649.82,0.7827,-1,-1,-1
521,310,647.04,458.66,33.88,87.19,0.2366,-1,-1,-1
521,308,680.40,451.28,41.73,122.24,0.5131,-1,-1,-1
521,272,571.51,453.73,28.85,80.79,0.4259,-1,-1,-1
521,266,1051.89,437.76,97.90,240.12,0.6208,-1,-1,-1
521,248,543.42,453.35,28.77,80.13,0.2273,-1,-1,-1
521,232,1577.54,381.08,333.94,683.07,0.6124,-1,-1,-1
521,231,1526.31,419.87,138.54,519.59,0.4988,-1,-1,-1
521,230,1866.40,389.46,53.00,447.29,0.3687,-1,-1,-1
521,211,881.62,431.67,80.70,268.76,0.6335,-1,-1,-1
521,195,0.58,480.02,126.99,269.39,0.4948,-1,-1,-1
521,188,757.53,431.27,87.20,259.35,0.7424,-1,-1,-1
521,178,938.22,445.07,128.02,274.82,0.6325,-1,-1,-1
521,170,1112.59,436.31,51.38,155.05,0.1949,-1,-1,-1
521,157,716.87,451.55,35.61,86.94,0.1849,-1,-1,-1
521,60,1339.85,414.61,244.97,651.97,0.8273,-1,-1,-1
522,310,648.50,458.36,31.88,91.36,0.2331,-1,-1,-1
522,308,677.69,448.63,44.14,124.89,0.5587,-1,-1,-1
522,272,572.60,454.69,28.28,79.89,0.3794,-1,-1,-1
522,266,1053.88,443.68,96.80,234.20,0.6234,-1,-1,-1
522,248,542.00,456.38,29.71,77.67,0.2284,-1,-1,-1
522,232,1612.39,377.02,296.88,564.38,0.6272,-1,-1,-1
522,231,1530.96,415.82,146.18,538.61,0.4881,-1,-1,-1
522,230,1866.35,479.05,52.88,174.88,0.1621,-1,-1,-1
522,211,879.46,431.12,86.04,270.49,0.6422,-1,-1,-1
522,195,0.18,476.83,105.02,268.70,0.4966,-1,-1,-1
522,188,767.93,433.65,77.53,254.38,0.7153,-1,-1,-1
522,178,951.21,440.76,118.42,278.69,0.6701,-1,-1,-1
522,157,715.99,450.86,35.31,87.73,0.1802,-1,-1,-1
522,60,1345.94,411.96,248.08,654.01,0.8022,-1,-1,-1
523,310,647.35,459.14,31.79,89.35,0.3083,-1,-1,-1
523,308,675.16,448.29,45.84,126.32,0.5927,-1,-1,-1
523,272,572.51,453.74,28.86,81.50,0.4010,-1,-1,-1
523,266,1054.39,458.18,98.12,219.77,0.6440,-1,-1,-1
523,248,543.97,456.09,28.11,77.66,0.2175,-1,-1,-1
523,232,1645.11,376.61,210.87,563.64,0.1667,-1,-1,-1
523,231,1538.45,411.49,155.52,546.19,0.5178,-1,-1,-1
523,211,880.72,417.97,91.84,285.67,0.6479,-1,-1,-1
523,195,0.15,516.11,105.90,240.51,0.3591,-1,-1,-1
523,188,763.89,433.23,88.51,256.89,0.7168,-1,-1,-1
523,178,952.15,442.44,113.70,278.97,0.6811,-1,-1,-1
523,157,714.64,450.25,35.29,88.66,0.2455,-1,-1,-1
523,60,1353.25,412.19,244.29,654.98,0.7309,-1,-1,-1
524,312,1586.27,373.53,333.62,694.82,0.7973,-1,-1,-1
524,310,647.40,458.80,33.83,87.62,0.2505,-1,-1,-1
524,308,674.21,448.92,46.22,124.32,0.6099,-1,-1,-1
524,302,1161.42,436.51,39.40,97.72,0.1724,-1,-1,-1
524,272,573.46,453.61,29.57,82.85,0.4091,-1,-1,-1
524,266,1059.45,457.41,94.32,219.90,0.6078,-1,-1,-1
524,248,543.38,456.21,29.47,77.53,0.2431,-1,-1,-1
524,231,1547.64,411.79,149.13,562.89,0.4785,-1,-1,-1
524,214,1450.37,413.51,231.85,654.07,0.2258,-1,-1,-1
524,211,879.42,417.92,96.07,284.99,0.6635,-1,-1,-1
524,195,0.00,527.01,75.96,234.78,0.2299,-1,-1,-1
524,188,767.04,430.71,89.71,259.71,0.7391,-1,-1,-1
524,178,967.55,443.50,101.18,275.84,0.6237,-1,-1,-1
524,157,713.37,450.21,37.49,90.06,0.2857,-1,-1,-1
524,60,1366.36,411.29,233.50,654.80,0.7126,-1,-1,-1
525,312,1594.90,368.92,324.49,703.07,0.6822,-1,-1,-1
525,310,642.31,455.02,34.60,95.21,0.2574,-1,-1,-1
525,308,674.69,452.62,43.58,120.02,0.6313,-1,-1,-1
525,302,1160.38,437.29,42.77,98.27,0.1733,-1,-1,-1
525,285,379.45,462.65,49.35,109.64,0.1876,-1,-1,-1
525,272,573.77,451.45,29.52,82.82,0.4429,-1,-1,-1
525,266,1060.54,461.23,97.94,217.33,0.6283,-1,-1,-1
525,248,542.17,456.15,30.09,77.26,0.2480,-1,-1,-1
525,231,1542.88,408.20,159.50,591.44,0.5920,-1,-1,-1
525,211,887.75,410.57,92.38,294.79,0.6531,-1,-1,-1
525,195,1.22,510.23,78.94,232.98,0.3240,-1,-1,-1
525,188,765.55,430.17,93.56,260.04,0.7484,-1,-1,-1
525,178,971.82,444.51,95.73,275.41,0.6575,-1,-1,-1
525,157,714.76,450.40,34.26,89.11,0.3856,-1,-1,-1
525,60,1385.67,411.48,218.11,656.70,0.7219,-1,-1,-1
526,312,1598.93,360.16,319.85,710.91,0.8162,-1,-1,-1
526,308,670.65,451.08,47.77,120.93,0.5834,-1,-1,-1
526,302,1160.91,438.63,43.35,100.48,0.2025,-1,-1,-1
526,285,379.19,462.71,49.84,109.54,0.1822,-1,-1,-1
526,272,573.58,451.06,30.24,82.78,0.4097,-1,-1,-1
526,266,1064.48,462.72,97.74,214.08,0.6342,-1,-1,-1
526,248,542.03,455.10,30.61,78.09,0.2426,-1,-1,-1
526,231,1547.45,409.26,161.25,588.67,0.5765,-1,-1,-1
526,211,897.22,411.43,84.84,295.27,0.6753,-1,-1,-1
526,195,0.55,523.21,69.63,162.41,0.2949,-1,-1,-1
526,188,765.89,436.47,98.16,252.99,0.7174,-1,-1,-1
526,178,988.48,445.30,77.18,278.03,0.6581,-1,-1,-1
526,157,714.98,450.29,33.73,89.05,0.4110,-1,-1,-1
526,60,1408.68,410.64,200.49,652.22,0.6749,-1,-1,-1
527,312,1599.79,368.24,318.39,703.17,0.6965,-1,-1,-1
527,308,668.84,455.53,48.28,116.52,0.5882,-1,-1,-1
527,285,379.45,462.89,49.31,109.32,0.1970,-1,-1,-1
527,272,573.68,450.93,29.44,82.56,0.4247,-1,-1,-1
527,266,1070.15,458.68,97.57,216.58,0.6215,-1,-1,-1
527,248,541.00,455.28,30.96,77.75,0.3010,-1,-1,-1
527,231,1564.64,409.15,152.90,589.20,0.6799,-1,-1,-1
527,211,899.45,407.49,84.33,298.49,0.7362,-1,-1,-1
527,195,0.20,544.32,63.25,132.10,0.3601,-1,-1,-1
527,188,770.26,436.50,108.81,253.13,0.6895,-1,-1,-1
527,178,994.56,449.53,78.01,273.41,0.7052,-1,-1,-1
527,157,714.90,449.83,33.49,89.30,0.4911,-1,-1,-1
527,60,1427.26,414.57,194.15,653.21,0.7507,-1,-1,-1
528,312,1602.56,392.57,317.44,679.09,0.7342,-1,-1,-1
528,308,669.25,456.55,46.97,114.12,0.6127,-1,-1,-1
528,285,381.54,462.62,48.68,110.52,0.2494,-1,-1,-1
528,279,415.41,465.62,42.90,107.16,0.2366,-1,-1,-1
528,272,573.50,450.37,31.03,84.41,0.4263,-1,-1,-1
528,266,1077.67,451.67,85.84,223.17,0.6411,-1,-1,-1
528,248,543.06,455.30,29.23,79.29,0.1944,-1,-1,-1
528,231,1570.61,411.06,164.40,588.70,0.7151,-1,-1,-1
528,211,904.85,412.91,78.79,293.49,0.7279,-1,-1,-1
528,195,0.15,547.52,55.13,109.61,0.3471,-1,-1,-1
528,188,789.77,437.64,92.11,249.63,0.5981,-1,-1,-1
528,178,995.36,444.90,86.16,280.34,0.7121,-1,-1,-1
528,157,714.21,451.53,34.70,87.30,0.4950,-1,-1,-1
528,60,1438.61,411.82,180.23,653.22,0.6916,-1,-1,-1
529,308,665.33,453.14,54.55,118.28,0.5692,-1,-1,-1
529,285,381.55,466.67,47.36,105.69,0.1920,-1,-1,-1
529,279,415.08,465.60,43.13,107.05,0.2085,-1,-1,-1
529,272,573.39,449.89,31.21,84.91,0.4569,-1,-1,-1
529,266,1086.94,450.17,72.79,223.44,0.5326,-1,-1,-1
529,248,542.18,450.19,30.61,84.59,0.2399,-1,-1,-1
529,232,1694.01,384.32,224.48,560.75,0.5806,-1,-1,-1
529,231,1578.38,412.85,164.25,590.69,0.7308,-1,-1,-1
529,211,915.30,405.62,71.74,300.42,0.7331,-1,-1,-1
529,195,0.11,545.41,41.61,112.09,0.3693,-1,-1,-1
529,188,779.52,435.62,128.91,252.89,0.6294,-1,-1,-1
529,178,999.00,442.08,95.34,279.49,0.7067,-1,-1,-1
529,157,712.16,450.58,27.75,88.42,0.4923,-1,-1,-1
529,60,1443.96,413.13,182.86,654.88,0.7813,-1,-1,-1
530,308,663.68,454.85,51.65,115.68,0.5688,-1,-1,-1
530,302,1156.55,442.72,45.85,111.62,0.2211,-1,-1,-1
530,285,381.01,468.62,47.67,105.18,0.2230,-1,-1,-1
530,279,416.29,463.80,40.98,107.40,0.2071,-1,-1,-1
530,272,573.43,448.68,31.16,86.99,0.4600,-1,-1,-1
530,266,1093.49,447.56,69.05,227.18,0.5649,-1,-1,-1
530,248,542.53,454.95,29.23,79.98,0.2143,-1,-1,-1
530,232,1702.86,365.14,216.10,579.72,0.5903,-1,-1,-1
530,231,1579.51,412.09,163.55,596.02,0.6780,-1,-1,-1
530,211,917.66,404.07,71.52,302.20,0.7550,-1,-1,-1
530,196,700.88,455.35,24.06,89.01,0.1777,-1,-1,-1
530,188,792.03,434.65,111.37,252.37,0.6852,-1,-1,-1
530,178,1002.25,439.21,98.38,279.25,0.7164,-1,-1,-1
530,157,711.40,449.93,29.60,88.53,0.4386,-1,-1,-1
530,60,1448.20,414.68,182.07,654.10,0.7930,-1,-1,-1
531,308,663.68,454.38,48.41,113.80,0.5485,-1,-1,-1
531,272,572.84,448.31,31.60,88.67,0.4674,-1,-1,-1
531,266,1092.14,451.80,72.93,225.20,0.5846,-1,-1,-1
531,248,543.40,452.56,28.96,82.66,0.2547,-1,-1,-1
531,232,1700.71,364.62,218.74,574.81,0.5021,-1,-1,-1
531,231,1586.94,414.22,159.89,598.56,0.7199,-1,-1,-1
531,211,919.26,402.80,72.90,304.10,0.7637,-1,-1,-1
531,196,700.38,455.10,23.82,87.96,0.1576,-1,-1,-1
531,188,784.22,434.05,116.66,253.56,0.7534,-1,-1,-1
531,178,1006.11,443.82,102.50,274.32,0.7753,-1,-1,-1
531,157,712.81,450.24,30.57,89.44,0.3999,-1,-1,-1
531,60,1449.29,413.26,193.84,653.26,0.8098,-1,-1,-1
532,312,1642.02,366.43,277.45,707.86,0.7801,-1,-1,-1
532,308,664.99,451.51,43.78,118.27,0.5465,-1,-1,-1
532,302,1157.58,441.66,45.85,114.75,0.1899,-1,-1,-1
532,285,381.79,471.35,47.38,102.34,0.1747,-1,-1,-1
532,279,416.06,466.16,41.45,104.95,0.1602,-1,-1,-1
532,272,571.56,447.98,32.39,89.35,0.4836,-1,-1,-1
532,266,1096.23,452.81,60.94,223.68,0.5167,-1,-1,-1
532,248,543.28,452.48,28.30,82.70,0.1944,-1,-1,-1
532,232,1762.36,367.02,156.84,571.05,0.2817,-1,-1,-1
532,231,1588.56,409.13,168.40,617.16,0.7540,-1,-1,-1
532,211,922.28,401.99,75.52,302.48,0.7301,-1,-1,-1
532,196,700.21,455.02,24.20,86.30,0.1526,-1,-1,-1
532,188,787.57,435.61,117.45,252.17,0.7539,-1,-1,-1
532,178,1007.00,443.95,110.22,274.94,0.8030,-1,-1,-1
532,157,714.41,450.84,30.62,89.59,0.4135,-1,-1,-1
532,60,1451.69,412.06,206.42,654.65,0.7968,-1,-1,-1
533,312,1663.02,367.18,256.45,710.73,0.8252,-1,-1,-1
533,308,664.07,452.03,40.61,118.44,0.5588,-1,-1,-1
533,285,381.45,471.14,47.55,102.41,0.1820,-1,-1,-1
533,279,416.01,467.54,41.58,103.99,0.1536,-1,-1,-1
533,272,572.96,446.64,33.36,90.59,0.3922,-1,-1,-1
533,266,1098.35,444.93,67.68,234.01,0.5587,-1,-1,-1
533,248,541.64,454.70,29.71,80.53,0.2110,-1,-1,-1
533,231,1596.31,406.73,178.78,626.04,0.7712,-1,-1,-1
533,211,920.88,404.47,82.76,300.45,0.7076,-1,-1,-1
533,196,699.59,455.02,26.01,86.34,0.1777,-1,-1,-1
533,188,793.78,435.61,111.89,251.84,0.7409,-1,-1,-1
533,178,1002.47,445.72,117.98,272.01,0.7601,-1,-1,-1
533,157,716.64,452.94,27.68,87.85,0.3789,-1,-1,-1
533,60,1453.49,411.17,214.09,654.73,0.8244,-1,-1,-1
534,312,1722.92,369.93,197.08,624.32,0.6663,-1,-1,-1
534,308,661.19,450.47,41.97,118.96,0.6098,-1,-1,-1
534,285,380.82,467.86,47.74,105.98,0.2393,-1,-1,-1
534,279,417.55,469.79,42.32,101.60,0.1889,-1,-1,-1
534,272,575.33,447.58,35.00,89.95,0.4190,-1,-1,-1
534,266,1093.26,448.11,70.08,229.80,0.5673,-1,-1,-1
534,248,543.75,452.19,28.54,83.11,0.2482,-1,-1,-1
534,231,1596.47,412.79,193.69,612.59,0.7506,-1,-1,-1
534,211,918.89,408.37,88.46,298.69,0.7235,-1,-1,-1
534,196,699.84,454.98,26.60,85.60,0.1924,-1,-1,-1
534,188,801.00,436.21,114.71,251.39,0.7641,-1,-1,-1
534,178,1005.54,450.61,130.39,268.87,0.7155,-1,-1,-1
534,157,715.55,452.28,28.07,88.60,0.4161,-1,-1,-1
534,60,1454.05,410.85,214.54,655.57,0.8335,-1,-1,-1
535,312,1715.31,373.94,204.65,701.16,0.6249,-1,-1,-1
535,308,660.21,449.55,42.11,120.03,0.6462,-1,-1,-1
535,285,381.55,468.23,48.99,105.55,0.2136,-1,-1,-1
535,279,415.09,462.80,43.68,109.49,0.1642,-1,-1,-1
535,272,575.10,445.14,35.32,92.27,0.4702,-1,-1,-1
535,266,1099.99,443.82,75.22,232.21,0.4566,-1,-1,-1
535,248,543.16,449.60,29.80,86.42,0.2756,-1,-1,-1
535,231,1607.13,409.01,179.91,612.07,0.7676,-1,-1,-1
535,211,918.44,429.77,96.45,277.44,0.7378,-1,-1,-1
535,196,698.98,453.51,28.65,84.54,0.2079,-1,-1,-1
535,188,797.21,438.71,121.12,248.68,0.7656,-1,-1,-1
535,178,1006.11,442.71,134.44,280.61,0.6861,-1,-1,-1
535,157,714.85,451.52,28.45,88.96,0.4227,-1,-1,-1
535,60,1454.22,412.54,213.16,654.27,0.8322,-1,-1,-1
536,312,1745.62,367.69,174.07,707.00,0.8056,-1,-1,-1
536,308,659.37,449.64,41.57,118.84,0.5695,-1,-1,-1
536,285,382.57,467.32,46.12,107.45,0.2928,-1,-1,-1
536,279,417.42,466.80,43.28,104.34,0.2210,-1,-1,-1
536,272,576.35,452.87,33.34,85.96,0.3894,-1,-1,-1
536,266,1104.17,445.75,69.81,227.46,0.3848,-1,-1,-1
536,248,544.14,458.65,28.88,77.57,0.2383,-1,-1,-1
536,231,1609.18,408.09,180.33,620.76,0.7377,-1,-1,-1
536,211,912.81,428.85,103.42,278.34,0.7407,-1,-1,-1
536,196,698.44,453.95,26.26,85.65,0.2023,-1,-1,-1
536,188,801.04,436.39,116.22,249.60,0.7335,-1,-1,-1
536,178,1004.53,450.22,139.99,270.54,0.7138,-1,-1,-1
536,157,713.63,449.30,29.27,91.14,0.4320,-1,-1,-1
536,60,1455.02,413.71,218.14,653.77,0.8186,-1,-1,-1
537,312,1761.00,370.59,158.56,705.17,0.8078,-1,-1,-1
537,308,658.85,449.84,41.88,119.19,0.6080,-1,-1,-1
537,285,382.08,466.08,47.05,108.66,0.2889,-1,-1,-1
537,279,416.31,459.84,41.48,113.22,0.2040,-1,-1,-1
537,272,579.47,458.50,30.64,79.93,0.3423,-1,-1,-1
537,266,1109.96,458.58,64.01,215.64,0.4645,-1,-1,-1
537,248,545.53,462.53,29.63,73.89,0.2603,-1,-1,-1
537,231,1614.48,407.06,183.56,627.81,0.5622,-1,-1,-1
537,211,915.57,436.24,103.12,268.79,0.7106,-1,-1,-1
537,196,699.22,453.35,27.88,84.72,0.2302,-1,-1,-1
537,188,803.81,436.22,114.50,250.52,0.7348,-1,-1,-1
537,178,1004.78,455.15,142.37,265.83,0.6610,-1,-1,-1
537,157,711.61,449.30,30.56,91.36,0.4630,-1,-1,-1
537,60,1456.82,414.82,232.32,651.31,0.7854,-1,-1,-1
538,312,1767.12,370.74,152.48,705.97,0.8156,-1,-1,-1
538,308,657.46,451.47,42.25,118.19,0.5810,-1,-1,-1
538,285,380.86,466.35,47.59,109.23,0.2869,-1,-1,-1
538,279,416.63,462.43,41.82,110.37,0.2369,-1,-1,-1
538,272,579.91,458.36,31.29,80.31,0.3853,-1,-1,-1
538,266,1105.17,448.73,68.12,228.56,0.4766,-1,-1,-1
538,248,544.74,462.06,30.18,74.18,0.2711,-1,-1,-1
538,231,1618.35,409.45,191.49,620.51,0.6291,-1,-1,-1
538,211,917.55,424.57,104.05,283.60,0.7378,-1,-1,-1
538,196,697.49,454.51,28.79,82.95,0.2204,-1,-1,-1
538,188,803.87,434.59,117.76,251.74,0.7536,-1,-1,-1
538,178,1009.66,449.56,135.38,271.73,0.7037,-1,-1,-1
538,157,711.22,448.88,32.29,90.88,0.4798,-1,-1,-1
538,60,1457.98,413.54,230.33,653.30,0.7970,-1,-1,-1
539,312,1777.03,383.61,142.74,693.86,0.7907,-1,-1,-1
539,308,656.59,452.19,41.49,117.51,0.5734,-1,-1,-1
539,285,381.31,467.82,46.49,107.60,0.2554,-1,-1,-1
539,279,415.88,461.68,42.63,111.46,0.2049,-1,-1,-1
539,272,579.90,458.44,31.37,79.83,0.3891,-1,-1,-1
539,266,1114.48,445.52,64.38,231.65,0.4291,-1,-1,-1
539,248,544.62,461.65,31.38,74.48,0.2603,-1,-1,-1
539,231,1623.28,408.76,197.45,613.51,0.6961,-1,-1,-1
539,211,920.60,423.02,102.05,285.10,0.7460,-1,-1,-1
539,196,695.20,454.85,28.48,83.80,0.1764,-1,-1,-1
539,188,807.86,433.91,115.22,254.61,0.7495,-1,-1,-1
539,178,1010.17,439.56,135.09,281.77,0.7102,-1,-1,-1
539,157,713.66,449.52,28.52,91.23,0.4762,-1,-1,-1
539,60,1460.03,412.94,233.65,654.31,0.7980,-1,-1,-1
540,312,1782.36,417.04,137.34,657.51,0.7930,-1,-1,-1
540,308,655.31,453.51,37.20,115.82,0.6163,-1,-1,-1
540,285,380.00,470.50,49.31,103.44,0.2240,-1,-1,-1
540,279,416.80,465.92,41.59,105.46,0.1580,-1,-1,-1
540,272,577.65,458.17,33.79,80.29,0.4299,-1,-1,-1
540,266,1110.92,448.30,65.31,229.91,0.3886,-1,-1,-1
540,248,543.00,461.15,33.21,74.64,0.2312,-1,-1,-1
540,231,1634.08,408.49,189.29,608.19,0.7275,-1,-1,-1
540,211,920.04,424.18,107.93,284.16,0.7698,-1,-1,-1
540,196,689.77,456.32,25.41,83.65,0.2071,-1,-1,-1
540,188,814.20,433.30,109.73,252.80,0.7279,-1,-1,-1
540,178,1011.44,438.99,134.30,283.32,0.6798,-1,-1,-1
540,157,712.79,449.00,26.85,91.89,0.4969,-1,-1,-1
540,60,1464.39,414.55,231.93,653.93,0.7923,-1,-1,-1
541,312,1787.31,386.20,132.69,692.19,0.7728,-1,-1,-1
541,308,655.38,454.02,37.02,116.20,0.5564,-1,-1,-1
541,285,377.54,471.65,52.67,101.58,0.1873,-1,-1,-1
541,279,416.48,468.66,42.70,102.54,0.1520,-1,-1,-1
541,272,577.45,458.41,33.33,80.38,0.3895,-1,-1,-1
541,266,1116.45,447.85,61.29,230.00,0.4595,-1,-1,-1
541,248,542.90,460.59,32.78,75.43,0.2737,-1,-1,-1
541,231,1640.81,406.59,189.34,613.42,0.7708,-1,-1,-1
541,211,921.56,418.72,123.10,289.50,0.7208,-1,-1,-1
541,196,691.07,456.32,24.14,84.38,0.2080,-1,-1,-1
541,188,815.26,432.18,111.37,254.67,0.7385,-1,-1,-1
541,178,1023.27,436.20,121.57,286.69,0.6585,-1,-1,-1
541,157,712.86,449.48,27.29,93.68,0.5286,-1,-1,-1
541,60,1467.92,411.62,241.34,660.49,0.7713,-1,-1,-1
542,313,1030.77,432.88,112.74,288.98,0.6439,-1,-1,-1
542,312,1797.36,384.96,122.64,693.77,0.7392,-1,-1,-1
542,308,655.71,454.74,36.90,114.99,0.5637,-1,-1,-1
542,285,377.56,472.16,51.79,100.64,0.1565,-1,-1,-1
542,272,578.34,459.15,33.53,79.80,0.4262,-1,-1,-1
542,266,1118.90,453.93,60.16,221.34,0.5022,-1,-1,-1
542,248,545.16,461.35,31.15,74.73,0.2910,-1,-1,-1
542,231,1644.19,405.39,191.04,616.00,0.6296,-1,-1,-1
542,211,921.52,413.34,123.38,295.99,0.7281,-1,-1,-1
542,196,692.30,456.37,23.67,86.62,0.1655,-1,-1,-1
542,188,820.52,434.48,107.34,252.56,0.7248,-1,-1,-1
542,178,1074.90,435.08,85.08,253.07,0.2117,-1,-1,-1
542,157,712.78,449.49,28.06,96.40,0.5136,-1,-1,-1
542,60,1472.29,410.92,267.74,659.93,0.7628,-1,-1,-1
543,312,1805.62,388.02,114.38,691.84,0.6776,-1,-1,-1
543,308,655.79,455.73,38.14,114.73,0.5968,-1,-1,-1
543,272,577.09,457.88,33.23,80.91,0.3943,-1,-1,-1
543,266,1122.12,448.01,57.34,226.97,0.3822,-1,-1,-1
543,248,545.13,460.19,29.99,75.95,0.2853,-1,-1,-1
543,231,1647.25,403.92,194.71,613.46,0.5379,-1,-1,-1
543,211,921.11,425.00,118.98,281.55,0.7433,-1,-1,-1
543,196,695.34,456.40,26.15,86.36,0.1755,-1,-1,-1
543,188,826.43,432.16,101.60,253.81,0.6637,-1,-1,-1
543,178,1047.45,437.66,98.63,282.88,0.5750,-1,-1,-1
543,157,711.99,449.09,29.32,96.39,0.5185,-1,-1,-1
543,60,1482.85,411.00,252.99,657.17,0.6021,-1,-1,-1
544,313,1038.65,439.79,65.69,279.22,0.2400,-1,-1,-1
544,312,1824.83,383.25,94.49,565.78,0.6721,-1,-1,-1
544,308,655.10,454.91,39.16,115.12,0.6255,-1,-1,-1
544,285,377.89,471.48,51.35,101.51,0.1676,-1,-1,-1
544,279,416.91,468.34,42.42,101.68,0.1596,-1,-1,-1
544,272,577.44,455.98,33.40,82.04,0.4465,-1,-1,-1
544,266,1122.55,450.74,60.67,226.84,0.3416,-1,-1,-1
544,248,544.50,458.92,30.95,77.74,0.3085,-1,-1,-1
544,231,1649.03,407.05,192.41,590.31,0.4531,-1,-1,-1
544,211,920.96,435.95,124.32,270.25,0.7076,-1,-1,-1
544,196,695.73,455.88,26.85,85.98,0.1854,-1,-1,-1
544,188,836.70,433.85,93.31,251.38,0.6829,-1,-1,-1
544,178,1051.26,436.77,97.92,282.79,0.5858,-1,-1,-1
544,157,712.26,448.54,29.07,95.72,0.5113,-1,-1,-1
544,60,1498.26,411.31,334.19,657.78,0.5409,-1,-1,-1
545,313,1039.39,436.75,57.48,127.16,0.1560,-1,-1,-1
545,312,1838.40,476.12,80.90,482.05,0.5115,-1,-1,-1
545,308,655.35,452.21,42.46,116.37,0.5942,-1,-1,-1
545,272,578.93,454.34,33.41,83.89,0.3947,-1,-1,-1
545,266,1117.78,459.34,71.65,221.29,0.2942,-1,-1,-1
545,248,543.79,455.66,30.69,81.07,0.3372,-1,-1,-1
545,231,1652.22,407.27,192.72,622.56,0.5733,-1,-1,-1
545,211,925.06,432.68,126.61,274.46,0.6997,-1,-1,-1
545,196,695.00,453.79,31.25,86.93,0.1834,-1,-1,-1
545,188,847.44,436.23,86.96,245.21,0.6678,-1,-1,-1
545,178,1068.18,434.65,91.85,286.81,0.4626,-1,-1,-1
545,157,711.71,447.92,31.44,97.04,0.5503,-1,-1,-1
545,60,1519.25,410.13,287.92,655.67,0.5707,-1,-1,-1
546,312,1820.06,478.18,99.43,600.07,0.5891,-1,-1,-1
546,308,655.58,453.16,39.45,114.89,0.5905,-1,-1,-1
546,272,579.35,451.18,33.35,85.86,0.4180,-1,-1,-1
546,266,1123.91,454.60,66.76,227.30,0.3774,-1,-1,-1
546,248,543.72,449.14,30.61,87.28,0.3972,-1,-1,-1
546,231,1658.30,405.99,189.91,627.53,0.5453,-1,-1,-1
546,211,931.09,432.94,120.43,272.09,0.7098,-1,-1,-1
546,196,694.32,453.93,31.15,86.46,0.1680,-1,-1,-1
546,188,864.55,433.33,74.45,246.62,0.7014,-1,-1,-1
546,178,1077.01,436.41,80.76,279.83,0.5182,-1,-1,-1
546,157,713.34,448.13,30.05,97.46,0.5189,-1,-1,-1
546,60,1534.31,409.72,207.34,656.17,0.5447,-1,-1,-1
547,313,1044.75,432.81,41.00,77.63,0.1504,-1,-1,-1
547,312,1820.83,494.40,98.49,583.96,0.6469,-1,-1,-1
547,308,654.03,454.81,39.88,112.21,0.6225,-1,-1,-1
547,285,378.67,472.20,51.63,100.16,0.1554,-1,-1,-1
547,272,579.28,452.41,33.81,85.29,0.4720,-1,-1,-1
547,266,1127.11,450.58,63.70,228.02,0.2729,-1,-1,-1
547,248,544.60,449.18,30.53,87.12,0.3811,-1,-1,-1
547,231,1664.97,413.20,187.36,598.07,0.6545,-1,-1,-1
547,211,937.01,426.82,115.26,279.73,0.6844,-1,-1,-1
547,196,693.79,455.91,25.08,85.42,0.1717,-1,-1,-1
547,188,868.45,436.30,70.97,243.64,0.6615,-1,-1,-1
547,178,1094.12,435.10,87.38,268.02,0.4562,-1,-1,-1
547,157,713.45,448.50,29.25,96.47,0.5016,-1,-1,-1
547,60,1544.47,407.69,201.13,654.90,0.6398,-1,-1,-1
548,312,1829.88,444.23,89.40,635.77,0.5214,-1,-1,-1
548,308,653.76,453.90,36.93,112.26,0.6777,-1,-1,-1
548,285,377.53,472.04,53.39,100.92,0.1511,-1,-1,-1
548,272,580.06,454.51,33.67,82.49,0.4930,-1,-1,-1
548,266,1126.34,451.83,65.93,233.65,0.1699,-1,-1,-1
548,248,545.51,449.84,31.49,86.47,0.4366,-1,-1,-1
548,231,1668.34,411.88,191.54,600.01,0.7370,-1,-1,-1
548,211,937.55,426.63,116.78,278.64,0.6609,-1,-1,-1
548,196,696.37,456.61,25.28,84.84,0.1771,-1,-1,-1
548,188,870.34,434.90,71.22,242.38,0.6323,-1,-1,-1
548,178,1090.60,433.23,94.99,275.94,0.4714,-1,-1,-1
548,157,714.26,448.59,28.47,96.46,0.4947,-1,-1,-1
548,60,1547.97,408.74,193.26,662.18,0.7210,-1,-1,-1
549,319,1832.98,417.49,86.25,661.32,0.3137,-1,-1,-1
549,313,1040.71,427.08,43.17,91.61,0.1572,-1,-1,-1
549,308,652.14,454.65,38.93,109.88,0.6687,-1,-1,-1
549,272,580.14,451.46,33.86,86.01,0.4403,-1,-1,-1
549,266,1081.34,439.27,86.69,282.25,0.4019,-1,-1,-1
549,248,546.01,447.34,31.62,88.28,0.4116,-1,-1,-1
549,231,1677.28,413.60,186.74,600.50,0.7193,-1,-1,-1
549,211,946.40,424.96,107.57,278.64,0.6543,-1,-1,-1
549,196,689.60,454.11,26.01,87.84,0.1621,-1,-1,-1
549,188,873.71,437.68,73.44,244.05,0.6219,-1,-1,-1
549,178,1114.77,439.14,77.56,249.88,0.2869,-1,-1,-1
549,157,714.73,448.45,29.27,96.67,0.5574,-1,-1,-1
549,60,1549.29,408.69,197.56,654.52,0.7540,-1,-1,-1
550,321,1855.27,401.80,64.04,250.39,0.1841,-1,-1,-1
550,313,1045.03,426.49,38.34,90.00,0.1512,-1,-1,-1
550,308,653.00,455.22,37.22,108.73,0.6711,-1,-1,-1
550,279,416.70,471.83,45.10,98.55,0.1533,-1,-1,-1
550,272,580.72,453.75,32.88,83.53,0.4525,-1,-1,-1
550,266,1075.03,435.65,115.00,282.20,0.4614,-1,-1,-1
550,248,546.76,448.28,31.48,87.22,0.4038,-1,-1,-1
550,231,1685.37,405.06,193.04,615.04,0.7342,-1,-1,-1
550,211,957.24,416.84,103.71,285.17,0.6229,-1,-1,-1
550,196,690.21,455.52,25.63,84.87,0.1696,-1,-1,-1
550,188,874.95,437.93,79.65,244.19,0.6219,-1,-1,-1
550,157,714.80,450.71,32.38,95.40,0.5144,-1,-1,-1
550,60,1551.05,409.59,196.02,655.40,0.7731,-1,-1,-1
551,308,651.95,455.85,38.28,107.83,0.6459,-1,-1,-1
551,279,416.80,475.37,45.77,94.55,0.1693,-1,-1,-1
551,272,580.70,454.14,32.92,83.18,0.5141,-1,-1,-1
551,266,1064.68,438.49,129.25,278.75,0.5119,-1,-1,-1
551,248,547.72,447.91,30.90,87.59,0.4035,-1,-1,-1
551,231,1691.15,403.58,192.63,610.77,0.7085,-1,-1,-1
551,211,963.75,412.56,97.07,288.01,0.6150,-1,-1,-1
551,196,697.86,455.53,26.78,86.25,0.1638,-1,-1,-1
551,188,877.71,434.65,77.23,248.43,0.6446,-1,-1,-1
551,178,1122.19,437.33,77.18,258.85,0.2566,-1,-1,-1
551,157,714.07,449.75,32.65,95.90,0.5347,-1,-1,-1
551,60,1554.19,410.20,202.17,660.20,0.7703,-1,-1,-1
552,313,1047.25,424.01,39.34,98.95,0.1575,-1,-1,-1
552,308,650.38,455.33,42.15,109.90,0.6135,-1,-1,-1
552,302,1193.30,442.11,40.06,109.78,0.1701,-1,-1,-1
552,279,417.77,479.83,45.58,87.69,0.1897,-1,-1,-1
552,272,580.34,452.43,33.52,84.84,0.5238,-1,-1,-1
552,266,1081.73,436.60,119.21,284.66,0.5009,-1,-1,-1
552,248,547.36,445.31,31.39,89.69,0.4415,-1,-1,-1
552,231,1697.00,404.24,189.60,609.04,0.7359,-1,-1,-1
552,211,973.29,417.48,84.28,280.17,0.6092,-1,-1,-1
552,196,697.72,454.79,27.79,87.76,0.1504,-1,-1,-1
552,188,884.88,432.14,75.68,251.93,0.6798,-1,-1,-1
552,157,714.98,449.60,32.89,96.29,0.5943,-1,-1,-1
552,60,1556.20,410.02,212.70,668.41,0.8020,-1,-1,-1
553,313,1047.63,425.93,38.61,109.55,0.1855,-1,-1,-1
553,308,649.24,455.01,42.92,110.51,0.5778,-1,-1,-1
553,302,1198.15,437.13,36.80,112.44,0.2448,-1,-1,-1
553,279,417.11,482.95,45.47,85.58,0.1572,-1,-1,-1
553,272,579.96,452.57,34.03,85.13,0.5205,-1,-1,-1
553,266,1085.45,436.77,105.43,284.71,0.4999,-1,-1,-1
553,248,547.04,445.66,30.62,90.23,0.4172,-1,-1,-1
553,231,1701.70,403.32,199.14,617.30,0.6789,-1,-1,-1
553,211,987.75,420.49,75.14,273.92,0.6988,-1,-1,-1
553,188,885.85,433.06,84.72,249.80,0.7234,-1,-1,-1
553,157,715.68,448.71,34.55,96.11,0.5777,-1,-1,-1
553,60,1559.40,409.17,214.87,666.74,0.7906,-1,-1,-1
554,308,646.79,455.20,41.01,109.54,0.4870,-1,-1,-1
554,302,1196.44,433.19,39.28,117.90,0.2973,-1,-1,-1
554,279,417.68,477.63,45.54,90.51,0.2344,-1,-1,-1
554,272,580.74,448.62,33.24,88.69,0.5267,-1,-1,-1
554,266,1078.27,435.33,123.44,285.70,0.5785,-1,-1,-1
554,248,546.52,444.26,30.25,91.67,0.4496,-1,-1,-1
554,232,1719.87,404.83,189.15,337.58,0.1978,-1,-1,-1
554,231,1701.51,402.61,203.40,642.27,0.2825,-1,-1,-1
554,211,988.29,413.31,80.22,288.92,0.6596,-1,-1,-1
554,188,886.05,431.41,89.66,251.88,0.7365,-1,-1,-1
554,157,715.19,448.11,33.18,95.41,0.5863,-1,-1,-1
554,60,1559.66,409.80,303.70,659.66,0.5402,-1,-1,-1
555,316,677.13,454.08,29.40,106.33,0.1767,-1,-1,-1
555,310,658.64,456.22,42.62,105.80,0.3213,-1,-1,-1
555,308,645.66,456.78,41.15,107.05,0.4911,-1,-1,-1
555,279,417.09,474.76,44.94,93.52,0.1811,-1,-1,-1
555,272,581.05,446.61,33.67,90.77,0.5427,-1,-1,-1
555,266,1077.49,433.91,126.70,287.32,0.5958,-1,-1,-1
555,248,546.20,444.11,32.21,91.94,0.4765,-1,-1,-1
555,232,1724.69,404.24,190.18,339.35,0.1995,-1,-1,-1
555,231,1712.76,401.85,200.69,638.97,0.4120,-1,-1,-1
555,211,993.48,410.93,79.30,288.95,0.6794,-1,-1,-1
555,188,885.96,432.08,89.39,251.39,0.7327,-1,-1,-1
555,157,714.02,445.76,33.62,99.34,0.5749,-1,-1,-1
555,60,1560.09,408.53,254.30,661.45,0.6169,-1,-1,-1
556,321,1873.74,423.80,45.67,293.74,0.1733,-1,-1,-1
556,310,675.73,457.16,25.31,105.17,0.2830,-1,-1,-1
556,308,643.80,457.25,42.48,107.16,0.5157,-1,-1,-1
556,279,416.97,474.39,45.09,93.67,0.1576,-1,-1,-1
556,272,581.60,446.07,33.17,91.14,0.5004,-1,-1,-1
556,266,1088.13,436.34,119.19,284.08,0.7182,-1,-1,-1
556,248,546.24,441.79,33.26,94.10,0.4542,-1,-1,-1
556,232,1733.09,404.04,182.83,338.46,0.2880,-1,-1,-1
556,231,1716.66,400.82,202.50,622.26,0.2023,-1,-1,-1
556,211,1000.19,411.40,82.20,288.08,0.7244,-1,-1,-1
556,188,887.76,433.58,87.35,250.86,0.7682,-1,-1,-1
556,157,714.72,446.25,33.44,100.26,0.5956,-1,-1,-1
556,60,1559.38,406.43,270.82,660.14,0.5703,-1,-1,-1
557,316,654.63,456.19,50.13,109.01,0.2281,-1,-1,-1
557,310,676.22,457.41,25.80,105.49,0.2807,-1,-1,-1
557,308,643.87,457.83,41.26,106.56,0.5426,-1,-1,-1
557,302,1193.91,437.70,44.73,114.47,0.2011,-1,-1,-1
557,279,417.31,474.42,44.86,94.13,0.2180,-1,-1,-1
557,272,580.82,446.83,34.14,91.11,0.5239,-1,-1,-1
557,266,1089.10,438.09,116.77,282.07,0.7477,-1,-1,-1
557,248,545.86,440.69,33.98,96.65,0.4757,-1,-1,-1
557,232,1739.47,404.54,178.52,334.83,0.2657,-1,-1,-1
557,231,1714.22,399.21,201.13,655.07,0.3285,-1,-1,-1
557,211,992.91,426.13,92.64,269.14,0.6697,-1,-1,-1
557,188,890.13,435.75,89.86,248.50,0.7572,-1,-1,-1
557,157,713.80,445.97,34.35,101.92,0.6254,-1,-1,-1
557,60,1558.28,407.44,256.27,662.18,0.6842,-1,-1,-1
558,310,675.20,457.19,27.02,103.73,0.2747,-1,-1,-1
558,308,643.25,460.11,40.48,104.60,0.5470,-1,-1,-1
558,302,1198.28,443.76,39.46,111.78,0.2417,-1,-1,-1
558,279,417.01,472.53,45.79,95.71,0.2102,-1,-1,-1
558,272,583.76,452.72,31.95,87.12,0.5485,-1,-1,-1
558,266,1092.30,437.33,115.46,281.45,0.8019,-1,-1,-1
558,248,546.54,443.21,34.89,93.70,0.5029,-1,-1,-1
558,232,1740.22,405.27,178.44,334.93,0.3369,-1,-1,-1
558,211,986.03,435.64,104.86,260.84,0.7064,-1,-1,-1
558,188,890.95,436.30,87.72,247.67,0.7479,-1,-1,-1
558,157,712.18,445.16,36.36,102.56,0.6491,-1,-1,-1
558,60,1558.75,404.43,299.87,670.74,0.8042,-1,-1,-1
559,310,672.69,458.26,29.85,100.23,0.2661,-1,-1,-1
559,308,644.09,462.19,39.37,100.80,0.5366,-1,-1,-1
559,302,1199.77,438.03,42.21,116.10,0.3162,-1,-1,-1
559,279,417.26,471.31,45.67,97.12,0.2329,-1,-1,-1
559,272,584.01,453.48,31.77,86.07,0.5584,-1,-1,-1
559,266,1091.99,433.82,120.22,283.92,0.8025,-1,-1,-1
559,248,546.52,443.14,33.74,94.06,0.5180,-1,-1,-1
559,231,1748.37,399.89,170.55,571.11,0.3954,-1,-1,-1
559,211,991.83,430.49,103.92,266.95,0.6417,-1,-1,-1
559,188,889.69,437.26,91.44,246.88,0.7447,-1,-1,-1
559,157,712.43,444.88,36.19,101.72,0.6463,-1,-1,-1
559,60,1560.42,405.59,294.99,664.38,0.8006,-1,-1,-1
560,310,677.62,458.31,26.68,95.52,0.1879,-1,-1,-1
560,308,643.59,460.40,36.65,101.19,0.5576,-1,-1,-1
560,302,1199.08,434.44,46.30,121.80,0.2923,-1,-1,-1
560,279,417.37,471.43,45.06,96.69,0.2433,-1,-1,-1
560,272,584.37,454.06,31.41,85.43,0.5232,-1,-1,-1
560,266,1098.17,436.02,113.66,281.29,0.7140,-1,-1,-1
560,248,548.02,446.35,31.96,91.08,0.5057,-1,-1,-1
560,232,1752.18,403.84,167.51,338.12,0.3130,-1,-1,-1
560,211,998.25,421.37,104.96,275.37,0.6791,-1,-1,-1
560,188,889.32,435.17,93.24,247.17,0.7593,-1,-1,-1
560,157,713.16,445.19,35.70,101.47,0.6332,-1,-1,-1
560,60,1560.80,403.97,307.34,672.50,0.8598,-1,-1,-1
561,326,884.47,444.35,28.31,42.95,0.1646,-1,-1,-1
561,310,679.00,457.44,26.50,91.36,0.1547,-1,-1,-1
561,308,642.32,457.46,35.79,104.18,0.5440,-1,-1,-1
561,302,1202.91,438.43,45.44,119.66,0.3268,-1,-1,-1
561,279,416.91,471.57,46.23,98.03,0.2578,-1,-1,-1
561,272,584.23,452.77,31.98,85.85,0.4893,-1,-1,-1
561,266,1102.48,437.54,108.36,276.90,0.6595,-1,-1,-1
561,248,548.83,441.63,31.77,95.46,0.5230,-1,-1,-1
561,231,1744.47,398.18,174.42,551.48,0.3752,-1,-1,-1
561,211,1000.01,422.81,112.67,274.04,0.6978,-1,-1,-1
561,188,903.40,435.38,86.32,246.42,0.6552,-1,-1,-1
561,157,711.82,446.33,37.52,101.42,0.6255,-1,-1,-1
561,60,1566.09,402.77,276.68,668.87,0.7235,-1,-1,-1
562,310,677.18,457.48,27.60,97.39,0.2000,-1,-1,-1
562,308,643.16,458.33,35.23,102.85,0.5041,-1,-1,-1
562,302,1207.30,437.36,43.24,121.25,0.2369,-1,-1,-1
562,279,416.66,472.20,46.41,98.10,0.2614,-1,-1,-1
562,272,584.14,452.10,31.92,87.63,0.4991,-1,-1,-1
562,266,1106.07,439.00,113.94,277.48,0.7008,-1,-1,-1
562,248,548.62,440.77,33.93,96.46,0.4871,-1,-1,-1
562,231,1759.42,396.95,159.53,583.23,0.3085,-1,-1,-1
562,211,999.39,417.56,112.98,278.74,0.6644,-1,-1,-1
562,188,910.97,434.76,82.10,245.83,0.6979,-1,-1,-1
562,157,714.63,449.63,35.06,97.51,0.5754,-1,-1,-1
562,60,1569.53,406.06,305.12,669.02,0.8116,-1,-1,-1
563,308,642.04,457.64,34.22,103.17,0.5257,-1,-1,-1
563,279,415.09,470.04,48.51,101.54,0.1983,-1,-1,-1
563,272,584.10,453.23,32.93,86.32,0.4495,-1,-1,-1
563,266,1110.85,440.16,110.08,274.04,0.6919,-1,-1,-1
563,248,548.44,441.28,34.93,94.88,0.4631,-1,-1,-1
563,231,1766.78,392.19,152.48,541.65,0.3412,-1,-1,-1
563,211,997.87,419.30,119.42,277.29,0.6618,-1,-1,-1
563,196,696.60,454.93,28.65,86.30,0.1554,-1,-1,-1
563,188,911.51,433.77,83.37,250.15,0.7010,-1,-1,-1
563,157,714.63,449.30,37.22,98.45,0.5300,-1,-1,-1
563,60,1574.31,405.43,321.51,669.53,0.8046,-1,-1,-1
564,308,642.16,457.05,35.10,104.23,0.4948,-1,-1,-1
564,279,416.07,468.69,47.18,101.80,0.1703,-1,-1,-1
564,272,584.57,454.88,32.07,82.95,0.3949,-1,-1,-1
564,266,1113.13,433.57,112.77,278.89,0.7000,-1,-1,-1
564,248,548.29,442.08,34.87,94.03,0.3788,-1,-1,-1
564,231,1784.34,400.71,135.09,466.33,0.4053,-1,-1,-1
564,211,1002.32,428.79,116.62,266.16,0.6407,-1,-1,-1
564,196,694.94,454.85,29.07,85.88,0.1577,-1,-1,-1
564,188,914.93,430.38,82.48,251.01,0.6331,-1,-1,-1
564,157,715.99,448.88,35.41,98.26,0.5201,-1,-1,-1
564,60,1583.23,401.57,326.97,668.92,0.8681,-1,-1,-1
565,308,642.10,456.04,35.84,105.10,0.5472,-1,-1,-1
565,279,415.79,471.68,46.71,99.75,0.1757,-1,-1,-1
565,272,584.73,455.62,32.39,82.58,0.3999,-1,-1,-1
565,266,1118.22,432.04,110.08,280.08,0.6433,-1,-1,-1
565,248,548.32,442.07,33.99,93.92,0.4273,-1,-1,-1
565,232,1781.94,391.57,137.15,670.84,0.6218,-1,-1,-1
565,211,998.75,431.66,123.54,263.06,0.6365,-1,-1,-1
565,196,697.17,454.46,28.14,86.84,0.1757,-1,-1,-1
565,188,920.82,434.10,78.72,243.49,0.6347,-1,-1,-1
565,157,716.57,449.11,35.39,96.97,0.5560,-1,-1,-1
565,60,1589.13,399.52,303.83,667.51,0.7043,-1,-1,-1
566,310,674.02,455.18,31.05,99.08,0.1635,-1,-1,-1
566,308,641.64,453.95,35.88,107.65,0.5223,-1,-1,-1
566,279,415.89,464.08,47.50,108.18,0.1581,-1,-1,-1
566,272,585.13,455.60,32.59,83.22,0.4359,-1,-1,-1
566,266,1125.75,433.22,105.87,282.53,0.5412,-1,-1,-1
566,248,548.71,442.59,33.84,93.47,0.4304,-1,-1,-1
566,232,1791.05,391.68,128.31,662.15,0.6383,-1,-1,-1
566,211,1004.56,437.42,121.30,259.87,0.6645,-1,-1,-1
566,196,695.88,454.32,28.42,85.27,0.1772,-1,-1,-1
566,188,929.07,431.59,86.84,241.23,0.5389,-1,-1,-1
566,157,717.31,449.62,35.31,96.92,0.5434,-1,-1,-1
566,60,1606.82,398.98,300.00,671.49,0.7352,-1,-1,-1
567,310,673.52,454.94,31.53,97.81,0.1530,-1,-1,-1
567,308,641.37,454.65,34.18,106.43,0.4866,-1,-1,-1
567,279,416.30,467.30,47.28,104.87,0.1761,-1,-1,-1
567,272,585.55,455.69,32.18,82.71,0.4656,-1,-1,-1
567,266,1123.03,430.91,110.19,284.48,0.6356,-1,-1,-1
567,248,548.96,442.52,33.52,93.81,0.4389,-1,-1,-1
567,232,1797.38,399.27,122.28,635.53,0.6306,-1,-1,-1
567,211,1005.13,442.54,127.51,255.82,0.6879,-1,-1,-1
567,196,697.18,454.87,26.18,85.17,0.1803,-1,-1,-1
567,188,932.53,429.58,84.18,242.65,0.5113,-1,-1,-1
567,157,718.06,448.99,35.33,98.13,0.5409,-1,-1,-1
567,60,1628.77,400.44,278.39,668.21,0.8360,-1,-1,-1
568,310,673.07,454.91,29.91,100.80,0.1984,-1,-1,-1
568,308,641.47,456.26,32.09,104.21,0.4814,-1,-1,-1
568,302,1226.90,444.12,38.07,112.84,0.3004,-1,-1,-1
568,279,418.41,474.28,42.73,96.79,0.2894,-1,-1,-1
568,272,586.14,456.05,32.06,85.01,0.4905,-1,-1,-1
568,266,1130.26,430.43,108.04,281.70,0.6102,-1,-1,-1
568,248,548.33,440.46,35.82,96.76,0.4368,-1,-1,-1
568,232,1800.46,403.84,119.03,656.56,0.6098,-1,-1,-1
568,211,1003.57,427.39,140.41,272.81,0.6905,-1,-1,-1
568,196,697.26,454.94,25.86,86.07,0.1840,-1,-1,-1
568,188,943.20,432.32,75.62,241.11,0.5359,-1,-1,-1
568,157,718.31,448.19,37.68,99.87,0.5148,-1,-1,-1
568,60,1650.64,400.93,256.92,668.51,0.8227,-1,-1,-1
569,310,671.21,455.17,31.43,99.60,0.2333,-1,-1,-1
569,308,641.48,455.47,33.70,104.38,0.5251,-1,-1,-1
569,302,1231.99,444.65,33.72,110.84,0.2943,-1,-1,-1
569,279,418.90,474.53,42.43,96.85,0.2704,-1,-1,-1
569,272,586.25,455.64,32.33,85.88,0.5302,-1,-1,-1
569,266,1131.87,431.99,110.53,280.55,0.5296,-1,-1,-1
569,248,548.48,443.03,35.53,95.05,0.4213,-1,-1,-1
569,232,1797.74,411.06,121.54,645.15,0.4544,-1,-1,-1
569,211,1005.93,432.78,139.10,267.72,0.7158,-1,-1,-1
569,196,692.57,454.13,32.57,91.40,0.1812,-1,-1,-1
569,188,941.96,436.46,80.01,230.98,0.6689,-1,-1,-1
569,157,718.31,448.36,37.16,100.16,0.5254,-1,-1,-1
569,60,1657.94,400.90,232.42,673.05,0.8118,-1,-1,-1
570,328,1111.83,433.86,45.50,140.05,0.2711,-1,-1,-1
570,310,670.10,454.46,31.43,100.18,0.2646,-1,-1,-1
570,308,639.72,455.22,32.20,104.48,0.5122,-1,-1,-1
570,302,1232.70,442.46,34.31,112.17,0.2246,-1,-1,-1
570,279,417.38,477.38,44.03,94.71,0.1735,-1,-1,-1
570,272,586.78,455.74,31.56,85.75,0.5241,-1,-1,-1
570,266,1135.24,434.57,119.64,279.60,0.6418,-1,-1,-1
570,248,549.17,443.05,35.54,95.85,0.4404,-1,-1,-1
570,231,1806.77,416.89,112.58,459.84,0.2610,-1,-1,-1
570,211,1006.54,432.95,137.24,267.52,0.7111,-1,-1,-1
570,196,696.94,454.82,23.91,86.23,0.1947,-1,-1,-1
570,188,942.90,434.67,83.00,234.83,0.7109,-1,-1,-1
570,157,717.95,446.32,37.91,103.14,0.5572,-1,-1,-1
570,60,1662.27,402.96,235.02,669.20,0.7783,-1,-1,-1
571,328,1110.34,430.82,48.29,154.43,0.3316,-1,-1,-1
571,310,669.56,454.33,31.78,99.61,0.2637,-1,-1,-1
571,308,638.75,456.81,30.28,104.20,0.4926,-1,-1,-1
571,302,1234.92,445.09,33.23,104.58,0.1700,-1,-1,-1
571,279,417.13,473.24,45.44,96.83,0.2104,-1,-1,-1
571,272,586.91,455.80,31.56,86.10,0.5260,-1,-1,-1
571,266,1145.50,431.93,131.88,282.13,0.5983,-1,-1,-1
571,248,549.88,449.66,35.95,89.61,0.4300,-1,-1,-1
571,231,1814.88,411.51,104.44,457.68,0.2266,-1,-1,-1
571,211,1011.45,425.58,130.81,272.84,0.7014,-1,-1,-1
571,196,696.95,454.24,23.34,84.92,0.1745,-1,-1,-1
571,188,946.80,435.18,79.83,242.53,0.6899,-1,-1,-1
571,157,717.36,445.45,39.59,102.93,0.6076,-1,-1,-1
571,60,1666.64,401.49,253.31,671.81,0.8660,-1,-1,-1
572,328,1110.88,435.02,47.51,140.08,0.3938,-1,-1,-1
572,310,668.23,453.58,32.90,100.07,0.2741,-1,-1,-1
572,308,637.42,456.97,32.71,102.45,0.5211,-1,-1,-1
572,279,417.86,472.11,45.02,96.83,0.2055,-1,-1,-1
572,272,586.79,451.09,32.16,90.71,0.4950,-1,-1,-1
572,266,1144.10,433.58,136.19,281.90,0.7602,-1,-1,-1
572,248,549.32,439.55,37.65,100.19,0.4581,-1,-1,-1
572,231,1821.84,423.59,97.50,433.73,0.3001,-1,-1,-1
572,211,1012.25,432.10,128.78,266.55,0.6873,-1,-1,-1
572,188,947.80,435.99,80.66,240.33,0.6853,-1,-1,-1
572,157,717.39,444.43,40.33,105.12,0.6255,-1,-1,-1
572,60,1670.14,402.27,248.30,670.39,0.8702,-1,-1,-1
573,328,1110.11,429.28,47.43,147.63,0.3499,-1,-1,-1
573,310,668.76,455.44,32.23,98.38,0.2620,-1,-1,-1
573,308,636.61,456.76,30.43,102.57,0.5580,-1,-1,-1
573,279,417.64,474.95,42.67,95.67,0.2230,-1,-1,-1
573,272,585.17,453.71,32.35,88.58,0.4890,-1,-1,-1
573,266,1150.46,437.38,137.84,277.89,0.7012,-1,-1,-1
573,248,550.80,453.01,34.34,87.11,0.4047,-1,-1,-1
573,231,1831.93,428.44,87.68,241.41,0.3978,-1,-1,-1
573,211,1016.76,430.24,123.21,265.03,0.6439,-1,-1,-1
573,196,696.56,454.13,24.44,89.44,0.1680,-1,-1,-1
573,188,942.24,434.24,94.29,243.96,0.6388,-1,-1,-1
573,157,718.27,445.43,40.15,104.68,0.5686,-1,-1,-1
573,60,1674.41,402.73,244.71,667.76,0.8860,-1,-1,-1
574,328,1112.31,427.75,45.29,150.00,0.3587,-1,-1,-1
574,310,664.50,455.76,32.78,102.37,0.2576,-1,-1,-1
574,308,636.34,457.22,30.36,101.28,0.5468,-1,-1,-1
574,279,416.11,471.46,45.85,102.31,0.2505,-1,-1,-1
574,272,584.45,455.36,33.46,87.56,0.3413,-1,-1,-1
574,266,1149.47,438.18,141.83,277.52,0.7346,-1,-1,-1
574,248,550.00,450.54,35.77,88.39,0.3877,-1,-1,-1
574,231,1837.01,430.33,82.59,253.15,0.3398,-1,-1,-1
574,211,1034.62,433.41,105.80,262.54,0.5430,-1,-1,-1
574,196,698.99,454.29,24.57,89.69,0.1595,-1,-1,-1
574,188,952.68,434.84,108.05,250.39,0.6141,-1,-1,-1
574,157,717.81,445.13,40.73,105.17,0.5536,-1,-1,-1
574,60,1673.71,398.36,245.71,676.47,0.9004,-1,-1,-1
575,328,1113.26,425.08,43.69,152.24,0.2360,-1,-1,-1
575,316,675.06,453.30,30.92,96.45,0.2015,-1,-1,-1
575,310,664.54,455.49,32.33,102.72,0.2641,-1,-1,-1
575,308,635.47,455.89,30.85,102.70,0.5661,-1,-1,-1
575,279,415.35,474.64,46.50,98.50,0.2416,-1,-1,-1
575,272,584.45,454.09,33.89,88.82,0.4290,-1,-1,-1
575,266,1154.47,439.30,137.79,276.42,0.7003,-1,-1,-1
575,248,550.43,449.79,34.84,88.72,0.3543,-1,-1,-1
575,231,1845.43,431.12,74.07,236.14,0.3095,-1,-1,-1
575,211,1038.90,425.16,101.00,271.35,0.5015,-1,-1,-1
575,196,697.97,454.15,24.57,89.85,0.1610,-1,-1,-1
575,188,955.29,434.32,107.86,248.34,0.5751,-1,-1,-1
575,157,717.84,445.60,40.30,104.27,0.5796,-1,-1,-1
575,60,1674.02,397.66,245.36,677.03,0.9046,-1,-1,-1
576,336,918.72,457.46,58.95,129.25,0.1719,-1,-1,-1
576,310,665.65,458.26,31.55,98.98,0.2167,-1,-1,-1
576,308,634.06,456.01,33.91,102.07,0.5207,-1,-1,-1
576,279,416.60,473.72,45.20,98.82,0.2852,-1,-1,-1
576,272,585.66,454.17,32.88,88.69,0.4261,-1,-1,-1
576,266,1157.53,437.54,136.10,278.03,0.7313,-1,-1,-1
576,248,550.35,448.92,33.26,88.83,0.2933,-1,-1,-1
576,231,1855.89,431.47,63.86,216.95,0.4447,-1,-1,-1
576,211,1041.78,426.58,98.17,269.49,0.6160,-1,-1,-1
576,188,955.39,433.97,112.82,248.03,0.6239,-1,-1,-1
576,157,719.68,446.36,38.75,104.45,0.6061,-1,-1,-1
576,60,1673.12,397.22,246.21,677.19,0.8990,-1,-1,-1
577,335,1674.20,416.16,95.88,173.22,0.2403,-1,-1,-1
577,316,690.39,455.24,27.70,91.24,0.1667,-1,-1,-1
577,313,1038.74,440.43,43.38,136.95,0.1740,-1,-1,-1
577,310,668.13,453.29,31.92,103.24,0.2183,-1,-1,-1
577,308,633.37,452.31,33.63,107.01,0.5256,-1,-1,-1
577,279,415.96,476.81,45.64,95.76,0.2411,-1,-1,-1
577,272,585.15,452.50,33.65,91.02,0.3979,-1,-1,-1
577,266,1155.99,436.10,137.53,279.40,0.7444,-1,-1,-1
577,248,549.97,445.75,36.32,92.85,0.2892,-1,-1,-1
577,231,1855.89,428.57,64.03,208.78,0.2280,-1,-1,-1
577,211,1049.58,423.33,90.28,271.44,0.6266,-1,-1,-1
577,188,957.03,433.99,111.13,246.40,0.6654,-1,-1,-1
577,157,719.89,447.42,38.51,103.93,0.5852,-1,-1,-1
577,60,1672.76,399.19,246.50,676.04,0.9090,-1,-1,-1
578,335,1672.62,418.13,103.45,171.94,0.2179,-1,-1,-1
578,325,1079.78,432.63,48.45,143.69,0.3263,-1,-1,-1
578,316,697.49,455.07,24.10,88.57,0.1765,-1,-1,-1
578,313,1040.58,437.79,42.92,135.04,0.1889,-1,-1,-1
578,310,669.94,451.76,31.25,104.33,0.2413,-1,-1,-1
578,308,633.28,448.43,33.16,109.91,0.6221,-1,-1,-1
578,279,415.13,473.34,45.81,100.03,0.2296,-1,-1,-1
578,272,584.26,451.12,34.66,92.80,0.3750,-1,-1,-1
578,266,1158.52,433.20,130.99,281.34,0.7290,-1,-1,-1
578,248,549.94,450.86,36.83,87.33,0.3216,-1,-1,-1
578,211,1051.24,428.08,88.62,264.81,0.6184,-1,-1,-1
578,188,957.93,440.96,98.47,232.32,0.7225,-1,-1,-1
578,157,719.85,445.35,38.70,104.01,0.6297,-1,-1,-1
578,60,1671.30,399.63,247.92,676.24,0.9062,-1,-1,-1
579,336,919.26,495.22,58.91,92.71,0.1908,-1,-1,-1
579,335,1673.35,426.03,105.96,163.98,0.2278,-1,-1,-1
579,325,1079.81,436.91,49.44,136.42,0.1813,-1,-1,-1
579,316,698.33,455.43,24.04,86.96,0.1787,-1,-1,-1
579,313,1041.52,441.05,41.45,134.56,0.1650,-1,-1,-1
579,310,669.50,450.96,31.42,105.04,0.2508,-1,-1,-1
579,308,632.55,447.95,32.98,110.66,0.5782,-1,-1,-1
579,285,380.61,469.67,44.21,104.05,0.2396,-1,-1,-1
579,279,415.81,473.09,44.95,98.99,0.2385,-1,-1,-1
579,272,583.62,448.09,31.70,93.26,0.3513,-1,-1,-1
579,266,1158.74,435.19,131.03,278.52,0.6914,-1,-1,-1
579,248,548.65,442.48,38.22,95.55,0.3126,-1,-1,-1
579,211,1055.63,434.26,86.13,260.93,0.6589,-1,-1,-1
579,188,957.83,439.63,100.70,233.25,0.7530,-1,-1,-1
579,157,720.56,447.29,38.40,104.07,0.5932,-1,-1,-1
579,60,1671.37,401.15,247.89,675.46,0.8991,-1,-1,-1
580,336,918.61,485.56,59.71,102.24,0.2475,-1,-1,-1
580,335,1674.44,427.83,107.49,162.29,0.1594,-1,-1,-1
580,316,699.14,455.76,24.81,86.35,0.1765,-1,-1,-1
580,310,670.57,452.34,31.71,102.25,0.2382,-1,-1,-1
580,308,630.71,450.22,36.90,108.36,0.5583,-1,-1,-1
580,285,380.11,470.14,44.55,103.10,0.2338,-1,-1,-1
580,279,415.14,470.22,46.77,102.14,0.2302,-1,-1,-1
580,272,584.80,448.81,30.93,92.22,0.3529,-1,-1,-1
580,266,1157.00,442.84,133.89,273.00,0.7501,-1,-1,-1
580,248,549.57,440.50,38.66,97.50,0.3505,-1,-1,-1
580,211,1051.96,439.26,90.93,255.52,0.6679,-1,-1,-1
580,188,958.66,436.21,101.38,238.43,0.7574,-1,-1,-1
580,157,720.84,447.04,38.14,104.92,0.5719,-1,-1,-1
580,60,1671.58,402.76,247.51,674.20,0.9084,-1,-1,-1
581,336,922.46,474.61,59.69,113.08,0.2027,-1,-1,-1
581,335,1674.27,424.56,109.60,165.68,0.1794,-1,-1,-1
581,316,698.86,456.21,24.86,85.87,0.1896,-1,-1,-1
581,310,667.41,454.59,29.55,97.32,0.2006,-1,-1,-1
581,308,630.91,454.70,36.70,103.49,0.5508,-1,-1,-1
581,285,380.08,469.08,45.62,103.95,0.2245,-1,-1,-1
581,279,414.33,470.49,46.40,101.45,0.2261,-1,-1,-1
581,272,584.57,447.08,34.29,96.54,0.3913,-1,-1,-1
581,266,1159.03,440.35,134.88,276.65,0.6988,-1,-1,-1
581,248,548.75,434.53,41.14,103.95,0.3654,-1,-1,-1
581,211,1054.85,439.30,95.49,255.94,0.6864,-1,-1,-1
581,188,958.44,434.63,102.76,238.24,0.7612,-1,-1,-1
581,157,720.98,447.28,38.34,103.84,0.5028,-1,-1,-1
581,60,1671.73,402.68,247.39,674.59,0.9082,-1,-1,-1
582,336,918.90,485.39,59.83,103.38,0.2333,-1,-1,-1
582,335,1675.06,430.46,107.44,162.10,0.1703,-1,-1,-1
582,329,620.06,450.19,32.46,104.19,0.2128,-1,-1,-1
582,316,698.30,456.19,29.80,84.58,0.1935,-1,-1,-1
582,310,668.32,452.55,29.91,103.80,0.2530,-1,-1,-1
582,308,631.88,453.32,33.55,104.83,0.5112,-1,-1,-1
582,285,379.34,469.03,45.34,104.60,0.2070,-1,-1,-1
582,279,414.31,469.05,47.36,102.96,0.2897,-1,-1,-1
582,272,584.41,446.88,34.23,96.29,0.4204,-1,-1,-1
582,266,1190.33,438.99,107.32,275.41,0.6911,-1,-1,-1
582,248,548.27,435.68,39.62,102.13,0.3791,-1,-1,-1
582,211,1068.86,437.34,84.69,263.33,0.6228,-1,-1,-1
582,188,955.91,435.81,113.03,236.73,0.7487,-1,-1,-1
582,178,1155.59,433.13,74.50,257.76,0.2755,-1,-1,-1
582,157,721.58,448.15,37.60,102.93,0.4972,-1,-1,-1
582,60,1672.15,401.86,246.93,676.55,0.9087,-1,-1,-1
583,336,918.14,480.74,64.71,107.87,0.1789,-1,-1,-1
583,310,668.95,452.90,31.23,104.74,0.2631,-1,-1,-1
583,308,631.42,454.02,33.89,104.14,0.4543,-1,-1,-1
583,285,379.10,468.03,47.15,105.79,0.2117,-1,-1,-1
583,279,414.31,467.84,46.40,103.70,0.2352,-1,-1,-1
583,272,584.58,448.80,33.77,94.45,0.4676,-1,-1,-1
583,266,1196.48,439.66,103.43,273.89,0.7224,-1,-1,-1
583,248,549.69,440.11,38.11,97.51,0.4179,-1,-1,-1
583,211,1080.08,432.24,75.79,265.45,0.6306,-1,-1,-1
583,196,699.15,456.47,27.07,86.29,0.2211,-1,-1,-1
583,188,964.13,436.19,107.21,235.56,0.7284,-1,-1,-1
583,178,1155.43,430.78,83.37,266.85,0.3077,-1,-1,-1
583,157,721.04,445.98,39.21,103.70,0.5281,-1,-1,-1
583,60,1673.79,398.10,245.26,680.34,0.9097,-1,-1,-1
584,338,802.93,468.12,32.12,79.36,0.1828,-1,-1,-1
584,336,917.60,479.41,64.81,109.06,0.2464,-1,-1,-1
584,316,698.79,455.46,27.66,85.36,0.2233,-1,-1,-1
584,310,666.04,452.76,31.74,102.56,0.2847,-1,-1,-1
584,308,630.47,455.64,35.58,102.79,0.4317,-1,-1,-1
584,285,379.04,468.80,46.80,104.25,0.2021,-1,-1,-1
584,279,414.09,469.18,46.60,102.04,0.2292,-1,-1,-1
584,272,585.01,447.95,33.33,95.64,0.4721,-1,-1,-1
584,266,1203.36,440.93,97.84,270.92,0.7219,-1,-1,-1
584,248,550.62,439.34,37.26,98.66,0.3975,-1,-1,-1
584,211,1084.98,435.82,75.30,260.75,0.6622,-1,-1,-1
584,188,967.05,437.12,105.96,236.29,0.7421,-1,-1,-1
584,178,1156.42,430.74,85.32,255.79,0.2377,-1,-1,-1
584,157,722.25,447.48,37.52,104.41,0.5301,-1,-1,-1
584,60,1675.89,393.92,243.25,683.20,0.9116,-1,-1,-1
585,340,1163.16,438.95,32.01,105.87,0.2428,-1,-1,-1
585,336,917.58,479.75,63.47,108.12,0.2238,-1,-1,-1
585,316,699.31,455.47,27.71,84.07,0.1983,-1,-1,-1
585,310,664.95,453.12,34.10,101.13,0.3036,-1,-1,-1
585,308,627.53,450.59,37.26,107.30,0.3952,-1,-1,-1
585,285,378.89,467.15,45.78,106.48,0.2112,-1,-1,-1
585,279,413.24,468.30,48.57,103.88,0.2115,-1,-1,-1
585,272,585.70,448.28,33.02,94.52,0.4598,-1,-1,-1
585,266,1203.59,441.15,101.72,265.43,0.7487,-1,-1,-1
585,248,550.16,438.88,38.55,99.12,0.4328,-1,-1,-1
585,211,1087.11,440.49,75.73,255.08,0.6347,-1,-1,-1
585,188,969.78,436.42,104.26,235.69,0.7611,-1,-1,-1
585,178,1159.49,431.18,81.08,250.14,0.1519,-1,-1,-1
585,157,723.00,447.11,37.62,103.05,0.5278,-1,-1,-1
585,60,1677.54,394.31,241.67,682.74,0.8981,-1,-1,-1
586,340,1164.98,435.02,33.78,114.87,0.1634,-1,-1,-1
586,338,804.77,469.87,33.03,78.96,0.1967,-1,-1,-1
586,336,917.46,480.02,62.49,107.33,0.2010,-1,-1,-1
586,316,699.61,455.66,30.13,81.91,0.2029,-1,-1,-1
586,310,665.35,453.64,33.55,100.48,0.3474,-1,-1,-1
586,308,626.41,452.72,37.61,105.02,0.4276,-1,-1,-1
586,285,379.39,462.84,44.94,110.99,0.2663,-1,-1,-1
586,279,410.17,467.25,49.82,107.23,0.1915,-1,-1,-1
586,272,584.60,444.28,35.29,99.43,0.4496,-1,-1,-1
586,266,1213.09,436.60,101.70,275.10,0.7543,-1,-1,-1
586,248,549.51,441.00,37.39,97.86,0.4360,-1,-1,-1
586,211,1088.02,435.12,73.24,262.47,0.6900,-1,-1,-1
586,188,978.32,442.49,97.92,232.24,0.7689,-1,-1,-1
586,178,1163.62,436.95,72.79,237.91,0.1828,-1,-1,-1
586,157,723.63,444.31,37.81,103.82,0.5444,-1,-1,-1
586,60,1681.87,392.87,237.75,682.76,0.8962,-1,-1,-1
587,341,571.83,442.34,32.21,97.98,0.2070,-1,-1,-1
587,340,1159.85,434.64,34.25,111.70,0.1632,-1,-1,-1
587,338,800.87,469.25,33.88,79.18,0.1584,-1,-1,-1
587,337,1089.05,426.32,74.63,271.08,0.7207,-1,-1,-1
587,336,922.53,477.46,66.29,110.74,0.1559,-1,-1,-1
587,316,699.01,455.48,30.26,82.23,0.2173,-1,-1,-1
587,310,665.05,452.46,32.80,101.42,0.3700,-1,-1,-1
587,308,625.09,452.33,38.55,105.58,0.4832,-1,-1,-1
587,285,380.11,458.84,41.27,114.37,0.3110,-1,-1,-1
587,279,407.06,451.30,53.01,122.91,0.2441,-1,-1,-1
587,272,584.26,444.50,35.35,98.59,0.4203,-1,-1,-1
587,266,1215.69,432.63,100.15,278.53,0.6133,-1,-1,-1
587,248,550.04,441.74,36.96,97.72,0.4675,-1,-1,-1
587,188,982.42,444.72,94.71,225.65,0.7384,-1,-1,-1
587,178,1160.36,439.47,83.46,250.35,0.2916,-1,-1,-1
587,157,724.36,444.04,37.38,105.18,0.5521,-1,-1,-1
587,60,1685.63,388.85,234.00,686.34,0.8696,-1,-1,-1
588,341,570.03,444.98,32.97,96.10,0.2029,-1,-1,-1
588,337,1090.81,420.40,81.09,276.45,0.7357,-1,-1,-1
588,336,917.05,481.06,65.34,106.64,0.2200,-1,-1,-1
588,316,698.21,455.42,28.87,86.89,0.2301,-1,-1,-1
588,310,663.96,451.84,30.27,106.06,0.3581,-1,-1,-1
588,308,625.57,453.51,35.54,103.96,0.5081,-1,-1,-1
588,285,379.38,464.23,40.31,109.57,0.2892,-1,-1,-1
588,279,406.24,454.46,53.45,119.48,0.2641,-1,-1,-1
588,272,583.76,446.23,35.99,98.23,0.4148,-1,-1,-1
588,266,1212.28,434.73,104.88,278.39,0.7923,-1,-1,-1
588,248,551.57,448.42,35.61,91.68,0.4327,-1,-1,-1
588,188,989.52,446.11,88.57,222.41,0.7007,-1,-1,-1
588,178,1175.74,437.56,66.35,237.19,0.4282,-1,-1,-1
588,157,726.93,442.32,33.61,107.11,0.5565,-1,-1,-1
588,60,1694.90,386.91,224.69,688.52,0.8556,-1,-1,-1
589,341,570.82,445.31,35.05,96.54,0.2068,-1,-1,-1
589,337,1091.74,419.54,90.95,277.25,0.7102,-1,-1,-1
589,336,917.81,482.23,62.85,105.12,0.1809,-1,-1,-1
589,316,697.73,455.45,29.28,89.43,0.2508,-1,-1,-1
589,310,663.73,450.54,31.18,108.52,0.4620,-1,-1,-1
589,308,625.02,451.55,35.47,106.25,0.5817,-1,-1,-1
589,285,379.03,465.92,41.76,107.98,0.2319,-1,-1,-1
589,279,404.32,463.89,53.99,109.76,0.1668,-1,-1,-1
589,272,583.17,447.50,37.13,98.39,0.3784,-1,-1,-1
589,266,1216.65,434.85,101.25,274.88,0.7782,-1,-1,-1
589,248,551.00,447.47,36.86,93.36,0.4279,-1,-1,-1
589,188,998.11,445.96,82.71,223.18,0.7049,-1,-1,-1
589,178,1185.71,438.78,56.60,234.09,0.3395,-1,-1,-1
589,157,724.40,443.64,37.26,106.06,0.5503,-1,-1,-1
589,60,1703.42,392.24,216.15,680.86,0.7506,-1,-1,-1
590,341,568.31,444.47,38.07,97.45,0.1751,-1,-1,-1
590,337,1090.76,430.56,89.08,266.79,0.6569,-1,-1,-1
590,336,917.41,481.28,65.55,106.23,0.1933,-1,-1,-1
590,316,697.70,456.53,29.84,86.70,0.2389,-1,-1,-1
590,310,663.63,452.03,31.75,107.08,0.4669,-1,-1,-1
590,308,624.40,450.50,34.85,106.76,0.5152,-1,-1,-1
590,285,377.00,466.67,47.45,109.11,0.2416,-1,-1,-1
590,279,405.01,462.74,54.15,111.08,0.1864,-1,-1,-1
590,272,584.46,448.88,35.40,97.22,0.3171,-1,-1,-1
590,266,1219.53,433.66,101.78,277.61,0.7844,-1,-1,-1
590,248,551.18,447.69,37.40,92.66,0.3681,-1,-1,-1
590,188,1007.73,446.98,77.30,221.38,0.7378,-1,-1,-1
590,178,1185.21,437.40,59.12,240.17,0.3696,-1,-1,-1
590,157,726.72,442.66,34.66,106.95,0.5678,-1,-1,-1
590,60,1715.60,420.84,203.96,653.11,0.7422,-1,-1,-1
591,341,570.15,442.70,39.18,99.13,0.1950,-1,-1,-1
591,337,1089.40,414.89,94.35,281.60,0.6515,-1,-1,-1
591,336,917.73,481.63,65.44,105.73,0.1902,-1,-1,-1
591,316,697.84,456.62,29.62,86.38,0.2696,-1,-1,-1
591,310,663.43,451.89,32.48,107.63,0.5348,-1,-1,-1
591,308,624.31,449.16,33.35,108.60,0.5367,-1,-1,-1
591,285,376.32,469.52,47.15,106.46,0.2598,-1,-1,-1
591,279,407.70,462.17,51.63,111.22,0.2115,-1,-1,-1
591,272,585.80,450.30,31.78,92.96,0.3405,-1,-1,-1
591,266,1222.57,434.81,105.41,276.54,0.7447,-1,-1,-1
591,248,550.62,443.51,37.76,96.52,0.3394,-1,-1,-1
591,232,1844.19,497.41,75.15,429.07,0.3982,-1,-1,-1
591,188,1011.52,443.19,78.85,224.06,0.7133,-1,-1,-1
591,178,1189.56,434.66,60.65,241.29,0.3281,-1,-1,-1
591,157,727.72,442.65,32.92,107.19,0.5753,-1,-1,-1
591,60,1738.27,486.26,181.21,588.49,0.5609,-1,-1,-1
592,341,585.70,450.52,31.76,92.75,0.3124,-1,-1,-1
592,337,1090.09,416.53,107.33,279.99,0.6756,-1,-1,-1
592,336,916.87,482.25,61.52,104.29,0.2229,-1,-1,-1
592,316,698.85,456.60,29.78,86.77,0.2150,-1,-1,-1
592,310,662.44,452.22,33.48,107.56,0.5616,-1,-1,-1
592,308,624.37,448.92,34.77,109.27,0.5156,-1,-1,-1
592,285,374.05,468.15,49.76,108.15,0.2322,-1,-1,-1
592,279,407.24,461.73,52.45,111.76,0.1920,-1,-1,-1
592,266,1226.52,438.25,110.72,273.22,0.7289,-1,-1,-1
592,248,549.59,443.93,39.03,95.43,0.3230,-1,-1,-1
592,232,1853.84,498.87,65.49,390.76,0.1986,-1,-1,-1
592,188,1011.87,443.24,78.24,222.38,0.7367,-1,-1,-1
592,178,1190.80,433.82,59.85,238.06,0.2717,-1,-1,-1
592,157,728.26,443.60,31.89,106.78,0.5668,-1,-1,-1
592,60,1759.96,500.10,159.49,572.14,0.6787,-1,-1,-1
593,341,583.82,451.18,32.48,90.25,0.3167,-1,-1,-1
593,337,1091.29,412.39,99.99,283.97,0.6912,-1,-1,-1
593,336,916.82,485.63,56.96,100.98,0.2300,-1,-1,-1
593,316,698.61,456.86,30.02,86.29,0.2331,-1,-1,-1
593,310,661.40,451.82,34.18,107.76,0.5483,-1,-1,-1
593,308,623.15,449.58,36.58,108.23,0.4957,-1,-1,-1
593,285,375.50,466.09,50.10,109.65,0.2453,-1,-1,-1
593,279,409.88,465.43,51.49,107.95,0.2016,-1,-1,-1
593,266,1231.35,440.47,111.75,273.38,0.7524,-1,-1,-1
593,248,550.92,447.46,34.20,91.91,0.3099,-1,-1,-1
593,232,1861.04,501.83,58.29,380.01,0.2888,-1,-1,-1
593,188,1013.23,437.60,80.95,228.92,0.6586,-1,-1,-1
593,178,1193.67,440.43,72.85,239.45,0.2465,-1,-1,-1
593,157,728.13,443.66,33.19,107.48,0.5411,-1,-1,-1
593,60,1783.07,500.35,136.42,573.20,0.3909,-1,-1,-1
594,341,583.94,451.53,32.48,90.33,0.3227,-1,-1,-1
594,338,804.31,469.69,33.72,78.99,0.1602,-1,-1,-1
594,337,1091.17,412.96,101.31,285.76,0.7000,-1,-1,-1
594,336,916.53,487.20,58.01,99.16,0.1874,-1,-1,-1
594,316,698.12,457.45,30.54,85.24,0.2325,-1,-1,-1
594,310,660.09,451.47,35.59,108.96,0.5311,-1,-1,-1
594,308,623.05,448.75,36.32,107.50,0.5039,-1,-1,-1
594,285,376.25,468.02,49.87,107.69,0.2895,-1,-1,-1
594,279,410.87,464.92,49.23,108.19,0.1781,-1,-1,-1
594,266,1234.13,443.07,113.92,269.51,0.7830,-1,-1,-1
594,248,549.23,448.68,37.18,90.62,0.3513,-1,-1,-1
594,232,1863.98,393.83,55.39,473.87,0.2382,-1,-1,-1
594,188,1021.66,435.16,76.34,230.67,0.6276,-1,-1,-1
594,178,1190.79,438.25,77.37,240.84,0.3636,-1,-1,-1
594,157,726.09,445.32,37.34,106.26,0.5131,-1,-1,-1
594,60,1817.51,525.46,101.93,554.54,0.3168,-1,-1,-1
595,341,552.58,440.14,64.31,102.46,0.1533,-1,-1,-1
595,338,804.52,469.87,36.11,79.27,0.1524,-1,-1,-1
595,337,1094.34,415.06,100.14,281.25,0.7179,-1,-1,-1
595,336,917.67,487.36,56.47,98.98,0.1879,-1,-1,-1
595,316,698.51,457.66,29.68,83.82,0.2281,-1,-1,-1
595,310,660.79,452.79,34.91,107.90,0.4744,-1,-1,-1
595,308,622.65,449.61,37.30,106.18,0.5529,-1,-1,-1
595,285,376.18,467.08,50.24,108.76,0.2643,-1,-1,-1
595,279,412.57,463.65,47.46,109.55,0.1764,-1,-1,-1
595,272,580.50,450.80,35.57,90.67,0.2790,-1,-1,-1
595,266,1240.10,437.58,111.69,274.81,0.8186,-1,-1,-1
595,248,551.37,453.09,32.44,86.60,0.2716,-1,-1,-1
595,232,1870.13,387.58,49.19,260.23,0.1767,-1,-1,-1
595,188,1022.29,436.24,76.35,228.79,0.6711,-1,-1,-1
595,178,1188.44,441.89,74.18,237.88,0.4689,-1,-1,-1
595,157,729.21,443.87,32.18,106.59,0.5406,-1,-1,-1
596,341,581.99,449.94,33.91,91.80,0.3121,-1,-1,-1
596,337,1095.58,422.32,99.51,276.10,0.7370,-1,-1,-1
596,336,916.52,485.44,58.14,101.13,0.2510,-1,-1,-1
596,316,698.64,457.64,30.15,83.91,0.2284,-1,-1,-1
596,310,661.06,454.50,34.97,106.09,0.4557,-1,-1,-1
596,308,623.61,450.72,36.79,103.91,0.5696,-1,-1,-1
596,285,377.61,468.81,48.47,106.77,0.2869,-1,-1,-1
596,279,413.10,470.39,47.39,103.07,0.1915,-1,-1,-1
596,272,560.75,435.76,53.40,103.29,0.1615,-1,-1,-1
596,266,1242.13,436.45,113.12,276.52,0.8099,-1,-1,-1
596,248,551.59,451.04,32.26,89.19,0.2988,-1,-1,-1
596,232,1859.37,388.73,59.97,266.23,0.2237,-1,-1,-1
596,188,1023.74,442.39,77.50,222.69,0.7104,-1,-1,-1
596,178,1190.49,442.42,75.84,238.61,0.5263,-1,-1,-1
596,157,726.14,445.74,37.17,104.89,0.5618,-1,-1,-1
597,341,582.82,452.14,32.21,89.46,0.2987,-1,-1,-1
597,338,804.07,469.85,35.68,78.77,0.1630,-1,-1,-1
597,337,1097.46,423.97,96.92,274.09,0.7587,-1,-1,-1
597,336,916.76,484.08,58.59,102.51,0.2460,-1,-1,-1
597,316,698.04,458.37,30.05,82.79,0.1990,-1,-1,-1
597,310,659.52,453.98,38.89,106.67,0.4247,-1,-1,-1
597,308,624.28,452.59,34.63,102.50,0.5131,-1,-1,-1
597,285,376.51,468.96,48.51,106.75,0.3291,-1,-1,-1
597,279,414.22,469.17,46.61,103.78,0.1933,-1,-1,-1
597,266,1243.60,437.76,113.07,275.87,0.8036,-1,-1,-1
597,248,550.08,452.52,36.10,87.73,0.3090,-1,-1,-1
597,232,1857.36,390.66,62.00,263.11,0.2215,-1,-1,-1
597,188,1025.20,442.63,77.23,223.76,0.7388,-1,-1,-1
597,178,1191.13,460.93,76.40,221.59,0.5307,-1,-1,-1
597,157,725.66,445.05,38.47,106.94,0.6071,-1,-1,-1
598,341,584.13,451.65,32.21,89.17,0.3397,-1,-1,-1
598,337,1098.94,430.18,97.52,267.24,0.7210,-1,-1,-1
598,336,917.14,481.92,57.90,104.67,0.2299,-1,-1,-1
598,316,697.12,458.61,29.99,82.08,0.2136,-1,-1,-1
598,310,658.87,456.47,36.39,104.14,0.4312,-1,-1,-1
598,308,624.98,453.84,32.76,101.19,0.4819,-1,-1,-1
598,285,378.08,467.97,47.81,107.60,0.3425,-1,-1,-1
598,279,413.00,470.22,47.89,103.71,0.2023,-1,-1,-1
598,272,550.37,449.54,34.66,90.23,0.3669,-1,-1,-1
598,266,1248.02,437.73,110.07,275.49,0.8137,-1,-1,-1
598,232,1857.43,391.67,61.97,262.07,0.1963,-1,-1,-1
598,188,1024.88,441.62,81.23,225.01,0.7390,-1,-1,-1
598,178,1193.41,449.86,75.76,232.88,0.5214,-1,-1,-1
598,157,725.66,445.54,38.93,107.83,0.5877,-1,-1,-1
599,341,583.53,452.98,34.39,91.02,0.3290,-1,-1,-1
599,337,1102.08,431.93,96.55,263.49,0.6999,-1,-1,-1
599,336,916.44,485.03,59.54,101.46,0.1936,-1,-1,-1
599,316,697.03,458.13,31.41,83.84,0.2178,-1,-1,-1
599,310,657.35,454.58,40.42,106.22,0.4076,-1,-1,-1
599,308,624.89,454.70,33.47,100.65,0.4795,-1,-1,-1
599,285,378.31,467.15,47.75,109.49,0.3767,-1,-1,-1
599,279,412.88,471.46,47.56,101.75,0.1973,-1,-1,-1
599,272,551.66,448.79,32.82,91.16,0.3362,-1,-1,-1
599,266,1252.71,437.05,105.91,275.91,0.7813,-1,-1,-1
599,232,1857.25,390.22,62.19,260.81,0.1781,-1,-1,-1
599,188,1026.53,442.43,88.29,225.07,0.7388,-1,-1,-1
599,178,1189.97,439.11,79.53,243.47,0.5721,-1,-1,-1
599,157,726.72,446.13,37.15,105.97,0.5701,-1,-1,-1
600,341,583.32,457.60,32.26,83.42,0.3146,-1,-1,-1
600,338,801.33,468.46,38.45,80.20,0.1518,-1,-1,-1
600,337,1108.37,430.94,92.40,262.99,0.7021,-1,-1,-1
600,336,917.31,486.28,58.33,99.46,0.2139,-1,-1,-1
600,335,1672.58,430.59,104.66,160.99,0.1514,-1,-1,-1
600,316,696.64,458.61,32.37,82.94,0.2113,-1,-1,-1
600,310,657.05,455.77,39.48,104.99,0.3591,-1,-1,-1
600,308,625.11,455.18,33.05,101.09,0.5053,-1,-1,-1
600,285,379.11,464.52,45.84,112.36,0.3493,-1,-1,-1
600,279,413.76,475.98,46.56,97.36,0.2096,-1,-1,-1
600,266,1256.45,437.20,103.63,275.79,0.8175,-1,-1,-1
600,248,550.59,452.80,37.24,87.52,0.3194,-1,-1,-1
600,232,1857.76,391.84,61.68,257.94,0.1851,-1,-1,-1
600,231,1828.35,465.80,83.92,185.19,0.1531,-1,-1,-1
600,188,1027.47,441.60,89.66,223.76,0.7547,-1,-1,-1
600,178,1199.68,449.02,69.62,223.34,0.6017,-1,-1,-1
600,157,726.51,443.99,36.79,108.84,0.5857,-1,-1,-1
