1,1,1338.48,417.88,163.01,358.61,0.8093,-1,-1,-1
1,2,584.16,443.38,91.76,264.69,0.7630,-1,-1,-1
1,3,439.99,445.88,112.20,273.42,0.6760,-1,-1,-1
1,4,1455.13,432.63,141.44,332.68,0.6426,-1,-1,-1
1,5,730.90,456.73,35.97,111.40,0.5625,-1,-1,-1
2,1,1341.28,417.60,163.20,359.16,0.8313,-1,-1,-1
2,2,584.83,442.91,91.60,264.18,0.7656,-1,-1,-1
2,3,439.70,445.29,112.65,274.26,0.6901,-1,-1,-1
2,4,1454.85,436.87,141.15,331.71,0.6726,-1,-1,-1
2,5,731.77,457.28,35.62,110.28,0.5322,-1,-1,-1
3,1,1348.10,423.30,166.61,365.85,0.8358,-1,-1,-1
3,2,585.47,443.03,91.49,263.64,0.7561,-1,-1,-1
3,3,439.35,443.75,113.61,276.32,0.6979,-1,-1,-1
3,4,1466.07,441.58,139.10,327.06,0.7325,-1,-1,-1
3,5,732.39,460.20,34.57,106.77,0.5315,-1,-1,-1
4,1,1352.57,421.71,171.37,375.80,0.8240,-1,-1,-1
4,2,585.14,443.80,91.74,264.25,0.7670,-1,-1,-1
4,3,441.17,442.95,113.97,276.68,0.7436,-1,-1,-1
4,4,1470.98,434.60,141.01,333.25,0.7303,-1,-1,-1
4,5,732.74,459.13,35.41,109.27,0.5187,-1,-1,-1
5,1,1353.15,419.43,175.59,385.07,0.8483,-1,-1,-1
5,2,585.42,444.02,91.73,264.05,0.7658,-1,-1,-1
5,3,445.42,443.58,113.30,274.35,0.6899,-1,-1,-1
5,4,1473.13,429.52,141.92,338.49,0.7403,-1,-1,-1
5,5,732.94,459.01,35.42,109.28,0.5181,-1,-1,-1
6,1,1356.80,418.60,176.80,388.33,0.8471,-1,-1,-1
6,2,584.08,443.50,92.69,266.93,0.7617,-1,-1,-1
6,3,450.82,443.80,113.45,274.33,0.6951,-1,-1,-1
6,4,1478.17,426.49,141.51,342.02,0.7237,-1,-1,-1
6,5,732.85,457.56,35.63,110.22,0.5346,-1,-1,-1
7,1,1361.18,419.03,174.18,385.20,0.8559,-1,-1,-1
7,2,583.93,443.00,92.98,268.08,0.7671,-1,-1,-1
7,3,450.49,444.55,113.88,274.32,0.7308,-1,-1,-1
7,4,1482.85,430.32,138.25,339.33,0.7679,-1,-1,-1
7,5,732.83,457.83,35.43,109.91,0.5489,-1,-1,-1
8,1,1370.27,415.30,172.38,386.76,0.8056,-1,-1,-1
8,2,584.37,442.93,92.70,267.36,0.7823,-1,-1,-1
8,3,451.40,444.04,114.31,274.60,0.7468,-1,-1,-1
8,4,1485.72,422.73,139.03,347.94,0.7695,-1,-1,-1
8,5,733.08,457.14,35.31,109.68,0.5422,-1,-1,-1
9,1,1379.71,409.61,171.44,392.09,0.7453,-1,-1,-1
9,2,584.29,442.61,92.79,268.13,0.7793,-1,-1,-1
9,3,455.21,444.10,114.04,274.31,0.7434,-1,-1,-1
9,4,1491.41,422.01,136.03,347.94,0.7485,-1,-1,-1
9,5,732.91,456.98,35.71,110.99,0.5346,-1,-1,-1
10,1,1393.87,413.52,163.90,382.62,0.7915,-1,-1,-1
10,2,584.71,442.77,92.74,268.20,0.7823,-1,-1,-1
10,3,457.22,443.87,114.06,274.35,0.7179,-1,-1,-1
10,4,1493.37,418.09,137.25,355.34,0.6691,-1,-1,-1
10,5,733.04,457.46,35.41,109.78,0.5202,-1,-1,-1
11,1,1404.81,412.62,161.83,385.69,0.7691,-1,-1,-1
11,2,585.35,442.84,92.27,267.04,0.7705,-1,-1,-1
11,3,455.91,442.76,114.74,275.83,0.6894,-1,-1,-1
11,4,1508.63,418.82,132.23,350.57,0.7954,-1,-1,-1
11,5,733.21,458.51,35.81,110.57,0.5668,-1,-1,-1
12,1,1416.61,409.19,159.36,388.27,0.7273,-1,-1,-1
12,2,585.48,442.27,92.22,266.92,0.7667,-1,-1,-1
12,3,453.57,442.22,115.43,276.26,0.6674,-1,-1,-1
12,4,1518.93,418.87,130.03,353.05,0.7732,-1,-1,-1
12,5,732.32,456.76,36.70,112.94,0.6052,-1,-1,-1
13,1,1428.46,411.88,156.08,386.77,0.7015,-1,-1,-1
13,2,585.41,442.02,92.38,267.27,0.7539,-1,-1,-1
13,3,450.43,442.90,116.28,276.31,0.7038,-1,-1,-1
13,4,1526.97,420.23,129.89,357.59,0.7515,-1,-1,-1
13,5,731.09,456.28,38.05,117.02,0.5822,-1,-1,-1
14,1,1440.09,410.25,154.35,387.32,0.5769,-1,-1,-1
14,2,584.88,442.19,92.80,267.99,0.7504,-1,-1,-1
14,3,448.92,442.05,118.14,280.34,0.6394,-1,-1,-1
14,4,1536.26,416.62,135.15,369.98,0.6144,-1,-1,-1
14,5,730.58,456.47,38.60,118.46,0.5512,-1,-1,-1
15,1,1441.48,415.51,147.72,382.01,0.4908,-1,-1,-1
15,2,583.94,442.44,93.17,269.24,0.7700,-1,-1,-1
15,3,447.37,442.86,118.94,282.04,0.6578,-1,-1,-1
15,4,1549.53,421.88,139.97,373.37,0.5959,-1,-1,-1
15,5,730.12,453.33,40.18,123.59,0.6068,-1,-1,-1
16,1,1445.87,422.21,142.46,377.15,0.4018,-1,-1,-1
16,2,583.79,443.68,92.60,267.43,0.7683,-1,-1,-1
16,3,445.17,442.65,119.21,283.46,0.6511,-1,-1,-1
16,4,1563.71,421.10,146.55,381.44,0.6740,-1,-1,-1
16,5,730.01,453.84,39.81,123.15,0.4916,-1,-1,-1
17,1,1452.43,420.92,143.88,381.34,0.3625,-1,-1,-1
17,2,583.65,445.36,92.59,267.29,0.7652,-1,-1,-1
17,3,444.72,442.66,119.27,284.54,0.6589,-1,-1,-1
17,4,1574.74,420.97,151.67,385.23,0.7724,-1,-1,-1
17,5,728.94,454.79,39.13,121.49,0.4490,-1,-1,-1
18,1,1474.99,420.81,152.27,388.41,0.6832,-1,-1,-1
18,2,583.66,445.02,92.95,268.36,0.7898,-1,-1,-1
18,3,445.73,442.92,118.77,284.66,0.7161,-1,-1,-1
18,4,1585.49,426.29,153.21,383.21,0.7103,-1,-1,-1
18,5,728.06,456.76,38.33,119.08,0.4405,-1,-1,-1
19,1,1469.14,414.79,154.03,390.43,0.4640,-1,-1,-1
19,2,584.56,445.13,93.38,269.26,0.7677,-1,-1,-1
19,3,447.42,444.57,118.17,284.58,0.7092,-1,-1,-1
19,4,1587.45,451.88,149.76,361.83,0.6827,-1,-1,-1
19,5,727.01,458.73,37.88,117.18,0.4066,-1,-1,-1
20,1,1467.52,411.62,156.40,394.35,0.3684,-1,-1,-1
20,2,586.69,445.77,93.49,267.61,0.7783,-1,-1,-1
20,3,450.25,448.59,116.21,279.92,0.7097,-1,-1,-1
20,4,1606.99,457.31,148.24,349.50,0.6328,-1,-1,-1
20,5,725.99,455.32,38.71,119.36,0.4105,-1,-1,-1
21,1,1490.04,412.50,168.42,403.56,0.7286,-1,-1,-1
21,2,588.02,444.50,94.79,269.07,0.7905,-1,-1,-1
21,3,450.97,448.08,115.62,279.26,0.6969,-1,-1,-1
21,4,1617.81,455.49,147.16,348.90,0.6553,-1,-1,-1
21,5,726.09,453.42,39.47,121.80,0.3840,-1,-1,-1
22,1,1489.96,411.98,174.79,405.72,0.5296,-1,-1,-1
22,2,588.59,444.10,95.63,269.11,0.7777,-1,-1,-1
22,3,452.66,447.17,115.76,280.35,0.5988,-1,-1,-1
22,4,1627.11,436.67,152.98,364.48,0.7015,-1,-1,-1
22,5,725.53,458.51,38.01,114.78,0.3667,-1,-1,-1
23,1,1482.67,411.66,171.22,395.11,0.4805,-1,-1,-1
23,2,588.25,443.85,96.56,269.01,0.7759,-1,-1,-1
23,3,458.50,446.37,115.50,281.47,0.6875,-1,-1,-1
23,4,1623.62,427.17,153.67,374.40,0.6267,-1,-1,-1
23,5,725.50,463.85,36.84,107.11,0.3625,-1,-1,-1
24,1,1493.34,408.09,180.74,408.39,0.7030,-1,-1,-1
24,2,588.42,443.83,97.20,268.54,0.7548,-1,-1,-1
24,3,463.44,445.37,116.17,284.96,0.6836,-1,-1,-1
24,4,1630.16,421.28,151.91,378.24,0.6253,-1,-1,-1
24,5,726.36,461.90,38.19,107.92,0.4308,-1,-1,-1
25,1,1500.03,406.85,185.05,411.64,0.6348,-1,-1,-1
25,2,588.66,443.71,97.94,268.71,0.7430,-1,-1,-1
25,3,464.32,444.75,116.97,288.23,0.6333,-1,-1,-1
25,4,1641.28,417.28,151.45,384.62,0.6677,-1,-1,-1
25,5,725.66,462.87,38.27,104.73,0.4016,-1,-1,-1
26,1,1514.76,408.70,189.98,411.19,0.5970,-1,-1,-1
26,2,588.60,444.08,98.27,268.68,0.7238,-1,-1,-1
26,3,464.81,442.03,118.42,293.41,0.6586,-1,-1,-1
26,4,1647.00,419.61,146.92,381.90,0.6618,-1,-1,-1
26,5,725.35,463.31,39.22,104.24,0.4402,-1,-1,-1
27,1,1523.97,410.45,192.53,411.73,0.5632,-1,-1,-1
27,2,588.82,443.58,98.75,269.90,0.7290,-1,-1,-1
27,3,466.82,443.49,116.83,290.44,0.6226,-1,-1,-1
27,4,1658.22,414.45,144.44,384.11,0.6655,-1,-1,-1
27,5,723.03,458.63,41.22,108.99,0.3559,-1,-1,-1
28,1,1526.42,405.05,195.04,422.92,0.5830,-1,-1,-1
28,2,591.19,443.41,98.83,270.62,0.7387,-1,-1,-1
28,3,468.59,442.01,116.99,292.62,0.6030,-1,-1,-1
28,4,1668.77,411.20,142.16,385.16,0.6566,-1,-1,-1
28,5,723.88,460.55,41.58,107.78,0.3628,-1,-1,-1
29,1,1534.29,396.68,195.72,432.67,0.7036,-1,-1,-1
29,2,592.94,443.53,98.63,270.62,0.7305,-1,-1,-1
29,3,471.11,442.06,116.13,292.04,0.5853,-1,-1,-1
29,4,1678.44,418.84,140.44,381.51,0.7144,-1,-1,-1
29,5,724.02,460.39,43.40,110.76,0.3503,-1,-1,-1
29,6,1424.79,436.16,58.34,121.97,0.5399,-1,-1,-1
30,1,1552.96,391.93,192.84,437.33,0.7467,-1,-1,-1
30,2,594.35,443.48,98.68,271.21,0.7479,-1,-1,-1
30,3,473.34,442.17,115.52,292.10,0.6444,-1,-1,-1
30,4,1686.11,426.37,140.75,374.50,0.6397,-1,-1,-1
30,5,722.84,458.69,44.53,113.89,0.3648,-1,-1,-1
30,6,1426.94,433.19,59.33,124.53,0.5942,-1,-1,-1
31,1,1575.99,390.61,190.00,437.58,0.7353,-1,-1,-1
31,2,596.26,443.22,98.60,272.08,0.7511,-1,-1,-1
31,3,475.44,443.21,114.03,288.59,0.6511,-1,-1,-1
31,4,1712.44,418.77,150.32,387.17,0.6599,-1,-1,-1
31,5,721.23,457.59,45.80,117.77,0.4385,-1,-1,-1
31,6,1432.00,430.28,60.12,127.29,0.5751,-1,-1,-1
32,1,1591.89,393.76,189.36,441.30,0.7909,-1,-1,-1
32,2,597.96,443.09,98.45,272.75,0.7619,-1,-1,-1
32,3,476.94,444.29,113.70,288.61,0.6380,-1,-1,-1
32,4,1732.52,417.75,154.23,389.54,0.7325,-1,-1,-1
32,5,719.80,458.69,45.95,119.25,0.4237,-1,-1,-1
32,6,1436.91,430.65,59.06,126.58,0.5304,-1,-1,-1
33,1,1601.32,394.23,191.52,450.28,0.8077,-1,-1,-1
33,2,599.64,443.90,97.77,271.66,0.7666,-1,-1,-1
33,3,477.18,444.11,114.75,292.79,0.7036,-1,-1,-1
33,4,1744.97,414.35,159.36,396.75,0.6489,-1,-1,-1
33,5,718.68,458.83,45.55,119.00,0.3715,-1,-1,-1
33,6,1441.11,431.15,58.06,126.24,0.5779,-1,-1,-1
34,1,1611.08,394.30,190.54,448.28,0.8033,-1,-1,-1
34,2,601.73,443.44,97.18,271.87,0.7622,-1,-1,-1
34,3,476.72,443.95,116.29,298.44,0.7295,-1,-1,-1
34,4,1757.92,447.08,151.59,368.95,0.3172,-1,-1,-1
34,5,716.62,457.12,45.80,120.64,0.3647,-1,-1,-1
34,6,1445.59,430.85,57.29,126.58,0.6021,-1,-1,-1
35,1,1621.58,393.23,193.76,454.30,0.8494,-1,-1,-1
35,2,603.12,443.89,96.44,271.23,0.7727,-1,-1,-1
35,3,476.22,443.87,116.44,300.12,0.7405,-1,-1,-1
35,4,1761.40,431.29,160.99,394.45,0.4109,-1,-1,-1
35,5,716.94,458.37,44.94,119.45,0.3464,-1,-1,-1
35,6,1448.27,431.80,55.58,124.96,0.5704,-1,-1,-1
36,1,1633.75,394.72,200.60,466.05,0.8186,-1,-1,-1
36,2,604.41,444.19,95.67,270.68,0.7727,-1,-1,-1
36,3,475.47,443.95,116.81,302.02,0.7073,-1,-1,-1
36,4,1763.65,420.16,163.31,403.13,0.5498,-1,-1,-1
36,5,715.54,457.06,45.01,120.04,0.3124,-1,-1,-1
36,6,1450.75,432.73,54.67,124.79,0.5763,-1,-1,-1
37,1,1650.67,396.51,208.29,471.65,0.7919,-1,-1,-1
37,2,605.96,444.77,94.97,270.10,0.7701,-1,-1,-1
37,3,476.30,444.50,114.76,296.96,0.6661,-1,-1,-1
37,4,1768.88,419.97,161.02,401.79,0.6041,-1,-1,-1
37,5,715.14,454.61,45.76,122.94,0.3143,-1,-1,-1
37,6,1454.99,433.12,54.09,125.30,0.5473,-1,-1,-1
38,1,1653.41,400.61,213.57,473.62,0.8537,-1,-1,-1
38,2,606.65,444.23,94.86,271.02,0.7670,-1,-1,-1
38,3,478.01,444.71,112.91,291.39,0.6848,-1,-1,-1
38,4,1779.26,426.52,154.62,393.00,0.2756,-1,-1,-1
38,5,712.38,453.17,47.55,128.49,0.3084,-1,-1,-1
38,6,1457.83,432.30,53.65,126.02,0.6036,-1,-1,-1
39,1,1656.01,403.09,218.18,473.15,0.8708,-1,-1,-1
39,2,607.54,443.41,94.98,272.11,0.7798,-1,-1,-1
39,3,478.23,444.59,113.72,293.41,0.7065,-1,-1,-1
39,4,1792.51,429.39,145.60,380.55,0.5196,-1,-1,-1
39,5,714.02,452.73,46.52,126.66,0.2407,-1,-1,-1
39,6,1460.21,431.92,52.96,125.76,0.5842,-1,-1,-1
40,1,1657.71,404.05,223.77,474.20,0.8623,-1,-1,-1
40,2,608.37,443.68,94.73,272.28,0.7745,-1,-1,-1
40,3,478.07,445.58,114.57,294.98,0.6819,-1,-1,-1
40,4,1799.22,424.68,143.49,386.99,0.5961,-1,-1,-1
40,6,1463.29,432.80,51.93,124.11,0.5641,-1,-1,-1
41,1,1662.34,401.81,232.51,482.05,0.8655,-1,-1,-1
41,2,610.59,443.60,94.58,272.66,0.7916,-1,-1,-1
41,3,478.70,446.89,114.47,295.00,0.6836,-1,-1,-1
41,4,1804.20,405.41,145.68,409.99,0.6854,-1,-1,-1
41,6,1465.62,433.99,51.05,121.71,0.5075,-1,-1,-1
42,1,1664.29,401.31,235.67,480.67,0.8417,-1,-1,-1
42,2,611.99,443.01,94.06,272.28,0.7989,-1,-1,-1
42,3,476.48,447.36,116.85,300.95,0.6607,-1,-1,-1
42,4,1810.89,395.21,143.12,422.45,0.6497,-1,-1,-1
42,6,1467.72,434.51,50.78,121.07,0.5558,-1,-1,-1
43,1,1668.45,402.94,238.28,480.89,0.8501,-1,-1,-1
43,2,613.55,443.33,93.51,271.82,0.7886,-1,-1,-1
43,3,471.41,446.09,119.35,306.41,0.6241,-1,-1,-1
43,4,1818.97,393.56,136.98,425.82,0.5920,-1,-1,-1
43,6,1469.85,433.59,51.11,121.76,0.5799,-1,-1,-1
44,1,1671.68,396.17,240.90,485.25,0.8458,-1,-1,-1
44,2,614.36,443.58,93.17,271.42,0.7992,-1,-1,-1
44,3,470.02,446.14,121.77,312.18,0.6486,-1,-1,-1
44,6,1472.46,434.94,50.53,120.67,0.5326,-1,-1,-1
45,1,1680.95,394.16,238.88,485.26,0.7946,-1,-1,-1
45,2,615.54,443.12,93.02,271.54,0.7777,-1,-1,-1
45,3,468.42,444.25,122.80,314.78,0.6357,-1,-1,-1
45,6,1475.05,434.01,49.93,121.29,0.4938,-1,-1,-1
46,1,1695.54,392.30,236.35,487.47,0.6319,-1,-1,-1
46,2,617.07,442.40,93.39,272.40,0.7591,-1,-1,-1
46,3,467.25,444.81,124.29,318.03,0.6338,-1,-1,-1
46,6,1478.40,435.01,48.06,119.89,0.5208,-1,-1,-1
47,1,1722.49,387.23,229.95,493.74,0.7059,-1,-1,-1
47,2,617.00,441.77,93.47,272.77,0.7759,-1,-1,-1
47,3,465.84,444.46,125.38,320.15,0.6297,-1,-1,-1
47,6,1481.89,432.65,47.02,120.73,0.5143,-1,-1,-1
47,5,689.98,455.32,71.40,201.71,0.5477,-1,-1,-1
48,1,1737.00,386.12,220.97,492.09,0.7899,-1,-1,-1
48,2,618.42,441.31,93.46,272.62,0.7453,-1,-1,-1
48,3,467.52,443.97,124.75,319.43,0.6478,-1,-1,-1
48,6,1488.35,437.06,43.93,116.17,0.2994,-1,-1,-1
48,5,691.60,454.14,72.01,207.72,0.3822,-1,-1,-1
49,1,1752.14,385.17,211.90,492.89,0.8007,-1,-1,-1
49,2,619.36,441.28,93.39,272.08,0.7551,-1,-1,-1
49,3,468.85,444.29,123.90,318.48,0.6377,-1,-1,-1
49,5,693.23,454.79,71.57,209.44,0.4384,-1,-1,-1
50,1,1764.20,385.14,203.66,496.62,0.8414,-1,-1,-1
50,2,620.28,441.56,94.01,272.25,0.7557,-1,-1,-1
50,3,466.03,443.82,123.66,317.10,0.6202,-1,-1,-1
50,5,696.82,452.44,71.63,212.59,0.3771,-1,-1,-1
51,1,1773.26,383.91,194.86,498.83,0.8291,-1,-1,-1
51,2,621.15,441.45,94.63,272.36,0.7625,-1,-1,-1
51,3,460.43,443.47,124.58,315.54,0.6074,-1,-1,-1
51,5,698.98,456.11,70.24,209.38,0.3362,-1,-1,-1
52,1,1782.67,385.19,184.23,495.82,0.8109,-1,-1,-1
52,2,621.95,442.31,94.81,271.68,0.7491,-1,-1,-1
52,3,465.06,444.45,124.33,315.26,0.6583,-1,-1,-1
52,5,700.47,456.57,70.12,208.96,0.3014,-1,-1,-1
53,1,1787.94,384.11,176.96,499.92,0.7787,-1,-1,-1
53,2,622.33,443.17,94.59,270.52,0.7479,-1,-1,-1
53,3,465.77,445.76,123.90,313.09,0.6521,-1,-1,-1
53,5,695.92,455.29,70.32,209.35,0.4763,-1,-1,-1
54,1,1790.81,388.71,168.93,497.83,0.7337,-1,-1,-1
54,2,623.62,442.75,95.12,271.86,0.7377,-1,-1,-1
54,3,467.27,445.89,124.22,314.01,0.6934,-1,-1,-1
54,5,696.69,453.59,71.82,210.60,0.3682,-1,-1,-1
54,7,1259.35,430.30,40.63,115.22,0.5063,-1,-1,-1
55,1,1797.09,411.21,155.84,476.50,0.7186,-1,-1,-1
55,2,622.86,442.21,95.09,272.73,0.7448,-1,-1,-1
55,3,468.30,445.30,124.22,315.06,0.7045,-1,-1,-1
55,5,695.25,455.17,71.83,209.16,0.3818,-1,-1,-1
55,7,1259.34,429.64,40.97,116.22,0.5005,-1,-1,-1
56,1,1802.85,429.19,144.81,458.49,0.5919,-1,-1,-1
56,2,622.73,441.69,95.03,273.36,0.7329,-1,-1,-1
56,3,469.74,445.44,123.50,314.46,0.7116,-1,-1,-1
56,5,694.10,455.73,71.13,208.27,0.4708,-1,-1,-1
56,7,1259.31,426.84,41.81,118.74,0.5103,-1,-1,-1
57,1,1803.38,407.89,145.56,479.69,0.3788,-1,-1,-1
57,2,622.31,442.34,94.50,273.00,0.7314,-1,-1,-1
57,3,469.92,446.70,122.89,313.17,0.6682,-1,-1,-1
57,5,693.49,455.61,71.55,210.34,0.5811,-1,-1,-1
57,7,1260.09,430.82,40.28,114.39,0.5175,-1,-1,-1
58,1,1809.71,429.60,134.35,457.42,0.3319,-1,-1,-1
58,2,624.68,443.38,94.07,271.85,0.7337,-1,-1,-1
58,3,471.60,445.82,122.30,312.60,0.6648,-1,-1,-1
58,5,694.66,465.53,69.18,203.20,0.2244,-1,-1,-1
58,7,1260.85,432.55,39.76,112.77,0.5224,-1,-1,-1
59,2,625.56,443.06,93.98,271.98,0.7172,-1,-1,-1
59,3,472.67,444.00,123.09,315.68,0.7116,-1,-1,-1
59,5,695.30,461.96,71.08,209.60,0.4736,-1,-1,-1
59,7,1261.48,432.87,39.79,112.33,0.5377,-1,-1,-1
60,2,625.08,443.16,94.52,274.07,0.7132,-1,-1,-1
60,3,473.87,442.18,124.46,318.35,0.7233,-1,-1,-1
60,5,695.56,457.81,72.39,214.93,0.5750,-1,-1,-1
60,7,1261.57,434.74,39.51,111.03,0.5482,-1,-1,-1
61,2,624.30,443.61,95.17,276.46,0.7075,-1,-1,-1
61,3,477.24,443.13,124.96,316.85,0.6856,-1,-1,-1
61,5,696.63,456.48,72.57,217.04,0.5448,-1,-1,-1
61,7,1260.56,430.09,41.21,115.74,0.5334,-1,-1,-1
62,2,622.98,444.46,94.56,275.80,0.7224,-1,-1,-1
62,3,482.69,442.89,126.48,318.24,0.7249,-1,-1,-1
62,5,696.44,454.74,72.67,219.12,0.6201,-1,-1,-1
62,7,1259.98,430.35,40.99,115.15,0.5512,-1,-1,-1
63,2,620.53,443.97,95.43,278.99,0.7393,-1,-1,-1
63,3,484.45,441.11,128.21,319.70,0.7251,-1,-1,-1
63,5,696.34,457.26,71.61,216.15,0.6620,-1,-1,-1
63,7,1259.92,431.13,40.51,113.81,0.5324,-1,-1,-1
64,2,618.98,444.20,95.18,278.79,0.7432,-1,-1,-1
64,3,488.34,441.83,128.95,318.91,0.7205,-1,-1,-1
64,5,695.53,453.53,72.73,220.68,0.6377,-1,-1,-1
64,7,1259.88,433.27,39.60,111.04,0.5248,-1,-1,-1
65,2,618.55,446.46,94.43,277.13,0.7429,-1,-1,-1
65,3,495.32,444.41,128.54,316.97,0.7891,-1,-1,-1
65,5,694.08,450.86,73.72,225.37,0.6806,-1,-1,-1
65,7,1260.16,437.49,38.39,107.03,0.5287,-1,-1,-1
66,2,618.88,447.70,93.82,276.22,0.7595,-1,-1,-1
66,3,499.42,446.53,129.65,317.06,0.7284,-1,-1,-1
66,5,695.48,452.38,72.99,224.29,0.6783,-1,-1,-1
66,7,1260.13,439.01,38.11,105.65,0.5299,-1,-1,-1
67,2,618.73,447.44,93.52,275.51,0.7469,-1,-1,-1
67,3,496.76,447.18,132.90,320.76,0.6449,-1,-1,-1
67,5,696.78,453.26,72.89,224.39,0.6747,-1,-1,-1
67,7,1260.65,441.03,37.39,103.33,0.5143,-1,-1,-1
68,2,617.58,446.71,93.81,275.48,0.7347,-1,-1,-1
68,3,496.77,448.56,133.93,318.51,0.6441,-1,-1,-1
68,5,698.65,454.85,72.06,221.90,0.6769,-1,-1,-1
68,7,1260.17,437.59,38.68,106.91,0.4908,-1,-1,-1
69,2,616.31,446.90,94.13,275.27,0.7571,-1,-1,-1
69,3,497.24,446.94,136.53,320.46,0.6178,-1,-1,-1
69,5,698.19,456.01,72.03,221.49,0.6660,-1,-1,-1
69,7,1260.05,437.20,38.81,107.21,0.5127,-1,-1,-1
70,2,614.48,446.22,94.74,275.18,0.7602,-1,-1,-1
70,3,497.71,444.35,138.22,322.11,0.7277,-1,-1,-1
70,5,698.26,457.30,71.82,220.79,0.6304,-1,-1,-1
70,7,1259.97,437.81,38.66,106.65,0.5124,-1,-1,-1
70,6,1540.99,420.09,49.31,132.70,0.5866,-1,-1,-1
71,2,613.35,445.79,95.49,276.07,0.7686,-1,-1,-1
71,3,499.94,443.39,139.41,323.62,0.7339,-1,-1,-1
71,5,697.55,458.53,71.33,220.30,0.5866,-1,-1,-1
71,7,1259.83,437.43,38.84,107.06,0.5172,-1,-1,-1
71,6,1542.15,420.22,48.96,132.66,0.5760,-1,-1,-1
72,2,613.01,444.81,95.98,277.16,0.7655,-1,-1,-1
72,3,501.14,443.81,139.82,323.45,0.7412,-1,-1,-1
72,5,698.22,458.52,71.54,221.28,0.5837,-1,-1,-1
72,7,1259.35,432.20,40.61,112.28,0.5145,-1,-1,-1
72,6,1542.56,420.36,48.35,132.29,0.5699,-1,-1,-1
73,2,614.34,443.91,96.15,278.03,0.7676,-1,-1,-1
73,3,503.08,444.45,139.85,323.51,0.7758,-1,-1,-1
73,5,699.77,458.49,71.36,220.76,0.5996,-1,-1,-1
73,7,1259.50,431.30,40.80,112.94,0.5074,-1,-1,-1
73,6,1544.17,419.40,47.76,132.81,0.5323,-1,-1,-1
74,2,615.91,442.88,96.29,280.11,0.7757,-1,-1,-1
74,3,505.60,444.19,140.78,326.29,0.7379,-1,-1,-1
74,5,702.72,455.87,72.31,222.33,0.5739,-1,-1,-1
74,7,1259.64,429.10,41.57,115.46,0.5172,-1,-1,-1
74,6,1544.56,419.04,46.20,130.79,0.2979,-1,-1,-1
75,2,616.26,441.01,96.19,282.45,0.7706,-1,-1,-1
75,3,506.32,442.69,140.58,326.34,0.7339,-1,-1,-1
75,5,703.92,454.98,72.59,221.97,0.6329,-1,-1,-1
75,7,1259.23,428.37,41.92,116.68,0.5276,-1,-1,-1
76,2,617.70,441.36,95.16,282.09,0.7708,-1,-1,-1
76,3,509.58,445.35,137.81,321.82,0.7659,-1,-1,-1
76,5,704.93,452.09,74.14,224.70,0.6644,-1,-1,-1
76,7,1259.38,427.84,41.98,117.01,0.5213,-1,-1,-1
77,2,617.77,441.08,94.69,283.85,0.7672,-1,-1,-1
77,3,512.86,446.53,136.04,320.33,0.7638,-1,-1,-1
77,5,705.04,448.33,76.16,228.38,0.6311,-1,-1,-1
77,7,1259.49,427.66,41.95,117.10,0.5267,-1,-1,-1
78,2,620.93,441.38,92.77,281.91,0.7763,-1,-1,-1
78,3,512.69,445.67,135.68,321.60,0.7205,-1,-1,-1
78,5,707.15,451.38,76.55,225.92,0.6610,-1,-1,-1
78,7,1261.60,438.61,38.24,105.73,0.4773,-1,-1,-1
79,2,622.76,440.61,91.52,282.35,0.7683,-1,-1,-1
79,3,512.05,446.07,135.29,322.48,0.5523,-1,-1,-1
79,5,710.93,455.63,76.86,221.51,0.6625,-1,-1,-1
79,7,1261.92,438.90,38.36,105.44,0.4630,-1,-1,-1
80,2,624.35,439.71,90.84,283.80,0.7412,-1,-1,-1
80,3,510.20,445.79,136.25,324.73,0.5070,-1,-1,-1
80,5,714.81,457.56,78.33,220.08,0.7267,-1,-1,-1
80,7,1261.80,437.32,39.13,107.08,0.4883,-1,-1,-1
81,2,626.15,437.30,91.06,287.73,0.7146,-1,-1,-1
81,3,508.58,445.57,137.71,327.69,0.4905,-1,-1,-1
81,5,716.89,458.29,80.39,220.26,0.7116,-1,-1,-1
81,7,1261.58,435.44,39.89,108.89,0.4970,-1,-1,-1
82,2,627.18,438.61,90.15,288.28,0.6814,-1,-1,-1
82,3,526.64,446.91,134.26,331.06,0.5208,-1,-1,-1
82,5,718.71,458.62,82.84,220.55,0.7306,-1,-1,-1
82,7,1261.87,438.51,39.08,106.13,0.5000,-1,-1,-1
83,2,628.91,440.41,89.30,288.27,0.6484,-1,-1,-1
83,3,504.90,449.69,124.66,312.89,0.5310,-1,-1,-1
83,5,720.19,458.31,85.41,222.18,0.7128,-1,-1,-1
83,7,1261.99,435.36,40.37,109.51,0.4573,-1,-1,-1
84,2,631.05,441.89,89.21,288.33,0.5866,-1,-1,-1
84,3,530.68,444.62,126.97,330.71,0.5377,-1,-1,-1
84,5,721.98,459.99,87.25,221.17,0.7028,-1,-1,-1
84,7,1262.28,435.62,40.33,109.41,0.4270,-1,-1,-1
85,2,631.36,443.59,89.01,288.13,0.5711,-1,-1,-1
85,3,536.26,440.31,127.54,341.94,0.4759,-1,-1,-1
85,5,724.16,458.77,89.42,223.62,0.7238,-1,-1,-1
85,7,1263.25,439.06,39.10,105.78,0.3931,-1,-1,-1
86,2,633.52,444.09,89.58,288.49,0.5456,-1,-1,-1
86,3,537.30,440.67,124.61,342.83,0.3968,-1,-1,-1
86,5,724.98,457.28,91.01,225.31,0.7347,-1,-1,-1
86,7,1263.76,440.09,38.69,104.49,0.4200,-1,-1,-1
87,2,634.74,443.80,89.58,288.58,0.5310,-1,-1,-1
87,3,538.63,440.94,122.15,343.11,0.4050,-1,-1,-1
87,5,725.41,456.37,91.99,225.46,0.7198,-1,-1,-1
87,7,1262.50,434.46,40.43,109.69,0.4075,-1,-1,-1
88,2,637.81,446.10,89.52,286.60,0.5827,-1,-1,-1
88,3,542.86,441.05,119.40,342.77,0.4498,-1,-1,-1
88,5,726.33,454.34,93.31,227.70,0.6862,-1,-1,-1
88,7,1262.13,431.53,41.34,112.60,0.4245,-1,-1,-1
89,2,640.61,448.72,89.36,284.54,0.5881,-1,-1,-1
89,3,567.00,447.03,102.86,302.14,0.4552,-1,-1,-1
89,5,726.85,452.12,94.67,230.18,0.7351,-1,-1,-1
89,7,1262.15,431.25,41.50,113.22,0.4326,-1,-1,-1
90,2,642.16,446.61,89.74,286.19,0.6022,-1,-1,-1
90,3,578.60,448.43,95.40,286.93,0.4331,-1,-1,-1
90,5,728.87,451.74,94.84,230.67,0.7265,-1,-1,-1
90,7,1262.47,434.60,40.35,109.65,0.4309,-1,-1,-1
90,8,513.94,449.07,96.32,305.51,0.5634,-1,-1,-1
91,2,643.86,443.29,91.18,290.68,0.6814,-1,-1,-1
91,3,579.00,447.17,93.39,284.49,0.5621,-1,-1,-1
91,5,731.23,453.41,93.98,229.06,0.6912,-1,-1,-1
91,7,1261.29,437.00,39.75,108.42,0.3939,-1,-1,-1
91,8,514.14,449.24,94.61,299.83,0.6319,-1,-1,-1
92,2,643.66,439.52,92.76,294.92,0.6772,-1,-1,-1
92,3,579.51,446.06,92.27,284.54,0.4986,-1,-1,-1
92,5,732.67,453.98,93.60,228.18,0.6874,-1,-1,-1
92,7,1260.54,436.64,39.94,108.97,0.4563,-1,-1,-1
92,8,513.05,448.21,95.18,301.31,0.6139,-1,-1,-1
93,2,643.34,438.68,93.51,296.05,0.6733,-1,-1,-1
93,3,580.56,445.94,91.00,284.33,0.4922,-1,-1,-1
93,5,735.14,456.52,92.37,225.25,0.7076,-1,-1,-1
93,7,1260.21,436.10,40.11,109.52,0.4624,-1,-1,-1
93,8,513.14,447.87,95.61,302.27,0.6227,-1,-1,-1
94,2,644.08,439.43,93.90,297.30,0.7237,-1,-1,-1
94,3,583.27,446.39,89.49,285.31,0.4786,-1,-1,-1
94,5,737.18,454.87,92.82,226.86,0.7048,-1,-1,-1
94,7,1260.31,436.94,39.89,108.82,0.4625,-1,-1,-1
94,8,514.93,448.50,95.56,302.45,0.5699,-1,-1,-1
95,2,644.83,439.89,94.51,297.94,0.7413,-1,-1,-1
95,3,583.91,446.57,87.39,281.91,0.4523,-1,-1,-1
95,5,738.53,452.96,93.52,229.71,0.6683,-1,-1,-1
95,7,1259.35,435.93,40.56,110.16,0.5238,-1,-1,-1
95,8,513.66,448.27,95.56,302.08,0.5600,-1,-1,-1
96,2,644.48,440.88,94.75,297.42,0.7595,-1,-1,-1
96,3,584.55,446.62,85.79,279.24,0.4054,-1,-1,-1
96,5,741.73,454.45,92.52,228.68,0.6825,-1,-1,-1
96,7,1258.57,435.22,40.98,111.17,0.4772,-1,-1,-1
96,8,511.01,447.10,96.16,303.56,0.5007,-1,-1,-1
97,2,645.91,441.35,94.89,296.87,0.7520,-1,-1,-1
97,3,583.98,446.53,85.19,279.66,0.3891,-1,-1,-1
97,5,744.86,455.76,92.25,229.17,0.6975,-1,-1,-1
97,7,1257.99,433.51,41.45,112.61,0.4491,-1,-1,-1
97,8,510.22,446.61,96.36,303.51,0.5032,-1,-1,-1
98,2,647.84,442.29,95.07,296.15,0.7792,-1,-1,-1
98,3,565.01,442.64,101.36,331.43,0.5219,-1,-1,-1
98,5,748.90,457.42,91.62,228.59,0.7152,-1,-1,-1
98,7,1258.21,436.70,40.64,109.76,0.5486,-1,-1,-1
98,8,507.90,446.52,96.97,304.53,0.5049,-1,-1,-1
99,2,649.16,442.59,95.42,295.89,0.7606,-1,-1,-1
99,3,562.11,442.98,105.92,348.18,0.5669,-1,-1,-1
99,5,750.08,456.67,91.85,229.66,0.7761,-1,-1,-1
99,7,1258.36,439.35,39.80,107.14,0.5311,-1,-1,-1
99,8,505.37,444.71,97.86,305.01,0.5339,-1,-1,-1
100,2,650.49,442.12,96.29,296.90,0.6840,-1,-1,-1
100,3,564.69,443.79,106.39,353.20,0.5904,-1,-1,-1
100,5,751.00,454.53,92.02,231.73,0.7635,-1,-1,-1
100,7,1258.30,441.10,39.35,105.63,0.5535,-1,-1,-1
100,8,501.49,441.24,98.19,304.22,0.5654,-1,-1,-1
101,2,651.81,442.51,97.17,296.86,0.7108,-1,-1,-1
101,3,562.03,442.53,108.19,358.97,0.6094,-1,-1,-1
101,5,751.98,455.60,91.48,232.13,0.7579,-1,-1,-1
101,7,1257.97,441.70,39.14,105.00,0.5546,-1,-1,-1
101,8,500.69,442.28,99.40,305.19,0.5476,-1,-1,-1
102,2,653.26,441.89,97.00,294.45,0.7176,-1,-1,-1
102,3,563.06,443.56,108.06,359.96,0.6214,-1,-1,-1
102,5,753.18,456.58,90.90,231.09,0.7433,-1,-1,-1
102,7,1256.18,440.98,39.22,105.93,0.5570,-1,-1,-1
102,8,499.21,441.16,99.63,305.42,0.5780,-1,-1,-1
103,2,654.91,440.88,97.92,294.55,0.7067,-1,-1,-1
103,3,564.73,443.99,107.94,360.22,0.5751,-1,-1,-1
103,5,753.50,457.06,89.81,228.74,0.7246,-1,-1,-1
103,7,1257.38,442.74,38.41,104.03,0.4840,-1,-1,-1
103,8,499.29,443.28,98.79,302.49,0.5501,-1,-1,-1
104,2,657.04,440.51,98.90,295.65,0.7207,-1,-1,-1
104,3,557.38,440.55,110.75,363.73,0.6641,-1,-1,-1
104,5,754.32,457.76,89.82,229.45,0.7326,-1,-1,-1
104,7,1256.00,442.55,38.47,104.80,0.4853,-1,-1,-1
104,8,501.53,444.68,100.45,305.42,0.3812,-1,-1,-1
105,2,658.41,439.97,100.00,297.30,0.7537,-1,-1,-1
105,3,550.60,437.75,113.91,365.33,0.7286,-1,-1,-1
105,5,756.50,459.32,90.11,231.73,0.7589,-1,-1,-1
105,7,1256.01,442.88,38.24,104.59,0.4586,-1,-1,-1
105,8,503.08,445.96,101.15,306.27,0.2072,-1,-1,-1
106,2,659.94,441.22,99.99,295.40,0.7511,-1,-1,-1
106,3,547.07,438.03,116.61,365.17,0.6724,-1,-1,-1
106,5,757.69,459.03,90.33,233.70,0.7376,-1,-1,-1
106,7,1255.36,442.39,38.68,105.75,0.4402,-1,-1,-1
106,8,502.89,444.19,102.19,308.38,0.2751,-1,-1,-1
107,2,662.10,441.23,100.91,295.28,0.7627,-1,-1,-1
107,3,546.05,438.41,119.09,364.25,0.6664,-1,-1,-1
107,5,759.17,459.58,90.37,235.26,0.7348,-1,-1,-1
107,7,1254.45,444.74,36.83,101.87,0.3549,-1,-1,-1
107,8,503.97,446.50,102.13,306.56,0.2596,-1,-1,-1
108,2,662.64,439.29,101.66,296.31,0.7569,-1,-1,-1
108,3,547.34,437.23,122.06,367.27,0.6895,-1,-1,-1
108,5,758.66,455.88,92.45,242.03,0.7147,-1,-1,-1
108,7,1256.53,445.14,37.16,102.97,0.2843,-1,-1,-1
108,8,504.56,447.62,102.71,306.78,0.2161,-1,-1,-1
109,2,663.54,438.53,102.89,298.21,0.7368,-1,-1,-1
109,3,549.01,437.00,124.51,368.57,0.6967,-1,-1,-1
109,5,759.63,455.28,92.52,243.52,0.6722,-1,-1,-1
109,7,1254.46,447.58,35.41,99.29,0.2317,-1,-1,-1
109,8,502.40,460.37,96.24,289.74,0.2203,-1,-1,-1
110,2,662.99,437.90,103.79,301.04,0.7534,-1,-1,-1
110,3,549.61,437.72,126.45,368.51,0.6860,-1,-1,-1
110,5,759.74,456.75,91.96,242.56,0.7076,-1,-1,-1
110,7,1249.81,444.73,35.95,101.27,0.2950,-1,-1,-1
110,8,501.31,459.92,95.14,288.87,0.2866,-1,-1,-1
111,2,663.55,437.86,105.33,305.17,0.7663,-1,-1,-1
111,3,550.27,440.03,128.41,367.85,0.6626,-1,-1,-1
111,5,759.57,455.84,91.88,243.18,0.7134,-1,-1,-1
111,7,1246.56,441.19,36.78,104.46,0.4356,-1,-1,-1
111,8,500.56,451.70,96.80,295.89,0.3627,-1,-1,-1
112,2,665.36,437.88,105.71,306.70,0.7777,-1,-1,-1
112,3,549.16,437.59,130.55,369.25,0.6822,-1,-1,-1
112,5,759.31,452.87,92.70,246.81,0.7238,-1,-1,-1
112,7,1244.52,440.00,37.32,106.00,0.4787,-1,-1,-1
112,8,500.67,450.27,96.01,297.03,0.2020,-1,-1,-1
113,2,666.20,437.85,107.32,311.95,0.7861,-1,-1,-1
113,3,551.53,436.11,131.65,370.88,0.6970,-1,-1,-1
113,5,760.71,451.71,92.45,247.81,0.7145,-1,-1,-1
113,7,1243.95,440.44,37.07,105.67,0.4759,-1,-1,-1
114,2,666.58,438.91,107.67,314.72,0.7899,-1,-1,-1
114,3,547.66,434.63,133.98,372.19,0.6817,-1,-1,-1
114,5,762.67,453.23,91.37,245.72,0.7038,-1,-1,-1
114,7,1243.13,440.83,36.72,104.66,0.5743,-1,-1,-1
115,2,667.18,438.93,106.92,314.37,0.7876,-1,-1,-1
115,3,557.05,435.61,132.62,371.37,0.6534,-1,-1,-1
115,5,765.28,454.43,90.80,244.52,0.6930,-1,-1,-1
115,7,1242.18,440.86,36.32,103.24,0.5540,-1,-1,-1
116,2,668.76,438.90,105.40,312.43,0.7857,-1,-1,-1
116,3,558.14,435.31,132.72,372.75,0.6312,-1,-1,-1
116,5,766.10,451.98,91.53,247.36,0.6743,-1,-1,-1
116,7,1241.26,441.21,36.19,102.38,0.5973,-1,-1,-1
117,2,669.72,439.91,104.66,311.98,0.7957,-1,-1,-1
117,3,552.74,434.51,134.00,373.49,0.6800,-1,-1,-1
117,5,768.26,452.20,90.78,246.69,0.6473,-1,-1,-1
117,7,1241.32,441.42,35.69,101.05,0.5698,-1,-1,-1
118,2,670.15,440.14,104.12,313.76,0.7995,-1,-1,-1
118,3,547.76,435.15,136.60,377.32,0.6853,-1,-1,-1
118,5,767.13,454.35,89.37,244.88,0.6584,-1,-1,-1
118,7,1241.22,442.22,35.33,99.83,0.5427,-1,-1,-1
119,2,670.41,440.57,104.43,317.94,0.8141,-1,-1,-1
119,3,539.34,439.32,140.43,379.45,0.7319,-1,-1,-1
119,5,768.75,452.45,89.80,245.56,0.7127,-1,-1,-1
119,7,1240.53,442.83,34.92,97.93,0.5295,-1,-1,-1
120,2,672.46,441.31,103.96,319.51,0.8120,-1,-1,-1
120,3,536.32,442.50,143.07,379.02,0.7667,-1,-1,-1
120,5,770.97,451.94,90.61,246.92,0.7124,-1,-1,-1
120,7,1238.76,442.93,35.81,100.05,0.5371,-1,-1,-1
121,2,673.85,441.25,103.36,320.72,0.8157,-1,-1,-1
121,3,534.70,444.55,146.08,379.00,0.7730,-1,-1,-1
121,5,772.49,453.42,91.29,245.84,0.6841,-1,-1,-1
121,7,1238.07,443.16,35.90,100.98,0.4970,-1,-1,-1
122,2,676.78,440.43,102.74,320.81,0.8005,-1,-1,-1
122,3,534.91,445.91,149.29,380.60,0.8126,-1,-1,-1
122,5,778.61,452.73,93.29,248.13,0.5888,-1,-1,-1
122,7,1236.39,445.46,35.38,99.88,0.4612,-1,-1,-1
123,2,678.64,439.56,102.41,322.80,0.8127,-1,-1,-1
123,3,535.35,443.78,153.44,386.20,0.8010,-1,-1,-1
123,5,780.98,456.70,93.90,244.97,0.7214,-1,-1,-1
123,7,1236.28,450.56,34.26,96.18,0.5373,-1,-1,-1
124,2,680.03,438.60,102.16,325.17,0.8053,-1,-1,-1
124,3,535.43,442.72,157.17,391.55,0.6876,-1,-1,-1
124,5,781.89,457.02,95.59,245.41,0.7236,-1,-1,-1
124,7,1236.23,453.80,33.54,93.40,0.5575,-1,-1,-1
125,2,680.61,437.79,101.76,327.06,0.8170,-1,-1,-1
125,3,535.54,442.27,159.22,391.99,0.7677,-1,-1,-1
125,5,784.97,459.56,96.25,244.06,0.7425,-1,-1,-1
125,7,1234.66,454.62,33.98,93.91,0.5475,-1,-1,-1
126,2,682.14,437.74,101.27,327.40,0.8111,-1,-1,-1
126,3,544.31,442.17,157.66,391.61,0.6423,-1,-1,-1
126,5,784.44,457.78,97.68,246.34,0.7282,-1,-1,-1
126,7,1232.12,453.40,35.10,95.95,0.5450,-1,-1,-1
127,2,682.72,437.99,101.20,328.22,0.8122,-1,-1,-1
127,3,546.60,440.84,157.37,392.68,0.6704,-1,-1,-1
127,5,784.51,456.96,98.61,248.17,0.7183,-1,-1,-1
127,7,1229.86,452.48,36.32,97.82,0.5223,-1,-1,-1
128,2,684.63,437.72,101.64,329.04,0.8132,-1,-1,-1
128,3,552.48,440.69,156.17,392.37,0.6721,-1,-1,-1
128,5,785.37,461.53,97.05,243.27,0.6857,-1,-1,-1
128,7,1228.10,454.31,37.08,98.17,0.5056,-1,-1,-1
129,2,684.29,437.73,101.87,328.84,0.8329,-1,-1,-1
129,3,555.04,441.47,155.32,391.32,0.6805,-1,-1,-1
129,5,787.37,460.01,97.81,244.19,0.6778,-1,-1,-1
129,7,1227.25,461.78,35.98,92.45,0.4230,-1,-1,-1
130,2,683.78,437.53,102.29,328.98,0.8316,-1,-1,-1
130,3,552.97,442.00,155.69,390.38,0.6633,-1,-1,-1
130,5,788.39,459.44,98.34,244.96,0.7440,-1,-1,-1
130,7,1225.23,456.56,38.41,97.92,0.4340,-1,-1,-1
131,2,683.05,437.07,102.88,330.39,0.8231,-1,-1,-1
131,3,561.80,440.71,154.27,391.24,0.5515,-1,-1,-1
131,5,790.55,459.05,99.12,246.72,0.7644,-1,-1,-1
131,7,1226.04,462.41,37.32,92.75,0.3967,-1,-1,-1
132,2,683.45,436.20,103.06,331.46,0.8129,-1,-1,-1
132,3,566.46,440.39,153.13,390.42,0.5694,-1,-1,-1
132,5,792.34,457.25,100.00,248.89,0.7880,-1,-1,-1
132,7,1226.49,465.26,36.79,89.51,0.2669,-1,-1,-1
133,2,683.82,435.71,103.05,331.83,0.8010,-1,-1,-1
133,3,575.03,438.84,151.05,391.50,0.6248,-1,-1,-1
133,5,793.42,457.94,99.85,248.62,0.7891,-1,-1,-1
133,7,1225.63,465.33,37.68,89.94,0.2900,-1,-1,-1
134,2,685.06,434.51,103.39,333.01,0.7910,-1,-1,-1
134,3,577.14,439.54,149.50,390.74,0.6258,-1,-1,-1
134,5,795.15,454.86,100.88,251.11,0.7736,-1,-1,-1
134,7,1223.36,462.37,39.58,93.07,0.3002,-1,-1,-1
135,2,685.77,433.09,103.59,333.26,0.7845,-1,-1,-1
135,3,576.49,439.93,149.17,391.44,0.6394,-1,-1,-1
135,5,793.97,451.90,102.44,254.66,0.7166,-1,-1,-1
136,2,686.46,433.05,103.55,332.49,0.7736,-1,-1,-1
136,3,573.84,439.47,150.58,395.66,0.6531,-1,-1,-1
136,5,793.79,450.98,102.74,256.20,0.7076,-1,-1,-1
137,2,691.92,433.60,102.72,329.97,0.7812,-1,-1,-1
137,3,577.56,437.39,152.87,408.53,0.6708,-1,-1,-1
137,5,794.93,452.42,102.00,255.63,0.7601,-1,-1,-1
138,2,692.56,433.91,103.36,330.61,0.7634,-1,-1,-1
138,3,578.46,437.01,154.11,417.78,0.6509,-1,-1,-1
138,5,797.53,451.22,102.26,258.69,0.7548,-1,-1,-1
139,2,694.66,433.52,104.07,331.97,0.7558,-1,-1,-1
139,3,572.59,438.55,154.28,417.77,0.6134,-1,-1,-1
139,5,801.10,450.04,102.13,261.29,0.7271,-1,-1,-1
140,2,696.03,433.96,104.90,331.78,0.7594,-1,-1,-1
140,3,569.70,438.39,154.70,417.73,0.5618,-1,-1,-1
140,5,802.65,451.62,100.43,262.85,0.6994,-1,-1,-1
141,2,696.64,433.12,106.58,334.05,0.7575,-1,-1,-1
141,3,565.74,438.39,155.98,419.07,0.5603,-1,-1,-1
141,5,807.13,451.61,98.64,262.40,0.6511,-1,-1,-1
142,2,700.40,433.35,108.03,332.50,0.7614,-1,-1,-1
142,3,562.66,438.67,156.08,415.46,0.5183,-1,-1,-1
142,5,809.76,448.29,99.45,267.80,0.6417,-1,-1,-1
143,2,703.70,435.31,109.58,330.74,0.7707,-1,-1,-1
143,3,568.28,435.51,158.49,427.27,0.5327,-1,-1,-1
143,5,811.90,447.57,98.26,268.04,0.6267,-1,-1,-1
144,2,705.67,436.24,112.55,331.51,0.7510,-1,-1,-1
144,3,556.04,436.96,162.92,433.41,0.5175,-1,-1,-1
144,5,815.00,448.35,96.24,265.62,0.5448,-1,-1,-1
145,2,707.20,437.88,115.23,330.68,0.7511,-1,-1,-1
145,3,550.21,437.09,166.78,439.52,0.6339,-1,-1,-1
145,5,818.45,453.26,92.80,258.81,0.5678,-1,-1,-1
146,2,708.64,438.30,117.84,331.12,0.7430,-1,-1,-1
146,3,547.00,438.41,169.78,444.18,0.7284,-1,-1,-1
146,5,821.42,454.33,91.03,256.47,0.6558,-1,-1,-1
147,2,709.56,437.94,120.40,333.59,0.7977,-1,-1,-1
147,3,545.04,439.91,172.06,448.06,0.7202,-1,-1,-1
147,5,823.80,456.90,89.22,253.44,0.6119,-1,-1,-1
148,2,710.07,437.68,121.85,333.54,0.7744,-1,-1,-1
148,3,543.41,440.52,174.21,451.71,0.7250,-1,-1,-1
148,5,825.61,456.93,88.96,254.07,0.6526,-1,-1,-1
149,2,711.27,437.53,123.59,336.11,0.8076,-1,-1,-1
149,3,542.47,439.29,175.22,455.26,0.7301,-1,-1,-1
149,5,828.01,456.45,88.28,253.41,0.6589,-1,-1,-1
150,2,712.37,436.54,124.65,338.17,0.8110,-1,-1,-1
150,3,543.31,437.55,176.06,458.39,0.7688,-1,-1,-1
150,5,829.61,452.86,89.15,257.11,0.6492,-1,-1,-1
150,9,885.62,440.29,85.52,238.96,0.6119,-1,-1,-1
151,2,714.69,436.56,125.34,339.70,0.8001,-1,-1,-1
151,3,542.01,438.17,175.43,458.02,0.7591,-1,-1,-1
151,5,829.99,449.89,90.55,261.59,0.6711,-1,-1,-1
151,9,888.68,438.53,85.68,239.51,0.6622,-1,-1,-1
152,2,713.39,436.16,124.65,339.76,0.8059,-1,-1,-1
152,3,543.20,438.28,175.79,458.93,0.7525,-1,-1,-1
152,5,829.01,446.25,92.99,270.09,0.7111,-1,-1,-1
152,9,888.48,437.79,86.09,241.07,0.4460,-1,-1,-1
153,2,714.58,435.40,125.05,341.30,0.8437,-1,-1,-1
153,3,536.66,437.70,174.47,458.25,0.7399,-1,-1,-1
153,5,829.56,445.44,93.01,271.35,0.7249,-1,-1,-1
153,9,902.00,436.63,60.93,166.77,0.2313,-1,-1,-1
154,2,716.33,435.48,124.75,341.08,0.8570,-1,-1,-1
154,3,532.91,433.69,174.64,461.90,0.7486,-1,-1,-1
154,5,829.64,448.63,93.28,274.30,0.6949,-1,-1,-1
154,9,890.64,436.17,82.30,226.87,0.5447,-1,-1,-1
155,2,718.69,436.21,124.51,340.64,0.8591,-1,-1,-1
155,3,529.90,433.56,174.49,462.85,0.7408,-1,-1,-1
155,5,830.19,448.24,93.80,278.08,0.6800,-1,-1,-1
155,9,890.47,436.03,86.15,239.52,0.6243,-1,-1,-1
155,10,1192.86,452.01,37.91,96.32,0.5442,-1,-1,-1
156,2,720.49,434.40,124.58,341.91,0.8377,-1,-1,-1
156,3,527.78,434.11,173.46,462.44,0.7565,-1,-1,-1
156,5,831.28,445.72,94.64,282.41,0.6884,-1,-1,-1
156,9,890.59,436.50,87.88,247.45,0.5882,-1,-1,-1
156,10,1191.25,449.88,38.28,97.33,0.5351,-1,-1,-1
157,2,723.22,433.68,124.94,342.18,0.8118,-1,-1,-1
157,3,526.08,434.47,172.93,462.82,0.7262,-1,-1,-1
157,5,834.16,444.80,94.10,282.74,0.6966,-1,-1,-1
157,9,893.41,436.96,88.19,251.51,0.4400,-1,-1,-1
157,10,1189.66,452.50,37.24,94.95,0.4867,-1,-1,-1
158,2,727.37,433.23,125.24,341.57,0.7642,-1,-1,-1
158,3,527.13,432.54,173.24,464.85,0.7492,-1,-1,-1
158,5,838.89,444.63,94.27,284.18,0.7171,-1,-1,-1
158,9,896.72,442.46,86.56,246.39,0.2368,-1,-1,-1
158,10,1189.33,457.35,35.10,89.93,0.3838,-1,-1,-1
159,2,732.66,434.67,124.98,339.59,0.7617,-1,-1,-1
159,3,524.73,431.68,173.73,464.96,0.7795,-1,-1,-1
159,5,840.51,444.80,93.90,285.49,0.7386,-1,-1,-1
159,9,900.21,442.37,86.79,245.99,0.4174,-1,-1,-1
159,10,1188.73,457.02,34.68,89.39,0.2551,-1,-1,-1
159,11,667.44,437.47,81.70,345.04,0.5173,-1,-1,-1
160,2,735.02,431.85,125.43,343.03,0.7588,-1,-1,-1
160,3,525.30,432.20,172.73,462.92,0.7844,-1,-1,-1
160,5,842.37,446.63,92.37,282.87,0.7413,-1,-1,-1
160,9,902.00,441.48,90.15,254.95,0.1978,-1,-1,-1
160,10,1188.57,456.37,34.45,89.32,0.1514,-1,-1,-1
160,11,668.41,437.74,81.80,345.47,0.5323,-1,-1,-1
161,2,737.49,430.40,125.26,344.89,0.7790,-1,-1,-1
161,3,526.46,433.87,171.39,459.47,0.7808,-1,-1,-1
161,5,844.89,447.49,91.60,281.86,0.7504,-1,-1,-1
161,10,1188.24,456.67,33.85,88.15,0.1524,-1,-1,-1
161,11,668.90,439.78,82.17,346.92,0.6252,-1,-1,-1
162,2,739.70,429.71,125.28,347.71,0.7779,-1,-1,-1
162,3,527.72,433.15,172.33,460.06,0.7730,-1,-1,-1
162,5,847.30,448.66,91.46,282.10,0.7437,-1,-1,-1
162,10,1187.60,455.31,33.69,88.45,0.2638,-1,-1,-1
162,11,669.34,440.75,82.83,349.83,0.6213,-1,-1,-1
163,2,741.89,431.00,124.40,347.71,0.7899,-1,-1,-1
163,3,529.51,432.72,173.58,461.78,0.8000,-1,-1,-1
163,5,850.98,449.47,91.61,282.17,0.7396,-1,-1,-1
163,10,1185.76,447.56,36.56,97.47,0.4379,-1,-1,-1
163,11,668.97,440.85,84.63,358.28,0.5952,-1,-1,-1
163,9,915.23,440.55,90.25,258.02,0.5735,-1,-1,-1
164,2,744.46,431.45,124.44,350.33,0.7863,-1,-1,-1
164,3,530.66,431.70,175.88,465.55,0.7893,-1,-1,-1
164,5,855.20,449.83,92.86,283.17,0.7081,-1,-1,-1
164,10,1184.38,444.42,37.22,100.47,0.5076,-1,-1,-1
164,11,670.29,439.61,85.52,362.33,0.5993,-1,-1,-1
164,9,918.87,440.58,89.03,256.25,0.5582,-1,-1,-1
165,2,745.60,430.79,124.31,352.31,0.7890,-1,-1,-1
165,3,532.57,431.30,178.00,468.28,0.8058,-1,-1,-1
165,5,861.44,450.61,94.61,282.69,0.6614,-1,-1,-1
165,10,1184.90,451.85,34.38,93.30,0.3335,-1,-1,-1
165,11,674.36,441.00,83.70,352.50,0.6939,-1,-1,-1
165,9,919.82,439.73,89.58,258.81,0.5198,-1,-1,-1
166,2,746.86,430.71,124.56,355.59,0.7908,-1,-1,-1
166,3,533.42,431.44,180.00,470.55,0.7935,-1,-1,-1
166,5,862.70,452.94,96.28,283.93,0.6399,-1,-1,-1
166,10,1185.43,455.49,33.07,90.00,0.2960,-1,-1,-1
166,11,676.54,441.86,84.01,351.44,0.7229,-1,-1,-1
166,9,923.04,437.19,88.10,256.80,0.5078,-1,-1,-1
167,2,747.59,431.06,124.08,356.45,0.7970,-1,-1,-1
167,3,536.05,432.22,181.81,471.39,0.8015,-1,-1,-1
167,5,870.30,451.12,99.07,283.63,0.7054,-1,-1,-1
167,10,1185.84,457.77,32.63,88.92,0.2283,-1,-1,-1
167,11,677.44,442.04,84.55,351.68,0.7096,-1,-1,-1
167,9,927.14,436.79,85.44,251.79,0.5910,-1,-1,-1
168,2,749.09,432.15,123.51,356.95,0.7932,-1,-1,-1
168,3,541.94,433.67,183.89,469.26,0.8078,-1,-1,-1
168,5,873.98,448.23,102.57,285.95,0.7508,-1,-1,-1
168,10,1185.22,456.22,32.53,89.76,0.1908,-1,-1,-1
168,11,677.35,442.51,85.38,353.49,0.7276,-1,-1,-1
168,9,932.18,435.45,82.69,246.63,0.5948,-1,-1,-1
169,2,750.08,433.86,122.50,356.20,0.8001,-1,-1,-1
169,3,546.99,430.30,188.37,471.25,0.8084,-1,-1,-1
169,5,873.74,447.05,105.02,288.28,0.7801,-1,-1,-1
169,10,1185.41,457.69,31.67,88.27,0.1689,-1,-1,-1
169,11,678.05,442.69,86.01,354.76,0.7356,-1,-1,-1
169,9,936.78,434.78,79.69,240.98,0.5910,-1,-1,-1
170,2,752.25,434.82,121.69,356.08,0.7810,-1,-1,-1
170,3,550.78,429.66,192.80,471.39,0.8299,-1,-1,-1
170,5,875.13,446.45,106.77,289.97,0.7985,-1,-1,-1
170,10,1185.59,455.39,32.21,90.28,0.1744,-1,-1,-1
170,11,678.67,442.53,86.43,356.05,0.7284,-1,-1,-1
170,9,940.18,434.47,77.40,236.29,0.6173,-1,-1,-1
171,2,754.52,435.39,119.31,350.86,0.7896,-1,-1,-1
171,3,554.44,430.00,197.22,471.15,0.8574,-1,-1,-1
171,5,875.87,446.55,108.11,291.26,0.7918,-1,-1,-1
171,10,1186.16,455.19,31.95,90.15,0.1928,-1,-1,-1
171,11,679.19,442.44,87.47,359.58,0.7301,-1,-1,-1
171,9,942.47,435.62,78.82,243.24,0.6678,-1,-1,-1
172,2,758.71,436.21,118.17,347.63,0.8126,-1,-1,-1
172,3,555.77,432.35,201.06,470.58,0.8476,-1,-1,-1
172,5,875.89,447.07,109.07,291.41,0.7947,-1,-1,-1
172,10,1187.58,458.97,30.64,86.60,0.1650,-1,-1,-1
172,11,679.57,444.34,86.93,358.10,0.7007,-1,-1,-1
172,9,946.88,435.62,79.86,248.43,0.6841,-1,-1,-1
173,2,761.64,437.19,117.52,345.48,0.8189,-1,-1,-1
173,3,554.11,432.43,203.87,470.25,0.8566,-1,-1,-1
173,5,876.61,445.60,110.43,293.36,0.7873,-1,-1,-1
173,11,682.37,446.18,85.97,352.58,0.6240,-1,-1,-1
173,9,949.10,435.00,81.36,255.05,0.6615,-1,-1,-1
174,2,763.24,438.78,118.50,347.70,0.8228,-1,-1,-1
174,3,554.87,432.62,206.83,471.69,0.8522,-1,-1,-1
174,5,878.29,445.00,111.38,293.99,0.7876,-1,-1,-1
174,11,685.70,449.65,85.16,349.61,0.4749,-1,-1,-1
174,9,950.97,435.55,81.44,257.69,0.6312,-1,-1,-1
175,2,765.88,439.66,118.92,349.65,0.8434,-1,-1,-1
175,3,558.21,433.48,208.40,471.62,0.8355,-1,-1,-1
175,5,879.06,444.29,112.06,294.57,0.7924,-1,-1,-1
175,11,692.78,464.09,82.10,338.15,0.2060,-1,-1,-1
175,9,954.27,435.41,81.52,259.77,0.6014,-1,-1,-1
176,2,766.22,441.14,119.90,354.22,0.8305,-1,-1,-1
176,3,561.49,433.09,209.89,474.17,0.7968,-1,-1,-1
176,5,879.67,443.84,112.34,294.70,0.7983,-1,-1,-1
176,9,959.33,434.89,81.41,259.29,0.5874,-1,-1,-1
177,2,767.25,441.27,120.06,355.24,0.8228,-1,-1,-1
177,3,562.06,435.63,209.91,473.10,0.7982,-1,-1,-1
177,5,881.87,445.42,112.04,293.07,0.7898,-1,-1,-1
177,9,963.02,434.56,82.14,260.73,0.5190,-1,-1,-1
178,2,769.60,440.86,119.47,356.07,0.8096,-1,-1,-1
178,3,563.51,434.19,210.76,474.54,0.8392,-1,-1,-1
178,5,885.82,446.86,110.98,290.88,0.7653,-1,-1,-1
178,9,966.61,433.44,84.15,264.22,0.4584,-1,-1,-1
179,2,771.98,439.86,118.81,355.66,0.7901,-1,-1,-1
179,3,567.36,433.12,211.05,477.00,0.8621,-1,-1,-1
179,5,888.53,446.03,110.76,291.95,0.7734,-1,-1,-1
179,9,969.11,434.47,85.15,264.14,0.5232,-1,-1,-1
180,2,775.95,438.63,119.29,357.29,0.7649,-1,-1,-1
180,3,571.13,431.07,210.58,479.01,0.8399,-1,-1,-1
180,5,891.27,445.34,109.95,292.85,0.7770,-1,-1,-1
180,9,976.32,434.34,86.66,262.54,0.4865,-1,-1,-1
181,2,777.38,437.08,119.26,358.30,0.7561,-1,-1,-1
181,3,574.45,426.26,211.32,484.65,0.8645,-1,-1,-1
181,5,895.42,444.04,109.35,295.11,0.7278,-1,-1,-1
181,9,975.07,436.21,87.16,263.31,0.6196,-1,-1,-1
182,2,779.00,435.85,120.23,362.59,0.7532,-1,-1,-1
182,3,577.36,424.52,210.76,486.30,0.8653,-1,-1,-1
182,5,901.71,445.23,107.85,296.39,0.7130,-1,-1,-1
182,9,977.38,435.40,88.38,267.21,0.6124,-1,-1,-1
183,2,781.33,434.83,121.07,366.19,0.7695,-1,-1,-1
183,3,580.26,424.42,209.37,486.54,0.8583,-1,-1,-1
183,5,907.45,443.66,106.64,297.85,0.7463,-1,-1,-1
183,9,980.46,436.55,87.01,263.00,0.6249,-1,-1,-1
183,12,1157.61,448.78,36.98,97.96,0.5412,-1,-1,-1
184,2,782.82,434.06,121.32,367.81,0.7829,-1,-1,-1
184,3,583.72,425.19,207.30,485.40,0.8523,-1,-1,-1
184,5,913.57,441.95,105.21,299.32,0.7691,-1,-1,-1
184,9,984.44,439.35,83.41,250.78,0.6323,-1,-1,-1
184,12,1156.85,450.56,37.05,97.95,0.6062,-1,-1,-1
185,2,784.53,434.27,121.41,369.07,0.7814,-1,-1,-1
185,3,589.19,426.85,204.56,483.53,0.8411,-1,-1,-1
185,5,916.99,441.52,104.30,302.15,0.7595,-1,-1,-1
185,9,986.78,440.64,83.88,252.10,0.6331,-1,-1,-1
185,12,1157.37,451.72,36.26,95.57,0.5556,-1,-1,-1
186,2,784.89,434.72,120.64,368.42,0.8028,-1,-1,-1
186,3,593.72,426.25,202.81,484.04,0.8440,-1,-1,-1
186,5,919.98,443.90,103.34,304.84,0.7452,-1,-1,-1
186,9,990.12,442.17,82.06,245.66,0.5728,-1,-1,-1
186,12,1157.38,448.88,37.42,97.85,0.5952,-1,-1,-1
187,2,787.11,435.05,120.00,368.36,0.8032,-1,-1,-1
187,3,597.94,427.59,200.46,484.05,0.8413,-1,-1,-1
187,5,922.90,444.77,102.84,307.14,0.7313,-1,-1,-1
187,9,994.07,442.61,83.11,249.43,0.6250,-1,-1,-1
187,12,1158.59,450.02,37.17,96.22,0.5453,-1,-1,-1
188,2,789.91,434.70,118.80,366.00,0.8122,-1,-1,-1
188,3,599.55,426.83,201.40,491.94,0.8356,-1,-1,-1
188,5,926.77,442.79,102.71,309.75,0.6870,-1,-1,-1
188,9,996.45,443.94,82.76,249.62,0.5058,-1,-1,-1
188,12,1158.87,451.57,37.34,95.91,0.5013,-1,-1,-1
189,2,791.56,433.58,118.58,367.48,0.8100,-1,-1,-1
189,3,600.47,426.23,202.58,501.24,0.7960,-1,-1,-1
189,5,932.77,442.08,103.65,311.57,0.7793,-1,-1,-1
189,9,1001.64,440.02,86.00,261.11,0.5323,-1,-1,-1
189,12,1158.28,448.02,38.95,99.58,0.4804,-1,-1,-1
190,2,795.16,432.71,119.61,371.20,0.8022,-1,-1,-1
190,3,604.79,426.19,203.44,509.07,0.7025,-1,-1,-1
190,5,938.32,442.53,104.07,310.77,0.7576,-1,-1,-1
190,9,1005.60,440.39,86.69,265.75,0.4651,-1,-1,-1
190,12,1156.58,448.72,39.37,99.43,0.4187,-1,-1,-1
190,13,571.99,438.53,57.10,172.10,0.5402,-1,-1,-1
191,2,797.27,432.51,119.36,371.60,0.7813,-1,-1,-1
191,3,608.11,425.93,203.29,515.24,0.7482,-1,-1,-1
191,5,944.66,443.14,105.26,311.00,0.7603,-1,-1,-1
191,9,1007.38,437.30,87.51,271.70,0.3265,-1,-1,-1
191,12,1156.31,446.59,40.80,101.59,0.4997,-1,-1,-1
191,13,571.32,445.65,55.95,168.33,0.5801,-1,-1,-1
192,2,798.29,430.17,120.68,377.75,0.7872,-1,-1,-1
192,3,611.36,426.19,203.68,523.67,0.7261,-1,-1,-1
192,5,948.27,447.24,104.88,306.67,0.7593,-1,-1,-1
192,9,1009.23,436.22,88.63,276.53,0.2938,-1,-1,-1
192,12,1155.09,446.99,41.58,101.81,0.4782,-1,-1,-1
192,13,571.76,444.20,56.86,170.43,0.5892,-1,-1,-1
193,2,799.41,427.27,120.60,380.30,0.7858,-1,-1,-1
193,3,614.77,426.72,201.59,527.44,0.7649,-1,-1,-1
193,5,949.54,444.23,106.85,310.05,0.7560,-1,-1,-1
193,9,1016.25,437.18,86.78,268.25,0.5388,-1,-1,-1
193,12,1152.95,443.66,43.46,105.24,0.4476,-1,-1,-1
193,13,572.47,443.47,57.39,171.45,0.6286,-1,-1,-1
194,2,802.56,425.39,121.26,383.16,0.7888,-1,-1,-1
194,3,620.00,425.81,202.67,536.45,0.7598,-1,-1,-1
194,5,949.05,443.75,107.17,310.68,0.7482,-1,-1,-1
194,9,1018.90,434.91,89.48,274.66,0.6466,-1,-1,-1
194,12,1150.54,446.74,42.41,101.86,0.3701,-1,-1,-1
194,13,572.59,442.97,58.17,173.19,0.6697,-1,-1,-1
195,2,806.44,424.27,121.86,383.34,0.7892,-1,-1,-1
195,3,624.34,423.47,201.83,540.73,0.7844,-1,-1,-1
195,5,950.42,446.80,107.73,309.53,0.7594,-1,-1,-1
195,9,1022.71,433.68,90.92,277.65,0.6926,-1,-1,-1
195,12,1147.53,444.98,42.87,103.40,0.4054,-1,-1,-1
195,13,572.37,442.09,58.84,174.32,0.6821,-1,-1,-1
196,2,812.02,425.46,122.75,381.48,0.8252,-1,-1,-1
196,3,630.00,423.97,198.56,539.22,0.8010,-1,-1,-1
196,5,951.18,448.50,108.23,308.76,0.7276,-1,-1,-1
196,9,1027.16,432.60,92.09,279.93,0.6812,-1,-1,-1
196,12,1145.92,441.85,43.91,106.24,0.4139,-1,-1,-1
196,13,572.81,442.73,59.10,173.92,0.6701,-1,-1,-1
197,2,819.13,426.93,124.88,380.05,0.8145,-1,-1,-1
197,3,630.60,422.47,198.32,548.58,0.8226,-1,-1,-1
197,5,952.86,447.65,108.80,309.88,0.7515,-1,-1,-1
197,9,1031.33,431.79,92.86,281.44,0.4672,-1,-1,-1
197,12,1145.67,443.25,43.27,104.67,0.3621,-1,-1,-1
197,13,572.99,441.61,59.74,174.38,0.6701,-1,-1,-1
198,2,824.89,430.97,126.46,376.44,0.8300,-1,-1,-1
198,3,634.93,422.77,193.92,544.60,0.8328,-1,-1,-1
198,5,956.27,447.55,108.75,311.09,0.7685,-1,-1,-1
198,9,1035.96,432.87,92.63,281.04,0.6462,-1,-1,-1
198,12,1145.51,441.48,43.84,106.39,0.3869,-1,-1,-1
198,13,573.49,441.93,60.17,174.22,0.6822,-1,-1,-1
199,2,829.79,432.74,129.29,375.62,0.8462,-1,-1,-1
199,3,638.90,423.26,191.10,541.63,0.8391,-1,-1,-1
199,5,961.92,447.89,108.72,312.60,0.7579,-1,-1,-1
199,9,1040.38,435.90,92.37,280.11,0.6358,-1,-1,-1
199,12,1143.87,443.08,43.17,105.39,0.3757,-1,-1,-1
199,13,574.14,443.51,59.81,172.16,0.6885,-1,-1,-1
200,2,831.34,434.98,131.84,374.68,0.8426,-1,-1,-1
200,3,643.04,422.65,189.31,541.29,0.8591,-1,-1,-1
200,5,967.23,448.55,108.01,312.09,0.7219,-1,-1,-1
200,9,1042.76,434.48,93.58,283.92,0.6057,-1,-1,-1
200,12,1142.46,442.35,42.91,106.54,0.3230,-1,-1,-1
200,13,574.59,445.81,59.67,170.53,0.6769,-1,-1,-1
201,2,832.92,436.89,134.04,373.85,0.8389,-1,-1,-1
201,3,649.79,422.90,187.39,539.61,0.8445,-1,-1,-1
201,5,972.09,450.80,105.84,310.25,0.7077,-1,-1,-1
201,9,1046.50,435.48,94.39,287.21,0.6135,-1,-1,-1
201,12,1140.15,440.76,43.01,108.43,0.3228,-1,-1,-1
201,13,575.58,444.98,59.72,169.74,0.6632,-1,-1,-1
202,2,832.62,437.62,136.19,374.68,0.8450,-1,-1,-1
202,3,653.63,421.78,187.41,542.02,0.8548,-1,-1,-1
202,5,977.91,449.92,104.87,312.40,0.7740,-1,-1,-1
202,9,1050.89,436.04,93.61,284.00,0.6830,-1,-1,-1
202,12,1138.57,438.89,42.67,109.52,0.3481,-1,-1,-1
202,13,576.47,446.60,59.70,167.87,0.6782,-1,-1,-1
203,2,831.91,437.88,137.85,375.59,0.8434,-1,-1,-1
203,3,659.80,424.71,187.79,547.30,0.8228,-1,-1,-1
203,5,982.50,449.71,104.18,313.81,0.7718,-1,-1,-1
203,9,1054.63,434.92,93.67,283.66,0.6935,-1,-1,-1
203,12,1138.58,437.36,41.98,110.28,0.2445,-1,-1,-1
203,13,577.01,444.67,61.07,169.99,0.7086,-1,-1,-1
204,2,831.46,437.58,139.19,376.01,0.8423,-1,-1,-1
204,3,660.02,424.18,189.67,555.55,0.8435,-1,-1,-1
204,5,986.24,449.48,103.66,315.82,0.7722,-1,-1,-1
204,9,1058.45,434.76,93.12,283.53,0.6989,-1,-1,-1
204,12,1140.45,438.80,40.05,107.67,0.1526,-1,-1,-1
204,13,578.80,448.32,60.41,166.77,0.7258,-1,-1,-1
205,2,831.13,435.09,141.01,378.33,0.8316,-1,-1,-1
205,3,661.80,424.07,191.12,564.97,0.8479,-1,-1,-1
205,5,990.04,448.17,103.09,317.01,0.7864,-1,-1,-1
205,9,1062.17,438.04,91.31,279.00,0.7152,-1,-1,-1
205,13,578.06,447.13,61.57,168.88,0.7469,-1,-1,-1
206,2,833.59,435.45,141.48,377.63,0.8325,-1,-1,-1
206,3,665.13,423.24,190.76,569.69,0.8388,-1,-1,-1
206,5,994.82,447.81,102.26,317.50,0.7752,-1,-1,-1
206,9,1064.05,436.89,91.50,281.28,0.6802,-1,-1,-1
206,13,578.12,447.15,62.36,169.88,0.7255,-1,-1,-1
207,2,834.84,435.56,142.03,377.12,0.8277,-1,-1,-1
207,3,667.75,420.72,190.30,573.71,0.8416,-1,-1,-1
207,5,1001.83,448.58,100.96,315.16,0.7192,-1,-1,-1
207,9,1067.91,435.66,91.08,284.18,0.6520,-1,-1,-1
207,13,581.04,453.10,60.58,163.96,0.7391,-1,-1,-1
208,2,835.83,434.93,143.19,379.04,0.8236,-1,-1,-1
208,3,671.12,420.33,188.71,574.02,0.8346,-1,-1,-1
208,5,1005.87,450.18,99.25,311.88,0.6928,-1,-1,-1
208,9,1068.73,434.12,93.43,297.83,0.5922,-1,-1,-1
208,13,582.49,454.46,60.47,162.92,0.7305,-1,-1,-1
209,2,837.23,434.63,143.80,380.23,0.8075,-1,-1,-1
209,3,674.86,417.03,188.09,577.69,0.8193,-1,-1,-1
209,5,1021.28,446.73,104.09,315.97,0.5993,-1,-1,-1
209,9,1076.37,433.73,89.34,288.12,0.6136,-1,-1,-1
209,13,584.85,456.88,60.26,160.61,0.7433,-1,-1,-1
210,2,840.71,429.94,145.59,384.49,0.8139,-1,-1,-1
210,3,678.45,415.86,186.87,578.68,0.7953,-1,-1,-1
210,5,1032.99,444.65,109.28,318.51,0.8152,-1,-1,-1
210,9,1084.73,433.68,83.68,269.97,0.2469,-1,-1,-1
210,13,587.22,457.37,60.59,159.73,0.7272,-1,-1,-1
211,2,846.74,430.21,146.38,385.82,0.7886,-1,-1,-1
211,3,680.76,418.61,185.20,576.40,0.8112,-1,-1,-1
211,5,1039.26,443.74,114.25,319.71,0.8007,-1,-1,-1
211,9,1090.66,433.39,81.33,260.84,0.3126,-1,-1,-1
211,13,588.45,453.65,62.69,163.23,0.7423,-1,-1,-1
212,2,852.01,430.51,146.48,386.04,0.7878,-1,-1,-1
212,3,682.63,416.45,184.66,578.38,0.8253,-1,-1,-1
212,5,1042.29,444.74,118.87,319.63,0.7905,-1,-1,-1
212,9,1096.78,430.76,79.25,253.38,0.3555,-1,-1,-1
212,13,589.76,451.99,63.47,164.21,0.7129,-1,-1,-1
213,2,858.18,430.60,145.92,386.69,0.8084,-1,-1,-1
213,3,684.69,414.59,184.40,579.71,0.8220,-1,-1,-1
213,5,1042.17,447.00,122.98,319.04,0.8067,-1,-1,-1
213,9,1098.53,432.89,82.54,265.62,0.5038,-1,-1,-1
213,13,590.35,452.33,63.92,164.34,0.7383,-1,-1,-1
214,2,865.53,429.66,144.77,385.91,0.8162,-1,-1,-1
214,3,686.28,413.71,183.68,580.00,0.8243,-1,-1,-1
214,5,1040.53,447.98,127.01,319.29,0.7728,-1,-1,-1
214,9,1102.06,431.53,84.44,274.24,0.5416,-1,-1,-1
214,13,590.68,451.42,64.84,166.21,0.7260,-1,-1,-1
215,2,870.78,429.16,143.50,387.09,0.8101,-1,-1,-1
215,3,689.20,412.12,183.55,582.08,0.8178,-1,-1,-1
215,5,1037.62,447.12,130.78,321.06,0.8160,-1,-1,-1
215,9,1106.77,427.72,86.90,286.21,0.5558,-1,-1,-1
215,13,592.47,453.98,64.08,163.45,0.6824,-1,-1,-1
216,2,874.29,427.79,142.28,388.59,0.8191,-1,-1,-1
216,3,692.23,414.05,182.34,579.99,0.7933,-1,-1,-1
216,5,1037.56,446.37,135.00,323.39,0.8255,-1,-1,-1
216,9,1112.70,429.45,85.73,288.40,0.4628,-1,-1,-1
216,13,594.23,455.59,64.80,165.39,0.6857,-1,-1,-1
217,2,876.50,428.41,141.40,390.85,0.8152,-1,-1,-1
217,3,694.08,413.48,182.42,580.09,0.7479,-1,-1,-1
217,5,1037.85,446.48,137.73,323.26,0.7896,-1,-1,-1
217,13,595.58,457.13,64.90,165.45,0.7145,-1,-1,-1
218,2,879.47,427.50,141.27,395.27,0.8202,-1,-1,-1
218,3,698.34,411.37,183.47,582.71,0.7671,-1,-1,-1
218,5,1038.35,442.72,141.41,327.45,0.7870,-1,-1,-1
218,13,597.61,457.80,64.76,165.18,0.6982,-1,-1,-1
219,2,882.79,426.06,141.55,400.15,0.8411,-1,-1,-1
219,3,702.69,411.15,183.88,582.77,0.7602,-1,-1,-1
219,5,1041.18,438.82,143.56,331.06,0.7945,-1,-1,-1
219,13,596.80,460.31,64.90,165.27,0.6769,-1,-1,-1
219,15,509.26,439.31,42.32,119.77,0.5114,-1,-1,-1
220,2,885.24,425.91,141.80,405.18,0.8422,-1,-1,-1
220,3,712.09,410.03,184.89,583.26,0.8118,-1,-1,-1
220,5,1046.11,438.73,143.41,330.86,0.8068,-1,-1,-1
220,13,597.27,461.38,64.84,164.95,0.7001,-1,-1,-1
220,15,509.06,438.74,42.49,120.19,0.5422,-1,-1,-1
221,2,889.11,425.00,141.47,407.96,0.8386,-1,-1,-1
221,3,723.74,410.33,187.69,583.78,0.8604,-1,-1,-1
221,5,1051.12,438.48,142.80,331.09,0.8092,-1,-1,-1
221,13,597.72,460.97,64.18,163.85,0.7230,-1,-1,-1
221,15,509.06,439.35,42.55,120.36,0.5023,-1,-1,-1
221,9,1140.99,437.16,84.86,293.59,0.5497,-1,-1,-1
222,2,891.75,424.87,140.94,409.32,0.8379,-1,-1,-1
222,3,731.21,410.49,191.39,584.02,0.8614,-1,-1,-1
222,5,1058.34,439.35,140.64,330.33,0.8168,-1,-1,-1
222,13,598.68,461.26,63.50,163.35,0.7403,-1,-1,-1
222,15,508.80,439.21,42.74,120.97,0.4928,-1,-1,-1
222,9,1150.58,434.79,84.52,294.81,0.5986,-1,-1,-1
223,2,894.71,426.41,140.44,411.00,0.8240,-1,-1,-1
223,3,738.85,407.56,197.81,587.36,0.8502,-1,-1,-1
223,5,1066.13,439.28,138.04,331.04,0.7982,-1,-1,-1
223,13,598.70,459.17,64.19,166.86,0.6914,-1,-1,-1
223,15,508.48,439.59,42.91,121.09,0.4910,-1,-1,-1
223,9,1159.72,431.47,83.32,298.89,0.2279,-1,-1,-1
224,2,896.01,427.31,139.82,412.80,0.8212,-1,-1,-1
224,3,747.89,406.78,203.98,587.08,0.8502,-1,-1,-1
224,5,1078.70,440.60,135.78,333.04,0.7632,-1,-1,-1
224,13,600.32,459.49,63.04,165.55,0.6905,-1,-1,-1
224,15,508.58,440.08,43.01,120.82,0.5185,-1,-1,-1
224,9,1166.92,437.48,79.19,292.26,0.1628,-1,-1,-1
225,2,898.23,427.99,139.29,414.35,0.8180,-1,-1,-1
225,3,753.80,408.66,210.24,586.75,0.8309,-1,-1,-1
225,5,1085.10,440.04,132.95,335.72,0.7244,-1,-1,-1
225,13,601.42,460.62,62.96,166.43,0.6750,-1,-1,-1
225,15,509.12,440.21,43.09,120.69,0.4953,-1,-1,-1
225,9,1164.23,430.44,80.12,303.72,0.3152,-1,-1,-1
226,2,901.64,428.52,139.17,415.47,0.8178,-1,-1,-1
226,3,758.92,405.29,218.45,590.82,0.8566,-1,-1,-1
226,5,1090.96,437.92,130.97,340.38,0.6919,-1,-1,-1
226,13,602.11,461.92,62.67,167.13,0.6738,-1,-1,-1
226,15,508.80,439.89,43.35,120.98,0.5070,-1,-1,-1
226,9,1167.99,431.45,78.46,304.02,0.5215,-1,-1,-1
227,2,904.70,428.43,139.36,416.65,0.8113,-1,-1,-1
227,3,762.84,404.91,225.36,590.48,0.8732,-1,-1,-1
227,5,1098.66,438.10,128.64,342.35,0.7436,-1,-1,-1
227,13,603.41,460.03,62.25,168.03,0.6644,-1,-1,-1
227,15,508.09,438.89,43.85,121.97,0.4668,-1,-1,-1
227,9,1173.42,429.16,78.50,308.58,0.5511,-1,-1,-1
228,2,906.67,426.25,139.95,418.56,0.7917,-1,-1,-1
228,3,765.77,406.81,230.99,588.44,0.8740,-1,-1,-1
228,5,1103.60,438.51,128.05,348.29,0.7538,-1,-1,-1
228,13,604.29,460.59,61.15,167.05,0.6634,-1,-1,-1
228,15,507.27,439.00,44.11,122.24,0.4947,-1,-1,-1
228,9,1180.30,429.13,77.32,307.40,0.4416,-1,-1,-1
229,2,907.34,426.49,139.99,418.52,0.7790,-1,-1,-1
229,3,769.19,407.85,237.01,587.76,0.8633,-1,-1,-1
229,5,1106.89,440.52,125.75,348.45,0.7591,-1,-1,-1
229,13,604.84,457.47,62.58,173.06,0.6667,-1,-1,-1
229,15,507.31,438.76,44.45,122.80,0.4472,-1,-1,-1
229,9,1195.53,422.50,61.40,230.52,0.5812,-1,-1,-1
230,2,909.75,425.97,140.32,417.90,0.7787,-1,-1,-1
230,3,771.54,410.65,240.97,584.50,0.8321,-1,-1,-1
230,5,1111.99,441.98,124.59,349.08,0.7168,-1,-1,-1
230,13,607.42,457.61,62.53,174.61,0.6641,-1,-1,-1
230,15,507.22,440.01,44.02,121.28,0.4376,-1,-1,-1
230,9,1203.27,418.78,55.57,199.70,0.5678,-1,-1,-1
231,2,910.14,425.53,139.81,417.61,0.7764,-1,-1,-1
231,3,772.86,411.15,245.32,585.22,0.8498,-1,-1,-1
231,5,1123.40,440.67,125.38,350.61,0.7973,-1,-1,-1
231,13,609.70,461.40,61.11,170.55,0.6846,-1,-1,-1
231,15,507.75,439.93,44.04,121.34,0.4875,-1,-1,-1
231,9,1208.35,418.29,54.45,188.52,0.5553,-1,-1,-1
232,2,910.53,425.09,139.44,419.05,0.7990,-1,-1,-1
232,3,776.23,410.15,248.62,586.21,0.8219,-1,-1,-1
232,5,1132.95,440.36,126.26,351.49,0.7951,-1,-1,-1
232,13,610.20,457.03,62.29,174.49,0.6764,-1,-1,-1
232,15,507.84,440.55,43.86,120.92,0.5419,-1,-1,-1
232,9,1212.12,418.21,54.36,182.77,0.4756,-1,-1,-1
233,2,913.77,424.85,139.06,421.97,0.7580,-1,-1,-1
233,3,779.55,411.57,250.41,585.10,0.8234,-1,-1,-1
233,5,1136.77,442.04,127.05,351.57,0.8316,-1,-1,-1
233,13,611.26,454.74,63.07,176.54,0.6711,-1,-1,-1
233,15,507.78,440.54,43.54,120.66,0.5223,-1,-1,-1
233,9,1216.04,424.55,54.00,176.56,0.3829,-1,-1,-1
234,2,916.65,424.56,138.59,424.98,0.7377,-1,-1,-1
234,3,784.73,415.60,250.67,581.92,0.7897,-1,-1,-1
234,5,1137.87,444.11,128.16,352.98,0.8436,-1,-1,-1
234,13,613.39,456.08,62.31,173.55,0.6641,-1,-1,-1
234,15,507.80,440.32,43.46,120.81,0.5272,-1,-1,-1
234,9,1218.91,423.86,55.90,178.84,0.3032,-1,-1,-1
235,2,918.02,423.89,138.94,430.64,0.6978,-1,-1,-1
235,3,790.84,417.89,249.93,579.44,0.8166,-1,-1,-1
235,5,1138.56,444.79,129.94,355.66,0.8149,-1,-1,-1
235,13,614.89,454.78,62.63,175.42,0.6713,-1,-1,-1
235,15,507.61,440.54,43.09,120.50,0.5102,-1,-1,-1
235,9,1222.35,428.02,56.03,175.31,0.4326,-1,-1,-1
236,2,923.11,423.37,136.50,430.13,0.6907,-1,-1,-1
236,3,791.77,413.17,251.97,584.26,0.8125,-1,-1,-1
236,5,1138.95,444.46,131.51,358.00,0.8209,-1,-1,-1
236,13,617.56,456.47,61.52,173.95,0.6884,-1,-1,-1
236,15,507.28,440.33,42.78,120.35,0.4780,-1,-1,-1
236,9,1226.12,430.08,56.99,175.58,0.4839,-1,-1,-1
236,16,737.29,430.77,155.28,433.93,0.5302,-1,-1,-1
237,2,930.45,423.09,132.50,422.47,0.5452,-1,-1,-1
237,3,792.92,415.63,250.91,582.03,0.8147,-1,-1,-1
237,5,1140.40,442.74,133.10,360.75,0.8085,-1,-1,-1
237,13,618.75,455.20,61.27,175.12,0.6499,-1,-1,-1
237,15,507.91,440.09,42.29,119.62,0.4445,-1,-1,-1
237,9,1232.65,429.98,58.44,178.59,0.4660,-1,-1,-1
237,16,742.28,432.63,153.83,431.24,0.5870,-1,-1,-1
238,2,937.00,422.02,128.10,411.57,0.5794,-1,-1,-1
238,3,791.37,411.85,252.43,585.69,0.8136,-1,-1,-1
238,5,1142.10,438.95,134.80,365.01,0.7699,-1,-1,-1
238,13,619.84,458.05,60.27,175.18,0.6747,-1,-1,-1
238,15,508.63,441.34,41.26,117.09,0.3341,-1,-1,-1
238,9,1238.71,429.66,60.36,180.34,0.4721,-1,-1,-1
238,16,745.07,436.17,152.20,428.89,0.4338,-1,-1,-1
239,2,946.96,423.03,116.98,375.22,0.4359,-1,-1,-1
239,3,791.16,409.03,253.24,589.05,0.8386,-1,-1,-1
239,5,1145.61,437.92,134.81,366.80,0.7496,-1,-1,-1
239,13,622.42,460.16,59.30,174.20,0.6684,-1,-1,-1
239,15,508.76,441.58,40.97,116.66,0.3981,-1,-1,-1
239,9,1243.01,429.71,61.96,183.58,0.3096,-1,-1,-1
239,16,725.66,438.50,152.08,427.60,0.5458,-1,-1,-1
240,2,949.37,424.38,124.18,402.56,0.6240,-1,-1,-1
240,3,793.33,410.88,251.89,587.69,0.8480,-1,-1,-1
240,5,1152.08,437.48,134.27,370.50,0.7143,-1,-1,-1
240,13,624.27,460.57,58.20,172.97,0.5954,-1,-1,-1
240,15,508.53,441.34,41.06,117.28,0.4040,-1,-1,-1
240,9,1234.54,431.28,89.93,275.80,0.5407,-1,-1,-1
240,16,721.84,438.56,153.22,429.51,0.6310,-1,-1,-1
241,2,952.30,425.15,125.23,411.95,0.6740,-1,-1,-1
241,3,800.75,414.47,249.01,585.13,0.8196,-1,-1,-1
241,5,1159.93,437.78,132.13,371.25,0.7354,-1,-1,-1
241,13,627.12,458.20,58.49,174.36,0.5834,-1,-1,-1
241,15,508.41,441.83,40.83,116.92,0.4083,-1,-1,-1
241,9,1235.91,430.75,96.67,308.06,0.5438,-1,-1,-1
241,16,723.67,437.93,153.55,429.23,0.6225,-1,-1,-1
242,2,953.95,425.64,124.27,411.98,0.5606,-1,-1,-1
242,3,808.76,420.69,244.60,581.57,0.8240,-1,-1,-1
242,5,1169.64,437.43,129.30,368.72,0.6818,-1,-1,-1
242,13,628.65,459.08,57.72,171.77,0.5867,-1,-1,-1
242,15,508.27,443.82,40.20,115.19,0.3896,-1,-1,-1
242,9,1237.67,429.70,99.83,330.89,0.2629,-1,-1,-1
242,16,737.30,437.73,153.29,433.04,0.6463,-1,-1,-1
243,2,962.57,427.08,120.94,409.51,0.4631,-1,-1,-1
243,3,812.25,409.04,246.57,595.32,0.8007,-1,-1,-1
243,5,1177.89,435.92,127.29,368.87,0.6389,-1,-1,-1
243,13,631.40,460.81,57.24,169.05,0.5670,-1,-1,-1
243,15,508.68,448.32,38.85,110.68,0.3382,-1,-1,-1
243,9,1238.81,427.28,101.33,349.10,0.1966,-1,-1,-1
243,16,735.89,437.46,153.20,432.79,0.6695,-1,-1,-1
244,2,968.19,424.07,119.97,415.01,0.4868,-1,-1,-1
244,3,818.13,399.71,246.96,607.81,0.7915,-1,-1,-1
244,5,1189.83,434.05,126.42,370.06,0.7684,-1,-1,-1
244,13,634.25,461.91,58.02,168.89,0.5952,-1,-1,-1
244,15,508.37,447.93,39.21,111.29,0.3742,-1,-1,-1
244,16,734.98,436.66,153.30,432.92,0.6903,-1,-1,-1
245,2,972.35,421.39,118.55,418.75,0.2528,-1,-1,-1
245,3,825.73,400.11,244.71,613.44,0.7382,-1,-1,-1
245,5,1198.74,432.31,126.15,372.01,0.7983,-1,-1,-1
245,13,635.05,462.79,58.69,168.66,0.5915,-1,-1,-1
245,15,508.01,447.07,39.58,111.82,0.3848,-1,-1,-1
245,16,736.46,437.48,154.06,434.21,0.6435,-1,-1,-1
246,2,977.66,422.66,117.75,420.71,0.2652,-1,-1,-1
246,3,833.84,407.90,241.03,615.61,0.7832,-1,-1,-1
246,5,1203.24,431.50,124.76,371.59,0.7652,-1,-1,-1
246,13,635.33,461.73,59.37,169.23,0.5923,-1,-1,-1
246,15,507.64,443.25,40.94,115.76,0.3772,-1,-1,-1
246,16,739.05,438.90,154.80,433.95,0.5698,-1,-1,-1
247,2,985.56,426.99,116.87,419.60,0.2769,-1,-1,-1
247,3,842.62,416.61,235.99,615.39,0.7729,-1,-1,-1
247,5,1209.42,430.70,124.09,370.61,0.7320,-1,-1,-1
247,13,636.01,459.26,61.20,172.22,0.5075,-1,-1,-1
247,15,506.31,441.92,41.73,117.25,0.4357,-1,-1,-1
247,16,754.80,437.27,154.70,438.54,0.5569,-1,-1,-1
248,2,994.06,437.92,115.49,411.49,0.2499,-1,-1,-1
248,3,852.75,419.11,232.46,618.90,0.7379,-1,-1,-1
248,5,1218.50,430.99,125.48,371.30,0.8024,-1,-1,-1
248,13,637.38,460.59,60.74,171.42,0.5894,-1,-1,-1
248,15,505.38,440.78,42.41,118.43,0.3943,-1,-1,-1
248,16,760.99,435.25,154.30,441.97,0.5747,-1,-1,-1
249,2,994.88,434.41,116.25,415.09,0.2453,-1,-1,-1
249,3,861.25,421.95,228.40,620.89,0.7133,-1,-1,-1
249,5,1227.94,431.05,128.37,371.78,0.6993,-1,-1,-1
249,13,636.90,455.16,62.72,177.66,0.5774,-1,-1,-1
249,15,505.90,442.56,42.14,116.96,0.4016,-1,-1,-1
249,16,770.33,432.41,154.33,445.40,0.7505,-1,-1,-1
250,2,994.48,431.48,117.45,418.31,0.2053,-1,-1,-1
250,3,881.13,423.06,226.97,617.91,0.7204,-1,-1,-1
250,5,1237.09,431.76,133.04,372.43,0.7418,-1,-1,-1
250,13,641.71,451.54,64.33,181.98,0.6447,-1,-1,-1
250,15,507.26,443.81,41.72,115.73,0.3396,-1,-1,-1
250,16,775.21,429.06,154.89,449.10,0.7529,-1,-1,-1
251,3,892.57,414.36,229.75,629.60,0.7894,-1,-1,-1
251,5,1242.34,430.45,139.27,374.35,0.8487,-1,-1,-1
251,13,647.31,450.14,64.74,182.26,0.6700,-1,-1,-1
251,15,507.93,445.30,41.49,114.65,0.3449,-1,-1,-1
251,16,778.32,428.69,153.90,449.85,0.7635,-1,-1,-1
252,3,901.81,407.07,230.33,634.95,0.8474,-1,-1,-1
252,5,1245.16,428.06,146.32,377.75,0.8414,-1,-1,-1
252,13,650.26,448.30,65.45,183.71,0.7185,-1,-1,-1
252,15,507.98,443.77,42.29,116.51,0.3642,-1,-1,-1
252,16,780.46,429.16,153.17,450.47,0.7428,-1,-1,-1
253,3,908.96,405.05,229.13,636.87,0.8429,-1,-1,-1
253,5,1245.59,427.35,152.53,379.76,0.8539,-1,-1,-1
253,13,652.04,447.03,65.95,185.26,0.6938,-1,-1,-1
253,15,508.57,444.05,42.44,116.68,0.3318,-1,-1,-1
253,16,783.01,431.14,150.62,446.95,0.7412,-1,-1,-1
254,3,912.96,407.61,225.89,634.10,0.8355,-1,-1,-1
254,5,1242.40,424.97,158.67,383.97,0.8595,-1,-1,-1
254,13,654.16,447.61,65.40,184.51,0.7196,-1,-1,-1
254,15,509.02,445.80,42.01,115.25,0.3833,-1,-1,-1
254,16,783.45,432.45,149.15,445.43,0.7462,-1,-1,-1
254,17,1836.07,408.91,88.47,371.17,0.5196,-1,-1,-1
255,3,913.11,405.75,223.62,637.32,0.8328,-1,-1,-1
255,5,1242.40,426.43,163.77,384.68,0.8621,-1,-1,-1
255,13,656.43,448.56,65.13,183.98,0.6826,-1,-1,-1
255,15,510.55,446.09,41.66,114.80,0.3656,-1,-1,-1
255,16,790.71,431.24,147.96,446.13,0.7032,-1,-1,-1
255,17,1824.32,394.69,92.05,385.13,0.7462,-1,-1,-1
256,3,917.88,407.26,219.98,633.94,0.8421,-1,-1,-1
256,5,1243.81,427.43,168.40,385.82,0.8679,-1,-1,-1
256,13,659.20,449.59,65.47,183.89,0.7103,-1,-1,-1
256,15,510.17,442.36,43.01,118.89,0.4503,-1,-1,-1
256,16,796.71,431.94,146.92,448.60,0.7444,-1,-1,-1
256,17,1817.03,393.29,93.04,386.68,0.7645,-1,-1,-1
257,3,919.04,407.44,217.18,634.34,0.8272,-1,-1,-1
257,5,1246.05,428.26,172.14,386.04,0.8663,-1,-1,-1
257,13,660.85,451.41,65.81,183.07,0.7086,-1,-1,-1
257,15,509.79,440.89,43.39,120.22,0.4334,-1,-1,-1
257,16,800.22,433.10,147.58,457.00,0.7060,-1,-1,-1
257,17,1816.83,393.12,93.79,387.47,0.7880,-1,-1,-1
258,3,921.42,400.98,215.99,640.54,0.8026,-1,-1,-1
258,5,1250.77,427.67,174.37,386.10,0.8651,-1,-1,-1
258,13,661.44,449.07,68.27,189.08,0.7454,-1,-1,-1
258,15,510.77,445.20,41.80,115.21,0.2753,-1,-1,-1
258,16,794.75,433.16,150.56,468.35,0.6284,-1,-1,-1
258,17,1814.81,395.23,93.97,384.50,0.7381,-1,-1,-1
259,3,921.44,396.57,214.37,645.79,0.7606,-1,-1,-1
259,5,1255.73,427.34,175.35,386.02,0.8004,-1,-1,-1
259,13,662.46,449.81,68.63,188.57,0.7307,-1,-1,-1
259,15,509.80,443.39,42.47,116.88,0.2403,-1,-1,-1
259,16,798.67,432.45,149.70,472.90,0.6528,-1,-1,-1
259,17,1805.18,398.50,94.95,378.77,0.7976,-1,-1,-1
260,3,922.80,395.78,210.75,645.44,0.7713,-1,-1,-1
260,5,1261.70,426.36,175.74,386.93,0.7872,-1,-1,-1
260,13,664.19,451.37,68.13,186.40,0.7028,-1,-1,-1
260,15,509.06,446.24,41.78,114.01,0.2537,-1,-1,-1
260,16,802.26,432.53,148.85,477.07,0.5791,-1,-1,-1
260,17,1788.87,400.90,98.77,375.90,0.7756,-1,-1,-1
261,3,925.68,398.23,206.88,643.15,0.7815,-1,-1,-1
261,5,1269.75,426.21,174.29,387.21,0.7394,-1,-1,-1
261,13,664.76,451.00,68.94,188.27,0.7249,-1,-1,-1
261,15,507.71,444.49,42.79,116.00,0.3154,-1,-1,-1
261,16,790.11,439.30,149.12,475.27,0.5593,-1,-1,-1
261,17,1766.63,399.17,106.58,378.75,0.7868,-1,-1,-1
262,3,926.81,396.54,204.52,645.27,0.7996,-1,-1,-1
262,5,1284.23,424.79,171.83,390.41,0.7774,-1,-1,-1
262,13,665.08,450.66,69.41,189.39,0.6880,-1,-1,-1
262,15,506.47,440.80,44.28,119.67,0.4139,-1,-1,-1
262,16,803.36,435.77,148.27,479.82,0.6393,-1,-1,-1
262,17,1746.90,408.93,113.43,369.93,0.8118,-1,-1,-1
263,3,930.26,396.00,201.97,645.81,0.8203,-1,-1,-1
263,5,1296.77,424.44,168.95,391.58,0.7907,-1,-1,-1
263,13,666.22,452.12,69.09,187.36,0.6493,-1,-1,-1
263,15,504.96,439.37,45.14,121.26,0.4045,-1,-1,-1
263,16,809.15,434.53,146.73,482.02,0.6634,-1,-1,-1
263,17,1733.69,419.78,120.45,358.68,0.8338,-1,-1,-1
264,3,935.41,398.04,199.38,643.34,0.8215,-1,-1,-1
264,5,1309.31,421.63,166.64,395.99,0.8137,-1,-1,-1
264,13,667.97,452.46,69.42,187.04,0.6317,-1,-1,-1
264,15,505.28,439.46,45.31,121.12,0.4164,-1,-1,-1
264,16,811.94,433.84,144.33,482.50,0.6325,-1,-1,-1
264,17,1723.46,424.72,129.15,353.72,0.8500,-1,-1,-1
265,3,939.26,400.55,197.37,641.41,0.8286,-1,-1,-1
265,5,1319.08,421.63,163.06,398.14,0.8056,-1,-1,-1
265,13,670.51,452.24,69.81,187.16,0.6308,-1,-1,-1
265,15,505.46,438.90,45.68,121.62,0.4094,-1,-1,-1
265,16,814.40,433.31,142.45,483.85,0.5963,-1,-1,-1
265,17,1713.30,427.47,137.29,350.22,0.8360,-1,-1,-1
266,3,940.77,402.09,195.02,639.93,0.8176,-1,-1,-1
266,5,1327.48,421.82,161.08,403.17,0.8193,-1,-1,-1
266,13,674.25,453.50,69.34,185.52,0.5930,-1,-1,-1
266,15,505.73,438.63,45.94,121.90,0.4104,-1,-1,-1
266,16,815.89,432.24,140.83,485.56,0.6313,-1,-1,-1
266,17,1701.07,418.93,147.29,356.57,0.8503,-1,-1,-1
267,3,942.39,402.33,193.06,639.53,0.8105,-1,-1,-1
267,5,1333.61,419.60,160.30,411.41,0.8201,-1,-1,-1
267,13,676.15,453.93,69.00,184.01,0.6218,-1,-1,-1
267,15,505.82,438.76,46.01,121.62,0.4299,-1,-1,-1
267,16,816.16,429.47,139.99,489.92,0.7041,-1,-1,-1
267,17,1690.72,419.18,150.90,349.91,0.8300,-1,-1,-1
268,3,942.73,403.35,190.86,638.85,0.8181,-1,-1,-1
268,5,1344.17,422.25,158.12,410.20,0.8309,-1,-1,-1
268,13,677.54,454.11,68.69,183.22,0.6810,-1,-1,-1
268,15,505.99,437.92,46.54,123.12,0.4164,-1,-1,-1
268,16,818.23,429.64,138.59,489.46,0.5945,-1,-1,-1
268,17,1678.62,417.38,151.33,342.64,0.8203,-1,-1,-1
269,3,945.17,403.51,189.70,639.09,0.8197,-1,-1,-1
269,5,1357.11,423.41,159.54,412.90,0.8576,-1,-1,-1
269,13,678.67,453.61,68.47,183.05,0.6683,-1,-1,-1
269,15,505.48,436.50,47.08,124.57,0.4431,-1,-1,-1
269,16,817.83,428.87,138.03,491.71,0.5654,-1,-1,-1
269,17,1666.84,417.86,151.25,338.82,0.8101,-1,-1,-1
270,3,945.98,404.25,188.02,638.82,0.8080,-1,-1,-1
270,5,1367.56,423.88,162.03,414.78,0.8497,-1,-1,-1
270,13,680.16,452.67,68.99,185.47,0.6998,-1,-1,-1
270,15,505.52,436.08,47.22,125.05,0.4103,-1,-1,-1
270,16,822.71,427.27,138.34,494.00,0.5995,-1,-1,-1
270,17,1653.01,413.08,150.75,340.98,0.8015,-1,-1,-1
271,3,946.72,404.95,185.85,638.58,0.7717,-1,-1,-1
271,5,1375.26,423.61,165.55,415.27,0.8316,-1,-1,-1
271,13,682.35,449.39,70.31,190.75,0.6160,-1,-1,-1
271,15,506.82,437.07,46.84,123.96,0.3776,-1,-1,-1
271,16,825.20,426.42,138.61,495.42,0.6076,-1,-1,-1
271,17,1641.02,414.89,145.97,338.29,0.7669,-1,-1,-1
272,3,948.32,404.33,183.36,639.02,0.8078,-1,-1,-1
272,5,1377.95,425.14,169.08,415.84,0.8649,-1,-1,-1
272,13,684.74,446.79,71.63,195.84,0.6513,-1,-1,-1
272,15,507.84,439.68,46.12,121.36,0.3849,-1,-1,-1
272,16,827.19,426.48,138.05,495.06,0.6614,-1,-1,-1
272,17,1625.00,416.05,140.42,335.61,0.7026,-1,-1,-1
273,3,951.65,403.55,181.18,639.78,0.8123,-1,-1,-1
273,5,1378.60,426.83,173.26,418.96,0.8805,-1,-1,-1
273,13,685.87,444.38,72.60,200.06,0.6531,-1,-1,-1
273,15,509.59,447.32,43.55,113.42,0.2800,-1,-1,-1
273,16,828.61,424.75,137.83,496.11,0.6601,-1,-1,-1
273,17,1615.48,426.00,131.86,326.18,0.7103,-1,-1,-1
274,3,953.31,403.33,178.81,640.15,0.8158,-1,-1,-1
274,5,1379.39,425.99,178.66,425.69,0.8754,-1,-1,-1
274,13,687.65,447.94,70.36,194.27,0.5838,-1,-1,-1
274,15,509.85,447.82,43.49,112.57,0.2925,-1,-1,-1
274,16,830.42,424.54,137.36,495.64,0.6800,-1,-1,-1
274,17,1608.43,435.24,124.74,315.27,0.7957,-1,-1,-1
275,3,955.03,404.29,176.26,639.55,0.7983,-1,-1,-1
275,5,1381.13,424.79,182.36,429.54,0.8780,-1,-1,-1
275,13,692.28,448.72,70.65,194.09,0.5685,-1,-1,-1
275,15,510.62,448.96,43.42,111.74,0.2948,-1,-1,-1
275,16,831.22,423.01,137.26,496.36,0.7002,-1,-1,-1
275,17,1593.55,438.46,124.38,312.50,0.7846,-1,-1,-1
276,3,957.57,402.23,174.73,641.44,0.8142,-1,-1,-1
276,5,1383.02,425.10,183.85,430.15,0.8333,-1,-1,-1
276,13,696.10,449.04,69.92,192.98,0.5449,-1,-1,-1
276,15,510.66,452.69,42.16,107.28,0.2126,-1,-1,-1
276,16,829.35,423.26,136.60,495.86,0.7021,-1,-1,-1
276,17,1579.28,438.79,127.16,313.89,0.8035,-1,-1,-1
277,3,961.90,403.18,172.87,640.91,0.8281,-1,-1,-1
277,5,1384.84,425.37,184.82,430.39,0.8147,-1,-1,-1
277,13,694.69,451.79,69.25,192.24,0.4532,-1,-1,-1
277,15,510.22,453.55,42.07,106.08,0.1938,-1,-1,-1
277,16,826.73,423.35,136.13,496.00,0.6845,-1,-1,-1
277,17,1565.32,425.43,135.41,327.65,0.8513,-1,-1,-1
278,3,964.17,402.02,172.08,642.65,0.8239,-1,-1,-1
278,5,1396.15,425.69,186.28,428.07,0.8073,-1,-1,-1
278,13,702.42,451.71,69.56,193.24,0.4961,-1,-1,-1
278,15,509.05,456.20,41.21,102.76,0.2726,-1,-1,-1
278,16,827.72,423.09,135.57,496.07,0.7099,-1,-1,-1
278,17,1559.31,448.20,130.96,302.72,0.8507,-1,-1,-1
279,3,967.46,401.30,171.17,644.19,0.8244,-1,-1,-1
279,5,1419.37,429.50,179.58,422.00,0.5474,-1,-1,-1
279,13,709.41,452.18,70.13,192.86,0.4307,-1,-1,-1
279,15,506.46,457.40,41.03,101.54,0.3372,-1,-1,-1
279,16,827.35,421.32,135.79,498.10,0.7356,-1,-1,-1
279,17,1550.38,430.30,141.38,319.18,0.8376,-1,-1,-1
280,3,971.47,401.16,170.44,643.71,0.8128,-1,-1,-1
280,5,1431.67,428.95,175.70,422.38,0.7809,-1,-1,-1
280,13,714.27,452.18,70.80,193.28,0.5381,-1,-1,-1
280,15,505.40,457.88,41.22,100.98,0.3202,-1,-1,-1
280,16,826.27,419.88,136.23,499.53,0.7231,-1,-1,-1
280,17,1556.79,444.19,135.42,301.61,0.7798,-1,-1,-1
281,3,975.00,399.17,170.42,645.09,0.8157,-1,-1,-1
281,5,1437.21,428.64,170.49,421.82,0.7883,-1,-1,-1
281,13,717.66,454.98,70.83,191.53,0.6095,-1,-1,-1
281,15,504.96,456.76,41.84,101.65,0.3043,-1,-1,-1
281,16,829.16,419.86,137.04,499.47,0.7255,-1,-1,-1
281,17,1549.17,424.56,144.19,323.37,0.6383,-1,-1,-1
282,3,978.16,399.87,170.13,644.10,0.7954,-1,-1,-1
282,5,1446.00,432.97,164.65,418.34,0.7364,-1,-1,-1
282,13,719.63,458.27,70.48,187.09,0.5087,-1,-1,-1
282,15,504.84,455.59,42.56,103.22,0.3270,-1,-1,-1
282,16,832.25,419.38,138.38,498.31,0.7456,-1,-1,-1
282,17,1540.38,420.85,142.24,322.31,0.5455,-1,-1,-1
283,3,981.88,399.49,170.04,644.38,0.7813,-1,-1,-1
283,5,1458.22,432.18,163.54,420.90,0.7704,-1,-1,-1
283,13,721.17,458.73,70.95,185.81,0.6083,-1,-1,-1
283,15,504.46,455.78,42.66,103.32,0.3480,-1,-1,-1
283,16,836.76,420.27,141.14,497.59,0.7567,-1,-1,-1
284,3,985.55,400.68,168.28,642.37,0.7639,-1,-1,-1
284,5,1469.30,429.54,162.63,422.67,0.7981,-1,-1,-1
284,13,721.93,457.95,72.15,186.84,0.6897,-1,-1,-1
284,15,504.66,456.52,42.50,103.20,0.3518,-1,-1,-1
284,16,840.39,420.61,145.04,498.42,0.7645,-1,-1,-1
285,3,987.75,403.28,166.41,639.72,0.7923,-1,-1,-1
285,5,1478.67,433.89,159.31,418.52,0.7758,-1,-1,-1
285,13,721.57,456.34,73.74,188.36,0.7342,-1,-1,-1
285,15,504.41,456.63,42.55,103.39,0.3971,-1,-1,-1
285,16,843.22,425.64,148.50,496.75,0.7774,-1,-1,-1
286,3,990.13,405.58,164.76,637.70,0.7906,-1,-1,-1
286,5,1491.92,434.47,158.93,417.74,0.8168,-1,-1,-1
286,13,722.10,454.76,75.55,189.95,0.7743,-1,-1,-1
286,15,504.35,457.19,42.33,102.89,0.3725,-1,-1,-1
286,16,844.18,425.38,152.92,498.39,0.7843,-1,-1,-1
287,3,991.49,406.43,163.81,637.06,0.7841,-1,-1,-1
287,5,1505.25,431.51,162.65,421.02,0.8299,-1,-1,-1
287,13,723.13,454.92,76.17,189.23,0.7627,-1,-1,-1
287,15,504.24,457.34,42.35,103.09,0.3371,-1,-1,-1
287,16,846.08,422.43,157.00,499.98,0.8053,-1,-1,-1
288,3,992.91,406.64,162.94,637.42,0.7845,-1,-1,-1
288,5,1518.73,430.03,169.10,425.97,0.8567,-1,-1,-1
288,13,723.75,449.44,78.20,193.70,0.7396,-1,-1,-1
288,15,504.08,456.63,42.62,104.12,0.3750,-1,-1,-1
288,16,846.57,421.47,160.44,500.52,0.8140,-1,-1,-1
289,3,994.80,407.84,161.60,635.88,0.7846,-1,-1,-1
289,5,1528.36,435.38,173.88,423.23,0.8817,-1,-1,-1
289,13,726.22,447.26,79.31,196.41,0.6597,-1,-1,-1
289,15,504.73,456.33,42.45,104.40,0.3565,-1,-1,-1
289,16,848.27,422.93,162.19,497.91,0.8089,-1,-1,-1
290,3,997.32,405.94,161.02,637.87,0.8122,-1,-1,-1
290,5,1532.14,436.19,181.98,427.82,0.8746,-1,-1,-1
290,13,730.12,448.20,79.06,195.60,0.6345,-1,-1,-1
290,15,504.97,456.51,41.52,102.76,0.3480,-1,-1,-1
290,16,849.12,419.16,165.06,501.81,0.8087,-1,-1,-1
291,3,999.91,404.06,160.65,639.07,0.7856,-1,-1,-1
291,5,1532.89,434.79,190.85,433.23,0.8359,-1,-1,-1
291,13,733.61,452.63,77.89,192.52,0.6253,-1,-1,-1
291,15,505.00,457.00,41.05,101.98,0.2589,-1,-1,-1
291,16,846.31,420.52,167.31,501.07,0.8189,-1,-1,-1
291,17,1426.29,424.67,133.46,293.59,0.6329,-1,-1,-1
292,3,1000.81,403.77,160.15,638.77,0.7559,-1,-1,-1
292,5,1530.37,435.44,198.39,436.86,0.8560,-1,-1,-1
292,13,738.09,452.43,77.09,193.20,0.6021,-1,-1,-1
292,15,504.86,456.54,41.35,103.07,0.2615,-1,-1,-1
292,16,845.87,422.02,168.65,498.45,0.8121,-1,-1,-1
292,17,1409.77,428.06,142.23,308.23,0.3366,-1,-1,-1
293,3,1004.11,404.37,159.49,637.97,0.8020,-1,-1,-1
293,5,1529.02,436.62,205.99,441.08,0.8686,-1,-1,-1
293,13,740.54,450.27,77.35,196.38,0.6662,-1,-1,-1
293,15,504.37,455.09,41.70,104.36,0.3594,-1,-1,-1
293,16,846.50,418.69,171.03,502.30,0.8220,-1,-1,-1
293,17,1400.92,429.40,133.37,288.57,0.7028,-1,-1,-1
294,3,1005.60,403.10,159.52,640.27,0.8147,-1,-1,-1
294,5,1528.23,435.88,213.17,444.84,0.8660,-1,-1,-1
294,13,742.04,451.53,75.57,195.06,0.6552,-1,-1,-1
294,15,504.61,457.07,40.70,101.77,0.3396,-1,-1,-1
294,16,847.16,415.59,172.92,505.60,0.8318,-1,-1,-1
294,17,1398.47,429.66,131.55,282.40,0.7576,-1,-1,-1
295,3,1006.25,402.99,158.75,640.48,0.8107,-1,-1,-1
295,5,1525.83,432.18,219.47,447.86,0.8549,-1,-1,-1
295,13,744.60,451.70,75.57,196.19,0.6376,-1,-1,-1
295,15,504.37,458.29,40.01,99.99,0.2810,-1,-1,-1
295,16,848.29,413.45,173.96,507.29,0.8263,-1,-1,-1
295,17,1398.00,429.27,133.33,280.89,0.7587,-1,-1,-1
296,3,1007.53,403.62,158.23,639.31,0.8181,-1,-1,-1
296,5,1527.88,430.14,223.35,450.17,0.8341,-1,-1,-1
296,13,749.58,449.98,75.87,196.75,0.6583,-1,-1,-1
296,15,504.77,459.70,39.37,98.30,0.2660,-1,-1,-1
296,16,850.00,412.75,174.42,508.38,0.8370,-1,-1,-1
296,17,1397.23,428.04,134.42,281.42,0.7694,-1,-1,-1
297,3,1009.66,404.62,157.56,637.65,0.8149,-1,-1,-1
297,5,1534.58,429.98,223.75,449.92,0.7895,-1,-1,-1
297,13,754.77,448.46,76.13,199.19,0.7291,-1,-1,-1
297,15,505.16,458.43,39.91,100.10,0.2769,-1,-1,-1
297,16,851.78,409.89,175.00,511.42,0.8351,-1,-1,-1
297,17,1398.16,432.22,132.65,277.44,0.7833,-1,-1,-1
298,3,1010.63,405.61,157.33,636.20,0.8085,-1,-1,-1
298,5,1542.43,430.81,222.28,447.38,0.7482,-1,-1,-1
298,13,755.58,447.59,76.02,199.95,0.7156,-1,-1,-1
298,15,505.42,456.29,40.88,103.05,0.3013,-1,-1,-1
298,16,853.16,410.08,174.83,512.53,0.8060,-1,-1,-1
298,17,1394.89,438.39,128.23,269.61,0.7831,-1,-1,-1
299,3,1012.04,405.23,157.57,635.36,0.8110,-1,-1,-1
299,5,1551.68,425.85,224.58,454.13,0.7704,-1,-1,-1
299,13,759.87,450.49,75.23,199.07,0.7053,-1,-1,-1
299,15,505.59,456.88,40.50,102.84,0.2108,-1,-1,-1
299,16,859.19,413.53,173.07,512.69,0.7731,-1,-1,-1
299,17,1389.80,447.20,121.97,259.92,0.7392,-1,-1,-1
300,3,1014.21,405.34,157.36,632.21,0.8217,-1,-1,-1
300,5,1560.94,423.34,222.05,457.03,0.6959,-1,-1,-1
300,13,762.97,450.86,74.76,198.97,0.7139,-1,-1,-1
300,15,505.22,456.80,40.38,102.81,0.3015,-1,-1,-1
300,16,864.52,417.49,170.58,513.48,0.7726,-1,-1,-1
300,17,1374.51,430.30,126.20,276.29,0.7877,-1,-1,-1
301,3,1013.02,405.01,157.11,629.66,0.8169,-1,-1,-1
301,5,1585.07,422.09,217.85,457.36,0.7294,-1,-1,-1
301,13,766.28,449.97,74.30,199.78,0.7476,-1,-1,-1
301,15,505.18,457.88,39.68,101.65,0.3099,-1,-1,-1
301,16,868.87,418.74,169.29,520.45,0.7650,-1,-1,-1
301,17,1367.61,442.60,116.92,263.51,0.8124,-1,-1,-1
302,3,1012.24,405.91,156.99,625.40,0.8146,-1,-1,-1
302,5,1601.67,417.11,214.72,463.31,0.7632,-1,-1,-1
302,13,769.92,454.14,73.20,196.70,0.7885,-1,-1,-1
302,15,505.57,459.49,38.62,99.57,0.3998,-1,-1,-1
302,16,872.30,419.15,167.83,527.17,0.7534,-1,-1,-1
302,17,1359.97,450.93,110.89,255.89,0.8322,-1,-1,-1
303,3,1014.30,405.13,156.80,622.31,0.8100,-1,-1,-1
303,5,1614.88,411.14,213.55,475.63,0.7716,-1,-1,-1
303,13,771.19,454.16,73.43,197.69,0.7770,-1,-1,-1
303,15,505.28,459.48,38.60,100.10,0.4127,-1,-1,-1
303,16,868.69,420.53,166.62,528.52,0.7567,-1,-1,-1
303,17,1346.43,430.59,116.14,275.26,0.7919,-1,-1,-1
303,20,-7.73,655.49,132.42,202.88,0.6844,-1,-1,-1
304,3,1017.67,404.29,158.17,622.50,0.8100,-1,-1,-1
304,5,1629.90,410.08,212.27,486.15,0.7762,-1,-1,-1
304,13,774.23,454.00,73.98,198.67,0.7692,-1,-1,-1
304,15,504.99,459.17,38.97,101.28,0.4884,-1,-1,-1
304,16,865.26,420.26,166.56,530.84,0.7953,-1,-1,-1
304,17,1335.70,423.77,116.91,281.84,0.7747,-1,-1,-1
304,20,-30.93,579.37,180.55,278.82,0.7201,-1,-1,-1
305,3,1022.41,404.27,160.25,620.53,0.7974,-1,-1,-1
305,5,1640.48,412.70,208.68,491.63,0.7422,-1,-1,-1
305,13,775.21,451.45,75.63,203.04,0.7745,-1,-1,-1
305,15,504.75,458.00,39.24,102.59,0.4554,-1,-1,-1
305,16,866.92,420.77,165.18,531.06,0.7790,-1,-1,-1
305,17,1329.51,424.38,115.36,281.03,0.7662,-1,-1,-1
305,20,-51.14,511.99,221.02,346.32,0.6235,-1,-1,-1
306,3,1028.96,404.79,162.97,616.88,0.8195,-1,-1,-1
306,5,1653.55,415.65,207.00,495.11,0.8635,-1,-1,-1
306,13,776.30,448.51,76.85,206.68,0.7658,-1,-1,-1
306,15,504.32,457.63,39.55,103.27,0.4757,-1,-1,-1
306,16,868.51,420.36,164.12,531.99,0.7988,-1,-1,-1
306,17,1323.29,434.39,111.73,268.95,0.8031,-1,-1,-1
306,20,-61.06,470.38,243.79,389.33,0.7374,-1,-1,-1
307,3,1033.44,402.86,166.92,617.03,0.8297,-1,-1,-1
307,5,1672.88,414.00,210.29,501.30,0.8523,-1,-1,-1
307,13,778.68,450.80,75.54,203.70,0.7219,-1,-1,-1
307,15,504.09,460.25,38.63,100.77,0.4179,-1,-1,-1
307,16,868.48,419.93,163.31,532.36,0.8147,-1,-1,-1
307,17,1319.32,445.39,108.84,255.73,0.8039,-1,-1,-1
307,20,-73.11,419.49,269.39,441.40,0.7493,-1,-1,-1
307,21,1184.65,442.53,40.70,106.05,0.5622,-1,-1,-1
308,3,1036.76,401.78,171.21,616.00,0.8433,-1,-1,-1
308,5,1685.69,416.71,212.74,500.37,0.8351,-1,-1,-1
308,13,780.64,449.83,75.23,203.92,0.7512,-1,-1,-1
308,15,503.63,461.83,38.37,99.35,0.4128,-1,-1,-1
308,16,869.65,420.29,162.26,532.07,0.8196,-1,-1,-1
308,17,1311.02,436.70,114.24,263.43,0.8114,-1,-1,-1
308,20,-76.12,394.43,276.49,466.57,0.7872,-1,-1,-1
308,21,1187.12,442.39,40.73,105.96,0.4958,-1,-1,-1
308,22,1611.46,403.47,120.32,403.18,0.6368,-1,-1,-1
309,3,1039.37,399.97,176.19,616.08,0.8482,-1,-1,-1
309,5,1688.83,417.41,216.43,503.11,0.8586,-1,-1,-1
309,13,785.27,447.67,75.38,206.90,0.7213,-1,-1,-1
309,15,502.74,461.51,38.80,99.55,0.4336,-1,-1,-1
309,16,869.66,421.07,161.12,530.65,0.8313,-1,-1,-1
309,17,1304.28,433.20,118.04,267.27,0.8018,-1,-1,-1
309,20,-75.07,381.78,274.97,479.39,0.8111,-1,-1,-1
309,21,1189.17,443.34,40.11,104.37,0.4223,-1,-1,-1
309,22,1616.43,405.64,120.26,401.86,0.5926,-1,-1,-1
310,3,1041.33,399.87,181.01,615.07,0.8572,-1,-1,-1
310,5,1688.33,417.79,221.86,509.44,0.8810,-1,-1,-1
310,13,789.04,445.54,75.11,209.47,0.7222,-1,-1,-1
310,15,501.45,460.55,39.57,100.58,0.4624,-1,-1,-1
310,16,870.49,421.65,160.04,530.04,0.8078,-1,-1,-1
310,17,1297.99,430.31,120.80,269.47,0.7629,-1,-1,-1
310,20,-71.34,377.37,267.90,483.64,0.8050,-1,-1,-1
310,21,1191.25,445.01,39.69,103.07,0.4922,-1,-1,-1
310,22,1624.88,408.78,120.32,400.17,0.5079,-1,-1,-1
311,3,1040.46,401.57,185.32,613.05,0.8585,-1,-1,-1
311,5,1686.10,418.91,226.51,514.26,0.8750,-1,-1,-1
311,13,792.98,444.71,74.53,210.98,0.7320,-1,-1,-1
311,15,500.97,457.37,41.08,103.48,0.4798,-1,-1,-1
311,16,870.55,421.04,159.55,530.57,0.8185,-1,-1,-1
311,17,1292.34,431.41,119.59,264.96,0.7591,-1,-1,-1
311,20,-67.71,375.06,258.07,483.63,0.8183,-1,-1,-1
311,21,1191.81,446.41,39.10,101.21,0.5117,-1,-1,-1
311,22,1640.72,409.49,121.45,404.79,0.4775,-1,-1,-1
312,3,1040.22,403.07,188.87,611.45,0.8613,-1,-1,-1
312,5,1685.21,419.71,229.33,515.91,0.8619,-1,-1,-1
312,13,796.39,446.82,73.39,209.43,0.7321,-1,-1,-1
312,15,500.31,455.82,42.11,105.30,0.4224,-1,-1,-1
312,16,869.97,420.53,159.48,531.48,0.8328,-1,-1,-1
312,17,1281.64,430.36,117.96,261.39,0.7647,-1,-1,-1
312,20,-61.83,374.11,249.71,485.40,0.8304,-1,-1,-1
312,21,1191.71,443.75,40.61,105.22,0.4683,-1,-1,-1
312,22,1637.93,411.48,122.89,405.02,0.5090,-1,-1,-1
313,3,1039.01,402.80,192.67,611.80,0.8614,-1,-1,-1
313,5,1686.34,421.35,230.70,516.29,0.8693,-1,-1,-1
313,13,800.22,445.70,74.26,211.21,0.7278,-1,-1,-1
313,15,499.93,457.29,42.02,104.24,0.3888,-1,-1,-1
313,16,869.41,419.90,159.54,532.42,0.8133,-1,-1,-1
313,17,1272.33,431.72,115.58,257.71,0.7861,-1,-1,-1
313,20,-51.85,375.35,241.52,484.88,0.8574,-1,-1,-1
313,21,1191.95,441.38,42.15,109.05,0.4890,-1,-1,-1
313,22,1640.79,413.27,123.96,400.62,0.4769,-1,-1,-1
314,3,1038.09,402.50,195.63,611.50,0.8651,-1,-1,-1
314,5,1689.69,419.85,231.66,518.68,0.8702,-1,-1,-1
314,13,802.69,445.50,74.62,211.70,0.7230,-1,-1,-1
314,15,498.81,456.29,42.91,105.56,0.4152,-1,-1,-1
314,16,869.11,419.30,159.76,533.27,0.8200,-1,-1,-1
314,17,1265.47,428.50,114.00,259.88,0.8066,-1,-1,-1
314,20,-36.73,378.05,233.06,480.51,0.8540,-1,-1,-1
314,21,1192.57,439.52,43.29,111.78,0.5536,-1,-1,-1
314,22,1645.52,415.39,125.24,396.14,0.3581,-1,-1,-1
315,3,1039.13,400.45,198.52,614.29,0.8600,-1,-1,-1
315,5,1724.24,421.41,222.94,517.99,0.7127,-1,-1,-1
315,13,805.80,443.94,75.56,213.79,0.7223,-1,-1,-1
315,15,498.21,454.71,43.43,106.54,0.4378,-1,-1,-1
315,16,868.85,417.80,160.36,534.66,0.8149,-1,-1,-1
315,17,1259.73,427.21,111.00,259.99,0.7805,-1,-1,-1
315,20,-14.41,382.68,228.38,477.77,0.8670,-1,-1,-1
315,21,1192.76,435.84,44.52,115.37,0.5376,-1,-1,-1
316,3,1040.80,401.16,199.22,612.55,0.8604,-1,-1,-1
316,5,1743.60,418.23,214.71,519.43,0.7920,-1,-1,-1
316,13,807.28,444.07,76.29,214.85,0.6920,-1,-1,-1
316,15,497.90,453.49,43.93,107.80,0.4586,-1,-1,-1
316,16,867.62,416.32,160.81,536.05,0.8044,-1,-1,-1
316,17,1254.96,427.73,107.74,260.95,0.7537,-1,-1,-1
316,20,7.57,390.46,225.69,471.46,0.8803,-1,-1,-1
316,21,1194.81,435.73,44.63,115.44,0.6062,-1,-1,-1
316,22,1667.18,414.78,149.96,460.00,0.6290,-1,-1,-1
317,3,1041.68,400.24,200.52,613.74,0.8568,-1,-1,-1
317,5,1757.44,416.53,205.56,519.06,0.7080,-1,-1,-1
317,13,805.53,443.72,76.06,216.56,0.6833,-1,-1,-1
317,15,497.27,451.90,44.44,109.55,0.4665,-1,-1,-1
317,16,867.90,417.11,161.02,534.76,0.8188,-1,-1,-1
317,17,1249.77,423.56,105.54,263.31,0.7733,-1,-1,-1
317,20,23.32,392.45,227.61,469.82,0.8819,-1,-1,-1
317,21,1196.05,436.71,44.25,114.49,0.5818,-1,-1,-1
317,22,1670.63,411.08,156.96,470.99,0.5928,-1,-1,-1
318,3,1043.23,400.03,201.07,613.31,0.8527,-1,-1,-1
318,5,1757.17,419.91,200.71,524.37,0.6348,-1,-1,-1
318,13,805.96,443.65,75.50,216.77,0.6695,-1,-1,-1
318,15,496.69,452.73,43.90,108.55,0.4918,-1,-1,-1
318,16,869.13,417.04,161.45,534.99,0.8160,-1,-1,-1
318,17,1245.97,427.23,101.70,259.09,0.7974,-1,-1,-1
318,20,34.46,393.63,232.05,469.55,0.9010,-1,-1,-1
318,21,1198.91,437.13,43.80,112.95,0.5601,-1,-1,-1
318,22,1686.85,409.71,149.56,445.67,0.3689,-1,-1,-1
319,3,1044.41,400.28,201.20,612.13,0.8538,-1,-1,-1
319,5,1770.20,416.95,192.10,525.74,0.6739,-1,-1,-1
319,13,811.16,444.32,74.57,215.17,0.6716,-1,-1,-1
319,15,495.91,453.54,43.41,107.84,0.4819,-1,-1,-1
319,16,868.81,416.40,162.13,535.64,0.8182,-1,-1,-1
319,17,1239.86,427.48,100.95,259.17,0.7733,-1,-1,-1
319,20,39.92,393.64,237.18,470.03,0.8975,-1,-1,-1
319,21,1201.48,438.60,43.07,110.55,0.5848,-1,-1,-1
319,22,1705.59,404.09,148.40,446.53,0.4389,-1,-1,-1
320,3,1046.10,401.14,200.85,610.94,0.8578,-1,-1,-1
320,5,1784.11,417.56,181.73,524.11,0.7309,-1,-1,-1
320,13,814.95,444.96,74.24,214.52,0.6271,-1,-1,-1
320,15,495.06,451.17,43.93,110.01,0.4495,-1,-1,-1
320,16,868.96,416.45,162.69,535.03,0.8259,-1,-1,-1
320,17,1234.16,433.56,99.92,254.21,0.7425,-1,-1,-1
320,20,44.59,396.07,240.64,466.55,0.8933,-1,-1,-1
320,21,1203.70,440.26,42.45,108.48,0.4242,-1,-1,-1
320,22,1708.04,399.49,151.53,456.42,0.5097,-1,-1,-1
321,3,1047.36,400.79,200.76,611.25,0.8622,-1,-1,-1
321,5,1798.07,425.30,169.17,516.51,0.7349,-1,-1,-1
321,13,817.13,447.23,72.94,211.89,0.6440,-1,-1,-1
321,15,493.63,448.91,44.33,112.15,0.4154,-1,-1,-1
321,16,869.26,417.01,162.74,534.46,0.8209,-1,-1,-1
321,17,1233.71,434.85,99.62,252.23,0.7710,-1,-1,-1
321,20,46.49,397.32,244.49,464.38,0.8874,-1,-1,-1
321,21,1207.50,442.30,39.28,99.43,0.3217,-1,-1,-1
321,22,1716.46,400.29,148.69,447.90,0.5447,-1,-1,-1
322,3,1048.31,403.10,199.97,609.59,0.8587,-1,-1,-1
322,5,1809.71,427.36,158.28,513.77,0.6971,-1,-1,-1
322,13,819.37,448.42,72.53,210.97,0.6701,-1,-1,-1
322,15,492.18,446.79,44.95,114.49,0.4478,-1,-1,-1
322,16,868.99,416.75,162.85,534.75,0.8248,-1,-1,-1
322,17,1233.48,440.76,97.86,245.18,0.7587,-1,-1,-1
322,20,50.75,399.21,245.94,456.47,0.8864,-1,-1,-1
322,22,1727.15,395.85,148.93,450.68,0.5505,-1,-1,-1
322,23,1437.95,434.79,43.89,114.62,0.5468,-1,-1,-1
323,3,1049.33,402.53,199.46,609.68,0.8646,-1,-1,-1
323,5,1821.16,454.09,141.91,488.29,0.6176,-1,-1,-1
323,13,821.90,451.70,71.69,207.52,0.6409,-1,-1,-1
323,15,491.76,446.12,44.94,114.95,0.4654,-1,-1,-1
323,16,870.76,415.87,163.31,535.63,0.8173,-1,-1,-1
323,17,1231.70,441.23,97.57,243.54,0.7668,-1,-1,-1
323,20,52.82,401.95,248.45,450.68,0.8896,-1,-1,-1
323,22,1735.78,393.44,148.61,451.37,0.6868,-1,-1,-1
323,23,1440.59,437.74,42.73,111.13,0.4974,-1,-1,-1
324,3,1051.03,400.49,199.25,611.79,0.8562,-1,-1,-1
324,5,1823.46,440.45,137.84,502.49,0.5789,-1,-1,-1
324,13,823.37,455.63,70.68,203.15,0.6238,-1,-1,-1
324,15,491.13,446.32,44.72,114.77,0.4749,-1,-1,-1
324,16,872.35,415.94,163.41,535.64,0.8081,-1,-1,-1
324,17,1225.36,439.12,98.88,245.74,0.7489,-1,-1,-1
324,20,55.68,403.64,250.12,444.97,0.8971,-1,-1,-1
324,22,1745.62,392.63,148.70,453.84,0.6027,-1,-1,-1
324,23,1444.53,440.63,41.88,108.13,0.5523,-1,-1,-1
325,3,1052.58,398.81,198.91,613.48,0.8535,-1,-1,-1
325,5,1825.70,412.99,136.51,529.01,0.5327,-1,-1,-1
325,13,826.30,447.27,74.45,213.87,0.4446,-1,-1,-1
325,15,490.58,446.54,44.72,115.48,0.4747,-1,-1,-1
325,16,873.66,415.51,163.42,536.01,0.8057,-1,-1,-1
325,17,1220.59,442.85,97.69,241.53,0.6803,-1,-1,-1
325,20,59.15,403.44,252.96,444.00,0.9014,-1,-1,-1
325,22,1758.31,391.73,153.23,466.74,0.5504,-1,-1,-1
325,23,1448.70,440.17,42.14,107.99,0.5733,-1,-1,-1
326,3,1053.92,398.48,198.34,614.13,0.8586,-1,-1,-1
326,13,829.67,442.36,77.14,220.56,0.3749,-1,-1,-1
326,15,489.92,445.67,44.95,116.27,0.4507,-1,-1,-1
326,16,874.84,415.64,163.28,536.06,0.7933,-1,-1,-1
326,17,1215.29,451.85,93.41,229.58,0.5428,-1,-1,-1
326,20,66.54,403.70,252.77,440.75,0.8902,-1,-1,-1
326,22,1762.42,393.23,160.97,493.22,0.6152,-1,-1,-1
326,23,1451.11,441.55,42.07,106.89,0.5908,-1,-1,-1
327,3,1054.39,396.50,198.32,616.71,0.8637,-1,-1,-1
327,13,833.89,441.71,78.53,225.22,0.1937,-1,-1,-1
327,15,489.15,445.30,44.84,116.34,0.5024,-1,-1,-1
327,16,876.92,416.62,162.43,534.99,0.7847,-1,-1,-1
327,20,78.73,402.14,250.51,438.43,0.8740,-1,-1,-1
327,22,1762.59,392.23,169.10,525.11,0.7191,-1,-1,-1
327,23,1453.53,441.85,42.48,106.45,0.5938,-1,-1,-1
328,3,1055.11,396.00,198.03,617.61,0.8601,-1,-1,-1
328,13,839.74,440.76,77.85,224.27,0.1705,-1,-1,-1
328,15,489.01,448.89,43.35,112.83,0.3987,-1,-1,-1
328,16,877.59,415.96,162.19,535.91,0.7551,-1,-1,-1
328,20,90.37,394.22,248.28,439.26,0.8826,-1,-1,-1
328,22,1761.91,389.12,173.11,545.14,0.7892,-1,-1,-1
328,23,1455.55,442.62,42.20,105.26,0.6210,-1,-1,-1
329,3,1055.78,398.15,197.05,616.02,0.8602,-1,-1,-1
329,15,489.57,452.17,42.21,109.70,0.3901,-1,-1,-1
329,16,875.93,417.46,162.40,535.89,0.7763,-1,-1,-1
329,20,104.24,392.15,241.59,435.10,0.8312,-1,-1,-1
329,22,1761.82,393.30,171.85,546.56,0.8197,-1,-1,-1
329,23,1457.58,442.02,41.64,104.11,0.5395,-1,-1,-1
330,3,1055.75,396.88,196.99,617.57,0.8641,-1,-1,-1
330,15,489.15,452.56,42.15,109.36,0.4431,-1,-1,-1
330,16,873.83,419.03,162.91,534.19,0.8044,-1,-1,-1
330,20,120.48,396.97,231.35,427.27,0.8069,-1,-1,-1
330,22,1762.96,395.71,168.69,540.76,0.7416,-1,-1,-1
330,23,1459.62,441.57,41.14,103.35,0.4592,-1,-1,-1
331,3,1056.58,395.82,196.98,618.58,0.8650,-1,-1,-1
331,15,488.44,453.04,42.12,109.01,0.3922,-1,-1,-1
331,16,873.45,419.99,163.49,532.94,0.8023,-1,-1,-1
331,20,137.54,394.23,224.32,428.92,0.7993,-1,-1,-1
331,22,1770.10,392.65,153.80,490.03,0.7398,-1,-1,-1
331,23,1462.30,440.95,41.23,104.43,0.5808,-1,-1,-1
332,3,1057.56,396.38,196.77,618.81,0.8638,-1,-1,-1
332,15,488.14,451.45,42.61,110.78,0.4044,-1,-1,-1
332,16,875.62,420.26,164.44,532.50,0.8234,-1,-1,-1
332,20,158.75,392.71,216.47,430.43,0.7744,-1,-1,-1
332,22,1772.90,393.77,148.06,469.36,0.7844,-1,-1,-1
332,23,1465.82,440.27,41.70,105.95,0.5811,-1,-1,-1
333,3,1058.97,397.00,196.46,618.14,0.8717,-1,-1,-1
333,15,489.32,452.60,41.86,109.32,0.3879,-1,-1,-1
333,16,876.62,419.79,165.67,532.99,0.8293,-1,-1,-1
333,20,177.82,390.65,209.70,432.52,0.7502,-1,-1,-1
333,22,1773.25,393.94,146.86,463.70,0.7827,-1,-1,-1
333,23,1469.77,440.35,40.93,104.49,0.5665,-1,-1,-1
334,3,1059.60,396.69,196.25,618.54,0.8760,-1,-1,-1
334,15,489.77,453.17,41.36,108.63,0.3500,-1,-1,-1
334,16,877.40,420.14,166.61,532.57,0.8306,-1,-1,-1
334,20,195.52,399.07,200.09,423.50,0.7156,-1,-1,-1
334,22,1775.94,392.52,146.25,462.66,0.6609,-1,-1,-1
334,23,1471.08,440.34,41.03,105.66,0.4882,-1,-1,-1
335,3,1059.80,396.76,195.53,617.63,0.8785,-1,-1,-1
335,15,489.14,449.99,42.51,112.41,0.4439,-1,-1,-1
335,16,877.65,419.58,167.74,532.98,0.8365,-1,-1,-1
335,20,198.90,414.82,193.24,407.18,0.7263,-1,-1,-1
335,22,1780.19,403.06,142.97,453.46,0.6193,-1,-1,-1
335,23,1472.96,439.03,41.14,106.54,0.5401,-1,-1,-1
335,24,6.41,458.09,128.49,327.18,0.6938,-1,-1,-1
336,3,1059.53,396.69,195.24,617.55,0.8792,-1,-1,-1
336,15,488.10,447.96,42.62,113.35,0.4382,-1,-1,-1
336,16,877.13,420.48,168.10,532.12,0.8423,-1,-1,-1
336,20,207.79,414.98,192.35,404.57,0.6272,-1,-1,-1
336,22,1788.28,429.47,134.90,428.87,0.5101,-1,-1,-1
336,23,1474.17,438.23,40.82,106.63,0.5231,-1,-1,-1
336,24,5.77,446.44,134.27,341.36,0.8054,-1,-1,-1
337,3,1060.52,397.09,195.24,617.57,0.8804,-1,-1,-1
337,15,487.49,449.28,41.75,111.75,0.2599,-1,-1,-1
337,16,877.03,419.72,168.82,532.91,0.8339,-1,-1,-1
337,20,225.17,424.67,189.99,397.89,0.7155,-1,-1,-1
337,22,1797.12,436.58,130.68,421.72,0.3927,-1,-1,-1
337,23,1475.27,436.74,41.53,108.96,0.5354,-1,-1,-1
337,24,7.00,442.28,136.00,344.68,0.8231,-1,-1,-1
338,3,1061.48,397.24,195.26,617.23,0.8736,-1,-1,-1
338,15,487.92,452.39,40.52,108.67,0.1862,-1,-1,-1
338,16,877.89,418.73,169.90,534.32,0.8205,-1,-1,-1
338,20,240.40,435.65,188.16,387.31,0.7957,-1,-1,-1
338,22,1810.03,456.19,121.07,399.01,0.1835,-1,-1,-1
338,23,1478.53,436.22,41.69,109.46,0.5945,-1,-1,-1
338,24,7.93,446.39,134.59,339.57,0.8322,-1,-1,-1
339,3,1061.64,396.70,195.07,617.52,0.8826,-1,-1,-1
339,15,488.18,456.05,39.24,105.21,0.1854,-1,-1,-1
339,16,877.21,418.43,170.27,534.86,0.8224,-1,-1,-1
339,20,245.01,415.63,198.92,406.99,0.8189,-1,-1,-1
339,23,1481.69,436.97,41.53,108.81,0.5214,-1,-1,-1
339,24,8.01,445.43,135.42,339.87,0.8344,-1,-1,-1
340,3,1062.70,398.16,194.55,615.74,0.8842,-1,-1,-1
340,15,487.38,455.73,39.52,106.43,0.1895,-1,-1,-1
340,16,877.25,418.25,170.18,534.93,0.8207,-1,-1,-1
340,20,247.04,409.06,204.47,413.90,0.8486,-1,-1,-1
340,23,1483.94,436.87,41.62,109.31,0.4274,-1,-1,-1
340,24,6.53,442.79,137.37,343.29,0.8388,-1,-1,-1
341,3,1064.08,401.49,193.60,612.40,0.8853,-1,-1,-1
341,15,488.54,455.30,39.36,106.48,0.1885,-1,-1,-1
341,16,877.73,418.02,169.98,534.78,0.8211,-1,-1,-1
341,20,252.83,423.27,199.69,398.99,0.8178,-1,-1,-1
341,23,1485.93,434.82,42.74,111.61,0.2683,-1,-1,-1
341,24,5.62,437.67,139.75,347.63,0.8458,-1,-1,-1
342,3,1066.25,400.77,194.02,612.79,0.8777,-1,-1,-1
342,15,490.36,455.63,39.35,106.59,0.2254,-1,-1,-1
342,16,882.34,421.56,169.21,531.06,0.8177,-1,-1,-1
342,20,255.63,430.51,198.31,390.66,0.8159,-1,-1,-1
342,23,1489.21,434.54,44.30,112.62,0.2312,-1,-1,-1
342,24,6.48,439.55,139.68,345.29,0.8342,-1,-1,-1
343,3,1065.86,400.96,193.91,612.58,0.8819,-1,-1,-1
343,15,492.29,456.06,38.61,104.86,0.2119,-1,-1,-1
343,16,884.41,422.85,168.79,529.76,0.8164,-1,-1,-1
343,20,255.91,431.58,199.28,388.56,0.8163,-1,-1,-1
343,23,1492.49,434.16,45.80,113.42,0.2276,-1,-1,-1
343,24,4.54,434.87,143.44,353.43,0.7921,-1,-1,-1
344,3,1066.46,400.12,194.28,613.60,0.8784,-1,-1,-1
344,15,493.22,457.17,37.71,102.19,0.2277,-1,-1,-1
344,16,886.33,424.04,168.30,528.43,0.8186,-1,-1,-1
344,20,253.71,419.35,205.34,399.05,0.8107,-1,-1,-1
344,24,7.83,435.14,142.81,352.00,0.7776,-1,-1,-1
345,3,1068.02,400.86,194.38,612.37,0.8807,-1,-1,-1
345,15,492.94,452.82,39.31,107.08,0.2123,-1,-1,-1
345,16,887.76,424.30,167.73,527.76,0.8060,-1,-1,-1
345,20,252.89,411.34,208.87,405.98,0.8543,-1,-1,-1
345,24,10.48,433.68,143.42,354.18,0.8136,-1,-1,-1
346,3,1067.99,400.56,194.76,613.07,0.8778,-1,-1,-1
346,15,491.40,448.72,40.91,111.49,0.2665,-1,-1,-1
346,16,889.89,424.32,167.66,527.30,0.8131,-1,-1,-1
346,20,256.56,404.77,210.04,411.04,0.8381,-1,-1,-1
346,24,23.82,435.60,140.44,350.67,0.8019,-1,-1,-1
347,3,1069.32,402.25,194.77,611.72,0.8741,-1,-1,-1
347,15,490.47,447.74,41.32,112.40,0.2490,-1,-1,-1
347,16,891.84,424.39,167.67,526.92,0.8082,-1,-1,-1
347,20,262.86,402.86,209.08,413.65,0.8133,-1,-1,-1
347,24,39.73,437.96,136.98,345.45,0.8050,-1,-1,-1
348,3,1069.61,400.38,195.79,613.41,0.8733,-1,-1,-1
348,15,485.84,447.18,42.53,114.03,0.3001,-1,-1,-1
348,16,892.70,423.67,166.92,527.29,0.8009,-1,-1,-1
348,20,274.61,405.73,203.67,409.27,0.7898,-1,-1,-1
348,24,48.47,435.61,137.18,347.44,0.6841,-1,-1,-1
349,3,1070.12,401.72,196.02,612.29,0.8727,-1,-1,-1
349,15,479.55,443.47,45.11,118.94,0.2747,-1,-1,-1
349,16,894.86,422.65,166.47,528.51,0.8063,-1,-1,-1
349,20,281.07,401.89,197.69,405.49,0.8059,-1,-1,-1
349,24,49.54,434.14,138.99,349.05,0.5192,-1,-1,-1
350,3,1069.42,400.41,196.79,613.35,0.8741,-1,-1,-1
350,15,478.48,443.49,45.88,118.69,0.4960,-1,-1,-1
350,16,897.03,421.86,166.42,529.34,0.8087,-1,-1,-1
350,20,291.01,398.54,192.70,406.16,0.8006,-1,-1,-1
350,24,68.54,435.65,138.58,347.75,0.7810,-1,-1,-1
351,3,1068.36,399.95,197.13,613.90,0.8754,-1,-1,-1
351,15,478.81,445.47,45.64,116.45,0.4336,-1,-1,-1
351,16,898.09,421.79,166.09,528.97,0.8005,-1,-1,-1
351,20,306.40,392.29,186.21,407.69,0.7794,-1,-1,-1
351,24,82.38,437.16,141.56,346.15,0.8100,-1,-1,-1
352,3,1068.36,400.46,197.48,613.58,0.8788,-1,-1,-1
352,15,478.84,445.30,46.06,116.25,0.4016,-1,-1,-1
352,16,899.26,422.34,165.54,527.85,0.7984,-1,-1,-1
352,20,323.16,394.53,177.36,403.47,0.7256,-1,-1,-1
352,24,92.52,436.29,146.21,345.93,0.8394,-1,-1,-1
352,25,4.38,504.33,52.00,351.14,0.5708,-1,-1,-1
353,3,1067.45,400.28,197.91,613.99,0.8772,-1,-1,-1
353,15,475.09,445.55,46.50,116.68,0.2848,-1,-1,-1
353,16,899.37,421.61,165.11,527.66,0.8015,-1,-1,-1
353,20,340.33,408.55,165.99,390.20,0.5818,-1,-1,-1
353,24,102.42,435.17,151.96,347.33,0.8505,-1,-1,-1
353,25,9.25,506.48,52.21,349.73,0.6886,-1,-1,-1
354,3,1067.14,399.47,198.50,614.91,0.8736,-1,-1,-1
354,15,475.25,449.55,45.35,112.29,0.2014,-1,-1,-1
354,16,900.95,421.83,165.08,527.62,0.7946,-1,-1,-1
354,20,346.67,402.09,164.98,397.76,0.5872,-1,-1,-1
354,24,108.93,435.46,156.99,346.94,0.8236,-1,-1,-1
354,25,13.76,500.67,53.57,353.37,0.6864,-1,-1,-1
355,3,1066.83,400.21,198.24,613.92,0.8756,-1,-1,-1
355,15,474.48,450.53,45.06,110.53,0.1580,-1,-1,-1
355,16,901.92,421.88,164.82,526.54,0.7722,-1,-1,-1
355,20,345.93,395.20,166.04,402.03,0.5678,-1,-1,-1
355,24,112.61,438.02,159.34,340.46,0.8582,-1,-1,-1
355,25,23.35,474.93,59.23,378.05,0.7159,-1,-1,-1
356,3,1066.50,401.13,198.17,613.62,0.8681,-1,-1,-1
356,15,474.40,450.75,45.08,109.87,0.1981,-1,-1,-1
356,16,902.32,421.94,163.88,524.79,0.7563,-1,-1,-1
356,20,352.72,399.71,164.67,397.84,0.6160,-1,-1,-1
356,24,118.72,438.64,160.54,334.99,0.8341,-1,-1,-1
356,25,38.36,455.04,66.30,397.58,0.8013,-1,-1,-1
356,17,1049.72,435.71,79.43,212.58,0.5826,-1,-1,-1
357,3,1067.98,400.02,199.12,614.88,0.8534,-1,-1,-1
357,15,471.77,445.65,47.70,115.53,0.2183,-1,-1,-1
357,16,902.51,421.78,162.84,523.21,0.7651,-1,-1,-1
357,20,366.69,403.28,166.33,395.92,0.6806,-1,-1,-1
357,24,125.47,437.70,161.22,331.51,0.8121,-1,-1,-1
357,25,50.63,448.70,73.87,407.54,0.8446,-1,-1,-1
357,17,1048.46,432.21,76.23,212.68,0.2987,-1,-1,-1
358,3,1068.85,400.28,199.51,614.59,0.8522,-1,-1,-1
358,15,475.34,444.39,48.41,116.64,0.1816,-1,-1,-1
358,16,902.44,419.87,162.64,524.11,0.7857,-1,-1,-1
358,20,388.83,401.42,166.97,395.77,0.6522,-1,-1,-1
358,24,132.27,437.52,161.27,330.04,0.8110,-1,-1,-1
358,25,60.47,448.06,81.81,408.00,0.8562,-1,-1,-1
358,17,1047.29,434.41,72.75,209.77,0.5519,-1,-1,-1
359,3,1069.47,399.53,200.21,615.13,0.8521,-1,-1,-1
359,15,478.33,443.58,48.31,115.75,0.2384,-1,-1,-1
359,16,903.92,419.58,161.84,523.89,0.7900,-1,-1,-1
359,20,401.64,405.19,167.80,393.27,0.8124,-1,-1,-1
359,24,136.58,435.85,161.90,331.34,0.8211,-1,-1,-1
359,25,61.51,443.56,90.67,411.43,0.8451,-1,-1,-1
359,17,1041.27,430.04,72.51,212.89,0.4369,-1,-1,-1
360,3,1070.19,400.54,200.68,614.29,0.8503,-1,-1,-1
360,16,906.70,419.89,161.31,523.00,0.7899,-1,-1,-1
360,20,410.11,409.21,168.44,388.96,0.8068,-1,-1,-1
360,24,143.40,436.06,159.70,328.00,0.7774,-1,-1,-1
360,25,61.33,442.95,99.43,411.30,0.8747,-1,-1,-1
360,17,1034.93,430.21,72.08,212.82,0.2363,-1,-1,-1
361,3,1070.87,401.78,201.12,612.95,0.8538,-1,-1,-1
361,16,908.12,419.35,160.42,520.57,0.7993,-1,-1,-1
361,20,413.06,406.69,172.59,391.36,0.8433,-1,-1,-1
361,24,155.45,435.51,156.74,327.88,0.7516,-1,-1,-1
361,25,59.58,441.13,108.66,412.11,0.8764,-1,-1,-1
362,3,1071.69,402.18,201.80,612.70,0.8602,-1,-1,-1
362,16,909.51,417.46,160.32,519.94,0.8060,-1,-1,-1
362,20,412.84,406.63,175.82,391.99,0.8476,-1,-1,-1
362,24,161.52,438.58,152.57,325.51,0.6718,-1,-1,-1
362,25,59.11,441.85,118.40,412.53,0.8542,-1,-1,-1
363,3,1071.58,401.85,202.53,612.85,0.8536,-1,-1,-1
363,16,913.27,418.87,159.82,517.57,0.8019,-1,-1,-1
363,20,411.08,409.89,177.63,388.37,0.8394,-1,-1,-1
363,24,167.00,438.25,149.48,326.80,0.7533,-1,-1,-1
363,25,55.48,443.23,126.92,410.21,0.8442,-1,-1,-1
364,3,1071.89,401.59,203.41,613.14,0.8541,-1,-1,-1
364,16,914.63,414.60,160.54,520.15,0.8269,-1,-1,-1
364,20,410.64,413.89,178.69,384.51,0.8503,-1,-1,-1
364,24,176.23,441.27,143.45,323.13,0.7325,-1,-1,-1
364,25,50.71,439.54,135.75,411.21,0.8533,-1,-1,-1
365,3,1071.63,402.49,203.66,611.81,0.8522,-1,-1,-1
365,16,916.24,413.12,160.75,521.13,0.8190,-1,-1,-1
365,20,408.71,413.16,181.30,384.80,0.8574,-1,-1,-1
365,24,183.85,438.77,140.67,325.84,0.7411,-1,-1,-1
365,25,48.55,439.54,144.36,412.09,0.8605,-1,-1,-1
366,3,1070.74,400.57,204.84,614.17,0.8472,-1,-1,-1
366,16,918.41,412.14,161.06,522.61,0.8291,-1,-1,-1
366,20,409.01,411.93,182.35,382.47,0.8220,-1,-1,-1
366,24,191.20,436.45,137.99,327.84,0.7747,-1,-1,-1
366,25,46.51,440.27,151.27,409.48,0.8590,-1,-1,-1
367,3,1071.64,400.99,205.50,613.96,0.8218,-1,-1,-1
367,16,920.42,410.73,161.16,524.46,0.8253,-1,-1,-1
367,20,407.24,406.98,184.59,385.07,0.8418,-1,-1,-1
367,24,203.21,436.46,135.05,327.52,0.7566,-1,-1,-1
367,25,54.62,440.10,153.15,400.33,0.7861,-1,-1,-1
368,3,1073.50,399.48,207.36,615.53,0.7877,-1,-1,-1
368,16,922.26,409.72,160.85,525.30,0.8198,-1,-1,-1
368,20,405.59,398.75,187.36,390.49,0.8463,-1,-1,-1
368,24,218.39,437.69,133.63,326.77,0.7359,-1,-1,-1
368,25,64.64,436.27,153.27,394.57,0.7830,-1,-1,-1
369,3,1075.54,400.13,208.71,614.96,0.7462,-1,-1,-1
369,16,924.43,413.46,158.93,519.95,0.8220,-1,-1,-1
369,20,407.14,396.53,187.58,392.14,0.8536,-1,-1,-1
369,24,232.61,435.28,135.02,329.03,0.8104,-1,-1,-1
369,25,80.23,432.94,152.12,393.25,0.7696,-1,-1,-1
370,3,1074.40,398.08,210.35,616.88,0.7952,-1,-1,-1
370,16,927.89,415.52,158.75,519.80,0.8016,-1,-1,-1
370,20,411.95,404.25,183.66,385.43,0.8351,-1,-1,-1
370,24,245.66,432.82,137.50,330.69,0.8301,-1,-1,-1
370,25,97.62,433.95,147.77,388.61,0.8105,-1,-1,-1
371,3,1071.92,397.96,210.38,616.69,0.7178,-1,-1,-1
371,16,931.04,415.60,158.63,520.57,0.7965,-1,-1,-1
371,20,419.47,402.17,182.33,386.79,0.8320,-1,-1,-1
371,24,253.83,432.25,140.19,330.63,0.8392,-1,-1,-1
371,25,116.38,438.11,143.08,382.22,0.7981,-1,-1,-1
372,3,1072.78,397.46,210.93,616.73,0.8190,-1,-1,-1
372,16,933.65,415.61,158.28,520.66,0.7960,-1,-1,-1
372,20,431.54,418.13,169.99,363.89,0.7975,-1,-1,-1
372,24,257.55,434.33,141.99,327.45,0.8179,-1,-1,-1
372,25,126.60,437.44,141.19,382.31,0.7601,-1,-1,-1
373,3,1073.88,397.21,211.86,617.20,0.8387,-1,-1,-1
373,16,936.10,416.21,158.01,521.00,0.7950,-1,-1,-1
373,20,444.12,406.07,170.06,370.69,0.8000,-1,-1,-1
373,24,263.96,435.36,141.56,321.52,0.8034,-1,-1,-1
373,25,144.26,434.92,142.18,383.55,0.8089,-1,-1,-1
373,26,-0.22,491.86,46.68,316.24,0.6281,-1,-1,-1
374,3,1074.38,397.79,212.25,616.53,0.8098,-1,-1,-1
374,16,940.01,416.76,157.04,519.87,0.7884,-1,-1,-1
374,20,456.45,402.33,166.92,370.33,0.7724,-1,-1,-1
374,24,274.43,440.47,137.23,307.23,0.7789,-1,-1,-1
374,25,156.23,431.75,143.35,385.48,0.7264,-1,-1,-1
374,26,1.73,491.56,46.87,316.94,0.7026,-1,-1,-1
375,3,1074.81,399.33,212.32,614.48,0.7954,-1,-1,-1
375,16,940.52,414.18,157.03,521.20,0.7756,-1,-1,-1
375,20,470.04,406.71,162.26,364.35,0.7128,-1,-1,-1
375,24,283.30,449.34,133.82,297.68,0.7425,-1,-1,-1
375,25,170.83,432.88,146.02,383.54,0.8168,-1,-1,-1
375,26,5.21,487.33,48.31,324.45,0.6592,-1,-1,-1
376,3,1075.51,399.65,212.94,613.57,0.8087,-1,-1,-1
376,16,941.44,416.74,156.24,521.19,0.7739,-1,-1,-1
376,20,478.40,404.52,160.23,364.03,0.6939,-1,-1,-1
376,24,282.35,439.81,138.79,307.53,0.7423,-1,-1,-1
376,25,178.03,435.99,149.56,379.98,0.7681,-1,-1,-1
376,26,10.41,481.54,50.14,330.78,0.7803,-1,-1,-1
377,3,1076.35,400.49,214.21,613.78,0.8123,-1,-1,-1
377,16,944.32,417.34,155.94,521.16,0.7970,-1,-1,-1
377,20,482.13,400.70,160.13,367.35,0.7358,-1,-1,-1
377,24,286.82,441.53,138.58,306.04,0.7057,-1,-1,-1
377,25,182.84,439.01,154.50,377.27,0.7974,-1,-1,-1
377,26,20.90,451.68,56.56,358.47,0.7789,-1,-1,-1
378,3,1075.58,399.32,215.49,615.49,0.7752,-1,-1,-1
378,16,946.01,413.33,156.51,522.76,0.7802,-1,-1,-1
378,20,487.64,396.47,161.31,373.11,0.7880,-1,-1,-1
378,24,291.02,440.77,139.12,309.12,0.6757,-1,-1,-1
378,25,184.44,440.03,159.66,376.34,0.8198,-1,-1,-1
378,26,33.99,436.65,63.13,373.21,0.8289,-1,-1,-1
379,3,1074.09,397.29,216.48,617.02,0.8307,-1,-1,-1
379,16,946.24,411.31,156.85,523.79,0.8144,-1,-1,-1
379,20,498.40,396.74,161.75,373.70,0.7933,-1,-1,-1
379,24,300.68,439.56,136.49,309.34,0.6841,-1,-1,-1
379,25,183.98,441.32,164.37,374.87,0.8247,-1,-1,-1
379,26,36.85,431.05,68.31,377.25,0.8210,-1,-1,-1
380,3,1073.54,395.63,217.29,618.50,0.8255,-1,-1,-1
380,16,947.46,407.67,157.85,526.41,0.8113,-1,-1,-1
380,20,506.51,398.68,161.55,371.97,0.6394,-1,-1,-1
380,24,307.63,444.57,131.65,306.47,0.6351,-1,-1,-1
380,25,186.11,443.04,168.52,371.68,0.8376,-1,-1,-1
380,26,43.27,428.58,74.71,378.59,0.7753,-1,-1,-1
381,3,1072.01,393.97,217.66,620.39,0.7992,-1,-1,-1
381,16,951.88,411.27,157.34,526.19,0.7699,-1,-1,-1
381,20,512.16,405.66,157.24,365.41,0.5864,-1,-1,-1
381,24,309.73,442.35,129.67,309.68,0.7057,-1,-1,-1
381,25,184.51,444.18,172.25,367.27,0.8610,-1,-1,-1
381,26,47.01,434.41,80.55,372.27,0.7523,-1,-1,-1
382,3,1074.58,396.83,217.25,617.83,0.8144,-1,-1,-1
382,16,953.57,414.48,156.28,521.18,0.7518,-1,-1,-1
382,20,525.30,405.69,154.76,364.26,0.6057,-1,-1,-1
382,24,319.44,442.21,125.64,307.42,0.6878,-1,-1,-1
382,25,185.27,442.90,176.24,367.36,0.8295,-1,-1,-1
382,26,47.25,436.14,87.30,369.71,0.8045,-1,-1,-1
383,3,1074.89,397.30,217.47,617.58,0.8288,-1,-1,-1
383,16,954.46,416.37,156.40,521.73,0.6962,-1,-1,-1
383,20,528.84,411.46,152.76,358.50,0.6916,-1,-1,-1
383,24,332.72,443.91,121.15,301.85,0.5557,-1,-1,-1
383,25,193.70,442.33,177.53,367.08,0.7935,-1,-1,-1
383,26,48.67,436.38,95.18,368.79,0.8582,-1,-1,-1
384,3,1075.05,397.11,217.80,617.86,0.8328,-1,-1,-1
384,16,954.51,416.54,156.24,522.77,0.7106,-1,-1,-1
384,20,531.62,408.64,154.12,361.21,0.7506,-1,-1,-1
384,24,349.94,453.13,114.52,290.97,0.6045,-1,-1,-1
384,25,199.07,437.28,179.84,371.81,0.7938,-1,-1,-1
384,26,48.69,433.31,104.40,372.73,0.8756,-1,-1,-1
385,3,1074.83,397.12,217.89,617.88,0.7877,-1,-1,-1
385,16,955.39,416.54,155.82,523.72,0.7201,-1,-1,-1
385,20,535.56,408.27,154.30,361.73,0.7874,-1,-1,-1
385,24,355.21,443.61,116.00,299.78,0.7056,-1,-1,-1
385,25,208.27,434.15,177.68,369.83,0.8060,-1,-1,-1
385,26,49.61,434.60,112.98,371.69,0.8629,-1,-1,-1
386,3,1075.08,397.36,217.99,617.34,0.7060,-1,-1,-1
386,16,957.23,415.02,155.87,526.41,0.7416,-1,-1,-1
386,20,539.91,406.46,154.75,363.07,0.8329,-1,-1,-1
386,24,365.18,439.81,117.88,304.74,0.7071,-1,-1,-1
386,25,219.56,435.07,172.84,366.02,0.7921,-1,-1,-1
386,26,46.17,433.13,121.87,374.42,0.8359,-1,-1,-1
386,27,730.41,470.60,49.89,129.93,0.5290,-1,-1,-1
387,3,1074.85,397.59,218.06,616.79,0.7757,-1,-1,-1
387,16,957.33,416.35,154.66,524.49,0.7225,-1,-1,-1
387,20,542.02,407.12,153.45,360.72,0.8455,-1,-1,-1
387,24,376.35,438.67,121.67,307.52,0.8056,-1,-1,-1
387,25,233.06,431.50,168.35,367.38,0.5758,-1,-1,-1
387,26,43.20,432.85,128.84,373.33,0.8367,-1,-1,-1
387,27,730.65,471.07,49.66,129.41,0.5301,-1,-1,-1
388,3,1072.55,397.18,221.93,617.86,0.7372,-1,-1,-1
388,16,957.02,417.45,153.31,523.13,0.7216,-1,-1,-1
388,20,544.50,405.90,152.06,358.76,0.8252,-1,-1,-1
388,24,383.47,439.81,125.40,307.95,0.7892,-1,-1,-1
388,25,247.55,433.09,160.41,363.76,0.6753,-1,-1,-1
388,26,44.32,432.02,134.15,372.22,0.8071,-1,-1,-1
388,27,729.54,469.30,50.92,132.89,0.4964,-1,-1,-1
389,3,1086.25,397.39,230.46,617.56,0.7262,-1,-1,-1
389,16,957.19,418.03,151.66,522.36,0.7017,-1,-1,-1
389,20,547.18,407.92,150.20,355.54,0.8064,-1,-1,-1
389,24,386.17,441.15,128.66,304.43,0.8016,-1,-1,-1
389,25,257.57,429.49,156.68,368.56,0.6786,-1,-1,-1
389,26,47.10,425.25,139.33,374.85,0.7874,-1,-1,-1
389,27,729.80,471.61,50.00,130.57,0.5033,-1,-1,-1
390,3,1090.60,397.20,238.17,618.38,0.7742,-1,-1,-1
390,16,958.40,418.07,150.25,523.27,0.6751,-1,-1,-1
390,20,551.45,409.42,147.97,352.40,0.8007,-1,-1,-1
390,24,389.46,441.01,132.35,303.20,0.8139,-1,-1,-1
390,25,264.29,433.52,151.22,364.54,0.5260,-1,-1,-1
390,26,53.08,426.83,141.41,371.17,0.7948,-1,-1,-1
390,27,729.88,473.60,49.85,130.12,0.4865,-1,-1,-1
391,3,1088.52,397.08,245.58,618.45,0.7778,-1,-1,-1
391,16,961.75,416.89,148.96,527.62,0.6590,-1,-1,-1
391,20,555.25,411.54,146.33,351.80,0.8018,-1,-1,-1
391,24,393.73,441.15,134.21,300.18,0.7847,-1,-1,-1
391,25,278.35,436.99,145.62,361.78,0.5330,-1,-1,-1
391,26,56.54,428.03,143.50,369.69,0.7605,-1,-1,-1
391,27,729.03,472.02,50.45,131.60,0.4435,-1,-1,-1
392,3,1083.92,397.82,251.70,618.20,0.7845,-1,-1,-1
392,16,966.82,412.93,146.50,527.99,0.6500,-1,-1,-1
392,20,559.69,409.02,146.00,356.24,0.7869,-1,-1,-1
392,24,399.87,439.72,135.26,299.09,0.7245,-1,-1,-1
392,25,294.66,437.50,143.67,361.81,0.6567,-1,-1,-1
392,26,63.23,431.67,143.12,364.22,0.7637,-1,-1,-1
392,27,728.20,468.96,51.40,134.04,0.4473,-1,-1,-1
393,3,1079.16,398.24,257.66,618.26,0.8134,-1,-1,-1
393,16,963.94,416.87,144.79,525.43,0.6501,-1,-1,-1
393,20,567.26,413.18,139.17,344.19,0.7914,-1,-1,-1
393,24,405.20,439.69,134.99,296.95,0.7274,-1,-1,-1
393,25,309.70,440.16,143.56,359.45,0.7908,-1,-1,-1
393,26,78.02,429.53,142.66,365.69,0.6330,-1,-1,-1
393,27,728.03,467.68,51.75,134.83,0.5302,-1,-1,-1
393,28,923.52,437.20,57.92,162.67,0.6499,-1,-1,-1
394,3,1067.21,398.19,258.24,617.50,0.6771,-1,-1,-1
394,16,969.19,413.68,142.13,525.71,0.6298,-1,-1,-1
394,20,572.36,412.49,135.57,341.02,0.7606,-1,-1,-1
394,24,412.85,442.71,133.04,292.75,0.7292,-1,-1,-1
394,25,316.23,443.16,143.77,357.26,0.7241,-1,-1,-1
394,26,78.21,428.80,145.18,366.82,0.7570,-1,-1,-1
394,27,727.90,473.76,50.01,129.53,0.5980,-1,-1,-1
394,28,921.11,438.23,58.55,164.58,0.6389,-1,-1,-1
395,3,1061.49,397.16,259.05,618.36,0.7000,-1,-1,-1
395,16,972.75,413.12,139.00,524.61,0.6579,-1,-1,-1
395,20,577.88,413.55,131.67,336.44,0.7668,-1,-1,-1
395,24,418.50,441.24,132.37,293.91,0.7396,-1,-1,-1
395,25,319.57,443.96,145.22,357.02,0.7475,-1,-1,-1
395,26,80.80,430.22,146.74,365.90,0.7789,-1,-1,-1
395,27,725.88,471.33,51.86,134.10,0.6130,-1,-1,-1
395,28,918.41,439.51,58.02,163.34,0.5962,-1,-1,-1
396,3,1071.50,398.44,263.03,618.01,0.7612,-1,-1,-1
396,16,973.59,413.56,136.50,523.73,0.6218,-1,-1,-1
396,20,585.51,423.12,125.18,322.21,0.7561,-1,-1,-1
396,24,426.83,443.32,128.25,289.15,0.6563,-1,-1,-1
396,25,323.63,442.95,147.98,356.40,0.7601,-1,-1,-1
396,26,100.24,441.38,140.87,353.84,0.5854,-1,-1,-1
396,27,723.10,466.27,55.22,142.63,0.5792,-1,-1,-1
396,28,915.50,442.03,59.17,167.12,0.6768,-1,-1,-1
397,3,1060.34,398.55,261.35,618.65,0.7906,-1,-1,-1
397,16,974.72,413.66,134.44,524.18,0.6774,-1,-1,-1
397,20,590.00,419.58,125.01,324.91,0.7488,-1,-1,-1
397,24,439.34,466.04,115.30,264.17,0.5730,-1,-1,-1
397,25,322.58,434.49,153.22,364.09,0.7633,-1,-1,-1
397,26,118.17,436.45,140.65,359.83,0.6219,-1,-1,-1
397,27,721.25,464.45,56.29,144.98,0.5765,-1,-1,-1
397,28,913.48,442.88,59.03,167.12,0.6400,-1,-1,-1
398,3,1057.32,399.06,259.46,619.08,0.8380,-1,-1,-1
398,16,970.15,415.28,134.09,524.58,0.6354,-1,-1,-1
398,20,596.74,423.21,122.73,319.55,0.7559,-1,-1,-1
398,24,436.59,443.89,122.57,287.16,0.7328,-1,-1,-1
398,25,325.71,436.52,154.40,360.19,0.8204,-1,-1,-1
398,26,129.34,436.26,139.44,359.98,0.7496,-1,-1,-1
398,27,720.14,461.85,57.22,147.51,0.5430,-1,-1,-1
398,28,914.39,444.27,57.59,163.22,0.4854,-1,-1,-1
399,3,1057.50,400.27,257.13,617.93,0.8375,-1,-1,-1
399,16,968.30,415.43,134.07,525.05,0.6614,-1,-1,-1
399,20,605.99,427.64,120.77,312.64,0.7882,-1,-1,-1
399,24,446.59,442.16,119.41,289.33,0.6275,-1,-1,-1
399,25,326.66,437.74,155.73,358.95,0.8309,-1,-1,-1
399,26,141.58,433.53,142.31,361.53,0.7641,-1,-1,-1
399,27,719.39,463.36,56.50,145.93,0.5361,-1,-1,-1
399,28,912.17,438.99,60.19,171.25,0.5827,-1,-1,-1
400,3,1058.54,400.37,255.33,618.40,0.8528,-1,-1,-1
400,16,967.16,414.20,134.16,526.60,0.6565,-1,-1,-1
400,20,611.47,423.86,123.37,316.23,0.7794,-1,-1,-1
400,24,454.13,439.77,116.17,290.14,0.7307,-1,-1,-1
400,25,325.66,435.75,158.08,360.08,0.8428,-1,-1,-1
400,26,152.41,433.08,145.62,360.90,0.7803,-1,-1,-1
400,27,717.37,468.14,54.06,140.20,0.4776,-1,-1,-1
400,28,909.54,438.56,59.76,170.66,0.5659,-1,-1,-1
401,3,1059.73,399.82,253.73,619.29,0.8464,-1,-1,-1
401,16,972.67,411.52,132.13,527.09,0.6369,-1,-1,-1
401,20,619.05,423.96,125.78,315.72,0.7721,-1,-1,-1
401,24,464.29,443.53,112.01,287.61,0.7209,-1,-1,-1
401,25,329.24,436.61,157.69,356.69,0.8149,-1,-1,-1
401,26,154.48,433.15,148.43,360.94,0.8140,-1,-1,-1
401,27,714.45,466.02,55.77,145.48,0.4253,-1,-1,-1
401,28,909.03,438.16,58.89,167.62,0.5768,-1,-1,-1
402,3,1060.96,399.44,251.76,619.93,0.8370,-1,-1,-1
402,16,975.49,410.79,130.17,527.23,0.6261,-1,-1,-1
402,20,626.00,417.14,130.81,322.66,0.8021,-1,-1,-1
402,24,473.65,449.22,107.42,280.00,0.7226,-1,-1,-1
402,25,337.31,442.50,154.07,348.66,0.8264,-1,-1,-1
402,26,156.31,435.43,149.55,357.56,0.8097,-1,-1,-1
402,27,714.17,463.61,56.21,147.18,0.4926,-1,-1,-1
402,28,907.60,438.25,60.46,170.03,0.5297,-1,-1,-1
403,3,1063.40,399.65,249.23,619.57,0.8374,-1,-1,-1
403,16,970.05,415.17,130.18,524.85,0.6182,-1,-1,-1
403,20,630.35,411.13,136.22,330.20,0.8362,-1,-1,-1
403,24,482.68,445.93,107.89,283.17,0.6044,-1,-1,-1
403,25,346.70,448.76,148.05,335.70,0.7465,-1,-1,-1
403,26,159.66,438.79,151.93,354.19,0.8039,-1,-1,-1
403,27,714.54,464.45,55.67,146.16,0.4663,-1,-1,-1
403,28,907.64,441.02,61.39,169.06,0.3596,-1,-1,-1
404,3,1065.49,399.80,247.28,620.32,0.8293,-1,-1,-1
404,16,967.15,416.87,130.66,524.72,0.6687,-1,-1,-1
404,20,635.49,407.96,140.53,334.64,0.8022,-1,-1,-1
404,24,493.38,441.11,110.73,286.50,0.6404,-1,-1,-1
404,25,353.03,443.82,148.44,339.65,0.7213,-1,-1,-1
404,26,164.88,438.62,153.75,351.56,0.8273,-1,-1,-1
404,27,713.64,463.31,55.95,147.97,0.4497,-1,-1,-1
404,28,898.58,446.79,58.95,163.83,0.5255,-1,-1,-1
405,3,1063.56,400.34,243.30,619.15,0.8328,-1,-1,-1
405,16,966.01,416.59,131.23,525.26,0.6856,-1,-1,-1
405,20,640.48,414.29,141.13,329.34,0.7875,-1,-1,-1
405,24,501.77,444.23,111.28,283.45,0.6790,-1,-1,-1
405,25,364.51,438.07,144.96,340.08,0.7012,-1,-1,-1
405,26,166.26,437.07,155.51,351.11,0.8182,-1,-1,-1
405,27,714.55,466.96,54.50,144.88,0.3763,-1,-1,-1
405,28,894.31,452.57,56.50,157.97,0.4055,-1,-1,-1
406,3,1061.71,399.31,240.53,620.60,0.8325,-1,-1,-1
406,16,964.31,416.06,131.94,525.74,0.6971,-1,-1,-1
406,20,645.14,420.76,140.95,322.56,0.7930,-1,-1,-1
406,24,506.16,447.74,111.07,279.54,0.6744,-1,-1,-1
406,25,377.04,434.83,139.71,337.90,0.7057,-1,-1,-1
406,26,167.34,436.08,157.20,352.36,0.8076,-1,-1,-1
406,27,715.52,466.80,54.05,145.67,0.2251,-1,-1,-1
406,28,891.93,454.84,55.06,154.06,0.3649,-1,-1,-1
407,3,1059.80,397.11,237.48,622.15,0.8346,-1,-1,-1
407,16,962.05,417.65,132.25,523.78,0.7252,-1,-1,-1
407,20,645.54,416.58,144.44,327.07,0.8541,-1,-1,-1
407,24,506.51,446.37,115.28,283.94,0.7084,-1,-1,-1
407,25,389.36,434.55,134.39,335.83,0.6730,-1,-1,-1
407,26,174.32,433.64,158.37,355.12,0.8026,-1,-1,-1
407,28,889.26,458.24,53.90,150.11,0.3129,-1,-1,-1
408,3,1057.79,397.63,234.27,622.37,0.8385,-1,-1,-1
408,16,962.12,417.36,132.79,523.78,0.7100,-1,-1,-1
408,20,648.21,418.70,145.03,325.75,0.8466,-1,-1,-1
408,24,510.42,440.74,119.45,289.23,0.7524,-1,-1,-1
408,25,393.09,433.71,131.78,336.17,0.6180,-1,-1,-1
408,26,183.50,433.42,156.09,352.05,0.7955,-1,-1,-1
408,28,882.78,456.02,55.87,153.67,0.4983,-1,-1,-1
409,3,1057.97,398.88,230.30,620.49,0.8396,-1,-1,-1
409,16,962.48,417.05,133.46,523.53,0.7043,-1,-1,-1
409,20,649.25,418.08,146.24,326.35,0.8314,-1,-1,-1
409,24,509.94,436.85,123.23,293.30,0.7531,-1,-1,-1
409,25,394.21,437.17,129.68,331.85,0.6158,-1,-1,-1
409,26,196.18,435.81,148.79,339.07,0.7232,-1,-1,-1
409,28,877.69,448.10,59.46,162.48,0.6134,-1,-1,-1
410,3,1056.14,398.21,226.69,620.95,0.8459,-1,-1,-1
410,16,962.27,418.90,133.35,521.11,0.7095,-1,-1,-1
410,20,649.22,412.80,149.18,331.76,0.8197,-1,-1,-1
410,24,517.22,438.91,120.63,285.11,0.7308,-1,-1,-1
410,25,410.68,438.60,128.04,331.10,0.5810,-1,-1,-1
410,26,211.12,435.46,144.89,336.62,0.6605,-1,-1,-1
410,28,875.57,446.49,60.29,164.59,0.5701,-1,-1,-1
411,3,1054.04,398.24,222.68,620.77,0.8467,-1,-1,-1
411,16,961.79,420.87,133.46,518.59,0.7181,-1,-1,-1
411,20,650.13,416.62,147.53,325.98,0.8265,-1,-1,-1
411,24,522.59,440.52,119.38,282.80,0.6931,-1,-1,-1
411,25,425.33,436.59,129.14,330.91,0.6693,-1,-1,-1
411,26,228.42,428.36,142.38,341.33,0.5464,-1,-1,-1
411,28,874.47,442.67,61.69,168.55,0.5405,-1,-1,-1
412,3,1054.51,399.74,218.65,618.72,0.8433,-1,-1,-1
412,16,963.17,421.68,133.57,518.24,0.6861,-1,-1,-1
412,20,647.86,406.99,152.15,335.94,0.8270,-1,-1,-1
412,24,527.37,437.90,118.98,283.42,0.7386,-1,-1,-1
412,25,428.73,436.17,131.76,331.16,0.6617,-1,-1,-1
412,26,243.47,426.89,138.71,342.53,0.7140,-1,-1,-1
412,28,872.83,441.66,60.96,167.59,0.5160,-1,-1,-1
413,3,1055.93,401.35,215.16,617.25,0.8518,-1,-1,-1
413,16,962.30,421.68,134.33,518.25,0.7356,-1,-1,-1
413,20,649.39,408.38,151.12,333.12,0.8040,-1,-1,-1
413,24,539.93,436.58,116.57,283.13,0.6168,-1,-1,-1
413,25,442.43,435.10,134.12,331.23,0.7118,-1,-1,-1
413,26,253.34,426.16,136.50,344.31,0.7255,-1,-1,-1
413,28,872.44,440.40,60.36,167.64,0.4901,-1,-1,-1
414,3,1054.95,404.07,212.25,614.92,0.8609,-1,-1,-1
414,16,963.16,421.58,134.19,516.86,0.6944,-1,-1,-1
414,20,654.32,419.92,145.76,320.84,0.8022,-1,-1,-1
414,24,548.81,437.46,114.04,282.31,0.6543,-1,-1,-1
414,25,448.39,436.94,135.76,329.00,0.7424,-1,-1,-1
414,26,260.32,424.63,135.24,346.91,0.6973,-1,-1,-1
414,28,869.22,440.16,59.78,167.90,0.5951,-1,-1,-1
415,3,1055.05,407.56,209.52,611.70,0.8578,-1,-1,-1
415,16,963.21,419.95,134.27,518.53,0.7134,-1,-1,-1
415,20,657.68,424.57,143.62,316.41,0.8065,-1,-1,-1
415,24,551.82,434.36,113.39,286.58,0.6031,-1,-1,-1
415,25,448.59,438.57,137.82,327.48,0.7651,-1,-1,-1
415,26,271.21,430.99,131.80,340.57,0.6670,-1,-1,-1
415,28,867.62,440.85,58.62,167.17,0.7087,-1,-1,-1
416,3,1055.33,410.91,207.56,608.71,0.8636,-1,-1,-1
416,16,963.06,419.31,134.08,519.22,0.7053,-1,-1,-1
416,20,664.59,430.58,139.12,308.09,0.7948,-1,-1,-1
416,24,558.86,433.85,110.76,286.48,0.7329,-1,-1,-1
416,25,447.44,440.94,139.37,325.43,0.8113,-1,-1,-1
416,26,280.86,435.59,128.32,334.78,0.7308,-1,-1,-1
416,28,866.29,440.40,57.75,166.43,0.6147,-1,-1,-1
417,3,1056.50,409.53,207.30,610.82,0.8532,-1,-1,-1
417,16,965.69,417.39,133.17,518.38,0.6690,-1,-1,-1
417,20,669.65,424.72,138.41,310.37,0.8033,-1,-1,-1
417,24,563.59,435.60,109.06,283.85,0.6753,-1,-1,-1
417,25,448.58,449.76,138.50,316.95,0.7914,-1,-1,-1
417,26,289.60,438.04,127.66,330.67,0.5965,-1,-1,-1
417,28,864.86,439.10,57.30,167.07,0.6314,-1,-1,-1
418,3,1055.67,405.87,207.86,614.61,0.8571,-1,-1,-1
418,16,965.50,418.04,132.78,519.51,0.6730,-1,-1,-1
418,20,673.07,413.75,139.82,318.37,0.7850,-1,-1,-1
418,24,575.34,436.12,107.11,282.41,0.7152,-1,-1,-1
418,25,446.67,446.42,140.87,319.42,0.8079,-1,-1,-1
418,26,296.05,436.03,130.40,332.54,0.6845,-1,-1,-1
418,28,863.88,439.61,55.92,165.26,0.5207,-1,-1,-1
419,3,1055.62,407.62,207.30,612.83,0.8490,-1,-1,-1
419,16,967.12,419.52,131.55,517.11,0.6840,-1,-1,-1
419,20,678.27,407.17,140.14,324.00,0.8005,-1,-1,-1
419,24,581.81,436.98,104.83,280.36,0.7164,-1,-1,-1
419,25,448.25,439.43,144.48,324.58,0.8021,-1,-1,-1
419,26,302.57,438.20,132.79,330.66,0.7582,-1,-1,-1
419,28,861.41,440.63,54.58,164.12,0.5460,-1,-1,-1
420,3,1056.56,409.18,207.83,611.57,0.8393,-1,-1,-1
420,16,966.82,415.49,131.78,521.75,0.5912,-1,-1,-1
420,20,684.44,407.30,137.53,323.09,0.7801,-1,-1,-1
420,24,583.87,436.93,103.73,278.19,0.7143,-1,-1,-1
420,25,451.28,435.79,145.88,327.34,0.7692,-1,-1,-1
420,26,306.71,442.12,134.31,326.82,0.7818,-1,-1,-1
420,28,858.20,443.41,53.22,162.10,0.2577,-1,-1,-1
421,3,1054.69,409.20,208.69,611.60,0.8238,-1,-1,-1
421,16,965.45,412.24,131.87,525.43,0.5960,-1,-1,-1
421,20,688.08,418.56,130.79,311.91,0.7099,-1,-1,-1
421,24,591.49,438.99,104.44,277.19,0.7297,-1,-1,-1
421,25,450.59,434.35,146.03,326.89,0.7421,-1,-1,-1
421,26,306.59,439.63,138.25,328.86,0.7781,-1,-1,-1
421,28,855.12,437.22,54.55,168.26,0.4989,-1,-1,-1
422,3,1050.28,407.10,210.13,614.33,0.8181,-1,-1,-1
422,16,965.39,412.59,131.14,525.12,0.5194,-1,-1,-1
422,20,694.65,431.63,122.94,296.15,0.6475,-1,-1,-1
422,24,599.99,440.51,105.30,276.27,0.7147,-1,-1,-1
422,25,455.35,435.13,143.80,325.66,0.6973,-1,-1,-1
422,26,312.67,439.61,142.72,327.65,0.8232,-1,-1,-1
422,28,856.83,439.71,51.77,160.79,0.4726,-1,-1,-1
423,3,1049.29,404.04,212.10,618.20,0.8158,-1,-1,-1
423,16,966.03,416.43,129.40,520.57,0.4224,-1,-1,-1
423,20,700.17,436.03,119.74,291.88,0.6213,-1,-1,-1
423,24,609.91,443.10,106.13,272.94,0.7249,-1,-1,-1
423,25,462.27,437.23,139.28,320.29,0.7150,-1,-1,-1
423,26,311.72,436.96,147.57,329.47,0.7820,-1,-1,-1
423,28,855.59,439.01,51.94,161.33,0.5986,-1,-1,-1
423,29,1157.61,411.94,163.54,494.07,0.6562,-1,-1,-1
424,3,1049.13,399.91,214.33,624.36,0.7840,-1,-1,-1
424,16,970.54,462.50,118.47,472.84,0.4158,-1,-1,-1
424,20,703.32,431.26,120.50,298.05,0.6344,-1,-1,-1
424,24,618.89,443.25,108.53,272.25,0.7741,-1,-1,-1
424,25,468.37,437.23,137.58,320.53,0.7190,-1,-1,-1
424,26,314.95,436.89,149.30,327.78,0.7752,-1,-1,-1
424,28,851.48,438.79,52.57,163.10,0.5306,-1,-1,-1
424,29,1155.70,412.31,165.21,498.58,0.5138,-1,-1,-1
425,3,1044.95,397.80,215.87,633.01,0.7193,-1,-1,-1
425,16,973.64,482.48,113.78,451.11,0.5232,-1,-1,-1
425,20,709.25,421.81,122.69,305.06,0.7297,-1,-1,-1
425,24,621.76,448.88,108.61,266.71,0.7356,-1,-1,-1
425,25,476.92,438.76,134.37,318.92,0.6390,-1,-1,-1
425,26,320.00,437.98,149.80,325.67,0.7789,-1,-1,-1
425,28,849.31,439.83,51.10,159.41,0.5430,-1,-1,-1
425,29,1158.64,412.64,168.44,509.03,0.6051,-1,-1,-1
426,3,1043.19,397.43,215.78,638.29,0.7136,-1,-1,-1
426,16,974.34,489.81,112.21,441.94,0.5296,-1,-1,-1
426,20,710.94,413.46,124.71,312.39,0.7550,-1,-1,-1
426,24,622.56,449.02,111.32,267.88,0.7206,-1,-1,-1
426,25,497.48,438.37,129.17,315.91,0.6455,-1,-1,-1
426,26,324.42,434.45,151.34,329.47,0.7909,-1,-1,-1
426,28,846.71,439.04,50.62,159.10,0.5964,-1,-1,-1
426,29,1159.89,411.59,170.58,516.45,0.5898,-1,-1,-1
427,3,1041.47,399.96,212.53,638.40,0.6815,-1,-1,-1
427,16,971.17,452.65,120.99,478.80,0.4410,-1,-1,-1
427,20,714.10,411.09,124.26,315.24,0.7452,-1,-1,-1
427,24,620.99,450.06,113.07,267.60,0.7150,-1,-1,-1
427,25,504.32,438.63,125.57,315.01,0.6316,-1,-1,-1
427,26,331.20,433.85,149.66,326.18,0.7857,-1,-1,-1
427,28,843.24,437.29,51.28,161.85,0.4927,-1,-1,-1
427,29,1159.20,409.52,172.54,522.11,0.4893,-1,-1,-1
428,3,1041.69,405.57,203.21,622.61,0.6651,-1,-1,-1
428,16,971.85,440.31,122.72,486.65,0.5751,-1,-1,-1
428,20,720.45,417.56,121.74,309.90,0.7234,-1,-1,-1
428,24,618.32,447.69,115.17,268.28,0.6943,-1,-1,-1
428,25,500.57,437.80,125.56,317.25,0.6649,-1,-1,-1
428,26,342.51,436.46,144.42,317.99,0.7381,-1,-1,-1
428,28,841.40,441.06,50.10,157.82,0.5171,-1,-1,-1
428,29,1140.89,411.75,196.72,599.01,0.4302,-1,-1,-1
428,30,1709.14,330.76,193.66,619.73,0.6095,-1,-1,-1
429,3,1042.90,402.87,198.58,619.43,0.6599,-1,-1,-1
429,16,973.45,452.19,120.49,478.19,0.5119,-1,-1,-1
429,20,727.23,430.97,116.78,296.35,0.7136,-1,-1,-1
429,24,621.42,442.57,116.52,271.61,0.7093,-1,-1,-1
429,25,502.24,438.51,125.88,316.34,0.6045,-1,-1,-1
429,26,355.73,438.01,139.91,314.25,0.7167,-1,-1,-1
429,28,838.90,451.95,47.07,146.31,0.1558,-1,-1,-1
429,29,1134.67,414.17,205.28,629.59,0.3503,-1,-1,-1
429,30,1686.80,326.00,194.12,615.27,0.4651,-1,-1,-1
430,3,1045.76,403.21,196.54,623.82,0.6894,-1,-1,-1
430,16,973.99,446.09,121.30,482.47,0.5744,-1,-1,-1
430,20,730.88,431.78,116.91,295.42,0.6789,-1,-1,-1
430,24,630.31,441.93,114.94,271.17,0.6002,-1,-1,-1
430,25,515.34,438.13,127.77,317.27,0.5809,-1,-1,-1
430,26,364.46,437.86,135.24,310.25,0.7391,-1,-1,-1
430,28,837.77,443.01,48.39,151.78,0.3815,-1,-1,-1
430,29,1135.06,416.20,207.17,640.48,0.3089,-1,-1,-1
430,30,1655.80,320.94,199.88,620.71,0.4808,-1,-1,-1
431,3,1049.12,404.30,194.98,629.73,0.6785,-1,-1,-1
431,16,975.12,440.16,122.23,486.91,0.5674,-1,-1,-1
431,20,730.58,430.35,118.22,297.19,0.6862,-1,-1,-1
431,24,636.13,441.92,111.38,266.33,0.5390,-1,-1,-1
431,25,535.28,441.20,126.65,313.72,0.6325,-1,-1,-1
431,26,372.18,438.10,131.26,306.96,0.7315,-1,-1,-1
431,28,836.81,441.61,48.03,152.57,0.5894,-1,-1,-1
431,29,1130.83,417.10,208.86,651.99,0.3020,-1,-1,-1
431,30,1616.87,308.15,227.78,690.23,0.7127,-1,-1,-1
432,3,1056.53,407.01,193.07,630.57,0.7298,-1,-1,-1
432,16,976.65,443.51,121.73,484.91,0.5618,-1,-1,-1
432,20,730.42,424.70,120.40,301.82,0.6500,-1,-1,-1
432,24,645.20,446.61,105.09,257.69,0.4656,-1,-1,-1
432,25,547.60,441.41,127.58,313.92,0.6603,-1,-1,-1
432,26,377.66,439.71,129.54,308.05,0.7039,-1,-1,-1
432,28,835.55,442.47,47.40,150.93,0.6309,-1,-1,-1
432,29,1167.43,413.06,157.13,483.86,0.5699,-1,-1,-1
432,30,1585.40,301.62,244.76,715.69,0.8262,-1,-1,-1
433,3,1063.01,408.96,186.84,616.74,0.7190,-1,-1,-1
433,16,979.13,429.67,125.28,498.53,0.5648,-1,-1,-1
433,20,734.01,427.20,119.09,297.98,0.6890,-1,-1,-1
433,24,654.98,446.48,102.67,256.88,0.4254,-1,-1,-1
433,25,551.71,442.60,129.34,313.83,0.6804,-1,-1,-1
433,26,386.27,440.95,126.98,306.22,0.6749,-1,-1,-1
433,28,833.86,439.58,48.35,154.43,0.6025,-1,-1,-1
433,29,1188.57,413.37,135.40,410.75,0.6475,-1,-1,-1
433,30,1554.38,302.72,258.57,720.09,0.7812,-1,-1,-1
434,3,1070.94,403.62,168.61,557.99,0.4757,-1,-1,-1
434,16,983.16,424.43,129.40,512.71,0.6454,-1,-1,-1
434,20,736.06,420.04,121.37,305.54,0.6974,-1,-1,-1
434,24,661.60,448.75,100.18,254.07,0.4118,-1,-1,-1
434,25,554.54,445.22,129.54,311.25,0.7808,-1,-1,-1
434,26,394.24,440.93,125.04,305.87,0.6780,-1,-1,-1
434,28,832.51,438.61,47.41,151.74,0.2681,-1,-1,-1
434,29,1197.54,408.16,114.07,341.29,0.4598,-1,-1,-1
434,30,1516.21,302.36,271.87,717.32,0.7402,-1,-1,-1
435,3,1093.52,404.71,137.73,439.68,0.6218,-1,-1,-1
435,16,988.97,419.38,126.62,495.82,0.7034,-1,-1,-1
435,20,740.25,422.36,119.07,302.01,0.6921,-1,-1,-1
435,24,671.74,437.75,102.01,266.00,0.5281,-1,-1,-1
435,25,555.98,445.01,131.13,311.41,0.7973,-1,-1,-1
435,26,404.04,437.96,124.66,309.80,0.7632,-1,-1,-1
435,28,831.79,442.41,46.68,149.33,0.1972,-1,-1,-1
435,29,1204.81,405.26,104.53,306.30,0.6141,-1,-1,-1
435,30,1461.32,305.69,280.81,708.56,0.4196,-1,-1,-1
436,3,1102.45,410.17,133.47,415.36,0.6527,-1,-1,-1
436,16,1005.76,419.00,111.08,421.21,0.6308,-1,-1,-1
436,20,746.03,424.40,115.85,297.16,0.6587,-1,-1,-1
436,24,683.02,437.06,101.06,270.55,0.4706,-1,-1,-1
436,25,554.84,442.28,133.74,313.99,0.7819,-1,-1,-1
436,26,409.93,437.24,123.80,310.80,0.7577,-1,-1,-1
436,28,829.29,438.73,47.25,151.82,0.2431,-1,-1,-1
436,29,1195.33,408.74,125.09,365.78,0.5846,-1,-1,-1
436,30,1397.54,309.76,291.21,704.61,0.8391,-1,-1,-1
437,3,1104.18,404.29,138.92,427.79,0.6934,-1,-1,-1
437,16,1011.28,419.92,109.27,403.32,0.6794,-1,-1,-1
437,20,749.30,416.84,116.01,302.71,0.5656,-1,-1,-1
437,24,693.38,432.50,100.57,276.45,0.4958,-1,-1,-1
437,25,554.67,440.56,136.04,316.61,0.7817,-1,-1,-1
437,26,414.20,438.54,123.72,311.76,0.7785,-1,-1,-1
437,29,1208.12,405.92,113.53,324.27,0.5317,-1,-1,-1
437,30,1312.05,317.34,304.93,702.82,0.8074,-1,-1,-1
438,3,1105.33,396.62,145.24,444.87,0.8134,-1,-1,-1
438,16,1012.88,422.33,112.11,405.44,0.6851,-1,-1,-1
438,20,756.74,415.06,113.66,303.76,0.5399,-1,-1,-1
438,24,700.73,430.30,100.15,279.46,0.5464,-1,-1,-1
438,25,555.92,441.75,135.74,312.50,0.7833,-1,-1,-1
438,26,418.36,434.45,124.95,316.02,0.8063,-1,-1,-1
438,30,1256.11,326.23,312.50,700.88,0.7261,-1,-1,-1
439,3,1108.07,419.75,141.64,429.76,0.5200,-1,-1,-1
439,16,1011.01,421.75,118.16,419.67,0.7031,-1,-1,-1
439,20,763.60,430.09,106.20,287.79,0.5399,-1,-1,-1
439,24,705.40,434.94,98.07,276.20,0.4631,-1,-1,-1
439,25,556.63,439.94,137.40,314.11,0.7897,-1,-1,-1
439,26,424.66,438.42,122.88,309.52,0.7597,-1,-1,-1
439,30,1199.61,333.27,319.15,701.41,0.7738,-1,-1,-1
440,16,1009.98,423.37,124.69,435.09,0.7794,-1,-1,-1
440,20,767.25,439.12,101.30,277.64,0.5876,-1,-1,-1
440,24,707.23,437.59,96.11,273.53,0.5185,-1,-1,-1
440,25,557.08,440.84,138.05,313.39,0.7787,-1,-1,-1
440,26,429.89,438.42,121.92,306.28,0.7012,-1,-1,-1
440,30,1140.30,349.06,318.35,685.70,0.7385,-1,-1,-1
441,16,1010.29,431.61,119.11,407.84,0.4463,-1,-1,-1
441,20,770.22,436.15,99.54,276.55,0.5722,-1,-1,-1
441,24,713.84,444.88,94.49,266.55,0.5608,-1,-1,-1
441,25,557.23,441.07,138.51,312.68,0.7495,-1,-1,-1
441,26,435.38,438.83,120.06,302.76,0.6945,-1,-1,-1
441,30,1078.53,357.37,318.22,675.18,0.7502,-1,-1,-1
442,16,1015.14,442.88,99.38,327.85,0.2675,-1,-1,-1
442,20,772.80,430.85,99.38,279.32,0.5486,-1,-1,-1
442,24,720.63,447.80,96.01,264.23,0.5509,-1,-1,-1
442,25,561.75,439.80,137.48,310.52,0.7671,-1,-1,-1
442,26,438.31,437.54,120.44,307.55,0.6985,-1,-1,-1
442,30,1025.79,364.54,315.22,660.51,0.7934,-1,-1,-1
442,32,1312.86,431.44,138.49,324.98,0.7323,-1,-1,-1
443,20,776.26,428.47,98.40,281.91,0.6363,-1,-1,-1
443,24,720.61,444.50,98.81,267.03,0.5487,-1,-1,-1
443,25,565.78,438.43,137.06,310.93,0.7965,-1,-1,-1
443,26,444.75,440.01,117.38,303.01,0.7198,-1,-1,-1
443,30,976.27,364.53,315.21,654.31,0.8090,-1,-1,-1
443,32,1315.60,431.80,139.26,326.38,0.6962,-1,-1,-1
443,29,1222.37,426.52,138.02,401.63,0.6263,-1,-1,-1
444,20,781.24,430.83,96.56,279.70,0.5137,-1,-1,-1
444,24,724.66,443.68,102.24,267.45,0.5969,-1,-1,-1
444,25,573.03,437.24,134.31,308.55,0.7457,-1,-1,-1
444,26,453.14,436.58,115.87,304.24,0.7627,-1,-1,-1
444,30,927.32,363.49,315.51,651.47,0.8144,-1,-1,-1
444,32,1316.45,432.60,140.68,329.48,0.6649,-1,-1,-1
444,29,1226.27,429.41,139.41,413.30,0.5230,-1,-1,-1
445,20,783.06,436.47,95.08,275.84,0.5027,-1,-1,-1
445,24,714.80,445.68,100.04,263.40,0.4187,-1,-1,-1
445,25,578.83,437.84,131.47,306.79,0.7545,-1,-1,-1
445,26,461.95,434.63,113.36,301.07,0.7620,-1,-1,-1
445,30,883.81,354.34,320.08,657.36,0.7808,-1,-1,-1
445,32,1321.90,432.92,140.00,328.58,0.7329,-1,-1,-1
445,29,1183.31,416.57,165.27,477.66,0.5939,-1,-1,-1
446,20,786.68,429.93,96.10,281.68,0.5665,-1,-1,-1
446,24,717.65,450.83,99.25,258.13,0.4560,-1,-1,-1
446,25,589.39,438.85,126.71,303.67,0.6878,-1,-1,-1
446,26,467.86,434.76,110.59,294.57,0.7215,-1,-1,-1
446,30,845.99,345.90,319.50,654.84,0.7818,-1,-1,-1
446,32,1326.60,432.38,139.42,329.02,0.7050,-1,-1,-1
446,29,1147.15,423.48,198.63,581.04,0.7608,-1,-1,-1
447,20,787.82,431.56,92.08,273.24,0.2874,-1,-1,-1
447,24,719.67,451.59,99.05,256.21,0.3903,-1,-1,-1
447,25,595.69,433.80,125.41,308.12,0.6748,-1,-1,-1
447,26,472.25,431.32,110.57,295.51,0.6842,-1,-1,-1
447,30,805.98,336.66,320.66,654.08,0.7791,-1,-1,-1
447,32,1331.32,431.25,138.56,329.54,0.6710,-1,-1,-1
447,29,1130.02,417.55,213.23,633.15,0.7876,-1,-1,-1
448,20,790.21,454.20,77.93,232.20,0.1515,-1,-1,-1
448,24,732.96,445.78,104.18,262.84,0.4134,-1,-1,-1
448,25,596.92,434.57,124.09,308.71,0.6110,-1,-1,-1
448,26,481.25,434.17,106.39,285.12,0.5837,-1,-1,-1
448,30,772.67,333.37,318.64,646.10,0.7764,-1,-1,-1
448,32,1334.41,423.34,141.06,339.13,0.7803,-1,-1,-1
448,29,1127.71,419.50,216.92,650.94,0.7741,-1,-1,-1
449,25,612.56,434.78,120.54,307.95,0.5933,-1,-1,-1
449,26,485.28,436.84,105.71,282.85,0.7027,-1,-1,-1
449,30,735.81,332.24,320.02,646.10,0.7325,-1,-1,-1
449,32,1337.61,421.22,139.98,340.70,0.7499,-1,-1,-1
449,29,1128.86,424.09,214.57,651.68,0.7308,-1,-1,-1
449,16,1028.49,420.30,158.92,526.64,0.8014,-1,-1,-1
450,25,621.31,434.83,115.73,303.39,0.6590,-1,-1,-1
450,26,486.85,435.85,106.58,285.17,0.6994,-1,-1,-1
450,30,702.38,335.56,316.30,635.20,0.7554,-1,-1,-1
450,32,1342.36,420.42,138.68,340.87,0.7539,-1,-1,-1
450,29,1137.96,420.89,216.15,654.21,0.8143,-1,-1,-1
450,16,1030.88,414.51,164.55,547.95,0.7720,-1,-1,-1
451,25,629.67,438.02,111.31,300.38,0.6660,-1,-1,-1
451,26,494.31,434.38,109.57,289.21,0.6379,-1,-1,-1
451,30,666.85,339.61,319.34,638.33,0.7167,-1,-1,-1
451,32,1345.22,417.95,139.53,345.47,0.7263,-1,-1,-1
451,29,1146.35,418.88,222.86,657.71,0.8218,-1,-1,-1
451,16,1033.35,411.10,166.63,557.38,0.7848,-1,-1,-1
452,26,497.94,433.70,111.89,289.95,0.7212,-1,-1,-1
452,30,636.50,347.03,318.07,635.49,0.7140,-1,-1,-1
452,32,1352.05,417.12,139.21,347.02,0.7839,-1,-1,-1
452,29,1133.47,416.37,233.58,660.08,0.7161,-1,-1,-1
452,16,1037.78,411.66,166.31,557.95,0.7996,-1,-1,-1
453,26,502.89,436.26,111.87,286.59,0.7166,-1,-1,-1
453,30,591.62,358.29,335.91,668.23,0.5391,-1,-1,-1
453,32,1358.61,417.23,137.86,346.65,0.8186,-1,-1,-1
453,29,1162.43,415.97,238.04,655.32,0.8064,-1,-1,-1
453,16,1041.98,412.42,163.94,554.93,0.7940,-1,-1,-1
454,26,504.97,437.61,110.34,284.50,0.7768,-1,-1,-1
454,30,555.18,368.45,334.60,657.47,0.6761,-1,-1,-1
454,32,1363.44,417.23,137.86,349.27,0.8185,-1,-1,-1
454,29,1170.54,410.52,247.73,664.95,0.7958,-1,-1,-1
454,16,1045.94,413.51,162.18,550.08,0.7732,-1,-1,-1
455,26,509.77,449.27,102.65,268.42,0.6617,-1,-1,-1
455,30,520.09,384.53,327.02,631.55,0.6355,-1,-1,-1
455,32,1368.08,418.03,137.30,349.55,0.8235,-1,-1,-1
455,29,1172.77,417.19,252.65,663.38,0.7103,-1,-1,-1
455,16,1054.81,415.96,163.78,550.38,0.7694,-1,-1,-1
455,20,811.02,422.04,93.05,285.69,0.6186,-1,-1,-1
456,30,478.91,391.85,338.45,646.65,0.7101,-1,-1,-1
456,32,1372.34,419.15,138.12,353.19,0.8206,-1,-1,-1
456,29,1174.99,421.86,257.56,660.89,0.7526,-1,-1,-1
456,16,1059.28,418.24,164.12,548.45,0.7770,-1,-1,-1
456,20,810.58,419.53,94.24,290.37,0.5994,-1,-1,-1
457,30,431.46,395.61,342.27,645.58,0.6782,-1,-1,-1
457,32,1376.36,420.00,139.35,357.22,0.8461,-1,-1,-1
457,29,1168.07,414.94,262.54,666.69,0.8215,-1,-1,-1
457,16,1062.89,419.18,164.27,548.13,0.8057,-1,-1,-1
457,20,808.59,412.92,96.87,297.19,0.6822,-1,-1,-1
458,30,392.35,394.21,356.42,666.26,0.7577,-1,-1,-1
458,32,1383.32,421.27,139.56,359.21,0.8286,-1,-1,-1
458,29,1169.99,414.94,266.28,665.64,0.8403,-1,-1,-1
458,16,1067.84,418.34,163.08,545.46,0.8052,-1,-1,-1
458,20,809.90,414.21,96.56,295.10,0.6733,-1,-1,-1
459,30,354.51,390.44,366.51,680.13,0.8429,-1,-1,-1
459,32,1392.93,423.14,141.14,361.34,0.8361,-1,-1,-1
459,29,1174.83,414.83,271.29,665.51,0.8347,-1,-1,-1
459,16,1073.23,417.66,163.19,548.55,0.7695,-1,-1,-1
459,20,814.80,417.91,93.07,288.07,0.5964,-1,-1,-1
460,30,320.46,388.51,369.63,678.08,0.6813,-1,-1,-1
460,32,1403.87,423.72,143.81,363.43,0.8448,-1,-1,-1
460,29,1175.37,412.79,274.87,665.59,0.8424,-1,-1,-1
460,16,1081.01,417.88,162.40,550.23,0.7160,-1,-1,-1
460,20,819.92,421.00,90.95,282.10,0.5387,-1,-1,-1
460,25,677.99,440.38,113.04,295.04,0.6883,-1,-1,-1
461,30,285.97,375.54,382.24,698.44,0.8020,-1,-1,-1
461,32,1410.18,425.07,146.41,364.91,0.8553,-1,-1,-1
461,29,1175.07,411.08,279.14,668.56,0.8619,-1,-1,-1
461,16,1092.15,420.84,162.59,555.08,0.7144,-1,-1,-1
461,20,820.97,415.82,93.24,286.38,0.5822,-1,-1,-1
461,25,670.83,439.73,119.27,297.29,0.7445,-1,-1,-1
462,30,255.54,370.66,385.99,704.51,0.7669,-1,-1,-1
462,32,1413.05,425.72,148.84,366.22,0.8152,-1,-1,-1
462,29,1172.78,405.68,284.06,672.95,0.8665,-1,-1,-1
462,16,1096.66,419.42,163.24,557.96,0.7319,-1,-1,-1
462,20,817.47,412.50,95.74,290.66,0.6093,-1,-1,-1
462,25,672.69,439.94,120.93,297.20,0.6930,-1,-1,-1
462,26,556.61,434.88,103.01,275.87,0.5542,-1,-1,-1
463,30,241.49,364.28,387.74,710.50,0.7795,-1,-1,-1
463,32,1415.66,429.71,151.25,366.95,0.8299,-1,-1,-1
463,29,1172.38,403.28,287.15,675.08,0.8028,-1,-1,-1
463,16,1100.42,416.46,163.13,559.40,0.7728,-1,-1,-1
463,20,816.86,410.87,97.93,292.11,0.5966,-1,-1,-1
463,25,674.97,439.44,120.01,296.09,0.6768,-1,-1,-1
463,26,562.35,432.93,102.05,276.76,0.7023,-1,-1,-1
464,30,219.64,359.69,389.29,713.86,0.8127,-1,-1,-1
464,32,1419.42,427.02,154.18,372.46,0.8498,-1,-1,-1
464,29,1174.34,401.76,288.36,675.27,0.7970,-1,-1,-1
464,16,1104.27,412.70,164.85,565.32,0.7788,-1,-1,-1
464,20,817.57,411.11,100.11,292.93,0.6319,-1,-1,-1
464,25,680.73,438.87,117.76,292.70,0.6808,-1,-1,-1
464,26,568.57,432.29,100.37,275.39,0.6955,-1,-1,-1
464,28,775.14,445.68,44.55,140.17,0.5096,-1,-1,-1
465,30,199.43,361.25,388.06,709.34,0.7816,-1,-1,-1
465,32,1422.92,424.06,156.04,377.85,0.8425,-1,-1,-1
465,29,1182.20,401.78,287.86,676.73,0.8342,-1,-1,-1
465,16,1106.94,415.39,163.51,562.23,0.7699,-1,-1,-1
465,20,822.25,411.73,100.33,292.40,0.6263,-1,-1,-1
465,25,684.85,439.02,116.65,291.75,0.6241,-1,-1,-1
465,26,568.28,430.87,101.11,276.37,0.6809,-1,-1,-1
466,30,164.89,365.77,388.03,706.30,0.7489,-1,-1,-1
466,32,1428.20,421.11,156.23,382.33,0.8450,-1,-1,-1
466,29,1189.73,402.32,285.73,675.68,0.8168,-1,-1,-1
466,16,1109.71,419.37,162.46,555.93,0.7764,-1,-1,-1
466,20,825.72,409.09,101.79,295.90,0.6718,-1,-1,-1
466,25,701.40,438.63,115.12,291.30,0.6405,-1,-1,-1
466,26,567.20,430.04,102.47,277.78,0.6879,-1,-1,-1
467,30,138.62,369.78,387.73,702.59,0.8542,-1,-1,-1
467,32,1438.01,420.31,154.62,384.70,0.8018,-1,-1,-1
467,29,1205.72,404.16,279.55,667.06,0.7362,-1,-1,-1
467,16,1113.94,425.08,162.26,550.27,0.7268,-1,-1,-1
467,20,827.78,407.34,101.93,297.97,0.6768,-1,-1,-1
467,25,712.01,439.97,112.40,290.60,0.6692,-1,-1,-1
467,26,569.91,428.50,102.85,279.42,0.6872,-1,-1,-1
468,30,117.36,372.66,386.73,701.16,0.8187,-1,-1,-1
468,32,1448.27,415.64,153.65,388.38,0.8166,-1,-1,-1
468,29,1224.76,405.31,271.10,654.44,0.6435,-1,-1,-1
468,16,1118.00,423.15,166.78,561.99,0.7789,-1,-1,-1
468,20,829.41,406.44,101.50,298.59,0.6697,-1,-1,-1
468,25,709.38,439.33,111.77,291.77,0.6049,-1,-1,-1
468,26,572.97,432.31,99.99,272.39,0.7035,-1,-1,-1
469,30,84.27,380.28,380.93,688.83,0.7296,-1,-1,-1
469,32,1457.18,413.63,151.23,390.44,0.7872,-1,-1,-1
469,29,1237.79,403.10,272.38,665.16,0.7934,-1,-1,-1
469,16,1118.75,421.96,170.30,573.91,0.7743,-1,-1,-1
469,20,830.97,406.57,100.64,298.83,0.6870,-1,-1,-1
469,25,709.47,437.33,112.07,293.87,0.6250,-1,-1,-1
469,26,576.31,435.54,98.39,268.54,0.7115,-1,-1,-1
470,30,58.31,389.58,377.34,678.52,0.7838,-1,-1,-1
470,32,1466.49,411.76,148.38,390.84,0.8234,-1,-1,-1
470,29,1253.01,405.68,269.49,666.97,0.6423,-1,-1,-1
470,16,1125.56,421.62,173.66,583.35,0.7598,-1,-1,-1
470,20,830.47,407.52,100.01,299.21,0.7190,-1,-1,-1
470,25,716.38,437.21,112.84,292.30,0.6064,-1,-1,-1
470,26,579.14,438.73,97.46,267.13,0.7093,-1,-1,-1
471,30,35.80,396.09,378.33,672.83,0.8302,-1,-1,-1
471,32,1474.62,409.93,145.92,392.45,0.8152,-1,-1,-1
471,29,1262.71,401.52,265.35,672.63,0.5582,-1,-1,-1
471,16,1129.42,421.47,174.46,587.67,0.7716,-1,-1,-1
471,20,834.21,412.52,97.28,293.17,0.7530,-1,-1,-1
471,25,732.42,433.10,114.86,297.99,0.5846,-1,-1,-1
471,26,581.90,445.92,95.66,262.31,0.6993,-1,-1,-1
472,30,10.73,402.13,375.50,664.33,0.7824,-1,-1,-1
472,32,1481.35,408.98,144.32,395.10,0.8316,-1,-1,-1
472,29,1264.12,398.82,260.48,674.06,0.6538,-1,-1,-1
472,16,1135.06,418.18,176.57,593.15,0.8034,-1,-1,-1
472,20,835.31,412.55,96.35,292.53,0.7328,-1,-1,-1
472,25,741.06,432.50,115.53,298.64,0.6446,-1,-1,-1
472,26,585.15,446.12,95.69,262.06,0.7330,-1,-1,-1
473,30,-0.81,403.93,376.36,663.08,0.6331,-1,-1,-1
473,32,1488.98,409.82,141.31,392.74,0.8031,-1,-1,-1
473,29,1284.03,399.08,253.46,669.53,0.6615,-1,-1,-1
473,16,1137.01,421.31,174.99,590.20,0.7926,-1,-1,-1
473,20,837.96,415.84,94.92,289.56,0.6985,-1,-1,-1
473,25,744.80,435.10,114.68,295.29,0.6691,-1,-1,-1
473,26,587.74,442.03,97.24,266.28,0.7316,-1,-1,-1
474,30,-18.34,402.28,376.86,669.40,0.5951,-1,-1,-1
474,32,1495.83,410.57,139.67,391.69,0.7797,-1,-1,-1
474,29,1300.16,399.55,247.91,666.52,0.7212,-1,-1,-1
474,16,1140.44,421.79,173.91,589.70,0.8007,-1,-1,-1
474,20,835.75,414.35,94.20,290.36,0.6222,-1,-1,-1
474,25,745.02,437.87,113.91,291.63,0.6527,-1,-1,-1
474,26,590.34,440.38,97.81,267.69,0.7393,-1,-1,-1
475,30,-26.57,400.04,375.32,673.63,0.7482,-1,-1,-1
475,32,1503.90,410.07,139.57,392.89,0.7777,-1,-1,-1
475,29,1306.38,400.72,244.28,666.34,0.7507,-1,-1,-1
475,16,1144.40,421.91,173.42,589.96,0.8164,-1,-1,-1
475,20,844.26,415.58,93.52,288.18,0.5109,-1,-1,-1
475,25,745.38,436.88,114.73,293.20,0.6513,-1,-1,-1
475,26,593.38,442.01,97.26,265.62,0.7416,-1,-1,-1
476,30,-62.03,396.71,362.71,678.10,0.6779,-1,-1,-1
476,32,1515.79,411.29,141.03,393.23,0.7602,-1,-1,-1
476,29,1312.68,397.58,244.15,673.60,0.6737,-1,-1,-1
476,16,1146.97,421.40,173.02,590.43,0.8137,-1,-1,-1
476,20,842.52,416.58,92.07,287.72,0.5587,-1,-1,-1
476,25,745.37,436.76,115.20,293.86,0.7015,-1,-1,-1
476,26,597.66,444.59,96.50,261.78,0.7923,-1,-1,-1
477,30,-49.07,391.98,357.68,680.94,0.7838,-1,-1,-1
477,32,1527.02,410.91,146.17,399.01,0.8324,-1,-1,-1
477,29,1316.07,396.67,236.85,665.60,0.3966,-1,-1,-1
477,16,1150.52,421.10,173.15,590.95,0.8250,-1,-1,-1
477,20,841.05,416.84,89.83,285.68,0.5532,-1,-1,-1
477,25,746.12,437.58,114.99,293.31,0.7029,-1,-1,-1
477,26,602.01,444.81,96.54,260.94,0.7704,-1,-1,-1
478,30,-74.53,386.06,343.91,686.92,0.4847,-1,-1,-1
478,32,1538.61,408.21,150.98,401.78,0.8257,-1,-1,-1
478,29,1322.95,397.98,232.36,660.73,0.6572,-1,-1,-1
478,16,1155.69,420.97,172.70,590.95,0.8187,-1,-1,-1
478,20,842.13,415.57,88.64,286.40,0.4892,-1,-1,-1
478,25,746.44,437.47,115.07,294.55,0.6313,-1,-1,-1
478,26,610.22,445.52,95.21,258.63,0.6860,-1,-1,-1
479,30,-57.21,383.60,336.06,687.72,0.7246,-1,-1,-1
479,32,1548.61,409.42,156.50,404.67,0.8492,-1,-1,-1
479,29,1333.67,398.08,233.76,669.70,0.7606,-1,-1,-1
479,16,1160.11,420.13,172.36,591.29,0.8015,-1,-1,-1
479,20,842.91,414.15,86.67,286.18,0.5193,-1,-1,-1
479,25,751.65,438.53,113.62,293.65,0.6149,-1,-1,-1
479,26,611.58,444.43,96.16,258.86,0.6575,-1,-1,-1
480,32,1555.14,412.75,161.95,408.61,0.8576,-1,-1,-1
480,29,1343.68,401.52,234.22,670.86,0.8130,-1,-1,-1
480,16,1165.10,420.43,171.40,590.24,0.8058,-1,-1,-1
480,20,844.00,412.81,85.32,287.06,0.5701,-1,-1,-1
480,25,757.55,437.38,111.55,292.05,0.6541,-1,-1,-1
480,26,616.41,439.21,96.39,262.04,0.6056,-1,-1,-1
481,32,1560.87,417.70,165.47,407.28,0.8476,-1,-1,-1
481,29,1351.63,399.04,238.02,677.57,0.8316,-1,-1,-1
481,16,1169.68,419.41,170.87,590.68,0.8081,-1,-1,-1
481,20,845.15,413.02,83.44,286.33,0.5480,-1,-1,-1
481,25,766.60,439.35,107.96,286.07,0.6126,-1,-1,-1
481,26,623.39,436.01,96.50,263.60,0.6025,-1,-1,-1
481,38,900.75,439.73,105.67,244.13,0.6320,-1,-1,-1
481,30,-55.07,408.00,314.06,664.51,0.7644,-1,-1,-1
482,32,1565.07,418.57,169.99,409.65,0.8333,-1,-1,-1
482,29,1360.31,396.74,241.05,680.99,0.8511,-1,-1,-1
482,16,1173.34,419.03,170.79,593.11,0.7925,-1,-1,-1
482,20,846.76,413.13,81.36,284.37,0.5302,-1,-1,-1
482,25,773.54,438.60,105.63,283.97,0.5799,-1,-1,-1
482,26,627.79,434.53,96.18,265.41,0.5771,-1,-1,-1
482,38,903.45,442.69,104.08,240.49,0.6764,-1,-1,-1
482,30,-45.56,454.69,283.29,617.59,0.7683,-1,-1,-1
483,32,1567.40,418.45,173.42,413.09,0.8255,-1,-1,-1
483,29,1367.55,394.63,243.91,682.45,0.8280,-1,-1,-1
483,16,1178.88,418.51,169.98,593.47,0.7927,-1,-1,-1
483,20,848.80,415.02,79.99,284.11,0.5265,-1,-1,-1
483,25,781.08,436.98,104.25,287.72,0.6331,-1,-1,-1
483,26,630.06,433.47,96.05,264.40,0.6164,-1,-1,-1
483,38,905.45,445.19,102.77,237.81,0.6632,-1,-1,-1
483,30,-38.47,501.48,254.09,569.68,0.7445,-1,-1,-1
484,32,1570.61,416.40,176.92,418.84,0.8215,-1,-1,-1
484,29,1372.05,393.83,247.41,684.12,0.8716,-1,-1,-1
484,16,1184.25,417.60,169.53,594.96,0.7879,-1,-1,-1
484,20,853.66,428.20,75.42,271.16,0.5164,-1,-1,-1
484,25,785.14,437.67,102.27,289.58,0.6599,-1,-1,-1
484,26,634.67,434.81,95.97,262.04,0.6555,-1,-1,-1
484,38,907.04,445.48,102.71,238.40,0.6515,-1,-1,-1
485,32,1575.59,411.76,179.70,425.98,0.8339,-1,-1,-1
485,29,1374.66,395.27,249.85,682.01,0.8565,-1,-1,-1
485,16,1190.59,419.54,168.69,593.68,0.7822,-1,-1,-1
485,20,855.02,425.19,73.91,271.22,0.4660,-1,-1,-1
485,25,792.31,438.54,99.86,286.65,0.6580,-1,-1,-1
485,26,638.32,434.62,97.79,262.03,0.6877,-1,-1,-1
485,38,907.94,441.92,103.34,240.74,0.6780,-1,-1,-1
486,32,1581.28,412.18,179.78,427.52,0.8356,-1,-1,-1
486,29,1375.44,396.47,252.57,680.21,0.8408,-1,-1,-1
486,16,1196.23,419.91,168.08,592.98,0.7762,-1,-1,-1
486,20,860.14,429.91,67.94,251.70,0.3565,-1,-1,-1
486,25,799.31,438.54,99.84,285.99,0.5762,-1,-1,-1
486,26,641.72,434.37,100.20,262.46,0.7144,-1,-1,-1
486,38,907.38,441.18,102.91,240.69,0.6939,-1,-1,-1
486,40,1339.27,416.19,102.60,547.04,0.6090,-1,-1,-1
487,32,1585.73,415.32,177.57,425.08,0.7892,-1,-1,-1
487,29,1375.06,396.36,255.19,679.86,0.8438,-1,-1,-1
487,16,1204.18,419.13,169.66,593.97,0.7764,-1,-1,-1
487,20,859.59,429.30,69.50,260.55,0.4199,-1,-1,-1
487,25,800.62,437.79,98.95,285.44,0.4917,-1,-1,-1
487,26,644.63,435.16,102.54,261.48,0.6702,-1,-1,-1
487,38,910.76,441.39,102.26,240.86,0.6623,-1,-1,-1
487,40,1346.54,413.10,99.42,529.62,0.5807,-1,-1,-1
488,32,1592.90,417.97,175.10,422.17,0.7659,-1,-1,-1
488,29,1376.32,399.47,257.43,676.89,0.8192,-1,-1,-1
488,16,1208.14,419.51,170.82,593.12,0.7843,-1,-1,-1
488,25,811.31,434.31,103.06,290.43,0.5849,-1,-1,-1
488,26,646.33,435.24,104.63,261.18,0.6726,-1,-1,-1
488,38,914.70,447.36,99.00,234.66,0.5535,-1,-1,-1
488,40,1353.88,417.28,95.79,508.47,0.5103,-1,-1,-1
489,32,1598.27,414.43,175.18,428.10,0.7451,-1,-1,-1
489,29,1376.43,394.98,261.08,678.67,0.7879,-1,-1,-1
489,16,1211.73,415.07,172.90,595.40,0.8260,-1,-1,-1
489,25,817.11,432.27,106.58,292.39,0.5714,-1,-1,-1
489,26,649.84,435.89,106.04,260.16,0.6958,-1,-1,-1
489,38,916.46,441.06,100.50,240.49,0.6098,-1,-1,-1
489,40,1360.46,422.24,90.67,476.80,0.5548,-1,-1,-1
490,32,1603.58,412.52,173.83,431.78,0.7320,-1,-1,-1
490,29,1372.86,396.61,260.40,676.06,0.7455,-1,-1,-1
490,16,1212.33,416.68,174.23,594.91,0.8008,-1,-1,-1
490,25,819.44,435.24,108.53,289.44,0.5798,-1,-1,-1
490,26,650.87,435.32,108.30,262.09,0.7903,-1,-1,-1
490,38,922.69,439.65,98.88,240.80,0.6163,-1,-1,-1
490,40,1366.01,420.58,90.80,472.14,0.6114,-1,-1,-1
490,44,333.51,459.59,95.16,220.86,0.5011,-1,-1,-1
491,32,1603.09,409.98,169.71,432.55,0.7350,-1,-1,-1
491,29,1370.00,399.22,258.04,671.02,0.6712,-1,-1,-1
491,16,1212.56,417.44,175.46,594.80,0.8076,-1,-1,-1
491,25,820.89,436.34,110.85,288.41,0.5244,-1,-1,-1
491,26,652.82,434.96,110.07,263.89,0.7890,-1,-1,-1
491,38,931.00,437.07,96.94,241.72,0.5934,-1,-1,-1
491,40,1372.84,419.07,91.52,469.87,0.5504,-1,-1,-1
491,44,331.27,486.88,84.36,194.72,0.4786,-1,-1,-1
492,32,1608.91,410.08,166.14,436.84,0.7096,-1,-1,-1
492,29,1390.12,395.00,262.77,668.54,0.4264,-1,-1,-1
492,16,1214.17,414.36,177.84,596.42,0.8155,-1,-1,-1
492,25,822.58,441.91,112.04,283.13,0.6688,-1,-1,-1
492,26,653.61,433.40,112.43,266.97,0.7641,-1,-1,-1
492,38,940.14,436.79,95.15,241.83,0.6237,-1,-1,-1
492,40,1380.99,413.71,92.67,466.65,0.5253,-1,-1,-1
492,44,321.86,484.92,85.94,197.82,0.5228,-1,-1,-1
493,32,1616.42,410.22,161.48,435.02,0.6395,-1,-1,-1
493,29,1372.60,390.58,260.91,670.69,0.4741,-1,-1,-1
493,16,1215.83,416.46,179.26,594.07,0.8292,-1,-1,-1
493,25,823.84,445.05,113.51,279.31,0.6876,-1,-1,-1
493,26,655.90,439.25,111.43,262.52,0.7730,-1,-1,-1
493,38,947.10,439.05,92.99,240.28,0.7060,-1,-1,-1
493,40,1384.96,410.88,97.72,485.20,0.5386,-1,-1,-1
493,44,315.75,489.01,83.65,190.83,0.4884,-1,-1,-1
494,32,1626.37,410.34,151.20,410.59,0.6716,-1,-1,-1
494,29,1387.90,388.72,261.78,663.45,0.4988,-1,-1,-1
494,16,1218.60,419.71,181.10,590.77,0.8280,-1,-1,-1
494,25,823.98,445.69,116.36,279.49,0.7109,-1,-1,-1
494,26,658.11,441.35,111.42,260.66,0.7826,-1,-1,-1
494,38,950.49,440.84,91.51,239.17,0.6561,-1,-1,-1
494,40,1387.55,408.25,104.75,514.99,0.6169,-1,-1,-1
494,44,309.89,479.80,88.02,199.26,0.3780,-1,-1,-1
495,32,1634.22,406.97,162.72,442.01,0.6932,-1,-1,-1
495,29,1388.56,384.70,264.22,664.61,0.4456,-1,-1,-1
495,16,1221.36,421.02,184.14,590.24,0.8143,-1,-1,-1
495,25,826.54,443.79,118.55,281.05,0.6824,-1,-1,-1
495,26,657.51,438.49,112.96,263.35,0.7627,-1,-1,-1
495,38,957.86,441.49,91.63,239.55,0.6628,-1,-1,-1
495,40,1386.24,406.81,111.43,543.51,0.5717,-1,-1,-1
495,44,298.45,474.25,94.83,214.65,0.3150,-1,-1,-1
496,32,1648.18,404.74,156.54,417.59,0.4881,-1,-1,-1
496,29,1391.63,377.42,272.14,684.68,0.5690,-1,-1,-1
496,16,1223.34,420.36,187.95,591.40,0.8325,-1,-1,-1
496,25,828.11,441.85,120.99,284.31,0.7016,-1,-1,-1
496,26,658.23,437.95,113.32,263.92,0.7865,-1,-1,-1
496,38,963.77,442.55,92.83,239.20,0.7291,-1,-1,-1
496,40,1389.46,410.59,115.51,558.13,0.6477,-1,-1,-1
496,44,288.83,462.86,98.38,224.39,0.3579,-1,-1,-1
497,32,1641.77,405.52,168.21,454.34,0.8000,-1,-1,-1
497,29,1401.01,377.38,276.66,692.45,0.6532,-1,-1,-1
497,16,1224.99,420.47,191.20,590.77,0.8528,-1,-1,-1
497,25,831.61,442.57,121.56,285.19,0.7342,-1,-1,-1
497,26,660.57,434.98,113.82,267.15,0.7760,-1,-1,-1
497,38,969.93,442.23,94.84,239.83,0.7283,-1,-1,-1
497,40,1402.12,415.79,105.61,495.86,0.6544,-1,-1,-1
497,44,268.54,467.77,99.58,224.17,0.4463,-1,-1,-1
498,32,1646.27,408.57,170.16,463.05,0.7419,-1,-1,-1
498,29,1410.80,376.82,276.94,693.92,0.6500,-1,-1,-1
498,16,1226.99,418.29,194.66,593.03,0.8473,-1,-1,-1
498,25,837.06,443.65,120.18,283.33,0.6808,-1,-1,-1
498,26,663.55,432.91,113.20,269.32,0.7722,-1,-1,-1
498,38,975.21,440.50,97.24,241.70,0.7380,-1,-1,-1
498,40,1403.87,413.27,112.52,519.14,0.6514,-1,-1,-1
498,44,262.44,474.86,100.26,223.69,0.4575,-1,-1,-1
499,32,1661.76,406.91,175.59,469.17,0.8519,-1,-1,-1
499,29,1420.15,377.82,276.08,693.85,0.6668,-1,-1,-1
499,16,1229.31,415.76,197.07,596.26,0.8361,-1,-1,-1
499,25,844.75,443.29,118.76,284.68,0.6998,-1,-1,-1
499,26,666.96,435.25,110.46,266.00,0.7668,-1,-1,-1
499,38,979.57,440.59,99.60,242.32,0.6975,-1,-1,-1
499,40,1406.32,407.95,117.61,531.30,0.6556,-1,-1,-1
499,44,250.90,480.80,99.58,220.05,0.5501,-1,-1,-1
500,32,1673.82,410.70,180.48,473.22,0.8425,-1,-1,-1
500,29,1437.69,378.01,274.19,693.19,0.5812,-1,-1,-1
500,16,1234.08,416.54,197.81,596.07,0.7887,-1,-1,-1
500,25,848.46,440.05,117.90,286.70,0.6592,-1,-1,-1
500,26,669.25,433.87,109.44,267.08,0.7471,-1,-1,-1
500,38,980.30,442.81,100.75,240.34,0.6806,-1,-1,-1
500,40,1405.92,408.98,123.66,544.43,0.6763,-1,-1,-1
500,44,239.11,481.50,100.62,222.57,0.6089,-1,-1,-1
501,32,1689.02,415.33,184.37,472.45,0.8533,-1,-1,-1
501,29,1472.14,375.20,241.41,612.15,0.6101,-1,-1,-1
501,16,1241.40,414.96,198.49,598.38,0.7918,-1,-1,-1
501,25,851.97,438.33,116.81,287.56,0.6992,-1,-1,-1
501,26,673.91,433.70,107.33,266.40,0.6852,-1,-1,-1
501,38,980.14,450.94,99.47,232.04,0.7068,-1,-1,-1
501,40,1408.01,411.64,125.96,543.57,0.6842,-1,-1,-1
501,44,229.55,481.42,101.10,222.12,0.6273,-1,-1,-1
502,32,1698.03,415.33,188.02,474.82,0.8443,-1,-1,-1
502,29,1480.08,376.37,256.95,662.42,0.6182,-1,-1,-1
502,16,1251.44,415.02,198.25,599.58,0.7968,-1,-1,-1
502,25,855.91,439.69,115.30,286.49,0.6557,-1,-1,-1
502,26,681.02,435.35,103.89,263.69,0.6774,-1,-1,-1
502,38,980.31,451.13,100.72,231.77,0.7335,-1,-1,-1
502,40,1405.57,407.46,131.64,554.66,0.7131,-1,-1,-1
502,44,223.62,483.60,101.14,219.23,0.6017,-1,-1,-1
503,32,1703.51,413.33,192.63,481.51,0.8553,-1,-1,-1
503,29,1487.62,374.38,259.55,681.72,0.7258,-1,-1,-1
503,16,1266.75,411.59,197.25,605.33,0.7671,-1,-1,-1
503,25,862.27,440.15,114.13,285.70,0.6732,-1,-1,-1
503,26,683.44,434.64,102.93,265.11,0.6960,-1,-1,-1
503,38,983.25,448.24,102.25,234.60,0.7195,-1,-1,-1
503,40,1403.38,410.04,135.54,555.73,0.6208,-1,-1,-1
503,44,211.20,481.75,107.17,230.08,0.5348,-1,-1,-1
504,32,1708.17,411.30,198.98,492.99,0.8657,-1,-1,-1
504,29,1497.03,372.98,258.58,690.69,0.7005,-1,-1,-1
504,16,1279.02,412.04,194.68,607.07,0.8042,-1,-1,-1
504,25,869.38,440.46,113.10,284.71,0.5696,-1,-1,-1
504,26,686.25,435.28,101.51,265.12,0.6867,-1,-1,-1
504,38,987.58,448.01,101.51,234.84,0.6596,-1,-1,-1
504,40,1405.79,410.58,138.64,556.17,0.6971,-1,-1,-1
504,44,196.57,482.00,110.12,234.92,0.6457,-1,-1,-1
505,32,1713.38,408.45,202.54,500.96,0.8850,-1,-1,-1
505,29,1505.85,373.05,257.70,698.30,0.7682,-1,-1,-1
505,16,1287.77,410.74,193.64,613.37,0.8282,-1,-1,-1
505,25,882.58,442.84,112.36,281.17,0.5831,-1,-1,-1
505,26,688.76,436.67,100.39,264.50,0.7825,-1,-1,-1
505,38,994.53,453.88,97.58,229.28,0.6442,-1,-1,-1
505,40,1413.70,420.95,138.73,547.83,0.6621,-1,-1,-1
505,44,183.63,482.38,110.65,235.91,0.6028,-1,-1,-1
506,32,1718.31,403.80,204.51,507.42,0.8853,-1,-1,-1
506,29,1511.14,372.23,255.11,701.54,0.7571,-1,-1,-1
506,16,1294.16,411.39,193.56,623.05,0.7937,-1,-1,-1
506,25,897.42,449.07,110.51,273.68,0.6529,-1,-1,-1
506,26,693.89,435.40,100.12,266.43,0.7433,-1,-1,-1
506,38,1002.89,459.14,93.37,223.51,0.6264,-1,-1,-1
506,40,1432.56,423.03,134.35,534.59,0.7062,-1,-1,-1
506,44,170.16,483.99,110.29,234.26,0.6548,-1,-1,-1
506,20,866.47,413.07,75.40,289.13,0.5857,-1,-1,-1
507,32,1725.86,400.27,204.37,513.01,0.8764,-1,-1,-1
507,29,1516.53,374.48,252.01,701.35,0.7413,-1,-1,-1
507,16,1299.20,412.16,193.06,632.12,0.8118,-1,-1,-1
507,25,904.79,450.80,110.61,270.93,0.6701,-1,-1,-1
507,26,699.80,435.45,99.87,266.21,0.7236,-1,-1,-1
507,38,1009.46,452.81,94.11,228.92,0.5338,-1,-1,-1
507,40,1440.44,419.08,134.74,541.68,0.6955,-1,-1,-1
507,44,154.04,482.49,114.24,242.44,0.6778,-1,-1,-1
507,20,866.98,413.17,74.29,289.65,0.6050,-1,-1,-1
508,32,1731.87,398.07,202.14,514.92,0.8458,-1,-1,-1
508,29,1520.95,373.99,249.60,699.59,0.7468,-1,-1,-1
508,16,1311.27,414.91,194.12,637.85,0.7756,-1,-1,-1
508,25,911.40,452.35,112.72,269.22,0.7100,-1,-1,-1
508,26,708.94,435.73,98.43,264.55,0.6847,-1,-1,-1
508,38,1016.14,450.13,92.44,230.22,0.5329,-1,-1,-1
508,40,1448.29,413.86,132.48,537.78,0.6743,-1,-1,-1
508,44,141.43,483.38,115.88,244.62,0.6708,-1,-1,-1
508,20,867.52,412.65,73.04,287.30,0.6063,-1,-1,-1
509,32,1737.77,396.35,198.65,514.46,0.7910,-1,-1,-1
509,29,1522.78,373.98,246.04,695.33,0.7009,-1,-1,-1
509,16,1325.48,413.69,197.31,643.99,0.8279,-1,-1,-1
509,25,912.81,448.99,117.16,274.34,0.7371,-1,-1,-1
509,26,714.76,438.01,97.71,262.24,0.6718,-1,-1,-1
509,38,1023.06,460.96,85.81,218.16,0.4928,-1,-1,-1
509,40,1454.11,407.89,135.84,558.46,0.5879,-1,-1,-1
509,44,129.31,479.40,116.66,245.46,0.6710,-1,-1,-1
509,20,870.26,419.52,70.45,280.87,0.5880,-1,-1,-1
510,32,1749.68,393.66,190.29,503.95,0.8243,-1,-1,-1
510,29,1540.75,375.86,246.78,698.06,0.6134,-1,-1,-1
510,16,1335.12,413.36,200.50,645.14,0.8407,-1,-1,-1
510,25,911.40,446.82,120.54,277.95,0.7510,-1,-1,-1
510,26,719.87,436.30,99.95,263.84,0.7043,-1,-1,-1
510,38,1030.39,465.41,81.84,210.47,0.4966,-1,-1,-1
510,40,1460.52,405.41,137.04,570.28,0.7085,-1,-1,-1
510,44,113.33,477.52,118.70,247.81,0.6633,-1,-1,-1
510,20,872.24,414.10,70.69,284.63,0.5884,-1,-1,-1
511,32,1758.81,393.83,183.35,497.48,0.8075,-1,-1,-1
511,29,1550.87,371.23,251.33,704.03,0.7176,-1,-1,-1
511,16,1340.34,414.66,204.50,645.62,0.8386,-1,-1,-1
511,25,914.03,446.55,124.13,278.87,0.7626,-1,-1,-1
511,26,722.41,438.30,100.80,261.60,0.7250,-1,-1,-1
511,38,1033.77,461.86,82.55,213.34,0.5460,-1,-1,-1
511,40,1468.41,405.29,133.19,559.23,0.6678,-1,-1,-1
511,44,100.99,477.15,121.02,251.45,0.5584,-1,-1,-1
511,20,874.31,421.45,68.47,275.11,0.4940,-1,-1,-1
512,32,1764.83,393.79,178.80,498.01,0.8067,-1,-1,-1
512,29,1546.45,373.75,246.44,694.78,0.5767,-1,-1,-1
512,16,1340.86,417.71,208.05,644.74,0.8451,-1,-1,-1
512,25,913.65,444.46,127.80,281.29,0.7578,-1,-1,-1
512,26,724.13,437.21,102.03,261.99,0.7390,-1,-1,-1
512,38,1038.64,456.31,85.35,220.44,0.6049,-1,-1,-1
512,40,1472.95,407.69,128.49,542.15,0.6393,-1,-1,-1
512,44,91.62,494.29,117.46,238.02,0.2128,-1,-1,-1
512,20,875.71,415.03,70.43,281.04,0.5612,-1,-1,-1
513,32,1773.83,390.87,175.79,507.92,0.7982,-1,-1,-1
513,29,1557.38,372.68,223.05,622.50,0.4819,-1,-1,-1
513,16,1340.86,418.58,212.76,647.41,0.8471,-1,-1,-1
513,25,913.28,444.00,130.60,281.83,0.7505,-1,-1,-1
513,26,726.37,436.49,103.88,262.94,0.7424,-1,-1,-1
513,38,1042.77,448.09,88.99,229.17,0.6050,-1,-1,-1
513,40,1475.80,412.05,129.57,550.98,0.6536,-1,-1,-1
513,44,73.51,482.86,125.45,251.51,0.6036,-1,-1,-1
513,20,877.32,413.27,71.61,283.56,0.5143,-1,-1,-1
514,32,1780.00,390.42,170.98,512.22,0.8036,-1,-1,-1
514,29,1563.87,371.74,213.62,592.25,0.5672,-1,-1,-1
514,16,1340.17,418.73,216.75,648.51,0.8435,-1,-1,-1
514,25,913.36,444.35,132.48,280.79,0.7014,-1,-1,-1
514,26,727.89,439.03,103.43,259.01,0.7477,-1,-1,-1
514,38,1047.27,445.72,91.10,231.32,0.6223,-1,-1,-1
514,40,1482.05,415.44,126.21,538.59,0.5940,-1,-1,-1
514,44,57.53,478.70,129.42,256.65,0.6568,-1,-1,-1
514,20,879.45,413.01,72.39,284.57,0.5091,-1,-1,-1
515,32,1787.59,388.91,165.76,517.45,0.7929,-1,-1,-1
515,29,1565.90,372.06,238.48,661.16,0.5283,-1,-1,-1
515,16,1339.87,418.10,220.59,650.13,0.8440,-1,-1,-1
515,25,913.90,443.49,134.72,280.85,0.7431,-1,-1,-1
515,26,730.10,439.17,103.57,257.36,0.7253,-1,-1,-1
515,38,1051.88,449.17,91.41,228.09,0.6780,-1,-1,-1
515,40,1490.02,415.43,123.62,524.98,0.5201,-1,-1,-1
515,44,44.16,477.91,132.17,259.30,0.6997,-1,-1,-1
515,20,878.38,418.01,71.60,279.93,0.5766,-1,-1,-1
516,32,1792.12,387.70,161.39,525.24,0.7578,-1,-1,-1
516,29,1574.85,374.06,247.28,676.13,0.6064,-1,-1,-1
516,16,1340.09,421.50,223.60,648.52,0.8307,-1,-1,-1
516,25,914.64,439.42,137.09,282.72,0.7598,-1,-1,-1
516,26,732.90,436.35,104.54,259.26,0.7483,-1,-1,-1
516,38,1053.47,449.81,91.30,226.08,0.5775,-1,-1,-1
516,40,1498.19,415.07,122.38,516.08,0.4165,-1,-1,-1
516,44,29.66,478.42,134.32,260.35,0.7054,-1,-1,-1
516,20,880.16,418.11,73.06,282.48,0.5690,-1,-1,-1
517,32,1801.46,390.65,152.02,517.30,0.6981,-1,-1,-1
517,29,1582.97,376.92,253.32,686.66,0.4329,-1,-1,-1
517,16,1340.78,423.74,226.70,646.77,0.8205,-1,-1,-1
517,25,915.27,437.88,138.57,284.19,0.7689,-1,-1,-1
517,26,736.42,438.86,103.42,255.81,0.7290,-1,-1,-1
517,38,1054.58,449.95,92.28,226.22,0.5534,-1,-1,-1
517,40,1505.76,411.12,121.68,508.45,0.3990,-1,-1,-1
517,44,22.56,489.34,130.87,249.50,0.5800,-1,-1,-1
517,20,883.33,422.68,73.88,280.86,0.5797,-1,-1,-1
518,32,1809.59,393.26,144.08,514.12,0.6629,-1,-1,-1
518,29,1586.48,377.85,256.70,690.84,0.4235,-1,-1,-1
518,16,1343.18,419.81,231.03,649.77,0.8205,-1,-1,-1
518,25,916.30,435.63,140.17,286.94,0.7866,-1,-1,-1
518,26,738.82,433.84,104.42,259.70,0.7799,-1,-1,-1
518,38,1056.13,457.31,91.18,219.77,0.5708,-1,-1,-1
518,40,1504.08,411.31,141.00,597.54,0.3616,-1,-1,-1
518,44,9.80,483.31,135.90,256.56,0.6834,-1,-1,-1
518,20,881.88,418.37,75.64,286.12,0.6177,-1,-1,-1
519,32,1820.14,393.65,132.61,497.46,0.5247,-1,-1,-1
519,29,1597.45,380.37,262.08,690.32,0.6568,-1,-1,-1
519,16,1344.48,420.49,233.46,648.29,0.7951,-1,-1,-1
519,25,919.19,439.19,137.94,281.52,0.6556,-1,-1,-1
519,26,741.86,432.67,104.12,260.05,0.7721,-1,-1,-1
519,38,1054.91,451.46,94.41,226.11,0.5336,-1,-1,-1
519,40,1506.49,412.54,145.97,629.90,0.4692,-1,-1,-1
519,44,3.68,488.36,134.83,251.96,0.6142,-1,-1,-1
519,20,882.96,428.29,73.08,273.40,0.5925,-1,-1,-1
520,32,1832.46,395.69,121.56,483.48,0.5434,-1,-1,-1
520,29,1583.88,380.36,261.18,691.80,0.5518,-1,-1,-1
520,16,1345.10,418.76,235.84,649.80,0.7827,-1,-1,-1
520,25,927.82,443.94,135.14,276.11,0.6576,-1,-1,-1
520,26,745.33,430.82,103.12,260.32,0.7279,-1,-1,-1
520,38,1055.10,454.60,93.86,222.77,0.5671,-1,-1,-1
520,40,1521.30,417.09,131.37,561.48,0.4470,-1,-1,-1
520,44,0.01,482.54,140.43,260.95,0.5351,-1,-1,-1
520,20,884.47,433.42,72.02,266.50,0.6392,-1,-1,-1
520,48,679.75,448.43,44.98,124.35,0.5479,-1,-1,-1
521,29,1602.91,380.98,266.65,686.99,0.6124,-1,-1,-1
521,16,1345.42,416.05,237.35,651.73,0.8273,-1,-1,-1
521,25,934.13,444.76,134.01,275.06,0.6325,-1,-1,-1
521,26,750.09,430.90,101.37,259.65,0.7424,-1,-1,-1
521,38,1053.10,443.49,98.36,234.18,0.6208,-1,-1,-1
521,40,1531.50,419.08,126.63,534.13,0.4988,-1,-1,-1
521,44,-8.24,480.88,142.05,267.10,0.4948,-1,-1,-1
521,20,885.27,432.76,73.08,267.53,0.6335,-1,-1,-1
521,48,679.32,450.63,44.34,122.72,0.5131,-1,-1,-1
522,29,1633.31,378.53,243.45,606.71,0.6272,-1,-1,-1
522,16,1349.85,413.27,239.04,653.75,0.8022,-1,-1,-1
522,25,941.86,442.19,133.44,277.25,0.6701,-1,-1,-1
522,26,756.85,432.53,97.90,256.11,0.7153,-1,-1,-1
522,38,1054.07,443.25,98.36,234.53,0.6234,-1,-1,-1
522,40,1538.57,417.05,129.09,537.15,0.4881,-1,-1,-1
522,44,-16.85,478.17,139.44,268.95,0.4966,-1,-1,-1
522,20,885.26,432.10,74.70,269.10,0.6422,-1,-1,-1
522,48,677.62,449.29,44.87,124.26,0.5587,-1,-1,-1
523,29,1617.35,379.30,272.25,664.12,0.6031,-1,-1,-1
523,16,1354.78,412.38,240.00,655.10,0.7309,-1,-1,-1
523,25,944.30,442.33,131.98,278.28,0.6811,-1,-1,-1
523,26,759.97,432.89,97.11,256.45,0.7168,-1,-1,-1
523,38,1056.76,452.72,95.01,225.16,0.6440,-1,-1,-1
523,40,1547.60,413.44,132.86,543.25,0.5178,-1,-1,-1
523,44,-14.49,502.79,128.35,251.16,0.3591,-1,-1,-1
523,20,886.19,423.09,78.86,279.79,0.6479,-1,-1,-1
523,48,675.65,448.56,45.45,125.84,0.5927,-1,-1,-1
524,29,1613.30,375.64,285.12,684.35,0.7973,-1,-1,-1
524,16,1361.99,411.48,239.52,655.43,0.7126,-1,-1,-1
524,25,952.63,443.09,128.36,276.61,0.6237,-1,-1,-1
524,26,763.38,431.37,97.05,258.46,0.7391,-1,-1,-1
524,38,1059.81,455.90,93.65,221.59,0.6078,-1,-1,-1
524,40,1553.24,412.28,137.19,556.55,0.4785,-1,-1,-1
524,44,-20.36,519.79,118.47,240.19,0.2299,-1,-1,-1
524,20,886.56,419.68,81.38,283.34,0.6635,-1,-1,-1
524,48,674.74,448.78,45.17,124.91,0.6099,-1,-1,-1
525,29,1612.28,371.18,293.65,697.65,0.6822,-1,-1,-1
525,16,1372.92,411.28,237.93,656.75,0.7219,-1,-1,-1
525,25,957.70,444.05,124.88,275.70,0.6575,-1,-1,-1
525,26,764.82,430.45,97.03,259.45,0.7484,-1,-1,-1
525,38,1062.88,459.61,92.96,218.57,0.6283,-1,-1,-1
525,40,1552.69,409.49,144.30,580.23,0.5920,-1,-1,-1
525,44,-19.10,514.55,112.45,234.99,0.3240,-1,-1,-1
525,20,889.91,413.55,84.35,291.12,0.6531,-1,-1,-1
525,48,674.43,451.47,43.95,121.52,0.6313,-1,-1,-1
526,29,1611.27,363.75,299.87,707.78,0.8162,-1,-1,-1
526,16,1388.10,410.67,233.61,654.25,0.6749,-1,-1,-1
526,25,965.68,444.93,120.89,277.11,0.6581,-1,-1,-1
526,26,767.61,434.28,95.78,255.17,0.7174,-1,-1,-1
526,38,1066.73,461.96,92.21,215.30,0.6342,-1,-1,-1
526,40,1555.56,409.13,147.49,587.37,0.5765,-1,-1,-1
526,20,894.98,411.79,85.22,294.36,0.6753,-1,-1,-1
526,48,672.80,451.34,43.99,120.95,0.5834,-1,-1,-1
527,29,1611.22,366.20,301.28,706.47,0.6965,-1,-1,-1
527,16,1404.92,413.06,229.76,653.90,0.7507,-1,-1,-1
527,25,974.58,448.05,115.85,274.60,0.7052,-1,-1,-1
527,26,774.36,435.77,96.52,253.65,0.6895,-1,-1,-1
527,38,1071.33,460.10,92.87,215.79,0.6215,-1,-1,-1
527,40,1564.90,408.94,148.70,590.31,0.6799,-1,-1,-1
527,20,897.95,408.59,85.96,297.66,0.7362,-1,-1,-1
527,48,671.59,454.34,43.20,117.73,0.5882,-1,-1,-1
528,29,1614.90,383.16,296.93,689.96,0.7342,-1,-1,-1
528,16,1415.58,412.16,225.01,653.74,0.6916,-1,-1,-1
528,25,980.80,446.15,114.36,278.26,0.7121,-1,-1,-1
528,26,784.99,437.07,95.15,250.77,0.5981,-1,-1,-1
528,38,1073.65,454.73,93.89,220.39,0.6411,-1,-1,-1
528,40,1575.29,410.14,150.39,590.92,0.7151,-1,-1,-1
528,20,901.47,410.94,84.78,295.59,0.7279,-1,-1,-1
528,48,671.23,456.12,42.53,114.93,0.6127,-1,-1,-1
529,29,1664.20,384.22,258.63,604.97,0.5806,-1,-1,-1
529,16,1424.70,412.70,221.30,654.74,0.7813,-1,-1,-1
529,25,988.88,443.56,112.83,279.07,0.7067,-1,-1,-1
529,26,792.23,436.22,98.70,251.89,0.6294,-1,-1,-1
529,38,1077.08,451.72,92.59,222.30,0.5326,-1,-1,-1
529,40,1583.53,411.79,152.06,592.27,0.7308,-1,-1,-1
529,20,907.22,407.11,84.45,299.27,0.7331,-1,-1,-1
529,48,670.21,454.37,44.01,116.83,0.5692,-1,-1,-1
530,29,1684.42,371.21,247.12,585.19,0.5903,-1,-1,-1
530,16,1431.60,413.93,217.53,654.57,0.7930,-1,-1,-1
530,25,995.28,440.68,111.51,279.22,0.7164,-1,-1,-1
530,26,797.29,435.24,99.93,251.99,0.6852,-1,-1,-1
530,38,1081.64,448.86,91.51,225.51,0.5649,-1,-1,-1
530,40,1586.24,411.94,154.05,596.13,0.6780,-1,-1,-1
530,20,911.03,404.68,83.83,301.78,0.7550,-1,-1,-1
530,48,667.94,454.88,44.24,115.80,0.5688,-1,-1,-1
531,29,1691.80,366.44,240.67,575.31,0.5021,-1,-1,-1
531,16,1439.04,413.47,215.10,653.93,0.8098,-1,-1,-1
531,25,1002.14,442.63,109.56,276.02,0.7753,-1,-1,-1
531,26,794.89,434.47,101.79,252.84,0.7534,-1,-1,-1
531,38,1084.35,450.57,89.71,225.42,0.5846,-1,-1,-1
531,40,1590.42,413.39,155.32,599.11,0.7199,-1,-1,-1
531,20,914.03,402.97,83.31,303.92,0.7637,-1,-1,-1
531,48,666.20,454.72,44.02,114.18,0.5485,-1,-1,-1
532,29,1655.66,366.00,275.46,662.45,0.7801,-1,-1,-1
532,16,1447.17,412.50,214.47,654.58,0.7968,-1,-1,-1
532,25,1007.42,443.48,109.34,275.22,0.8030,-1,-1,-1
532,26,796.00,435.21,103.08,252.26,0.7539,-1,-1,-1
532,38,1085.22,451.92,86.61,224.37,0.5167,-1,-1,-1
532,40,1593.74,410.61,159.53,612.29,0.7540,-1,-1,-1
532,20,918.22,401.84,82.51,303.61,0.7301,-1,-1,-1
532,48,664.49,452.70,44.82,116.64,0.5465,-1,-1,-1
533,29,1651.06,366.30,285.17,694.54,0.8252,-1,-1,-1
533,16,1453.56,411.56,214.52,654.86,0.8244,-1,-1,-1
533,25,1008.71,444.97,109.40,272.98,0.7601,-1,-1,-1
533,26,798.42,435.49,103.76,251.84,0.7409,-1,-1,-1
533,38,1088.30,447.24,86.97,230.79,0.5587,-1,-1,-1
533,40,1601.88,407.99,163.79,622.96,0.7712,-1,-1,-1
533,20,921.17,403.09,82.19,302.08,0.7076,-1,-1,-1
533,48,662.40,452.30,44.80,117.67,0.5588,-1,-1,-1
534,29,1682.05,368.26,261.78,651.93,0.6663,-1,-1,-1
534,16,1456.14,411.00,214.72,655.50,0.8335,-1,-1,-1
534,25,1014.65,448.77,110.40,270.07,0.7155,-1,-1,-1
534,26,804.59,435.99,104.64,251.40,0.7641,-1,-1,-1
534,38,1087.77,447.57,85.26,230.43,0.5673,-1,-1,-1
534,40,1609.63,410.94,165.65,618.12,0.7506,-1,-1,-1
534,20,922.60,406.19,82.39,300.28,0.7235,-1,-1,-1
534,48,660.20,451.11,44.80,118.42,0.6098,-1,-1,-1
535,29,1683.84,371.81,268.13,685.55,0.6249,-1,-1,-1
535,16,1456.71,411.91,214.40,654.87,0.8322,-1,-1,-1
535,25,1016.30,444.93,115.01,276.82,0.6861,-1,-1,-1
535,26,806.10,437.83,105.52,249.46,0.7656,-1,-1,-1
535,38,1093.48,444.90,84.76,231.84,0.4566,-1,-1,-1
535,40,1614.72,409.63,166.52,615.67,0.7676,-1,-1,-1
535,20,926.43,421.53,80.33,285.53,0.7378,-1,-1,-1
535,48,658.77,450.05,44.89,119.43,0.6462,-1,-1,-1
536,29,1697.07,369.04,264.63,701.34,0.8056,-1,-1,-1
536,16,1458.69,413.04,214.61,654.28,0.8186,-1,-1,-1
536,25,1017.95,448.43,115.96,272.72,0.7138,-1,-1,-1
536,26,807.10,436.98,106.49,249.35,0.7335,-1,-1,-1
536,38,1097.56,445.19,82.53,229.23,0.3848,-1,-1,-1
536,40,1616.82,408.52,168.95,620.29,0.7377,-1,-1,-1
536,20,925.43,426.80,81.31,280.45,0.7407,-1,-1,-1
536,48,657.79,449.71,44.47,119.03,0.5695,-1,-1,-1
537,29,1710.50,369.85,256.17,706.10,0.8078,-1,-1,-1
537,16,1464.54,414.21,215.78,652.41,0.7854,-1,-1,-1
537,25,1019.08,453.04,116.78,268.01,0.6610,-1,-1,-1
537,26,808.30,436.54,107.46,249.95,0.7348,-1,-1,-1
537,38,1102.75,453.81,78.02,220.38,0.4645,-1,-1,-1
537,40,1620.92,407.44,171.85,626.54,0.5622,-1,-1,-1
537,20,926.87,433.63,81.36,272.23,0.7106,-1,-1,-1
537,48,657.25,449.73,44.26,119.11,0.6080,-1,-1,-1
538,29,1720.41,370.28,247.04,708.21,0.8156,-1,-1,-1
538,16,1466.09,413.80,217.35,653.02,0.7970,-1,-1,-1
538,25,1019.11,451.03,119.34,270.20,0.7037,-1,-1,-1
538,26,809.24,435.29,108.82,250.99,0.7536,-1,-1,-1
538,38,1101.57,450.51,78.69,225.67,0.4766,-1,-1,-1
538,40,1627.25,408.61,173.19,624.00,0.6291,-1,-1,-1
538,20,927.01,428.23,85.26,279.22,0.7378,-1,-1,-1
538,48,656.46,450.82,43.87,118.48,0.5810,-1,-1,-1
539,29,1731.56,378.88,234.92,700.86,0.7907,-1,-1,-1
539,16,1468.31,413.25,219.16,653.91,0.7980,-1,-1,-1
539,25,1017.56,443.64,123.64,277.67,0.7102,-1,-1,-1
539,26,810.79,434.36,110.28,253.30,0.7495,-1,-1,-1
539,38,1106.19,447.19,78.52,229.63,0.4291,-1,-1,-1
539,40,1634.37,408.62,174.20,618.25,0.6961,-1,-1,-1
539,20,927.82,425.21,87.76,282.78,0.7460,-1,-1,-1
539,48,655.54,451.71,43.43,117.79,0.5734,-1,-1,-1
540,29,1743.57,404.20,217.77,673.88,0.7930,-1,-1,-1
540,16,1470.99,414.10,220.41,653.99,0.7923,-1,-1,-1
540,25,1017.00,440.49,126.12,281.49,0.6798,-1,-1,-1
540,26,813.99,433.62,110.11,252.98,0.7279,-1,-1,-1
540,38,1106.38,447.76,77.38,229.99,0.3886,-1,-1,-1
540,40,1641.40,408.46,174.28,612.42,0.7275,-1,-1,-1
540,20,929.03,424.78,89.87,283.55,0.7698,-1,-1,-1
540,48,653.40,452.93,42.41,116.42,0.6163,-1,-1,-1
541,29,1748.58,393.23,213.26,686.53,0.7728,-1,-1,-1
541,16,1475.86,412.49,223.67,658.35,0.7713,-1,-1,-1
541,25,1020.22,437.46,127.11,285.16,0.6585,-1,-1,-1
541,26,816.03,432.60,110.64,254.10,0.7385,-1,-1,-1
541,38,1109.18,447.70,75.90,230.17,0.4595,-1,-1,-1
541,40,1647.40,407.14,176.02,613.59,0.7708,-1,-1,-1
541,20,933.73,420.98,94.05,287.38,0.7208,-1,-1,-1
541,48,652.74,453.72,41.83,116.17,0.5564,-1,-1,-1
542,29,1756.30,388.35,206.18,692.15,0.7392,-1,-1,-1
542,16,1487.42,411.42,228.25,659.61,0.7628,-1,-1,-1
542,25,1023.67,434.16,126.86,288.03,0.6439,-1,-1,-1
542,26,819.26,433.74,109.97,253.12,0.7248,-1,-1,-1
542,38,1112.68,451.70,72.80,224.51,0.5022,-1,-1,-1
542,40,1651.55,405.87,177.98,615.68,0.6296,-1,-1,-1
542,20,934.08,415.99,98.43,293.11,0.7281,-1,-1,-1
542,48,652.98,454.48,41.09,115.28,0.5637,-1,-1,-1
542,49,712.79,449.49,27.93,95.86,0.5136,-1,-1,-1
543,29,1764.65,388.43,197.66,692.93,0.6776,-1,-1,-1
543,16,1493.59,411.07,230.23,658.24,0.6021,-1,-1,-1
543,25,1033.01,436.06,123.08,285.09,0.5750,-1,-1,-1
543,26,822.56,432.65,109.35,253.58,0.6637,-1,-1,-1
543,38,1115.04,449.30,71.77,226.08,0.3822,-1,-1,-1
543,40,1655.78,404.43,179.37,614.75,0.5379,-1,-1,-1
543,20,933.29,421.74,98.34,285.81,0.7433,-1,-1,-1
543,48,653.67,455.42,40.65,114.78,0.5968,-1,-1,-1
543,49,712.64,449.18,28.07,96.27,0.5185,-1,-1,-1
544,29,1787.35,385.29,167.15,610.08,0.6721,-1,-1,-1
544,16,1528.11,411.15,240.13,658.10,0.5409,-1,-1,-1
544,25,1039.42,436.25,120.23,283.85,0.5858,-1,-1,-1
544,26,828.64,433.36,107.29,252.14,0.6829,-1,-1,-1
544,38,1117.50,450.20,70.85,226.58,0.3416,-1,-1,-1
544,40,1659.11,405.98,176.73,599.04,0.4531,-1,-1,-1
544,20,934.77,431.26,97.81,275.43,0.7076,-1,-1,-1
544,48,653.83,455.21,40.53,114.87,0.6255,-1,-1,-1
544,49,712.76,448.65,27.99,95.88,0.5113,-1,-1,-1
545,29,1809.61,448.47,136.99,519.15,0.5115,-1,-1,-1
545,16,1539.27,410.41,244.25,656.64,0.5707,-1,-1,-1
545,25,1051.29,434.95,118.33,286.01,0.4626,-1,-1,-1
545,26,837.27,435.21,103.65,247.52,0.6678,-1,-1,-1
545,38,1119.08,456.24,69.99,223.10,0.2942,-1,-1,-1
545,40,1659.10,406.73,182.16,614.54,0.5733,-1,-1,-1
545,20,937.44,432.61,100.22,274.38,0.6997,-1,-1,-1
545,48,654.95,453.33,40.97,115.75,0.5942,-1,-1,-1
545,49,713.09,448.03,28.36,96.74,0.5503,-1,-1,-1
546,29,1800.82,472.13,145.75,572.66,0.5891,-1,-1,-1
546,16,1529.00,409.87,240.67,656.40,0.5447,-1,-1,-1
546,25,1059.89,435.65,113.39,282.21,0.5182,-1,-1,-1
546,26,848.46,433.98,100.57,246.71,0.7014,-1,-1,-1
546,38,1121.68,455.37,70.40,225.78,0.3774,-1,-1,-1
546,40,1661.52,406.17,185.18,623.48,0.5453,-1,-1,-1
546,20,940.09,433.25,101.52,272.46,0.7098,-1,-1,-1
546,48,654.81,453.24,40.63,115.12,0.5905,-1,-1,-1
546,49,713.81,447.99,28.59,97.32,0.5189,-1,-1,-1
547,29,1801.57,490.35,142.34,577.85,0.6469,-1,-1,-1
547,16,1530.78,408.33,236.62,655.46,0.6398,-1,-1,-1
547,25,1078.40,435.08,107.68,272.90,0.4562,-1,-1,-1
547,26,855.16,435.50,96.94,244.46,0.6615,-1,-1,-1
547,38,1123.87,452.38,70.16,227.26,0.2729,-1,-1,-1
547,40,1668.24,410.70,181.38,607.53,0.6545,-1,-1,-1
547,20,942.10,429.36,104.21,276.88,0.6844,-1,-1,-1
547,48,654.18,454.30,39.95,113.10,0.6225,-1,-1,-1
547,49,713.93,448.26,28.49,96.82,0.5016,-1,-1,-1
548,29,1802.51,463.37,145.25,614.84,0.5214,-1,-1,-1
548,16,1531.48,408.45,233.88,659.92,0.7210,-1,-1,-1
548,25,1084.59,433.64,107.07,274.68,0.4714,-1,-1,-1
548,26,859.68,435.14,93.91,242.80,0.6323,-1,-1,-1
548,38,1124.44,452.05,70.89,231.53,0.1699,-1,-1,-1
548,40,1673.61,411.57,181.09,602.56,0.7370,-1,-1,-1
548,20,943.38,427.75,105.70,277.83,0.6609,-1,-1,-1
548,48,652.93,454.09,39.44,112.39,0.6777,-1,-1,-1
548,49,714.26,448.43,28.44,96.62,0.4947,-1,-1,-1
549,29,1803.97,435.75,145.92,645.24,0.3137,-1,-1,-1
549,16,1535.52,408.48,229.40,656.54,0.7540,-1,-1,-1
549,25,1077.85,437.13,106.75,279.53,0.4019,-1,-1,-1
549,26,864.50,436.85,92.12,243.33,0.6219,-1,-1,-1
549,38,1119.04,443.61,74.74,243.77,0.2869,-1,-1,-1
549,40,1679.64,413.03,181.23,601.05,0.7193,-1,-1,-1
549,20,946.71,426.02,106.00,278.22,0.6543,-1,-1,-1
549,48,652.29,454.50,38.83,110.56,0.6687,-1,-1,-1
549,49,714.92,448.40,28.51,96.68,0.5574,-1,-1,-1
550,16,1538.31,409.11,226.01,655.82,0.7731,-1,-1,-1
550,25,1079.55,436.08,108.13,281.33,0.4614,-1,-1,-1
550,26,869.25,437.65,91.02,243.65,0.6219,-1,-1,-1
550,40,1687.44,407.91,184.69,610.13,0.7342,-1,-1,-1
550,20,953.19,419.99,107.24,282.70,0.6229,-1,-1,-1
550,48,652.27,455.03,38.24,109.13,0.6711,-1,-1,-1
550,49,716.24,449.93,28.56,95.84,0.5144,-1,-1,-1
551,16,1543.34,409.76,224.60,658.72,0.7703,-1,-1,-1
551,25,1077.41,437.56,109.63,279.74,0.5119,-1,-1,-1
551,26,871.88,435.77,90.66,246.61,0.6446,-1,-1,-1
551,40,1694.04,405.01,185.61,610.74,0.7085,-1,-1,-1
551,20,957.76,414.91,107.43,286.26,0.6150,-1,-1,-1
551,48,652.00,455.64,37.90,108.02,0.6459,-1,-1,-1
551,49,716.17,449.85,28.86,95.86,0.5347,-1,-1,-1
552,16,1549.19,409.89,225.39,665.23,0.8020,-1,-1,-1
552,25,1083.66,436.88,111.64,283.03,0.5009,-1,-1,-1
552,26,877.04,433.40,90.32,250.04,0.6798,-1,-1,-1
552,40,1699.27,404.34,185.75,609.80,0.7359,-1,-1,-1
552,20,963.21,416.23,104.00,282.45,0.6092,-1,-1,-1
552,48,651.76,455.52,38.58,109.02,0.6135,-1,-1,-1
552,49,716.68,449.71,29.24,96.14,0.5943,-1,-1,-1
552,50,580.39,452.77,33.45,84.51,0.5238,-1,-1,-1
553,16,1554.48,409.38,224.79,666.57,0.7906,-1,-1,-1
553,25,1084.25,436.74,111.49,284.29,0.4999,-1,-1,-1
553,26,882.67,433.11,89.76,249.95,0.7234,-1,-1,-1
553,40,1706.00,403.50,188.36,614.88,0.6789,-1,-1,-1
553,20,973.30,418.78,99.45,276.83,0.6988,-1,-1,-1
553,48,651.01,455.25,39.23,109.82,0.5778,-1,-1,-1
553,49,717.73,449.06,29.66,96.12,0.5777,-1,-1,-1
553,50,580.18,452.62,33.64,84.98,0.5205,-1,-1,-1
554,16,1582.43,409.61,231.17,662.37,0.5402,-1,-1,-1
554,25,1084.73,435.75,113.01,285.40,0.5785,-1,-1,-1
554,26,886.11,431.91,90.16,251.27,0.7365,-1,-1,-1
554,40,1706.98,402.73,194.60,633.22,0.2825,-1,-1,-1
554,20,977.85,414.99,100.06,284.71,0.6596,-1,-1,-1
554,48,648.58,455.26,39.29,109.50,0.4870,-1,-1,-1
554,49,717.32,448.42,29.82,95.64,0.5863,-1,-1,-1
554,50,579.90,449.51,34.74,87.90,0.5267,-1,-1,-1
555,16,1576.94,408.86,233.26,661.93,0.6169,-1,-1,-1
555,25,1084.72,434.45,114.82,286.87,0.5958,-1,-1,-1
555,26,887.19,431.92,90.14,251.45,0.7327,-1,-1,-1
555,40,1713.86,401.97,196.46,637.94,0.4120,-1,-1,-1
555,20,983.20,412.05,98.97,287.62,0.6794,-1,-1,-1
555,48,647.18,456.32,38.92,107.74,0.4911,-1,-1,-1
555,49,716.05,446.61,30.81,98.09,0.5749,-1,-1,-1
555,50,579.93,447.05,35.62,90.35,0.5427,-1,-1,-1
556,16,1578.33,407.20,236.54,660.87,0.5703,-1,-1,-1
556,25,1089.52,435.56,114.70,285.27,0.7182,-1,-1,-1
556,26,888.13,432.91,89.79,251.15,0.7682,-1,-1,-1
556,40,1720.68,401.02,194.67,628.70,0.2023,-1,-1,-1
556,20,990.95,411.26,97.54,288.16,0.7244,-1,-1,-1
556,48,645.75,457.01,39.07,107.17,0.5157,-1,-1,-1
556,49,715.82,446.27,31.45,99.60,0.5956,-1,-1,-1
556,50,580.15,445.89,35.91,91.38,0.5004,-1,-1,-1
557,16,1572.60,407.24,238.72,661.81,0.6842,-1,-1,-1
557,25,1091.28,437.16,114.23,283.31,0.7477,-1,-1,-1
557,26,890.92,434.74,89.28,249.47,0.7572,-1,-1,-1
557,40,1717.90,399.62,200.08,646.71,0.3285,-1,-1,-1
557,20,994.12,420.70,93.53,275.87,0.6697,-1,-1,-1
557,48,644.91,457.65,39.09,106.58,0.5426,-1,-1,-1
557,49,715.19,445.97,32.16,101.26,0.6254,-1,-1,-1
557,50,580.06,446.08,35.92,91.65,0.5239,-1,-1,-1
558,16,1581.49,405.29,246.40,667.81,0.8042,-1,-1,-1
558,25,1093.55,437.26,113.95,282.14,0.8019,-1,-1,-1
558,26,891.83,435.79,88.77,248.28,0.7479,-1,-1,-1
558,20,994.78,430.75,91.62,265.56,0.7064,-1,-1,-1
558,48,644.13,459.40,38.74,105.08,0.5470,-1,-1,-1
558,49,714.34,445.33,32.83,102.30,0.6491,-1,-1,-1
558,50,581.89,450.25,34.73,88.94,0.5485,-1,-1,-1
559,16,1583.58,405.32,250.46,665.87,0.8006,-1,-1,-1
559,25,1095.10,434.98,114.96,283.33,0.8025,-1,-1,-1
559,26,892.36,436.83,88.72,247.31,0.7447,-1,-1,-1
559,20,997.46,430.97,92.87,265.91,0.6417,-1,-1,-1
559,48,644.47,461.42,37.82,102.00,0.5366,-1,-1,-1
559,49,714.10,444.92,33.10,102.12,0.6463,-1,-1,-1
559,50,582.85,452.38,33.91,87.15,0.5584,-1,-1,-1
559,51,546.02,443.15,34.98,93.98,0.5180,-1,-1,-1
560,16,1585.78,404.28,257.37,670.46,0.8598,-1,-1,-1
560,25,1097.96,435.58,114.39,282.04,0.7140,-1,-1,-1
560,26,892.61,435.82,89.10,247.15,0.7593,-1,-1,-1
560,20,1001.76,424.93,95.71,271.70,0.6791,-1,-1,-1
560,48,643.42,460.95,37.42,101.15,0.5576,-1,-1,-1
560,49,714.29,444.98,33.27,101.87,0.6332,-1,-1,-1
560,50,583.43,453.57,33.35,86.04,0.5232,-1,-1,-1
560,51,546.83,445.62,34.11,91.75,0.5057,-1,-1,-1
561,16,1580.27,403.12,259.03,669.77,0.7235,-1,-1,-1
561,25,1100.80,436.82,112.63,278.64,0.6595,-1,-1,-1
561,26,899.91,435.57,88.66,246.59,0.6552,-1,-1,-1
561,20,1006.49,423.61,97.71,273.01,0.6978,-1,-1,-1
561,48,641.66,458.79,37.80,102.87,0.5440,-1,-1,-1
561,49,713.93,445.76,33.63,101.72,0.6255,-1,-1,-1
561,50,583.69,453.11,33.21,85.91,0.4893,-1,-1,-1
561,51,547.07,442.72,35.01,94.45,0.5230,-1,-1,-1
562,16,1587.75,404.87,263.39,669.57,0.8116,-1,-1,-1
562,25,1105.75,438.27,112.44,277.74,0.7008,-1,-1,-1
562,26,906.50,435.06,87.85,246.01,0.6979,-1,-1,-1
562,20,1006.92,419.64,100.26,276.65,0.6644,-1,-1,-1
562,48,641.64,458.56,37.47,102.65,0.5041,-1,-1,-1
562,49,715.20,448.25,33.02,99.07,0.5754,-1,-1,-1
562,50,583.52,452.48,33.50,87.06,0.4991,-1,-1,-1
562,51,547.65,441.15,35.54,96.06,0.4871,-1,-1,-1
563,16,1596.96,405.13,269.05,669.80,0.8046,-1,-1,-1
563,25,1109.93,439.57,111.31,275.14,0.6919,-1,-1,-1
563,26,909.29,434.21,88.23,248.66,0.7010,-1,-1,-1
563,20,1007.57,419.28,102.22,277.08,0.6618,-1,-1,-1
563,48,640.67,458.00,37.20,102.80,0.5257,-1,-1,-1
563,49,716.15,448.99,33.29,98.67,0.5300,-1,-1,-1
563,50,583.91,453.00,33.31,86.62,0.4495,-1,-1,-1
563,51,548.27,441.02,35.30,95.45,0.4631,-1,-1,-1
564,16,1606.28,402.70,274.49,669.45,0.8681,-1,-1,-1
564,25,1113.11,435.68,112.22,277.41,0.7000,-1,-1,-1
564,26,912.30,431.66,88.16,250.22,0.6331,-1,-1,-1
564,20,1010.49,425.43,101.35,269.90,0.6407,-1,-1,-1
564,48,640.64,457.40,37.24,103.59,0.4948,-1,-1,-1
564,49,716.78,448.97,33.41,98.39,0.5201,-1,-1,-1
564,50,584.49,454.29,32.39,84.19,0.3949,-1,-1,-1
564,51,548.44,441.58,34.99,94.58,0.3788,-1,-1,-1
565,16,1605.63,400.43,276.94,668.37,0.7043,-1,-1,-1
565,25,1116.66,433.21,112.58,279.06,0.6433,-1,-1,-1
565,26,917.04,433.15,85.94,245.86,0.6347,-1,-1,-1
565,20,1010.90,429.69,101.92,265.09,0.6365,-1,-1,-1
565,48,640.81,456.50,37.37,104.47,0.5472,-1,-1,-1
565,49,717.46,449.12,33.32,97.43,0.5560,-1,-1,-1
565,50,584.94,455.27,32.00,83.03,0.3999,-1,-1,-1
565,51,548.24,441.80,34.80,94.18,0.4273,-1,-1,-1
565,40,1752.65,392.26,196.77,669.86,0.6218,-1,-1,-1
566,16,1614.52,399.24,279.95,670.57,0.7352,-1,-1,-1
566,25,1121.46,433.06,112.72,281.31,0.5412,-1,-1,-1
566,26,926.89,432.06,85.07,242.68,0.5389,-1,-1,-1
566,20,1013.88,435.11,102.48,261.21,0.6645,-1,-1,-1
566,48,640.40,454.78,37.85,106.50,0.5223,-1,-1,-1
566,49,718.11,449.50,33.39,97.05,0.5434,-1,-1,-1
566,50,585.33,455.61,32.04,83.04,0.4359,-1,-1,-1
566,51,548.43,442.25,34.58,93.72,0.4304,-1,-1,-1
566,40,1762.24,391.85,186.24,665.07,0.6383,-1,-1,-1
567,16,1625.87,399.79,279.35,669.21,0.8360,-1,-1,-1
567,25,1122.57,431.50,113.21,283.45,0.6356,-1,-1,-1
567,26,931.77,430.33,84.90,242.46,0.5113,-1,-1,-1
567,20,1016.94,440.51,103.47,257.11,0.6879,-1,-1,-1
567,48,639.79,454.60,37.49,106.47,0.4866,-1,-1,-1
567,49,718.68,449.22,33.76,97.70,0.5409,-1,-1,-1
567,50,585.67,455.78,31.94,82.71,0.4656,-1,-1,-1
567,51,548.53,442.38,34.53,93.78,0.4389,-1,-1,-1
567,40,1772.22,396.74,173.58,645.82,0.6306,-1,-1,-1
568,16,1638.28,400.34,277.11,668.88,0.8227,-1,-1,-1
568,25,1127.43,430.61,112.38,282.42,0.6102,-1,-1,-1
568,26,938.27,431.51,83.68,241.37,0.5359,-1,-1,-1
568,20,1017.97,432.32,110.32,267.03,0.6905,-1,-1,-1
568,48,639.38,455.60,36.53,104.99,0.4814,-1,-1,-1
568,49,719.49,448.58,34.55,99.11,0.5148,-1,-1,-1
568,50,585.88,456.07,32.43,84.14,0.4905,-1,-1,-1
568,51,548.53,441.05,35.28,95.79,0.4368,-1,-1,-1
568,40,1776.92,401.63,168.46,652.60,0.6098,-1,-1,-1
569,16,1640.61,400.55,273.90,671.73,0.8118,-1,-1,-1
569,25,1131.15,431.32,111.81,281.26,0.5296,-1,-1,-1
569,26,942.19,434.71,81.21,234.27,0.6689,-1,-1,-1
569,20,1019.23,432.83,113.17,267.34,0.7158,-1,-1,-1
569,48,639.81,455.47,36.13,104.54,0.5251,-1,-1,-1
569,49,719.52,448.45,35.01,99.83,0.5254,-1,-1,-1
569,50,586.01,455.89,32.79,85.26,0.5302,-1,-1,-1
569,51,548.71,442.27,35.18,95.40,0.4213,-1,-1,-1
569,40,1779.89,408.18,161.91,647.58,0.4544,-1,-1,-1
570,16,1646.43,402.00,269.70,670.26,0.7783,-1,-1,-1
570,25,1137.38,433.32,112.19,280.18,0.6418,-1,-1,-1
570,26,944.56,434.74,81.34,234.20,0.7109,-1,-1,-1
570,20,1018.75,433.11,115.46,267.35,0.7111,-1,-1,-1
570,48,638.46,455.26,35.72,104.45,0.5122,-1,-1,-1
570,49,719.14,447.05,35.95,102.06,0.5572,-1,-1,-1
570,50,586.22,455.88,32.79,85.60,0.5241,-1,-1,-1
570,51,549.14,442.76,35.33,95.77,0.4404,-1,-1,-1
571,16,1657.08,401.60,268.56,671.41,0.8660,-1,-1,-1
571,25,1149.35,432.34,114.50,281.45,0.5983,-1,-1,-1
571,26,946.18,435.07,82.71,239.34,0.6899,-1,-1,-1
571,20,1018.63,428.32,118.21,270.88,0.7014,-1,-1,-1
571,48,636.91,456.24,35.14,104.23,0.4926,-1,-1,-1
571,49,719.05,445.96,36.52,102.76,0.6076,-1,-1,-1
571,50,586.37,455.90,32.79,85.95,0.5260,-1,-1,-1
571,51,550.55,447.34,34.09,91.75,0.4300,-1,-1,-1
572,16,1662.35,401.97,266.47,670.89,0.8702,-1,-1,-1
572,25,1153.55,433.07,116.68,281.78,0.7602,-1,-1,-1
572,26,947.88,435.73,82.65,239.83,0.6853,-1,-1,-1
572,20,1018.87,430.79,118.19,268.07,0.6873,-1,-1,-1
572,48,636.47,456.71,34.55,103.00,0.5211,-1,-1,-1
572,49,718.92,444.87,37.40,104.45,0.6255,-1,-1,-1
572,50,586.04,452.80,33.78,89.12,0.4950,-1,-1,-1
572,51,549.97,442.25,36.21,97.36,0.4581,-1,-1,-1
573,16,1666.68,402.42,263.75,668.93,0.8860,-1,-1,-1
573,25,1159.55,435.86,117.81,279.25,0.7012,-1,-1,-1
573,26,948.25,434.82,84.51,242.44,0.6388,-1,-1,-1
573,20,1020.13,430.51,117.88,265.99,0.6439,-1,-1,-1
573,48,635.18,456.76,34.04,102.62,0.5580,-1,-1,-1
573,49,719.35,445.12,37.77,104.80,0.5686,-1,-1,-1
573,50,585.19,453.34,33.59,88.92,0.4890,-1,-1,-1
573,51,551.15,449.20,33.96,90.83,0.4047,-1,-1,-1
574,16,1667.42,399.71,263.75,673.95,0.9004,-1,-1,-1
574,25,1161.57,437.46,119.67,278.04,0.7346,-1,-1,-1
574,26,958.14,434.87,88.29,247.66,0.6141,-1,-1,-1
574,20,1027.56,432.49,115.80,263.57,0.5430,-1,-1,-1
574,48,634.75,457.08,33.41,101.63,0.5468,-1,-1,-1
574,49,719.25,445.04,38.20,105.23,0.5536,-1,-1,-1
574,50,584.84,454.64,33.34,88.16,0.3413,-1,-1,-1
574,51,551.29,450.33,33.54,89.06,0.3877,-1,-1,-1
575,16,1668.07,398.23,262.78,676.20,0.9046,-1,-1,-1
575,25,1163.82,438.79,120.96,276.87,0.7003,-1,-1,-1
575,26,963.09,434.54,90.35,248.29,0.5751,-1,-1,-1
575,20,1030.88,427.75,116.27,268.53,0.5015,-1,-1,-1
575,48,634.13,456.31,33.32,102.22,0.5661,-1,-1,-1
575,49,719.12,445.32,38.27,104.78,0.5796,-1,-1,-1
575,50,584.68,454.30,33.56,88.68,0.4290,-1,-1,-1
575,51,551.25,450.20,33.51,88.66,0.3543,-1,-1,-1
576,16,1668.22,397.40,261.54,677.13,0.8990,-1,-1,-1
576,25,1165.36,438.11,122.63,277.51,0.7313,-1,-1,-1
576,26,965.84,434.18,92.51,248.31,0.6239,-1,-1,-1
576,20,1033.83,426.91,114.78,269.16,0.6160,-1,-1,-1
576,48,633.99,456.10,33.32,102.03,0.5207,-1,-1,-1
576,49,719.75,445.94,38.30,104.70,0.6061,-1,-1,-1
576,50,585.13,454.22,33.54,88.78,0.4261,-1,-1,-1
576,51,550.67,449.54,33.46,88.60,0.2933,-1,-1,-1
577,16,1668.50,398.40,259.98,676.69,0.9090,-1,-1,-1
577,25,1164.62,436.89,124.48,278.66,0.7444,-1,-1,-1
577,26,966.92,434.05,93.95,247.22,0.6654,-1,-1,-1
577,20,1037.98,424.46,113.01,270.69,0.6266,-1,-1,-1
577,48,632.96,453.58,34.25,105.24,0.5256,-1,-1,-1
577,49,720.09,446.88,38.20,104.32,0.5852,-1,-1,-1
577,50,584.96,453.09,34.06,90.34,0.3979,-1,-1,-1
577,51,550.64,447.16,34.59,91.28,0.2892,-1,-1,-1
578,16,1668.23,399.09,258.84,676.62,0.9062,-1,-1,-1
578,25,1163.40,434.50,125.76,280.39,0.7290,-1,-1,-1
578,26,965.21,438.61,91.25,237.50,0.7225,-1,-1,-1
578,20,1041.50,426.67,109.32,266.90,0.6184,-1,-1,-1
578,48,632.18,450.10,35.01,108.34,0.6221,-1,-1,-1
578,49,720.21,445.87,38.22,104.21,0.6297,-1,-1,-1
578,50,584.41,451.77,34.69,92.09,0.3750,-1,-1,-1
578,51,551.30,449.63,33.94,88.66,0.3216,-1,-1,-1
579,16,1668.41,400.36,257.63,676.06,0.8991,-1,-1,-1
579,25,1163.18,434.91,125.81,279.19,0.6914,-1,-1,-1
579,26,964.58,439.45,91.12,234.40,0.7530,-1,-1,-1
579,20,1045.92,431.64,105.68,262.87,0.6589,-1,-1,-1
579,48,631.37,448.47,35.29,110.01,0.5782,-1,-1,-1
579,49,720.61,446.77,38.24,104.20,0.5932,-1,-1,-1
579,50,582.92,449.28,34.72,93.04,0.3513,-1,-1,-1
579,51,550.09,444.97,35.81,93.15,0.3126,-1,-1,-1
580,16,1668.78,401.92,256.34,675.00,0.9084,-1,-1,-1
580,25,1163.17,440.13,125.00,275.07,0.7501,-1,-1,-1
580,26,964.13,437.46,92.86,236.75,0.7574,-1,-1,-1
580,20,1047.53,436.83,102.50,257.77,0.6679,-1,-1,-1
580,48,631.26,449.34,35.21,109.14,0.5583,-1,-1,-1
580,49,720.76,446.95,38.41,104.75,0.5719,-1,-1,-1
580,50,583.11,448.81,34.27,92.71,0.3529,-1,-1,-1
580,51,550.11,441.99,37.03,96.05,0.3505,-1,-1,-1
581,16,1669.08,402.45,255.45,674.83,0.9082,-1,-1,-1
581,25,1163.93,440.45,126.27,275.95,0.6988,-1,-1,-1
581,26,963.91,435.66,94.05,237.52,0.7612,-1,-1,-1
581,20,1051.49,438.78,101.26,256.18,0.6864,-1,-1,-1
581,48,631.72,452.66,34.38,105.57,0.5508,-1,-1,-1
581,49,721.08,447.18,38.25,104.24,0.5028,-1,-1,-1
581,50,583.61,447.51,35.13,95.40,0.3913,-1,-1,-1
581,51,549.56,436.96,39.18,101.36,0.3654,-1,-1,-1
582,16,1669.25,402.11,255.06,676.05,0.9087,-1,-1,-1
582,25,1176.95,439.65,124.27,275.48,0.6911,-1,-1,-1
582,26,964.89,435.76,95.62,236.84,0.7487,-1,-1,-1
582,20,1058.43,438.16,101.16,260.55,0.6228,-1,-1,-1
582,48,631.46,453.03,34.17,105.08,0.5112,-1,-1,-1
582,49,721.46,447.84,37.93,103.43,0.4972,-1,-1,-1
582,50,583.75,446.90,35.32,96.23,0.4204,-1,-1,-1
582,51,548.79,435.78,39.52,102.21,0.3791,-1,-1,-1
583,16,1669.67,399.49,255.10,679.01,0.9097,-1,-1,-1
583,25,1185.39,439.77,121.83,274.30,0.7224,-1,-1,-1
583,26,968.62,436.05,96.36,235.82,0.7284,-1,-1,-1
583,20,1066.07,434.54,99.77,263.60,0.6306,-1,-1,-1
583,48,631.26,453.64,33.96,104.44,0.4543,-1,-1,-1
583,49,721.62,446.65,38.12,103.63,0.5281,-1,-1,-1
583,50,584.01,447.95,34.90,95.32,0.4676,-1,-1,-1
583,51,549.47,438.25,38.51,99.50,0.4179,-1,-1,-1
584,16,1670.56,395.75,254.95,681.99,0.9116,-1,-1,-1
584,25,1192.29,440.64,118.61,271.91,0.7219,-1,-1,-1
584,26,971.11,436.77,97.31,235.95,0.7421,-1,-1,-1
584,20,1073.13,435.50,96.80,261.68,0.6622,-1,-1,-1
584,48,631.18,454.95,33.80,103.31,0.4317,-1,-1,-1
584,49,721.89,447.19,38.23,104.17,0.5301,-1,-1,-1
584,50,584.17,447.81,34.89,95.72,0.4721,-1,-1,-1
584,51,549.98,438.74,38.29,99.15,0.3975,-1,-1,-1
585,16,1671.86,394.60,253.97,682.79,0.8981,-1,-1,-1
585,25,1197.22,441.11,115.29,267.38,0.7487,-1,-1,-1
585,26,973.11,436.58,97.85,235.62,0.7611,-1,-1,-1
585,20,1078.39,438.94,93.35,257.20,0.6347,-1,-1,-1
585,48,629.21,452.08,34.85,105.89,0.3952,-1,-1,-1
585,49,722.66,447.15,37.96,103.47,0.5278,-1,-1,-1
585,50,584.76,447.99,34.53,95.12,0.4598,-1,-1,-1
585,51,550.20,438.65,38.37,99.31,0.4328,-1,-1,-1
586,16,1674.38,393.24,252.54,683.07,0.8962,-1,-1,-1
586,25,1204.37,438.23,115.76,272.16,0.7543,-1,-1,-1
586,26,977.85,440.52,97.00,233.23,0.7689,-1,-1,-1
586,20,1079.79,436.64,92.44,260.45,0.6900,-1,-1,-1
586,48,628.02,452.42,34.96,105.35,0.4276,-1,-1,-1
586,49,723.34,445.28,38.02,103.72,0.5444,-1,-1,-1
586,50,584.43,445.44,35.54,98.11,0.4496,-1,-1,-1
586,51,549.65,440.02,38.03,98.52,0.4360,-1,-1,-1
587,16,1676.73,390.09,251.57,685.51,0.8696,-1,-1,-1
587,25,1208.19,434.54,115.75,276.21,0.6133,-1,-1,-1
587,26,982.08,443.48,94.89,227.96,0.7384,-1,-1,-1
587,20,1080.96,429.97,92.86,267.35,0.7207,-1,-1,-1
587,48,626.86,452.30,35.35,105.51,0.4832,-1,-1,-1
587,49,723.81,444.40,38.27,104.71,0.5521,-1,-1,-1
587,50,584.21,444.64,35.71,98.66,0.4203,-1,-1,-1
587,51,549.70,441.06,37.80,98.11,0.4675,-1,-1,-1
588,16,1681.31,387.65,249.76,687.83,0.8556,-1,-1,-1
588,25,1209.04,434.53,115.24,277.67,0.7923,-1,-1,-1
588,26,986.90,445.50,92.80,223.85,0.7007,-1,-1,-1
588,20,1084.28,423.57,93.57,273.47,0.7357,-1,-1,-1
588,48,625.97,453.05,35.08,104.50,0.5081,-1,-1,-1
588,49,724.43,442.94,38.35,106.35,0.5565,-1,-1,-1
588,50,584.02,445.48,35.73,98.62,0.4148,-1,-1,-1
588,51,551.03,445.87,36.23,93.96,0.4327,-1,-1,-1
589,16,1687.69,390.28,245.27,683.63,0.7506,-1,-1,-1
589,25,1211.76,434.61,113.28,275.91,0.7782,-1,-1,-1
589,26,992.64,446.12,91.47,222.89,0.7049,-1,-1,-1
589,20,1089.11,420.57,94.17,276.31,0.7102,-1,-1,-1
589,48,625.05,452.03,35.44,105.63,0.5817,-1,-1,-1
589,49,724.26,443.27,38.23,106.27,0.5503,-1,-1,-1
589,50,583.86,446.66,35.90,98.68,0.3784,-1,-1,-1
589,51,551.31,447.07,36.13,93.49,0.4279,-1,-1,-1
590,16,1698.26,410.24,235.16,663.64,0.7422,-1,-1,-1
590,25,1214.69,433.88,112.58,277.04,0.7844,-1,-1,-1
590,26,999.97,446.99,89.56,221.40,0.7378,-1,-1,-1
590,20,1090.78,426.68,92.02,270.52,0.6569,-1,-1,-1
590,48,624.10,450.97,35.60,106.40,0.5152,-1,-1,-1
590,49,724.91,442.76,38.06,106.82,0.5678,-1,-1,-1
590,50,584.24,448.03,35.62,97.91,0.3171,-1,-1,-1
590,51,551.74,447.64,36.04,92.86,0.3681,-1,-1,-1
591,16,1718.16,461.56,214.46,612.84,0.5609,-1,-1,-1
591,25,1219.12,434.37,111.80,276.75,0.7447,-1,-1,-1
591,26,1005.57,444.75,88.97,222.69,0.7133,-1,-1,-1
591,20,1090.48,418.71,94.44,278.04,0.6515,-1,-1,-1
591,48,623.13,449.69,35.82,107.89,0.5367,-1,-1,-1
591,49,725.39,442.57,37.68,107.17,0.5753,-1,-1,-1
591,50,584.69,449.49,34.28,94.78,0.3405,-1,-1,-1
591,51,551.15,445.06,36.97,95.20,0.3394,-1,-1,-1
592,16,1736.27,490.23,199.94,582.66,0.6787,-1,-1,-1
592,25,1225.32,436.85,110.91,274.45,0.7289,-1,-1,-1
592,26,1008.06,443.92,87.72,222.10,0.7367,-1,-1,-1
592,20,1094.56,416.84,96.18,279.76,0.6756,-1,-1,-1
592,48,623.24,449.05,36.01,108.90,0.5156,-1,-1,-1
592,49,725.79,443.14,37.09,107.02,0.5668,-1,-1,-1
592,50,584.86,450.20,33.63,93.44,0.3124,-1,-1,-1
592,51,550.72,444.36,37.22,95.36,0.3230,-1,-1,-1
592,52,663.04,452.16,32.48,107.58,0.5616,-1,-1,-1
593,16,1752.43,500.25,190.89,573.01,0.3909,-1,-1,-1
593,25,1230.99,439.26,110.72,273.68,0.7524,-1,-1,-1
593,26,1010.04,439.84,88.48,226.27,0.6586,-1,-1,-1
593,20,1094.07,413.46,97.51,282.97,0.6912,-1,-1,-1
593,48,623.16,449.26,35.98,108.58,0.4957,-1,-1,-1
593,49,726.29,443.41,36.84,107.41,0.5411,-1,-1,-1
593,50,584.18,450.91,32.85,91.28,0.3167,-1,-1,-1
593,51,550.40,446.42,36.18,93.09,0.3099,-1,-1,-1
593,52,662.39,451.90,32.55,107.72,0.5483,-1,-1,-1
594,16,1774.68,520.53,177.70,557.25,0.3168,-1,-1,-1
594,25,1235.83,441.88,110.04,270.84,0.7830,-1,-1,-1
594,26,1014.96,436.71,88.24,229.01,0.6276,-1,-1,-1
594,20,1093.84,412.60,98.59,285.32,0.7000,-1,-1,-1
594,48,623.06,448.81,35.85,107.97,0.5039,-1,-1,-1
594,49,726.51,444.61,36.70,106.75,0.5131,-1,-1,-1
594,50,583.99,451.39,32.58,90.53,0.3227,-1,-1,-1
594,51,550.19,448.01,35.69,91.37,0.3513,-1,-1,-1
594,52,661.53,451.54,32.92,108.69,0.5311,-1,-1,-1
595,25,1240.08,439.21,111.04,273.30,0.8186,-1,-1,-1
595,26,1017.68,436.24,87.04,228.83,0.6711,-1,-1,-1
595,20,1095.78,413.70,98.14,283.21,0.7179,-1,-1,-1
595,48,623.17,449.22,35.67,106.85,0.5529,-1,-1,-1
595,49,727.13,444.11,36.26,106.71,0.5406,-1,-1,-1
595,50,582.48,451.08,32.84,90.49,0.2790,-1,-1,-1
595,51,550.58,451.54,34.26,88.05,0.2716,-1,-1,-1
595,52,661.64,452.42,32.86,108.21,0.4744,-1,-1,-1
596,25,1243.08,437.46,111.95,275.36,0.8099,-1,-1,-1
596,26,1020.81,440.14,84.79,224.73,0.7104,-1,-1,-1
596,20,1097.49,418.96,97.03,278.95,0.7370,-1,-1,-1
596,48,623.89,450.12,35.23,104.92,0.5696,-1,-1,-1
596,49,727.01,445.16,36.02,105.56,0.5618,-1,-1,-1
596,50,582.25,450.38,33.17,91.24,0.3121,-1,-1,-1
596,51,550.57,451.46,34.24,88.58,0.2988,-1,-1,-1
596,52,662.08,453.96,32.53,106.71,0.4557,-1,-1,-1
597,25,1245.07,437.65,112.18,275.71,0.8036,-1,-1,-1
597,26,1022.80,441.79,83.79,223.90,0.7388,-1,-1,-1
597,20,1098.66,422.10,96.14,275.95,0.7587,-1,-1,-1
597,48,624.10,451.72,34.69,103.26,0.5131,-1,-1,-1
597,49,726.77,445.11,36.52,106.48,0.6071,-1,-1,-1
597,50,582.46,451.57,32.68,89.98,0.2987,-1,-1,-1
597,51,550.87,452.39,34.16,87.82,0.3090,-1,-1,-1
597,52,662.33,454.11,32.83,106.61,0.4247,-1,-1,-1
597,53,1193.36,457.23,71.57,225.00,0.5307,-1,-1,-1
598,25,1247.75,437.70,111.94,275.59,0.8137,-1,-1,-1
598,26,1024.39,441.74,83.71,224.44,0.7390,-1,-1,-1
598,20,1100.81,427.41,94.58,270.26,0.7210,-1,-1,-1
598,48,624.24,453.15,34.07,101.77,0.4819,-1,-1,-1
598,49,726.66,445.41,37.02,107.41,0.5877,-1,-1,-1
598,50,583.46,451.69,32.43,89.33,0.3397,-1,-1,-1
598,51,550.43,450.72,34.66,89.23,0.3669,-1,-1,-1
598,52,661.30,455.87,32.54,104.82,0.4312,-1,-1,-1
598,53,1194.05,451.44,73.57,231.19,0.5214,-1,-1,-1
599,25,1250.55,437.27,111.45,275.83,0.7813,-1,-1,-1
599,26,1028.04,442.25,84.22,224.70,0.7388,-1,-1,-1
599,20,1103.61,430.58,93.37,265.61,0.6999,-1,-1,-1
599,48,624.53,454.25,33.75,100.86,0.4795,-1,-1,-1
599,49,726.94,445.91,36.78,106.53,0.5701,-1,-1,-1
599,50,583.88,452.62,32.92,90.33,0.3290,-1,-1,-1
599,51,550.51,449.59,34.87,90.39,0.3362,-1,-1,-1
599,52,660.86,455.18,33.26,105.63,0.4076,-1,-1,-1
599,53,1191.73,441.27,76.87,241.37,0.5721,-1,-1,-1
600,25,1253.46,437.21,110.71,275.83,0.8175,-1,-1,-1
600,26,1030.34,441.88,84.49,223.95,0.7547,-1,-1,-1
600,20,1107.52,431.07,92.64,263.56,0.7021,-1,-1,-1
600,48,624.63,454.98,33.67,100.84,0.5053,-1,-1,-1
600,49,726.50,444.68,37.24,108.09,0.5857,-1,-1,-1
600,50,584.04,456.01,31.41,85.69,0.3146,-1,-1,-1
600,51,551.54,451.79,34.45,88.43,0.3194,-1,-1,-1
600,52,660.17,455.72,33.54,105.10,0.3591,-1,-1,-1
600,53,1196.84,445.42,73.10,229.71,0.6017,-1,-1,-1
