2,1,1343.35,417.56,159.94,359.24,0.8313,-1,-1,-1
2,2,584.53,442.84,92.39,264.11,0.7656,-1,-1,-1
2,3,437.28,445.20,117.47,274.38,0.6901,-1,-1,-1
2,4,1451.64,437.48,147.45,331.59,0.6726,-1,-1,-1
2,5,731.51,457.35,36.36,110.15,0.5322,-1,-1,-1
2,6,916.26,432.27,60.24,154.61,0.3999,-1,-1,-1
3,1,1343.54,424.93,180.15,367.61,0.8358,-1,-1,-1
3,2,584.41,443.09,93.86,263.53,0.7561,-1,-1,-1
3,3,437.25,443.40,117.91,276.76,0.6979,-1,-1,-1
3,4,1470.42,442.52,136.14,325.97,0.7325,-1,-1,-1
3,5,731.14,460.81,37.01,106.19,0.5315,-1,-1,-1
3,6,915.81,432.71,61.12,153.82,0.4033,-1,-1,-1
4,1,1350.04,420.55,178.32,377.99,0.8240,-1,-1,-1
4,2,584.41,444.05,92.88,264.49,0.7670,-1,-1,-1
4,3,439.16,442.89,119.15,276.55,0.7436,-1,-1,-1
4,4,1480.42,432.10,123.15,335.22,0.7303,-1,-1,-1
4,5,732.34,458.77,36.59,109.85,0.5187,-1,-1,-1
4,6,916.59,431.83,60.84,154.23,0.4196,-1,-1,-1
5,1,1352.09,418.22,176.02,386.55,0.8483,-1,-1,-1
5,2,584.82,444.01,93.00,263.99,0.7658,-1,-1,-1
5,3,443.64,443.96,119.01,273.49,0.6899,-1,-1,-1
5,4,1485.88,428.04,114.89,339.95,0.7403,-1,-1,-1
5,5,732.82,458.77,35.53,109.40,0.5181,-1,-1,-1
5,6,915.95,431.07,61.39,154.59,0.4083,-1,-1,-1
6,1,1359.57,418.18,171.20,387.14,0.8471,-1,-1,-1
6,2,583.93,443.27,92.20,267.93,0.7617,-1,-1,-1
6,3,450.81,444.04,116.34,274.29,0.6951,-1,-1,-1
6,4,1495.41,426.07,107.56,342.60,0.7237,-1,-1,-1
6,5,733.53,456.96,34.03,110.48,0.5346,-1,-1,-1
6,6,915.77,430.44,62.09,156.24,0.4202,-1,-1,-1
7,1,1370.92,419.20,153.59,381.43,0.8559,-1,-1,-1
7,2,584.72,442.75,91.43,268.33,0.7671,-1,-1,-1
7,3,445.96,444.96,120.90,274.34,0.7308,-1,-1,-1
7,4,1499.83,432.77,103.18,337.40,0.7679,-1,-1,-1
7,5,733.47,457.94,33.83,109.82,0.5489,-1,-1,-1
7,6,914.74,430.71,61.76,155.86,0.3742,-1,-1,-1
8,1,1390.61,413.66,135.44,385.59,0.8056,-1,-1,-1
8,2,584.91,442.89,91.94,266.78,0.7823,-1,-1,-1
8,3,448.70,443.85,118.94,274.73,0.7468,-1,-1,-1
8,4,1504.85,420.12,100.03,350.68,0.7695,-1,-1,-1
8,5,733.44,456.84,34.61,109.60,0.5422,-1,-1,-1
8,6,914.95,427.92,60.88,158.26,0.3851,-1,-1,-1
9,1,1403.91,407.36,127.04,392.72,0.7453,-1,-1,-1
9,2,585.43,442.50,90.47,268.22,0.7793,-1,-1,-1
9,3,456.98,444.17,112.11,274.20,0.7434,-1,-1,-1
9,4,1511.88,422.51,95.35,347.01,0.7485,-1,-1,-1
9,5,732.95,457.10,35.48,111.33,0.5346,-1,-1,-1
9,7,699.21,451.28,36.25,134.39,0.3397,-1,-1,-1
10,1,1418.75,415.78,119.11,376.71,0.7915,-1,-1,-1
10,2,585.38,442.88,91.77,268.01,0.7823,-1,-1,-1
10,3,457.23,443.80,113.99,274.38,0.7179,-1,-1,-1
10,4,1503.09,417.46,116.46,357.14,0.6691,-1,-1,-1
10,5,732.46,457.60,36.42,109.44,0.5202,-1,-1,-1
10,7,699.69,452.96,35.80,138.09,0.3117,-1,-1,-1
11,1,1426.95,412.65,121.23,385.84,0.7691,-1,-1,-1
11,2,586.07,442.85,91.14,266.33,0.7705,-1,-1,-1
11,3,453.96,442.36,115.86,276.41,0.6894,-1,-1,-1
11,4,1532.65,420.13,93.26,347.09,0.7954,-1,-1,-1
11,5,732.43,459.12,37.60,110.77,0.5668,-1,-1,-1
12,1,1439.00,407.92,118.54,388.46,0.7273,-1,-1,-1
12,2,585.56,442.02,92.05,266.73,0.7667,-1,-1,-1
12,3,448.92,442.07,121.26,276.41,0.6674,-1,-1,-1
12,4,1539.06,419.85,93.99,353.11,0.7732,-1,-1,-1
12,5,731.19,456.02,38.38,113.74,0.6052,-1,-1,-1
13,1,1445.15,413.44,125.82,385.29,0.7015,-1,-1,-1
13,2,585.12,441.95,92.86,267.33,0.7539,-1,-1,-1
13,3,443.96,443.34,125.45,276.26,0.7038,-1,-1,-1
13,4,1538.21,421.73,109.95,358.69,0.7515,-1,-1,-1
13,5,730.39,456.37,38.79,118.35,0.5822,-1,-1,-1
14,1,1452.41,409.89,132.94,386.76,0.5769,-1,-1,-1
14,2,583.73,442.34,94.70,268.21,0.7504,-1,-1,-1
14,3,447.05,441.94,120.57,281.72,0.6394,-1,-1,-1
14,4,1534.81,416.10,144.30,373.63,0.6144,-1,-1,-1
14,5,729.94,456.63,39.63,118.86,0.5512,-1,-1,-1
15,1,1460.52,417.36,100.14,380.11,0.4908,-1,-1,-1
15,2,583.78,442.63,92.69,269.68,0.7700,-1,-1,-1
15,3,446.00,443.37,120.05,282.58,0.6578,-1,-1,-1
15,4,1535.52,424.80,177.67,373.81,0.5959,-1,-1,-1
15,5,730.53,452.08,39.74,125.17,0.6068,-1,-1,-1
15,6,915.87,426.70,59.62,159.69,0.3095,-1,-1,-1
16,1,1461.39,424.44,106.54,375.63,0.4018,-1,-1,-1
16,2,583.49,444.26,92.82,266.47,0.7683,-1,-1,-1
16,3,445.62,442.64,116.00,283.76,0.6511,-1,-1,-1
16,4,1550.02,421.35,184.35,383.36,0.6740,-1,-1,-1
16,5,731.04,453.98,37.43,122.94,0.4916,-1,-1,-1
16,10,1382.84,423.33,55.55,134.31,0.3843,-1,-1,-1
17,1,1454.40,420.87,140.87,381.74,0.3625,-1,-1,-1
17,2,583.43,446.15,92.99,267.13,0.7652,-1,-1,-1
17,3,446.44,442.73,115.27,284.66,0.6589,-1,-1,-1
17,4,1558.70,421.28,189.08,385.22,0.7724,-1,-1,-1
17,5,729.09,455.12,37.40,120.74,0.4490,-1,-1,-1
17,11,1255.19,435.14,35.37,109.09,0.3057,-1,-1,-1
18,1,1455.96,420.65,211.00,391.15,0.6832,-1,-1,-1
18,2,583.80,444.73,92.95,268.78,0.7898,-1,-1,-1
18,3,448.89,443.08,113.16,284.35,0.7161,-1,-1,-1
18,4,1575.57,429.06,175.61,380.65,0.7103,-1,-1,-1
18,5,727.77,457.52,37.77,118.12,0.4405,-1,-1,-1
18,11,1255.09,436.92,34.89,106.96,0.3850,-1,-1,-1
19,1,1457.29,412.17,164.54,391.19,0.4640,-1,-1,-1
19,2,584.49,445.09,94.72,269.58,0.7677,-1,-1,-1
19,3,450.97,445.40,112.32,284.20,0.7092,-1,-1,-1
19,4,1560.26,463.37,194.77,351.59,0.6827,-1,-1,-1
19,5,725.84,459.47,39.21,116.44,0.4066,-1,-1,-1
19,11,1254.55,435.87,35.21,107.98,0.4019,-1,-1,-1
20,1,1459.44,410.42,164.91,395.01,0.3684,-1,-1,-1
20,2,584.60,445.95,99.80,266.75,0.7783,-1,-1,-1
20,3,451.66,450.34,114.97,277.65,0.7097,-1,-1,-1
20,4,1595.72,458.75,180.69,343.86,0.6328,-1,-1,-1
20,5,725.23,453.91,40.00,119.62,0.4105,-1,-1,-1
20,11,1254.52,436.53,35.21,106.89,0.3275,-1,-1,-1
21,1,1459.52,413.30,252.39,406.98,0.7286,-1,-1,-1
21,2,584.88,443.79,102.76,269.67,0.7905,-1,-1,-1
21,3,452.61,447.64,112.39,278.77,0.6969,-1,-1,-1
21,4,1622.18,453.61,139.16,348.41,0.6553,-1,-1,-1
21,5,726.59,452.80,39.37,122.27,0.3840,-1,-1,-1
21,11,1252.26,439.59,35.79,101.70,0.3351,-1,-1,-1
22,1,1460.34,411.83,228.64,406.22,0.5296,-1,-1,-1
22,2,584.79,443.83,103.74,269.04,0.7777,-1,-1,-1
22,3,454.71,446.63,112.84,280.65,0.5988,-1,-1,-1
22,4,1630.76,427.26,148.23,371.01,0.7015,-1,-1,-1
22,5,721.50,460.01,45.09,113.34,0.3667,-1,-1,-1
22,11,1254.56,438.05,40.96,107.88,0.3680,-1,-1,-1
23,1,1469.71,410.86,179.79,391.67,0.4805,-1,-1,-1
23,2,583.38,443.71,105.88,268.87,0.7759,-1,-1,-1
23,3,464.38,445.86,108.67,281.89,0.6875,-1,-1,-1
23,4,1632.92,422.55,121.41,378.41,0.6267,-1,-1,-1
23,5,719.24,465.35,49.16,105.39,0.3625,-1,-1,-1
23,11,1250.82,440.26,37.54,102.95,0.3386,-1,-1,-1
24,1,1478.37,406.94,219.69,413.26,0.7030,-1,-1,-1
24,2,584.56,443.80,104.91,268.25,0.7548,-1,-1,-1
24,3,468.90,444.92,109.32,286.30,0.6836,-1,-1,-1
24,4,1644.61,418.84,119.96,379.32,0.6253,-1,-1,-1
24,5,722.01,461.04,48.69,108.00,0.4308,-1,-1,-1
25,1,1486.77,406.45,213.27,412.50,0.6348,-1,-1,-1
25,2,585.44,443.67,104.46,268.72,0.7430,-1,-1,-1
25,3,466.63,444.52,112.21,289.38,0.6333,-1,-1,-1
25,4,1657.03,416.21,122.76,386.34,0.6677,-1,-1,-1
25,5,719.73,462.77,49.69,104.26,0.4016,-1,-1,-1
25,11,1250.28,442.52,34.39,99.59,0.3039,-1,-1,-1
25,12,1421.42,457.73,61.61,100.08,0.3057,-1,-1,-1
26,1,1495.42,409.68,238.67,410.26,0.5970,-1,-1,-1
26,2,586.74,444.26,101.62,268.62,0.7238,-1,-1,-1
26,3,467.41,440.88,112.86,295.21,0.6586,-1,-1,-1
26,4,1661.27,421.37,113.15,379.84,0.6618,-1,-1,-1
26,5,720.10,463.37,50.14,104.29,0.4402,-1,-1,-1
26,11,1250.87,442.19,34.52,98.83,0.3015,-1,-1,-1
27,1,1514.09,411.44,214.45,411.07,0.5632,-1,-1,-1
27,2,588.57,443.36,99.23,270.37,0.7290,-1,-1,-1
27,3,468.84,444.00,112.46,289.04,0.6226,-1,-1,-1
27,4,1675.28,412.89,112.39,383.92,0.6655,-1,-1,-1
27,5,721.22,457.05,43.75,109.97,0.3559,-1,-1,-1
28,1,1536.15,403.33,170.55,426.00,0.5830,-1,-1,-1
28,2,593.01,443.35,97.13,270.86,0.7387,-1,-1,-1
28,3,472.11,441.53,110.27,292.89,0.6030,-1,-1,-1
28,4,1682.36,410.47,116.28,384.67,0.6566,-1,-1,-1
28,5,720.71,461.30,49.32,107.84,0.3628,-1,-1,-1
29,1,1551.94,393.08,160.44,435.85,0.7036,-1,-1,-1
29,2,594.39,443.60,96.72,270.52,0.7305,-1,-1,-1
29,3,474.48,442.08,109.90,291.53,0.5853,-1,-1,-1
29,4,1681.03,423.35,135.81,379.00,0.7144,-1,-1,-1
29,5,721.27,460.76,50.11,111.41,0.3503,-1,-1,-1
29,14,1427.87,435.87,53.54,122.15,0.5399,-1,-1,-1
30,1,1581.49,390.24,145.44,437.95,0.7467,-1,-1,-1
30,2,595.46,443.49,97.12,271.35,0.7479,-1,-1,-1
30,3,476.59,442.32,109.35,291.74,0.6444,-1,-1,-1
30,4,1672.92,430.17,166.60,371.09,0.6397,-1,-1,-1
30,5,722.74,458.20,44.17,114.68,0.3648,-1,-1,-1
30,14,1433.47,432.40,47.87,125.12,0.5942,-1,-1,-1
30,15,1083.89,447.96,52.90,146.70,0.3101,-1,-1,-1
31,1,1597.09,390.77,161.05,436.04,0.7353,-1,-1,-1
31,2,598.63,443.11,94.89,272.35,0.7511,-1,-1,-1
31,3,476.16,443.62,112.35,286.91,0.6511,-1,-1,-1
31,4,1699.82,416.05,198.35,391.47,0.6599,-1,-1,-1
31,5,721.76,457.44,43.81,118.86,0.4385,-1,-1,-1
31,14,1441.96,429.86,42.74,127.67,0.5751,-1,-1,-1
31,15,1080.04,451.42,53.63,143.81,0.3191,-1,-1,-1
32,1,1605.39,396.29,167.89,441.37,0.7909,-1,-1,-1
32,2,600.11,443.06,94.82,272.90,0.7619,-1,-1,-1
32,3,478.46,444.90,110.40,288.32,0.6380,-1,-1,-1
32,4,1724.12,417.57,182.95,390.01,0.7325,-1,-1,-1
32,5,721.14,459.37,42.06,119.68,0.4237,-1,-1,-1
32,14,1446.84,431.23,40.28,126.16,0.5304,-1,-1,-1
32,15,1081.26,451.66,53.48,143.62,0.3539,-1,-1,-1
33,1,1608.67,395.27,176.43,452.94,0.8077,-1,-1,-1
33,2,601.27,444.30,94.81,271.01,0.7666,-1,-1,-1
33,3,479.33,444.15,109.68,294.38,0.7036,-1,-1,-1
33,4,1735.17,413.40,182.13,398.81,0.6489,-1,-1,-1
33,5,719.65,458.76,42.55,118.90,0.3715,-1,-1,-1
33,14,1450.26,431.75,40.06,125.85,0.5779,-1,-1,-1
33,15,1079.23,451.82,54.21,144.07,0.3797,-1,-1,-1
34,1,1611.47,394.86,188.10,445.44,0.8033,-1,-1,-1
34,2,605.28,443.22,90.79,271.82,0.7622,-1,-1,-1
34,3,478.94,443.99,110.64,300.70,0.7295,-1,-1,-1
34,4,1740.96,454.31,182.29,366.20,0.3172,-1,-1,-1
34,5,717.58,456.46,42.30,120.80,0.3647,-1,-1,-1
34,14,1454.32,431.07,40.41,126.43,0.6021,-1,-1,-1
35,1,1618.91,393.26,200.56,455.52,0.8494,-1,-1,-1
35,2,605.55,444.11,91.45,270.83,0.7727,-1,-1,-1
35,3,477.66,443.78,111.75,300.45,0.7405,-1,-1,-1
35,4,1763.42,427.33,153.38,399.74,0.4109,-1,-1,-1
35,5,719.16,458.78,40.95,119.12,0.3464,-1,-1,-1
35,14,1455.47,432.37,39.64,124.32,0.5704,-1,-1,-1
36,1,1626.60,396.08,219.93,470.02,0.8186,-1,-1,-1
36,2,607.08,444.32,90.10,270.36,0.7727,-1,-1,-1
36,3,476.30,444.01,113.41,302.29,0.7073,-1,-1,-1
36,4,1764.54,414.87,152.82,406.14,0.5498,-1,-1,-1
36,5,715.88,456.51,43.50,119.95,0.3124,-1,-1,-1
36,14,1456.32,433.35,42.43,124.59,0.5763,-1,-1,-1
36,15,1078.84,450.28,51.72,145.61,0.3278,-1,-1,-1
37,1,1630.48,397.83,258.84,472.34,0.7919,-1,-1,-1
37,2,608.42,445.03,90.13,269.81,0.7701,-1,-1,-1
37,3,476.65,444.46,112.89,294.44,0.6661,-1,-1,-1
37,4,1773.84,419.72,144.09,400.55,0.6041,-1,-1,-1
37,5,716.96,453.88,42.70,123.31,0.3143,-1,-1,-1
37,14,1460.88,433.44,43.17,125.38,0.5473,-1,-1,-1
38,1,1629.12,403.02,254.80,472.28,0.8537,-1,-1,-1
38,2,608.43,443.93,90.82,271.43,0.7670,-1,-1,-1
38,3,477.07,444.60,114.71,288.68,0.6848,-1,-1,-1
38,5,712.86,453.39,45.22,129.38,0.3084,-1,-1,-1
38,11,1256.15,430.51,39.88,114.62,0.3234,-1,-1,-1
38,14,1462.22,432.00,44.33,126.20,0.6036,-1,-1,-1
39,1,1630.19,404.42,262.75,470.68,0.8708,-1,-1,-1
39,2,608.62,443.00,92.69,272.58,0.7798,-1,-1,-1
39,3,477.87,444.63,114.24,294.03,0.7065,-1,-1,-1
39,4,1812.13,429.74,105.39,376.07,0.5196,-1,-1,-1
39,11,1256.23,430.62,40.61,114.98,0.4197,-1,-1,-1
39,14,1463.21,431.79,45.92,125.62,0.5842,-1,-1,-1
40,1,1630.49,404.44,271.50,472.74,0.8623,-1,-1,-1
40,2,609.64,443.82,91.85,272.29,0.7745,-1,-1,-1
40,3,476.52,446.07,117.14,295.58,0.6819,-1,-1,-1
40,4,1818.80,423.01,100.48,388.76,0.5961,-1,-1,-1
40,11,1256.06,431.75,38.93,114.07,0.4412,-1,-1,-1
40,14,1465.20,433.19,47.71,123.51,0.5641,-1,-1,-1
41,1,1637.08,400.56,281.69,484.16,0.8655,-1,-1,-1
41,2,612.49,443.57,91.93,272.74,0.7916,-1,-1,-1
41,3,479.15,447.43,113.35,294.91,0.6836,-1,-1,-1
41,4,1831.69,397.06,87.52,419.35,0.6854,-1,-1,-1
41,5,703.28,451.69,52.18,127.91,0.3103,-1,-1,-1
41,11,1256.43,430.52,39.85,115.15,0.4799,-1,-1,-1
41,14,1464.58,434.41,52.14,120.97,0.5075,-1,-1,-1
42,1,1643.35,400.99,270.57,478.02,0.8417,-1,-1,-1
42,2,613.92,442.71,90.19,272.02,0.7989,-1,-1,-1
42,3,474.85,447.72,118.42,303.11,0.6607,-1,-1,-1
42,4,1841.80,391.16,77.59,427.24,0.6497,-1,-1,-1
42,11,1256.52,430.01,40.67,115.61,0.4901,-1,-1,-1
42,14,1467.35,434.75,50.70,120.87,0.5558,-1,-1,-1
42,15,1082.10,454.93,50.61,141.12,0.3295,-1,-1,-1
43,1,1654.94,403.77,261.14,479.23,0.8501,-1,-1,-1
43,2,615.50,443.52,89.76,271.52,0.7886,-1,-1,-1
43,3,467.13,445.50,123.72,308.32,0.6241,-1,-1,-1
43,4,1851.71,393.80,67.79,426.22,0.5920,-1,-1,-1
43,11,1257.03,426.39,42.25,118.73,0.4712,-1,-1,-1
43,14,1469.37,433.18,51.69,122.08,0.5799,-1,-1,-1
44,1,1667.03,392.71,245.51,485.82,0.8458,-1,-1,-1
44,2,615.14,443.72,91.08,271.19,0.7992,-1,-1,-1
44,3,468.61,446.21,124.18,314.08,0.6486,-1,-1,-1
44,4,1863.46,416.47,56.36,399.29,0.4901,-1,-1,-1
44,11,1256.82,426.91,41.78,118.84,0.4573,-1,-1,-1
44,14,1473.00,435.49,49.14,120.47,0.5326,-1,-1,-1
44,15,1082.79,450.57,49.53,147.41,0.3550,-1,-1,-1
45,1,1690.75,393.35,218.97,483.76,0.7946,-1,-1,-1
45,2,616.42,442.91,91.27,271.56,0.7777,-1,-1,-1
45,3,467.71,443.23,123.11,315.25,0.6357,-1,-1,-1
45,4,1869.43,424.15,50.02,391.56,0.3503,-1,-1,-1
45,11,1257.78,425.93,41.96,119.53,0.4573,-1,-1,-1
45,14,1479.16,433.61,41.40,121.52,0.4938,-1,-1,-1
45,15,1081.25,449.28,51.10,148.77,0.3824,-1,-1,-1
46,1,1715.20,391.78,201.90,487.04,0.6319,-1,-1,-1
46,2,616.96,442.10,94.24,272.77,0.7591,-1,-1,-1
46,3,465.90,445.12,126.59,318.58,0.6338,-1,-1,-1
46,4,1877.25,398.42,42.09,434.18,0.3963,-1,-1,-1
46,11,1258.49,423.98,42.03,121.49,0.4613,-1,-1,-1
46,14,1484.84,435.36,35.06,119.57,0.5208,-1,-1,-1
46,15,1081.39,448.77,50.60,148.13,0.3022,-1,-1,-1
47,1,1774.65,385.33,140.81,495.17,0.7059,-1,-1,-1
47,2,616.59,441.51,93.07,272.90,0.7759,-1,-1,-1
47,3,464.19,444.29,127.95,320.22,0.6297,-1,-1,-1
47,11,1258.70,424.27,43.18,121.01,0.4921,-1,-1,-1
47,14,1488.94,431.59,33.34,121.03,0.5143,-1,-1,-1
48,1,1776.10,386.12,142.24,489.84,0.7899,-1,-1,-1
48,2,618.45,441.16,93.77,272.49,0.7453,-1,-1,-1
48,3,470.12,443.61,120.97,318.34,0.6478,-1,-1,-1
48,11,1258.90,427.10,40.70,118.37,0.4474,-1,-1,-1
48,17,698.50,453.23,62.44,207.86,0.3822,-1,-1,-1
49,1,1797.15,385.34,121.95,491.93,0.8007,-1,-1,-1
49,2,618.77,441.36,94.41,271.78,0.7551,-1,-1,-1
49,3,471.78,444.38,118.97,317.32,0.6377,-1,-1,-1
49,11,1258.95,434.39,40.71,113.23,0.4593,-1,-1,-1
49,17,698.58,455.00,63.74,207.19,0.4384,-1,-1,-1
50,1,1809.59,385.77,110.20,497.20,0.8414,-1,-1,-1
50,2,617.68,441.81,99.38,272.29,0.7557,-1,-1,-1
50,3,463.55,443.52,125.90,315.91,0.6202,-1,-1,-1
50,11,1259.41,438.07,39.13,109.42,0.4423,-1,-1,-1
50,17,703.26,451.35,63.78,210.67,0.3771,-1,-1,-1
50,18,580.24,436.32,48.86,149.28,0.3445,-1,-1,-1
50,19,805.39,466.78,31.19,82.67,0.3112,-1,-1,-1
51,1,1816.52,383.86,102.48,498.65,0.8291,-1,-1,-1
51,2,618.47,441.47,100.09,272.38,0.7625,-1,-1,-1
51,3,451.18,443.23,138.53,314.41,0.6074,-1,-1,-1
51,11,1259.84,435.11,39.27,111.70,0.4812,-1,-1,-1
51,17,702.02,457.38,66.52,205.84,0.3362,-1,-1,-1
51,18,582.58,440.02,50.53,145.02,0.3439,-1,-1,-1
51,20,1500.40,438.57,42.58,116.08,0.4200,-1,-1,-1
52,1,1824.95,386.33,93.89,493.15,0.8109,-1,-1,-1
52,2,619.90,442.79,98.70,271.35,0.7491,-1,-1,-1
52,3,468.14,444.96,122.87,314.69,0.6583,-1,-1,-1
52,11,1259.65,432.31,38.19,113.24,0.4705,-1,-1,-1
52,15,1080.21,452.64,52.48,142.64,0.3608,-1,-1,-1
52,17,701.95,456.81,69.17,205.99,0.3014,-1,-1,-1
52,18,588.71,444.97,45.94,139.58,0.3522,-1,-1,-1
52,20,1500.98,436.99,46.26,118.43,0.4076,-1,-1,-1
53,1,1825.89,384.08,93.44,500.76,0.7787,-1,-1,-1
53,2,621.12,443.59,96.22,270.00,0.7479,-1,-1,-1
53,3,464.40,446.28,127.45,311.90,0.6521,-1,-1,-1
53,11,1259.65,430.38,40.67,115.41,0.5284,-1,-1,-1
53,17,693.85,454.59,70.08,207.00,0.4763,-1,-1,-1
53,18,590.94,449.24,44.39,135.33,0.3016,-1,-1,-1
53,20,1500.20,433.45,52.51,121.40,0.3675,-1,-1,-1
53,21,1524.29,434.30,36.97,118.47,0.3648,-1,-1,-1
54,1,1820.91,391.19,98.98,496.01,0.7337,-1,-1,-1
54,2,623.52,442.58,95.86,272.47,0.7377,-1,-1,-1
54,3,468.32,445.95,123.82,314.11,0.6934,-1,-1,-1
54,11,1259.47,430.28,40.23,115.17,0.5063,-1,-1,-1
54,17,693.67,452.85,79.91,208.68,0.3682,-1,-1,-1
54,21,1527.37,443.01,35.27,110.88,0.4731,-1,-1,-1
55,1,1822.17,421.38,97.95,466.62,0.7186,-1,-1,-1
55,2,623.46,441.94,92.08,273.14,0.7448,-1,-1,-1
55,3,470.66,444.96,120.47,315.29,0.7045,-1,-1,-1
55,11,1259.76,429.54,40.24,116.34,0.5005,-1,-1,-1
55,17,692.98,455.71,75.38,206.85,0.3818,-1,-1,-1
55,18,586.17,448.97,48.40,134.84,0.3505,-1,-1,-1
55,21,1530.06,437.15,36.80,114.99,0.4749,-1,-1,-1
56,1,1825.02,435.77,94.49,451.72,0.5919,-1,-1,-1
56,2,623.51,441.46,92.47,273.61,0.7329,-1,-1,-1
56,3,472.58,445.43,118.72,313.99,0.7116,-1,-1,-1
56,11,1260.09,426.33,40.44,118.93,0.5103,-1,-1,-1
56,15,1082.34,455.52,50.28,139.34,0.3269,-1,-1,-1
56,17,695.55,455.91,67.21,206.18,0.4708,-1,-1,-1
56,18,584.95,446.07,49.74,137.20,0.3661,-1,-1,-1
56,21,1531.54,441.99,34.76,110.72,0.4985,-1,-1,-1
57,1,1828.92,403.39,89.95,481.77,0.3788,-1,-1,-1
57,2,623.53,442.68,90.63,272.78,0.7314,-1,-1,-1
57,3,470.39,447.21,121.61,312.45,0.6682,-1,-1,-1
57,11,1260.16,432.10,40.01,113.46,0.5175,-1,-1,-1
57,17,694.99,455.64,68.75,209.52,0.5811,-1,-1,-1
57,18,583.29,441.71,47.97,142.85,0.4223,-1,-1,-1
57,21,1533.51,437.45,35.22,114.21,0.4886,-1,-1,-1
58,1,1829.44,433.37,90.45,454.27,0.3319,-1,-1,-1
58,2,625.76,443.86,93.47,271.30,0.7337,-1,-1,-1
58,3,473.96,445.31,118.64,312.22,0.6648,-1,-1,-1
58,11,1260.52,432.99,40.69,112.48,0.5224,-1,-1,-1
58,18,582.48,446.88,48.19,138.70,0.3945,-1,-1,-1
58,21,1533.69,435.49,33.69,116.48,0.4184,-1,-1,-1
59,2,626.22,442.88,92.76,272.00,0.7172,-1,-1,-1
59,3,474.93,443.17,119.66,316.87,0.7116,-1,-1,-1
59,11,1260.02,432.75,43.03,112.42,0.5377,-1,-1,-1
59,17,697.24,459.59,69.29,211.81,0.4736,-1,-1,-1
59,18,584.06,449.12,49.61,134.88,0.3648,-1,-1,-1
59,21,1537.00,434.27,32.57,118.80,0.3591,-1,-1,-1
60,2,625.31,443.26,93.10,274.95,0.7132,-1,-1,-1
60,3,472.82,441.38,127.95,319.37,0.7233,-1,-1,-1
60,11,1259.95,435.19,42.43,110.95,0.5482,-1,-1,-1
60,17,698.29,455.53,68.22,216.12,0.5750,-1,-1,-1
60,18,584.26,450.65,50.10,133.28,0.3243,-1,-1,-1
61,2,624.40,443.87,93.84,277.44,0.7075,-1,-1,-1
61,3,473.71,443.61,134.88,316.03,0.6856,-1,-1,-1
61,11,1259.90,428.21,42.17,117.15,0.5334,-1,-1,-1
61,15,1084.02,452.37,48.53,142.36,0.3025,-1,-1,-1
61,17,699.81,455.67,67.59,216.84,0.5448,-1,-1,-1
62,2,623.78,444.77,90.74,275.38,0.7224,-1,-1,-1
62,3,480.53,442.92,135.89,318.57,0.7249,-1,-1,-1
62,11,1259.62,430.33,40.85,115.16,0.5512,-1,-1,-1
62,17,699.17,453.90,67.10,218.77,0.6201,-1,-1,-1
63,2,620.23,443.74,93.70,280.20,0.7393,-1,-1,-1
63,3,479.52,440.35,139.24,320.10,0.7251,-1,-1,-1
63,11,1259.80,431.37,40.39,113.44,0.5324,-1,-1,-1
63,17,696.78,458.42,70.11,213.78,0.6620,-1,-1,-1
64,2,618.98,444.21,93.41,278.48,0.7432,-1,-1,-1
64,3,484.68,442.29,138.80,318.31,0.7205,-1,-1,-1
64,11,1259.35,434.00,40.19,110.29,0.5248,-1,-1,-1
64,17,697.12,451.97,69.38,221.30,0.6377,-1,-1,-1
65,2,619.25,447.46,92.34,276.13,0.7429,-1,-1,-1
65,3,496.19,445.79,131.64,315.81,0.7891,-1,-1,-1
65,11,1259.01,439.01,40.44,105.96,0.5287,-1,-1,-1
65,15,1086.26,436.23,47.62,157.67,0.3378,-1,-1,-1
65,17,696.08,449.77,68.84,226.38,0.6806,-1,-1,-1
66,2,620.53,448.13,90.76,275.62,0.7595,-1,-1,-1
66,3,495.51,447.57,139.69,316.92,0.7284,-1,-1,-1
66,11,1258.93,439.36,40.44,105.40,0.5299,-1,-1,-1
66,17,698.13,453.26,68.99,222.84,0.6783,-1,-1,-1
66,24,921.36,432.55,51.93,156.38,0.3083,-1,-1,-1
67,2,619.03,447.09,92.79,275.08,0.7469,-1,-1,-1
67,3,486.54,447.55,149.97,322.03,0.6449,-1,-1,-1
67,11,1260.20,441.41,38.53,102.97,0.5143,-1,-1,-1
67,17,698.27,453.88,71.29,223.39,0.6747,-1,-1,-1
68,2,615.76,446.17,96.66,275.40,0.7347,-1,-1,-1
68,3,486.76,448.89,152.18,317.55,0.6441,-1,-1,-1
68,11,1260.07,436.02,39.12,108.08,0.4908,-1,-1,-1
68,15,1086.16,436.17,47.99,159.27,0.3227,-1,-1,-1
68,17,699.77,455.62,71.26,219.98,0.6769,-1,-1,-1
68,25,1543.77,430.45,39.72,121.40,0.3741,-1,-1,-1
69,2,614.07,446.86,97.79,275.14,0.7571,-1,-1,-1
69,3,488.49,446.11,153.65,320.94,0.6178,-1,-1,-1
69,11,1259.85,436.73,39.20,107.68,0.5127,-1,-1,-1
69,17,697.54,456.62,72.67,220.54,0.6660,-1,-1,-1
69,25,1541.77,420.71,43.80,130.73,0.4737,-1,-1,-1
70,2,610.89,445.75,100.75,275.12,0.7602,-1,-1,-1
70,3,492.54,442.98,147.82,322.65,0.7277,-1,-1,-1
70,11,1259.63,437.87,39.23,106.71,0.5124,-1,-1,-1
70,17,698.25,457.85,71.66,219.92,0.6304,-1,-1,-1
70,25,1542.30,419.89,46.58,132.94,0.5866,-1,-1,-1
71,2,611.02,445.52,99.90,276.46,0.7686,-1,-1,-1
71,3,497.64,442.94,144.84,324.04,0.7339,-1,-1,-1
71,11,1259.63,437.12,39.24,107.34,0.5172,-1,-1,-1
71,17,698.65,458.99,68.05,219.62,0.5866,-1,-1,-1
71,25,1542.06,420.49,47.55,132.62,0.5760,-1,-1,-1
72,2,612.62,444.30,97.18,277.61,0.7655,-1,-1,-1
72,3,498.64,444.06,144.18,323.10,0.7412,-1,-1,-1
72,11,1259.89,430.00,39.99,113.95,0.5145,-1,-1,-1
72,17,699.14,458.43,70.45,221.18,0.5837,-1,-1,-1
72,25,1542.54,420.64,46.01,132.06,0.5699,-1,-1,-1
73,2,615.84,443.48,95.07,278.34,0.7676,-1,-1,-1
73,3,503.09,444.82,139.77,323.24,0.7758,-1,-1,-1
73,11,1259.83,430.87,40.43,113.36,0.5074,-1,-1,-1
73,17,700.60,458.25,71.09,220.21,0.5996,-1,-1,-1
73,24,919.53,429.63,54.38,157.66,0.3381,-1,-1,-1
73,25,1545.83,419.17,43.56,132.88,0.5323,-1,-1,-1
74,2,619.50,442.45,91.05,280.94,0.7757,-1,-1,-1
74,3,507.17,444.16,138.60,327.24,0.7379,-1,-1,-1
74,11,1260.44,428.37,40.49,116.20,0.5172,-1,-1,-1
74,15,1076.89,441.57,53.42,153.54,0.3236,-1,-1,-1
74,17,702.21,454.60,76.52,222.49,0.5739,-1,-1,-1
75,2,620.62,440.22,87.85,283.33,0.7706,-1,-1,-1
75,3,506.69,441.93,138.41,326.08,0.7339,-1,-1,-1
75,11,1259.46,428.28,41.12,117.02,0.5276,-1,-1,-1
75,15,1079.10,439.35,53.22,156.87,0.3294,-1,-1,-1
75,17,702.50,454.48,76.22,221.51,0.6329,-1,-1,-1
76,2,622.53,441.69,86.46,281.65,0.7708,-1,-1,-1
76,3,513.93,446.65,129.02,319.44,0.7659,-1,-1,-1
76,11,1259.75,427.82,41.40,116.98,0.5213,-1,-1,-1
76,15,1076.07,440.72,54.07,154.30,0.3032,-1,-1,-1
76,17,702.27,450.86,80.60,225.45,0.6644,-1,-1,-1
77,2,622.65,441.15,84.71,284.36,0.7672,-1,-1,-1
77,3,518.63,447.09,124.97,319.49,0.7638,-1,-1,-1
77,11,1259.85,427.81,41.26,116.95,0.5267,-1,-1,-1
77,17,701.20,446.81,84.19,229.47,0.6311,-1,-1,-1
78,2,628.24,441.62,80.33,280.72,0.7763,-1,-1,-1
78,3,515.78,445.22,127.26,322.09,0.7205,-1,-1,-1
78,11,1260.62,443.00,40.41,102.53,0.4773,-1,-1,-1
78,17,702.46,453.06,87.45,224.53,0.6610,-1,-1,-1
79,2,629.86,440.38,78.28,282.30,0.7683,-1,-1,-1
79,3,514.43,446.21,128.15,322.79,0.5523,-1,-1,-1
79,11,1261.01,439.09,40.43,104.98,0.4630,-1,-1,-1
79,17,704.33,457.74,93.03,219.33,0.6625,-1,-1,-1
80,2,630.19,439.44,80.05,284.24,0.7412,-1,-1,-1
80,3,508.74,445.75,136.65,325.37,0.5070,-1,-1,-1
80,11,1260.96,436.55,40.95,107.62,0.4883,-1,-1,-1
80,17,707.32,458.48,96.63,219.23,0.7267,-1,-1,-1
81,2,631.63,436.40,81.55,289.19,0.7146,-1,-1,-1
81,3,506.46,445.59,140.07,328.51,0.4905,-1,-1,-1
81,11,1260.99,434.52,41.10,109.61,0.4970,-1,-1,-1
81,17,708.14,458.55,99.36,220.24,0.7116,-1,-1,-1
82,2,632.31,439.46,79.87,288.26,0.6814,-1,-1,-1
82,3,556.03,447.61,88.77,332.01,0.5208,-1,-1,-1
82,11,1260.91,439.64,40.74,105.52,0.5000,-1,-1,-1
82,17,708.21,458.62,105.07,220.63,0.7306,-1,-1,-1
82,26,488.29,447.69,51.66,131.98,0.3795,-1,-1,-1
83,2,633.34,441.45,81.09,287.94,0.6484,-1,-1,-1
83,3,563.88,444.70,82.73,336.15,0.4476,-1,-1,-1
83,11,1261.90,434.16,41.19,110.33,0.4573,-1,-1,-1
83,15,1080.74,443.39,53.62,153.43,0.3024,-1,-1,-1
83,17,711.13,458.05,104.38,222.81,0.7128,-1,-1,-1
83,26,489.56,447.95,49.88,127.55,0.3089,-1,-1,-1
83,27,501.88,451.06,100.22,302.81,0.5310,-1,-1,-1
84,2,632.37,442.66,87.96,288.05,0.5866,-1,-1,-1
84,3,565.83,442.16,83.43,339.56,0.5377,-1,-1,-1
84,11,1262.32,435.62,40.32,109.57,0.4270,-1,-1,-1
84,17,711.83,460.61,108.21,220.67,0.7028,-1,-1,-1
84,26,487.65,449.10,50.67,131.60,0.3263,-1,-1,-1
84,27,506.83,450.95,94.59,291.44,0.4673,-1,-1,-1
85,2,631.78,444.35,87.61,287.79,0.5711,-1,-1,-1
85,3,556.05,438.63,92.75,346.36,0.4759,-1,-1,-1
85,11,1262.96,440.19,39.84,105.07,0.3931,-1,-1,-1
85,15,1079.03,456.12,52.44,140.86,0.3130,-1,-1,-1
85,17,718.82,458.05,101.25,224.56,0.7238,-1,-1,-1
85,26,486.99,448.12,53.15,133.67,0.3928,-1,-1,-1
85,27,510.46,452.57,92.83,299.71,0.4013,-1,-1,-1
86,2,632.19,444.27,93.79,288.36,0.5456,-1,-1,-1
86,3,551.59,440.53,93.67,343.48,0.3968,-1,-1,-1
86,11,1263.53,440.35,39.24,104.15,0.4200,-1,-1,-1
86,17,720.20,456.42,99.93,225.94,0.7347,-1,-1,-1
86,26,488.80,449.26,52.19,135.01,0.4018,-1,-1,-1
86,27,515.50,452.69,91.84,304.97,0.4522,-1,-1,-1
87,2,634.99,443.54,89.36,288.42,0.5310,-1,-1,-1
87,3,549.79,441.09,97.49,342.75,0.4050,-1,-1,-1
87,11,1262.86,432.31,39.10,110.86,0.4075,-1,-1,-1
87,17,720.38,455.85,100.76,225.33,0.7198,-1,-1,-1
87,24,920.38,428.29,54.09,160.75,0.3110,-1,-1,-1
87,26,488.27,450.89,50.55,133.89,0.3494,-1,-1,-1
87,27,514.47,452.63,94.54,308.12,0.4478,-1,-1,-1
88,2,636.37,446.94,94.37,285.72,0.5827,-1,-1,-1
88,3,555.51,441.16,94.27,342.06,0.4498,-1,-1,-1
88,11,1262.69,430.35,40.14,113.53,0.4245,-1,-1,-1
88,17,724.03,453.44,97.41,228.39,0.6862,-1,-1,-1
88,27,513.44,450.91,95.62,307.97,0.4861,-1,-1,-1
88,30,590.43,449.79,72.69,279.71,0.3929,-1,-1,-1
89,2,639.17,449.68,93.74,283.63,0.5881,-1,-1,-1
89,11,1262.42,431.28,40.92,113.47,0.4326,-1,-1,-1
89,17,724.61,451.15,98.35,231.01,0.7351,-1,-1,-1
89,27,509.41,450.16,96.59,306.44,0.5514,-1,-1,-1
89,30,588.38,450.41,74.25,279.93,0.4552,-1,-1,-1
90,2,642.89,445.50,88.65,286.67,0.6022,-1,-1,-1
90,3,563.47,438.96,85.76,344.91,0.3946,-1,-1,-1
90,11,1261.72,435.98,41.43,108.72,0.4309,-1,-1,-1
90,17,729.15,451.74,94.48,230.56,0.7265,-1,-1,-1
90,24,914.87,425.47,60.52,161.60,0.3176,-1,-1,-1
90,27,515.08,448.74,95.92,305.59,0.5634,-1,-1,-1
90,30,591.86,449.10,72.27,281.14,0.4331,-1,-1,-1
91,2,643.95,441.64,92.02,292.46,0.6814,-1,-1,-1
91,11,1261.26,438.14,38.23,107.96,0.3939,-1,-1,-1
91,17,732.39,454.37,91.67,228.04,0.6912,-1,-1,-1
91,27,512.24,449.02,98.22,298.86,0.6319,-1,-1,-1
91,30,582.63,446.60,81.92,284.95,0.5621,-1,-1,-1
91,31,1074.15,462.88,57.10,132.51,0.3910,-1,-1,-1
92,2,641.75,437.77,95.68,296.53,0.6772,-1,-1,-1
92,11,1260.28,436.51,39.87,109.05,0.4563,-1,-1,-1
92,17,732.55,454.37,93.16,227.51,0.6874,-1,-1,-1
92,27,511.07,448.08,98.98,302.03,0.6139,-1,-1,-1
92,30,582.82,445.47,82.03,286.43,0.4986,-1,-1,-1
92,31,1076.88,457.49,54.18,136.22,0.3438,-1,-1,-1
93,2,640.74,438.40,97.31,296.22,0.6733,-1,-1,-1
93,11,1260.28,435.83,39.85,109.69,0.4624,-1,-1,-1
93,17,735.58,457.75,91.50,223.81,0.7076,-1,-1,-1
93,27,511.64,447.90,99.15,302.83,0.6227,-1,-1,-1
93,30,584.55,445.73,80.24,286.17,0.4922,-1,-1,-1
93,31,1076.95,458.30,54.80,136.67,0.4071,-1,-1,-1
94,2,643.90,440.05,93.90,297.40,0.7237,-1,-1,-1
94,3,565.35,434.42,84.17,363.10,0.4398,-1,-1,-1
94,11,1260.25,437.22,40.16,108.66,0.4625,-1,-1,-1
94,17,738.31,454.11,90.97,227.39,0.7048,-1,-1,-1
94,27,516.63,448.81,93.56,302.71,0.5699,-1,-1,-1
94,30,591.00,446.55,72.91,287.27,0.4786,-1,-1,-1
94,31,1075.72,463.94,54.69,131.61,0.3343,-1,-1,-1
95,2,642.83,440.30,98.31,297.76,0.7413,-1,-1,-1
95,3,558.88,433.46,89.99,365.87,0.4046,-1,-1,-1
95,11,1258.17,435.51,42.40,110.55,0.5238,-1,-1,-1
95,17,740.40,452.15,89.57,230.78,0.6683,-1,-1,-1
95,27,512.17,448.21,97.55,302.13,0.5600,-1,-1,-1
95,30,587.36,446.22,77.55,282.61,0.4523,-1,-1,-1
96,2,641.91,441.49,98.43,296.71,0.7595,-1,-1,-1
96,3,546.83,439.96,110.15,360.71,0.3816,-1,-1,-1
96,11,1258.06,434.92,41.61,111.49,0.4772,-1,-1,-1
96,17,745.04,455.20,86.74,228.14,0.6825,-1,-1,-1
96,27,509.09,446.82,98.35,303.99,0.5007,-1,-1,-1
96,30,586.94,446.34,78.55,279.89,0.4054,-1,-1,-1
97,2,644.77,441.64,97.59,296.20,0.7520,-1,-1,-1
97,3,528.67,445.29,130.12,346.87,0.3685,-1,-1,-1
97,11,1258.14,432.81,41.04,112.99,0.4491,-1,-1,-1
97,17,747.59,456.48,87.85,229.19,0.6975,-1,-1,-1
97,27,508.56,446.49,99.48,303.59,0.5032,-1,-1,-1
97,30,585.89,446.53,78.63,280.87,0.3891,-1,-1,-1
98,2,646.44,442.79,98.79,295.47,0.7792,-1,-1,-1
98,3,551.66,441.38,113.66,357.00,0.5219,-1,-1,-1
98,11,1257.33,438.14,42.48,108.75,0.5486,-1,-1,-1
98,17,751.73,458.17,87.62,228.19,0.7152,-1,-1,-1
98,27,505.31,446.68,101.05,304.81,0.5049,-1,-1,-1
99,2,647.30,442.72,99.43,295.49,0.7606,-1,-1,-1
99,3,562.79,443.26,103.11,356.17,0.5669,-1,-1,-1
99,11,1257.89,440.43,40.69,106.21,0.5311,-1,-1,-1
99,17,750.47,456.20,90.11,230.02,0.7761,-1,-1,-1
99,27,500.23,444.09,107.04,305.15,0.5339,-1,-1,-1
100,2,648.17,441.91,101.45,297.08,0.6840,-1,-1,-1
100,3,571.02,444.27,96.56,353.48,0.5904,-1,-1,-1
100,11,1257.85,441.71,40.22,105.12,0.5535,-1,-1,-1
100,17,753.40,453.41,86.05,232.53,0.7635,-1,-1,-1
100,27,496.84,439.85,105.14,303.94,0.5654,-1,-1,-1
101,2,647.85,442.67,105.57,296.63,0.7108,-1,-1,-1
101,3,560.92,442.22,108.60,358.70,0.6094,-1,-1,-1
101,11,1257.75,441.75,39.38,104.86,0.5546,-1,-1,-1
101,17,754.62,456.17,84.84,232.11,0.7579,-1,-1,-1
101,27,495.95,443.12,109.74,305.43,0.5476,-1,-1,-1
102,2,650.53,441.48,102.45,293.21,0.7176,-1,-1,-1
102,3,565.79,444.17,103.39,357.78,0.6214,-1,-1,-1
102,11,1256.66,440.49,36.80,106.35,0.5570,-1,-1,-1
102,17,753.63,457.02,89.00,230.41,0.7433,-1,-1,-1
102,27,498.19,440.98,101.56,305.47,0.5780,-1,-1,-1
103,2,651.07,440.43,106.33,294.44,0.7067,-1,-1,-1
103,3,566.71,444.30,105.40,357.79,0.5751,-1,-1,-1
103,11,1258.55,443.18,37.31,103.68,0.4840,-1,-1,-1
103,17,753.51,457.16,87.74,227.54,0.7246,-1,-1,-1
103,27,499.19,444.31,99.72,301.54,0.5501,-1,-1,-1
104,2,654.62,440.43,104.93,296.04,0.7207,-1,-1,-1
104,3,546.23,439.08,126.99,362.82,0.6641,-1,-1,-1
104,11,1256.50,442.36,36.41,105.07,0.4853,-1,-1,-1
104,17,755.19,458.08,87.30,229.66,0.7326,-1,-1,-1
104,27,499.45,445.87,107.76,305.73,0.3812,-1,-1,-1
105,2,655.91,439.82,105.36,297.95,0.7537,-1,-1,-1
105,3,535.67,436.53,138.62,363.83,0.7286,-1,-1,-1
105,11,1256.89,442.78,36.78,104.67,0.4586,-1,-1,-1
105,17,759.59,460.05,84.80,232.70,0.7589,-1,-1,-1
106,2,657.06,441.86,105.69,294.41,0.7511,-1,-1,-1
106,3,533.59,438.40,142.02,363.04,0.6724,-1,-1,-1
106,11,1255.23,442.10,38.91,106.13,0.4402,-1,-1,-1
106,17,759.99,458.74,85.46,234.45,0.7376,-1,-1,-1
107,2,658.12,441.27,109.88,295.11,0.7627,-1,-1,-1
107,3,533.84,438.84,144.55,361.97,0.6664,-1,-1,-1
107,11,1255.76,445.08,32.73,101.31,0.3549,-1,-1,-1
107,17,761.76,459.71,85.14,235.75,0.7348,-1,-1,-1
108,2,660.25,438.38,105.68,296.70,0.7569,-1,-1,-1
108,3,539.70,437.02,140.81,366.83,0.6895,-1,-1,-1
108,17,760.15,454.08,88.42,244.67,0.7147,-1,-1,-1
109,2,660.63,438.30,108.58,298.96,0.7368,-1,-1,-1
109,3,541.29,437.15,143.29,367.58,0.6967,-1,-1,-1
109,17,761.69,454.90,87.94,243.84,0.6722,-1,-1,-1
110,2,662.26,437.78,103.53,302.16,0.7534,-1,-1,-1
110,3,541.43,438.30,144.50,367.03,0.6860,-1,-1,-1
110,17,760.06,457.47,89.73,241.61,0.7076,-1,-1,-1
111,2,662.68,438.08,106.96,306.79,0.7663,-1,-1,-1
111,3,540.99,441.29,148.50,366.25,0.6626,-1,-1,-1
111,11,1246.81,439.36,34.40,106.01,0.4356,-1,-1,-1
111,17,760.37,455.39,88.79,242.91,0.7134,-1,-1,-1
111,27,503.45,446.86,91.86,300.37,0.3627,-1,-1,-1
112,2,666.29,438.04,104.45,307.00,0.7777,-1,-1,-1
112,3,541.29,436.57,146.05,368.63,0.6822,-1,-1,-1
112,11,1244.16,439.48,37.44,106.71,0.4787,-1,-1,-1
112,17,761.25,451.52,87.88,247.91,0.7238,-1,-1,-1
113,2,666.95,438.06,106.02,313.90,0.7861,-1,-1,-1
113,3,550.35,435.56,136.57,370.48,0.6970,-1,-1,-1
113,11,1244.84,440.66,35.89,105.65,0.4759,-1,-1,-1
113,15,1075.97,441.45,56.94,155.61,0.3533,-1,-1,-1
113,17,763.84,451.26,86.49,247.75,0.7145,-1,-1,-1
114,2,668.82,439.57,102.20,315.38,0.7899,-1,-1,-1
114,3,537.45,434.14,151.44,371.72,0.6817,-1,-1,-1
114,11,1243.28,441.01,36.64,104.26,0.5743,-1,-1,-1
114,15,1078.00,440.76,55.83,155.47,0.3853,-1,-1,-1
114,17,764.61,454.09,87.92,244.29,0.7038,-1,-1,-1
115,2,669.73,438.96,100.62,313.46,0.7876,-1,-1,-1
115,3,566.13,436.24,122.34,370.12,0.6534,-1,-1,-1
115,11,1241.84,440.84,37.03,102.73,0.5540,-1,-1,-1
115,15,1081.67,439.69,54.33,155.30,0.3433,-1,-1,-1
115,17,766.71,455.12,89.24,243.54,0.6930,-1,-1,-1
116,2,672.85,438.87,96.74,310.81,0.7857,-1,-1,-1
116,3,560.29,435.45,128.81,372.38,0.6312,-1,-1,-1
116,11,1240.62,441.41,37.65,102.08,0.5973,-1,-1,-1
116,15,1083.17,442.35,52.66,153.29,0.4029,-1,-1,-1
116,17,767.51,450.97,88.73,248.11,0.6743,-1,-1,-1
117,2,672.31,440.46,98.83,311.20,0.7957,-1,-1,-1
117,3,545.27,434.31,143.40,372.99,0.6800,-1,-1,-1
117,11,1241.99,441.48,35.31,100.65,0.5698,-1,-1,-1
117,15,1082.42,443.24,52.80,151.08,0.4225,-1,-1,-1
117,17,771.00,452.35,85.90,246.15,0.6473,-1,-1,-1
118,2,674.99,440.27,93.42,314.12,0.7995,-1,-1,-1
118,3,539.76,435.77,148.49,378.13,0.6853,-1,-1,-1
118,11,1241.35,442.56,35.85,99.50,0.5427,-1,-1,-1
118,15,1082.33,440.59,53.85,154.74,0.4554,-1,-1,-1
118,17,769.31,455.44,81.91,243.83,0.6584,-1,-1,-1
119,2,674.96,440.81,94.66,319.46,0.8141,-1,-1,-1
119,3,521.53,441.55,169.57,379.58,0.7319,-1,-1,-1
119,11,1239.41,442.97,37.21,97.45,0.5295,-1,-1,-1
119,15,1082.95,444.05,53.39,150.84,0.4186,-1,-1,-1
119,17,768.35,451.58,91.51,245.57,0.7127,-1,-1,-1
120,2,677.57,441.63,94.60,319.66,0.8120,-1,-1,-1
120,3,522.69,444.00,169.20,377.94,0.7667,-1,-1,-1
120,11,1237.78,443.21,37.41,100.79,0.5371,-1,-1,-1
120,15,1082.27,444.93,52.87,150.06,0.3525,-1,-1,-1
120,17,770.25,451.82,93.68,247.27,0.7124,-1,-1,-1
121,2,678.58,441.14,93.91,320.63,0.8157,-1,-1,-1
121,3,520.90,445.34,174.33,378.17,0.7730,-1,-1,-1
121,11,1239.31,443.29,33.77,101.45,0.4970,-1,-1,-1
121,15,1082.82,445.99,52.70,149.41,0.3513,-1,-1,-1
121,17,767.88,454.20,101.21,245.19,0.6841,-1,-1,-1
122,2,680.75,439.92,96.38,320.20,0.8005,-1,-1,-1
122,3,523.87,446.29,173.92,380.63,0.8126,-1,-1,-1
122,11,1236.52,446.37,34.13,99.73,0.4612,-1,-1,-1
122,15,1083.98,450.36,51.51,145.03,0.3730,-1,-1,-1
122,17,775.92,452.62,104.48,248.67,0.5888,-1,-1,-1
123,2,683.39,439.12,93.38,323.15,0.8127,-1,-1,-1
123,3,527.10,442.42,172.95,388.12,0.8010,-1,-1,-1
123,11,1235.82,452.59,35.57,95.09,0.5373,-1,-1,-1
123,15,1084.49,448.51,50.33,146.14,0.3629,-1,-1,-1
123,17,773.25,458.63,110.20,243.37,0.7214,-1,-1,-1
124,2,684.73,438.15,92.74,325.68,0.8053,-1,-1,-1
124,3,528.53,442.04,173.08,393.09,0.6876,-1,-1,-1
124,11,1235.40,454.82,35.82,92.59,0.5575,-1,-1,-1
124,15,1086.01,449.14,49.11,144.69,0.3515,-1,-1,-1
124,17,774.56,457.10,110.02,245.41,0.7236,-1,-1,-1
125,2,684.84,437.45,92.38,327.30,0.8170,-1,-1,-1
125,3,527.39,441.85,176.58,391.20,0.7677,-1,-1,-1
125,11,1233.21,454.64,36.49,94.21,0.5475,-1,-1,-1
125,15,1082.08,455.30,50.79,139.19,0.3691,-1,-1,-1
125,17,780.23,460.62,107.19,243.37,0.7425,-1,-1,-1
126,2,685.09,437.80,95.46,326.86,0.8111,-1,-1,-1
126,3,554.66,441.95,144.11,390.58,0.6423,-1,-1,-1
126,11,1229.64,452.47,39.08,96.84,0.5450,-1,-1,-1
126,15,1081.88,457.48,48.84,136.96,0.3073,-1,-1,-1
126,17,780.71,456.74,103.19,247.24,0.7282,-1,-1,-1
127,2,683.96,438.22,98.04,327.95,0.8122,-1,-1,-1
127,3,550.75,440.15,150.39,392.26,0.6704,-1,-1,-1
127,11,1226.84,451.74,41.84,98.63,0.5223,-1,-1,-1
127,15,1080.77,458.66,50.35,135.92,0.3095,-1,-1,-1
127,17,782.72,456.42,100.76,248.89,0.7183,-1,-1,-1
128,2,684.27,437.67,103.38,328.80,0.8132,-1,-1,-1
128,3,559.74,440.54,145.57,391.49,0.6721,-1,-1,-1
128,11,1224.99,454.88,43.07,98.46,0.5056,-1,-1,-1
128,15,1079.17,459.27,53.70,135.55,0.3465,-1,-1,-1
128,17,783.13,463.43,99.81,241.16,0.6857,-1,-1,-1
129,2,682.25,437.81,104.47,328.13,0.8329,-1,-1,-1
129,3,557.65,441.77,150.76,390.19,0.6805,-1,-1,-1
129,11,1222.42,464.32,45.46,91.25,0.4230,-1,-1,-1
129,15,1084.48,458.11,50.71,137.28,0.3197,-1,-1,-1
129,17,785.80,459.12,101.73,244.41,0.6778,-1,-1,-1
129,36,492.38,462.98,37.76,106.13,0.3018,-1,-1,-1
130,2,681.36,437.49,105.70,328.50,0.8316,-1,-1,-1
130,3,548.05,442.18,162.28,389.40,0.6633,-1,-1,-1
130,11,1223.73,454.30,41.80,99.09,0.4340,-1,-1,-1
130,15,1080.36,461.02,53.02,134.32,0.3687,-1,-1,-1
130,17,787.11,458.96,100.53,245.30,0.7440,-1,-1,-1
130,36,490.92,463.88,38.29,107.32,0.3345,-1,-1,-1
131,2,681.63,436.93,104.31,330.59,0.8231,-1,-1,-1
131,3,572.88,440.17,137.71,391.02,0.5515,-1,-1,-1
131,11,1222.60,464.11,45.75,91.91,0.3967,-1,-1,-1
131,15,1085.87,457.91,50.39,137.02,0.3088,-1,-1,-1
131,17,790.53,458.73,100.09,247.49,0.7644,-1,-1,-1
131,36,490.27,459.14,41.38,105.74,0.3132,-1,-1,-1
132,2,683.99,435.85,101.66,331.48,0.8129,-1,-1,-1
132,3,571.62,440.14,144.99,389.77,0.5694,-1,-1,-1
132,17,792.37,456.26,100.47,249.80,0.7880,-1,-1,-1
133,2,684.26,435.58,101.79,331.52,0.8010,-1,-1,-1
133,3,589.24,438.19,127.51,391.52,0.6248,-1,-1,-1
133,17,793.29,458.25,99.31,248.31,0.7891,-1,-1,-1
133,36,491.14,461.18,41.17,109.00,0.3529,-1,-1,-1
134,2,685.54,434.06,103.13,333.10,0.7910,-1,-1,-1
134,3,582.75,439.86,137.15,390.15,0.6258,-1,-1,-1
134,11,1219.94,460.46,45.89,94.56,0.3002,-1,-1,-1
134,17,795.12,453.34,101.50,252.04,0.7736,-1,-1,-1
134,36,491.26,456.90,41.61,113.02,0.3044,-1,-1,-1
135,2,685.22,432.54,104.73,332.91,0.7845,-1,-1,-1
135,3,577.73,440.20,143.47,391.39,0.6394,-1,-1,-1
135,17,791.95,450.60,104.27,255.97,0.7166,-1,-1,-1
135,36,488.37,461.12,42.67,109.60,0.3709,-1,-1,-1
136,2,685.61,433.25,105.12,331.71,0.7736,-1,-1,-1
136,3,572.54,439.43,149.16,397.02,0.6531,-1,-1,-1
136,17,794.42,450.76,99.87,256.56,0.7076,-1,-1,-1
136,36,490.32,456.92,40.38,113.29,0.3798,-1,-1,-1
137,2,694.50,434.05,101.84,328.45,0.7812,-1,-1,-1
137,3,590.49,436.84,129.74,413.38,0.6708,-1,-1,-1
137,17,797.16,453.40,96.91,254.93,0.7601,-1,-1,-1
137,36,490.23,460.31,40.31,109.95,0.3790,-1,-1,-1
138,2,690.33,434.27,107.60,330.66,0.7634,-1,-1,-1
138,3,588.27,437.09,134.05,421.01,0.6509,-1,-1,-1
138,17,802.69,450.90,93.40,259.64,0.7548,-1,-1,-1
138,36,490.06,459.92,40.50,109.97,0.3530,-1,-1,-1
139,2,693.85,433.49,106.95,332.39,0.7558,-1,-1,-1
139,3,568.46,439.17,155.30,417.02,0.6134,-1,-1,-1
139,17,807.55,449.70,91.37,262.02,0.7271,-1,-1,-1
139,36,492.50,459.71,38.96,111.17,0.4722,-1,-1,-1
140,2,692.10,434.29,113.22,331.49,0.7594,-1,-1,-1
140,3,565.88,438.31,158.44,416.71,0.5618,-1,-1,-1
140,11,1216.89,449.77,34.19,102.97,0.3417,-1,-1,-1
140,17,813.06,452.67,78.63,263.04,0.6994,-1,-1,-1
140,36,492.10,460.42,38.64,111.61,0.4331,-1,-1,-1
141,2,691.96,432.86,115.99,334.84,0.7575,-1,-1,-1
141,3,560.18,438.44,163.23,418.55,0.5603,-1,-1,-1
141,11,1213.54,448.31,37.16,105.07,0.4119,-1,-1,-1
141,17,815.96,451.69,83.02,261.76,0.6511,-1,-1,-1
141,36,491.57,459.19,40.06,112.37,0.3644,-1,-1,-1
142,2,692.90,433.54,126.16,331.56,0.7614,-1,-1,-1
142,3,554.61,438.53,168.99,413.60,0.5183,-1,-1,-1
142,11,1210.84,447.86,37.45,104.78,0.4058,-1,-1,-1
142,17,815.97,447.07,88.32,269.36,0.6417,-1,-1,-1
142,36,490.66,460.82,39.46,111.09,0.3089,-1,-1,-1
143,2,695.04,436.36,129.25,329.73,0.7707,-1,-1,-1
143,3,579.89,434.84,140.55,430.08,0.5327,-1,-1,-1
143,11,1210.33,445.05,36.16,107.15,0.3844,-1,-1,-1
143,15,1080.46,453.76,50.78,141.21,0.3188,-1,-1,-1
143,17,817.83,447.33,86.05,267.72,0.6267,-1,-1,-1
144,2,693.46,436.73,138.44,331.72,0.7510,-1,-1,-1
144,3,541.56,437.76,183.30,434.90,0.5175,-1,-1,-1
144,11,1207.78,443.94,34.82,109.57,0.3247,-1,-1,-1
144,15,1080.14,462.07,50.49,134.13,0.3109,-1,-1,-1
144,17,820.70,448.71,85.03,264.38,0.5448,-1,-1,-1
144,36,475.04,462.99,49.28,111.50,0.3225,-1,-1,-1
145,2,693.58,438.60,143.20,330.22,0.7511,-1,-1,-1
145,3,540.63,437.35,182.19,440.84,0.6339,-1,-1,-1
145,11,1206.74,443.11,34.15,110.22,0.3647,-1,-1,-1
145,17,823.47,455.32,82.62,256.05,0.5678,-1,-1,-1
145,36,476.20,470.05,49.40,105.11,0.3476,-1,-1,-1
145,38,879.40,438.95,79.27,243.39,0.3471,-1,-1,-1
146,2,697.21,438.40,141.20,331.23,0.7430,-1,-1,-1
146,3,540.45,439.16,181.78,444.81,0.7284,-1,-1,-1
146,11,1206.95,443.54,33.57,107.29,0.4385,-1,-1,-1
146,15,1079.65,463.76,49.58,132.00,0.3145,-1,-1,-1
146,17,826.14,454.80,81.78,255.27,0.6558,-1,-1,-1
146,36,476.24,472.69,47.72,101.52,0.3686,-1,-1,-1
146,38,877.41,433.25,79.58,247.76,0.3552,-1,-1,-1
147,2,701.32,437.64,136.80,334.68,0.7977,-1,-1,-1
147,3,541.19,440.67,179.68,448.24,0.7202,-1,-1,-1
147,11,1203.11,447.69,36.22,101.57,0.4762,-1,-1,-1
147,15,1081.56,460.42,49.31,134.09,0.3542,-1,-1,-1
147,17,827.25,457.90,81.90,252.28,0.6119,-1,-1,-1
147,36,475.38,468.93,47.21,103.67,0.3377,-1,-1,-1
147,38,879.42,432.24,81.12,248.82,0.4328,-1,-1,-1
148,2,702.59,437.41,135.74,333.38,0.7744,-1,-1,-1
148,3,539.93,440.78,181.39,451.73,0.7250,-1,-1,-1
148,11,1203.41,446.92,35.15,104.28,0.4493,-1,-1,-1
148,15,1082.41,457.98,49.37,136.28,0.3643,-1,-1,-1
148,17,827.77,456.84,84.48,254.36,0.6526,-1,-1,-1
148,36,475.22,470.78,46.67,102.85,0.3711,-1,-1,-1
148,38,882.47,431.68,80.93,247.74,0.3675,-1,-1,-1
149,2,707.22,437.40,131.57,337.14,0.8076,-1,-1,-1
149,3,544.33,438.61,171.83,455.24,0.7301,-1,-1,-1
149,11,1199.73,448.11,39.14,101.32,0.4544,-1,-1,-1
149,15,1079.23,459.70,49.18,135.58,0.3016,-1,-1,-1
149,17,830.30,455.99,83.92,253.30,0.6589,-1,-1,-1
149,38,885.32,439.61,85.96,240.34,0.5616,-1,-1,-1
150,2,710.51,435.98,127.82,338.89,0.8110,-1,-1,-1
150,3,546.07,436.65,172.54,458.16,0.7688,-1,-1,-1
150,11,1196.76,450.41,41.72,98.56,0.4432,-1,-1,-1
150,15,1079.89,458.69,49.88,135.47,0.3430,-1,-1,-1
150,17,831.43,451.19,85.69,258.62,0.6492,-1,-1,-1
150,36,472.06,470.96,42.99,101.86,0.3354,-1,-1,-1
150,38,889.22,440.29,78.36,238.88,0.6119,-1,-1,-1
151,2,714.30,436.56,126.71,340.10,0.8001,-1,-1,-1
151,3,544.14,438.46,170.17,456.22,0.7591,-1,-1,-1
151,11,1197.32,451.29,40.16,98.17,0.4640,-1,-1,-1
151,15,1079.91,456.23,51.10,137.31,0.3181,-1,-1,-1
151,17,830.02,448.62,89.69,263.47,0.6711,-1,-1,-1
151,36,471.02,472.27,43.40,100.93,0.3664,-1,-1,-1
151,38,890.40,438.11,84.09,239.53,0.6622,-1,-1,-1
152,2,714.92,435.93,117.70,339.41,0.8059,-1,-1,-1
152,3,544.35,438.36,175.41,457.82,0.7525,-1,-1,-1
152,11,1195.66,451.14,40.90,98.22,0.4819,-1,-1,-1
152,17,830.00,444.86,89.40,273.61,0.7111,-1,-1,-1
152,38,890.62,438.02,81.08,240.95,0.4460,-1,-1,-1
153,2,715.09,435.03,123.64,341.67,0.8437,-1,-1,-1
153,3,538.75,437.38,163.87,456.59,0.7399,-1,-1,-1
153,11,1194.27,451.31,39.41,96.52,0.4862,-1,-1,-1
153,15,1078.95,451.94,51.61,141.66,0.3176,-1,-1,-1
153,17,830.90,445.31,89.20,271.50,0.7249,-1,-1,-1
154,2,717.42,435.56,122.44,340.57,0.8570,-1,-1,-1
154,3,537.33,431.85,163.18,462.30,0.7486,-1,-1,-1
154,11,1193.97,451.52,37.84,96.06,0.5308,-1,-1,-1
154,17,832.41,450.68,86.40,274.94,0.6949,-1,-1,-1
154,38,894.40,436.29,74.27,240.89,0.5447,-1,-1,-1
155,2,719.45,436.62,123.55,340.06,0.8591,-1,-1,-1
155,3,531.61,433.64,169.38,462.11,0.7408,-1,-1,-1
155,11,1192.63,452.18,37.83,96.27,0.5442,-1,-1,-1
155,17,833.35,448.36,86.88,279.03,0.6800,-1,-1,-1
155,38,897.20,436.52,74.15,244.48,0.6243,-1,-1,-1
156,2,722.35,433.50,120.95,342.22,0.8377,-1,-1,-1
156,3,531.65,434.58,164.68,461.11,0.7565,-1,-1,-1
156,11,1191.71,449.38,36.50,97.39,0.5351,-1,-1,-1
156,17,834.15,444.72,89.07,283.54,0.6884,-1,-1,-1
156,38,899.54,437.22,70.26,248.40,0.5882,-1,-1,-1
156,42,962.65,438.83,47.33,132.35,0.3095,-1,-1,-1
157,2,722.62,433.40,127.30,342.00,0.8118,-1,-1,-1
157,3,529.31,434.81,166.22,461.96,0.7262,-1,-1,-1
157,11,1190.93,453.30,33.88,94.61,0.4867,-1,-1,-1
157,17,838.01,444.52,87.72,282.09,0.6966,-1,-1,-1
157,38,902.96,437.53,71.26,250.42,0.4400,-1,-1,-1
157,42,960.41,438.38,49.66,141.22,0.4030,-1,-1,-1
157,43,660.55,439.15,85.30,341.31,0.4326,-1,-1,-1
158,2,726.23,433.11,129.96,341.01,0.7642,-1,-1,-1
158,3,530.65,431.77,169.00,464.83,0.7492,-1,-1,-1
158,11,1191.50,458.16,30.65,89.68,0.3838,-1,-1,-1
158,17,842.14,444.86,91.25,283.94,0.7171,-1,-1,-1
158,38,901.84,432.10,78.57,161.31,0.4436,-1,-1,-1
158,43,665.02,438.18,81.53,343.78,0.5344,-1,-1,-1
159,2,732.20,435.45,128.95,338.46,0.7617,-1,-1,-1
159,3,522.45,431.44,177.67,464.10,0.7795,-1,-1,-1
159,15,1078.94,458.06,49.61,135.70,0.3050,-1,-1,-1
159,17,844.16,445.17,86.24,285.23,0.7386,-1,-1,-1
159,38,901.41,446.56,86.70,232.29,0.4174,-1,-1,-1
159,43,667.43,437.32,82.83,345.33,0.5173,-1,-1,-1
160,2,738.70,430.63,118.19,344.39,0.7588,-1,-1,-1
160,3,527.49,432.65,169.85,461.12,0.7844,-1,-1,-1
160,17,845.48,447.69,85.45,280.89,0.7413,-1,-1,-1
160,38,908.24,430.91,79.50,164.91,0.3848,-1,-1,-1
160,43,668.74,437.73,81.83,345.74,0.5323,-1,-1,-1
161,2,741.36,429.85,117.42,345.53,0.7790,-1,-1,-1
161,3,528.05,434.83,169.99,457.20,0.7808,-1,-1,-1
161,15,1077.88,459.23,49.83,133.93,0.3061,-1,-1,-1
161,17,847.40,448.03,87.02,280.72,0.7504,-1,-1,-1
161,38,917.23,438.66,70.64,146.61,0.4000,-1,-1,-1
161,43,668.39,440.24,83.35,347.25,0.6252,-1,-1,-1
162,2,744.17,429.65,116.08,348.71,0.7779,-1,-1,-1
162,3,525.74,432.94,179.05,459.83,0.7730,-1,-1,-1
162,17,848.68,449.33,89.30,281.66,0.7437,-1,-1,-1
162,38,917.52,441.54,79.74,141.76,0.3191,-1,-1,-1
162,43,669.72,440.83,82.25,350.40,0.6213,-1,-1,-1
163,2,745.80,431.88,115.88,347.31,0.7899,-1,-1,-1
163,3,528.17,432.63,179.48,462.20,0.8000,-1,-1,-1
163,11,1189.11,444.06,30.28,101.60,0.4379,-1,-1,-1
163,17,851.45,449.86,92.68,281.74,0.7396,-1,-1,-1
163,38,922.80,444.08,78.04,247.40,0.5735,-1,-1,-1
163,43,670.83,440.86,80.89,360.07,0.5952,-1,-1,-1
163,44,1138.12,438.05,45.95,105.81,0.3611,-1,-1,-1
164,2,748.70,431.89,116.16,351.13,0.7863,-1,-1,-1
164,3,527.53,431.36,184.90,466.88,0.7893,-1,-1,-1
164,11,1187.01,443.18,31.69,101.84,0.5076,-1,-1,-1
164,17,852.29,449.98,101.55,283.18,0.7081,-1,-1,-1
164,38,921.80,439.33,83.60,256.78,0.5582,-1,-1,-1
164,43,671.37,438.84,84.32,362.79,0.5993,-1,-1,-1
164,44,1137.89,438.13,45.85,108.44,0.3954,-1,-1,-1
165,2,748.82,430.59,116.53,352.79,0.7890,-1,-1,-1
165,3,528.84,431.26,188.61,469.04,0.8058,-1,-1,-1
165,11,1186.20,454.62,31.69,92.38,0.3335,-1,-1,-1
165,17,854.94,450.87,112.46,282.15,0.6614,-1,-1,-1
165,38,920.19,437.64,87.51,262.29,0.5198,-1,-1,-1
165,43,672.11,441.03,90.24,347.73,0.6939,-1,-1,-1
166,2,750.54,430.84,116.30,356.61,0.7908,-1,-1,-1
166,3,528.79,431.69,190.98,470.99,0.7935,-1,-1,-1
166,17,856.36,454.02,108.27,284.06,0.6399,-1,-1,-1
166,38,926.25,433.83,81.64,259.39,0.5078,-1,-1,-1
166,43,673.08,442.04,91.92,350.37,0.7229,-1,-1,-1
167,2,750.48,431.35,116.55,356.25,0.7970,-1,-1,-1
167,3,530.64,432.74,195.77,471.09,0.8015,-1,-1,-1
167,17,859.86,450.00,126.26,283.16,0.7054,-1,-1,-1
167,38,931.61,434.92,76.78,252.15,0.5910,-1,-1,-1
167,43,674.12,441.88,91.00,351.45,0.7096,-1,-1,-1
168,2,752.27,432.79,116.38,356.57,0.7932,-1,-1,-1
168,3,531.62,434.46,210.72,467.57,0.8078,-1,-1,-1
168,17,862.08,446.73,128.43,286.66,0.7508,-1,-1,-1
168,38,937.41,433.43,73.35,246.76,0.5948,-1,-1,-1
168,43,674.26,442.51,90.61,353.97,0.7276,-1,-1,-1
169,2,753.10,434.74,114.97,355.26,0.8001,-1,-1,-1
169,3,532.31,428.69,223.63,471.64,0.8084,-1,-1,-1
169,17,864.52,446.54,120.71,288.98,0.7801,-1,-1,-1
169,38,942.21,433.26,69.30,240.98,0.5910,-1,-1,-1
169,43,675.97,442.54,89.97,354.99,0.7356,-1,-1,-1
169,44,1147.15,440.68,44.39,104.44,0.3555,-1,-1,-1
170,2,755.96,435.24,114.30,355.52,0.7810,-1,-1,-1
170,3,532.17,429.49,234.06,470.92,0.8299,-1,-1,-1
170,17,869.11,446.28,117.66,290.30,0.7985,-1,-1,-1
170,38,943.47,433.46,70.41,236.39,0.6173,-1,-1,-1
170,43,677.86,442.24,87.69,356.25,0.7284,-1,-1,-1
170,44,1147.23,442.43,44.66,102.93,0.4363,-1,-1,-1
171,2,757.49,435.47,112.67,348.01,0.7896,-1,-1,-1
171,3,534.87,430.36,239.86,470.52,0.8574,-1,-1,-1
171,17,870.78,446.75,116.38,291.37,0.7918,-1,-1,-1
171,38,946.12,436.08,71.88,247.31,0.6678,-1,-1,-1
171,43,677.95,442.27,89.83,360.71,0.7301,-1,-1,-1
171,44,1146.01,444.69,46.79,100.80,0.4404,-1,-1,-1
172,2,760.17,436.48,117.18,345.93,0.8126,-1,-1,-1
172,3,536.87,433.68,239.33,469.85,0.8476,-1,-1,-1
172,17,870.37,447.44,117.48,290.96,0.7947,-1,-1,-1
172,36,470.32,466.36,37.14,110.73,0.3009,-1,-1,-1
172,38,950.59,435.31,74.72,251.87,0.6841,-1,-1,-1
172,43,680.17,444.96,84.72,357.08,0.7007,-1,-1,-1
172,44,1146.97,445.74,43.08,100.41,0.4060,-1,-1,-1
173,2,761.79,437.51,117.94,344.50,0.8189,-1,-1,-1
173,3,538.68,432.50,231.61,469.71,0.8566,-1,-1,-1
173,15,1086.05,455.10,44.61,140.20,0.3410,-1,-1,-1
173,17,872.81,444.98,116.59,293.77,0.7873,-1,-1,-1
173,38,951.56,434.46,76.48,258.68,0.6615,-1,-1,-1
173,43,681.29,446.52,89.31,350.20,0.6240,-1,-1,-1
173,44,1147.38,446.52,40.82,100.12,0.3464,-1,-1,-1
174,2,762.01,439.41,121.08,348.88,0.8228,-1,-1,-1
174,3,543.50,432.73,229.25,472.07,0.8522,-1,-1,-1
174,15,1084.64,455.50,46.58,140.25,0.4153,-1,-1,-1
174,17,874.68,444.83,118.10,293.78,0.7876,-1,-1,-1
174,38,953.73,435.37,74.84,259.55,0.6312,-1,-1,-1
174,43,687.01,450.68,84.12,348.41,0.4749,-1,-1,-1
175,2,767.33,439.86,116.92,350.67,0.8434,-1,-1,-1
175,3,551.56,433.90,223.33,471.26,0.8355,-1,-1,-1
175,11,1151.05,453.23,55.02,94.40,0.4228,-1,-1,-1
175,15,1084.65,456.17,45.81,139.75,0.3226,-1,-1,-1
175,17,876.17,444.10,116.33,294.34,0.7924,-1,-1,-1
175,36,467.08,462.84,37.12,110.78,0.3294,-1,-1,-1
175,38,957.11,434.92,76.35,261.13,0.6014,-1,-1,-1
176,2,767.96,441.65,115.15,356.36,0.8305,-1,-1,-1
176,3,560.25,432.89,213.71,475.04,0.7968,-1,-1,-1
176,11,1153.75,455.67,53.02,90.74,0.4384,-1,-1,-1
176,15,1081.48,455.40,48.85,139.87,0.3475,-1,-1,-1
176,17,877.81,443.79,114.32,294.27,0.7983,-1,-1,-1
176,36,469.24,466.20,37.89,110.79,0.3225,-1,-1,-1
176,38,960.20,434.09,81.84,259.61,0.5874,-1,-1,-1
177,2,767.68,440.98,118.34,355.48,0.8228,-1,-1,-1
177,3,558.86,436.82,214.16,472.24,0.7982,-1,-1,-1
177,11,1156.22,450.55,49.47,97.18,0.3973,-1,-1,-1
177,17,880.50,446.38,114.57,291.87,0.7898,-1,-1,-1
177,36,467.39,468.53,37.44,109.28,0.3347,-1,-1,-1
177,38,962.07,434.03,85.01,261.67,0.5190,-1,-1,-1
178,2,773.76,440.35,111.34,356.15,0.8096,-1,-1,-1
178,3,562.08,433.34,212.89,474.91,0.8392,-1,-1,-1
178,11,1154.93,446.64,45.30,99.66,0.4758,-1,-1,-1
178,17,887.72,447.63,108.39,289.55,0.7653,-1,-1,-1
178,36,464.70,463.52,40.78,112.16,0.3350,-1,-1,-1
178,38,962.75,432.75,93.25,265.79,0.4584,-1,-1,-1
179,2,774.64,439.08,113.66,355.15,0.7901,-1,-1,-1
179,3,571.73,432.52,203.80,477.87,0.8621,-1,-1,-1
179,11,1157.39,451.37,44.89,96.80,0.4627,-1,-1,-1
179,17,891.57,445.67,104.94,292.22,0.7734,-1,-1,-1
179,36,464.35,460.67,40.42,115.57,0.3514,-1,-1,-1
179,38,963.98,434.52,95.07,264.52,0.5232,-1,-1,-1
180,2,777.36,437.89,118.81,357.74,0.7649,-1,-1,-1
180,3,577.93,430.04,197.87,479.57,0.8399,-1,-1,-1
180,11,1157.71,449.93,40.01,98.05,0.4494,-1,-1,-1
180,15,1078.86,452.91,50.21,141.52,0.3249,-1,-1,-1
180,17,896.68,445.05,99.09,293.08,0.7770,-1,-1,-1
180,36,465.36,464.60,38.65,111.40,0.4746,-1,-1,-1
180,38,969.14,433.76,105.64,262.44,0.4865,-1,-1,-1
181,2,778.75,436.22,115.82,358.47,0.7561,-1,-1,-1
181,3,582.75,423.96,195.67,486.95,0.8645,-1,-1,-1
181,11,1156.21,444.92,40.60,101.18,0.4800,-1,-1,-1
181,15,1078.94,446.11,51.28,149.93,0.3509,-1,-1,-1
181,17,902.90,443.53,95.87,295.89,0.7278,-1,-1,-1
181,36,466.68,467.28,37.29,107.65,0.3696,-1,-1,-1
181,38,971.37,436.94,89.74,263.59,0.6196,-1,-1,-1
181,47,571.15,450.53,59.33,110.23,0.4076,-1,-1,-1
182,2,780.95,435.31,116.37,364.19,0.7532,-1,-1,-1
182,3,583.34,423.97,198.58,486.40,0.8653,-1,-1,-1
182,11,1157.26,446.45,37.93,100.37,0.5447,-1,-1,-1
182,15,1081.63,444.89,49.67,152.41,0.3727,-1,-1,-1
182,17,912.56,445.95,89.23,296.70,0.7130,-1,-1,-1
182,36,466.91,471.14,37.69,103.74,0.4221,-1,-1,-1
182,38,977.25,434.97,88.23,268.65,0.6124,-1,-1,-1
182,47,571.18,444.69,58.61,120.92,0.4496,-1,-1,-1
183,2,783.14,434.42,118.15,367.40,0.7695,-1,-1,-1
183,3,587.16,424.77,194.93,485.91,0.8583,-1,-1,-1
183,11,1158.08,449.08,35.97,97.89,0.5412,-1,-1,-1
183,15,1082.57,444.80,48.78,152.52,0.3258,-1,-1,-1
183,17,916.83,442.96,90.22,298.20,0.7463,-1,-1,-1
183,36,466.45,472.24,38.98,103.19,0.3812,-1,-1,-1
183,38,980.18,436.57,86.68,261.43,0.6249,-1,-1,-1
183,47,570.57,448.47,60.06,130.83,0.4806,-1,-1,-1
184,2,783.87,433.77,118.70,367.97,0.7829,-1,-1,-1
184,3,591.33,425.94,191.72,484.13,0.8523,-1,-1,-1
184,11,1154.89,451.06,40.54,97.97,0.6062,-1,-1,-1
184,15,1082.61,442.18,50.25,154.53,0.3371,-1,-1,-1
184,17,924.00,441.23,86.70,299.63,0.7691,-1,-1,-1
184,36,466.08,472.23,38.78,102.77,0.4025,-1,-1,-1
184,38,982.68,439.86,85.95,246.15,0.6323,-1,-1,-1
184,47,571.87,444.57,58.80,147.22,0.4361,-1,-1,-1
185,2,785.94,434.52,118.24,369.02,0.7814,-1,-1,-1
185,3,599.40,427.96,185.50,482.05,0.8411,-1,-1,-1
185,11,1155.64,451.61,39.99,95.33,0.5556,-1,-1,-1
185,15,1082.09,438.30,50.67,158.49,0.3222,-1,-1,-1
185,17,925.73,441.56,86.42,303.05,0.7595,-1,-1,-1
185,36,466.43,474.74,40.60,101.19,0.4629,-1,-1,-1
185,38,986.26,441.23,84.47,252.54,0.6331,-1,-1,-1
185,47,571.02,444.97,61.66,157.58,0.4478,-1,-1,-1
186,2,786.57,435.04,115.14,367.45,0.8028,-1,-1,-1
186,3,603.50,426.14,184.04,483.87,0.8440,-1,-1,-1
186,11,1153.64,447.89,45.35,98.47,0.5952,-1,-1,-1
186,17,928.40,445.33,85.66,305.61,0.7452,-1,-1,-1
186,36,467.20,477.51,41.36,98.42,0.4710,-1,-1,-1
186,38,988.61,442.09,84.50,244.07,0.5728,-1,-1,-1
186,47,571.75,437.90,56.52,174.63,0.4861,-1,-1,-1
187,2,790.22,435.30,113.82,367.75,0.8032,-1,-1,-1
187,3,609.24,428.43,177.94,483.68,0.8413,-1,-1,-1
187,11,1155.12,450.33,44.89,96.01,0.5453,-1,-1,-1
187,17,928.64,445.32,90.78,307.64,0.7313,-1,-1,-1
187,36,467.07,477.23,41.20,98.35,0.4649,-1,-1,-1
187,38,995.49,442.76,81.76,251.18,0.6250,-1,-1,-1
187,47,572.07,433.06,57.10,176.68,0.4801,-1,-1,-1
188,2,792.39,434.54,114.22,364.36,0.8122,-1,-1,-1
188,3,609.50,426.62,180.61,495.39,0.8356,-1,-1,-1
188,11,1156.24,452.14,42.64,95.94,0.5013,-1,-1,-1
188,17,931.79,441.88,93.31,310.30,0.6870,-1,-1,-1
188,36,467.41,477.80,37.71,97.24,0.3660,-1,-1,-1
188,38,997.82,444.11,79.15,250.38,0.5058,-1,-1,-1
188,47,570.64,433.88,61.14,181.12,0.4445,-1,-1,-1
189,2,794.66,433.12,112.03,367.81,0.8100,-1,-1,-1
189,3,611.62,426.11,178.91,505.07,0.7960,-1,-1,-1
189,11,1156.56,446.76,42.27,100.45,0.4804,-1,-1,-1
189,17,932.82,441.82,106.93,311.75,0.7793,-1,-1,-1
189,36,466.32,476.80,39.81,99.14,0.4110,-1,-1,-1
189,38,1005.59,438.70,81.83,265.04,0.5323,-1,-1,-1
189,47,569.33,432.88,59.75,180.24,0.5280,-1,-1,-1
190,2,796.88,432.43,118.47,372.59,0.8022,-1,-1,-1
190,3,616.17,426.36,182.56,511.69,0.7025,-1,-1,-1
190,11,1152.29,449.00,46.23,99.52,0.4187,-1,-1,-1
190,17,936.41,442.83,110.18,309.72,0.7576,-1,-1,-1
190,36,467.87,476.71,37.47,98.81,0.3897,-1,-1,-1
190,38,1009.74,440.41,79.36,267.72,0.4651,-1,-1,-1
190,47,569.24,438.51,63.25,172.98,0.5402,-1,-1,-1
191,2,799.05,432.53,115.72,371.35,0.7813,-1,-1,-1
191,3,620.45,425.96,178.98,516.87,0.7482,-1,-1,-1
191,11,1152.48,445.85,48.87,102.10,0.4997,-1,-1,-1
191,17,941.09,443.55,115.61,310.47,0.7603,-1,-1,-1
191,36,465.53,477.05,36.16,98.23,0.3553,-1,-1,-1
191,38,1011.79,436.26,77.37,273.18,0.3265,-1,-1,-1
191,47,568.50,446.88,60.93,168.68,0.5801,-1,-1,-1
192,2,800.85,429.25,115.17,380.12,0.7872,-1,-1,-1
192,3,625.14,426.51,176.57,526.06,0.7261,-1,-1,-1
192,11,1150.26,447.31,50.30,101.80,0.4782,-1,-1,-1
192,17,943.23,449.22,114.24,304.16,0.7593,-1,-1,-1
192,36,464.76,476.76,36.43,97.45,0.3430,-1,-1,-1
192,47,568.28,442.88,64.56,171.71,0.5892,-1,-1,-1
193,2,803.05,426.04,112.33,380.87,0.7858,-1,-1,-1
193,3,631.29,427.07,167.91,527.55,0.7649,-1,-1,-1
193,11,1149.29,442.58,49.62,105.91,0.4476,-1,-1,-1
193,17,944.55,442.74,115.00,311.15,0.7560,-1,-1,-1
193,36,463.56,477.80,39.12,97.73,0.3081,-1,-1,-1
193,38,1014.79,437.36,92.66,263.80,0.5388,-1,-1,-1
193,47,570.20,442.55,62.56,172.31,0.6286,-1,-1,-1
194,2,804.44,424.82,119.08,383.73,0.7888,-1,-1,-1
194,3,632.21,425.51,180.98,538.85,0.7598,-1,-1,-1
194,11,1147.27,447.87,46.08,101.22,0.3701,-1,-1,-1
194,17,946.37,443.48,108.23,310.63,0.7482,-1,-1,-1
194,36,460.79,475.80,36.73,99.93,0.3317,-1,-1,-1
194,38,1015.85,434.25,96.02,276.40,0.6466,-1,-1,-1
194,47,570.41,442.39,62.68,174.01,0.6697,-1,-1,-1
195,2,805.09,424.12,126.73,382.61,0.7892,-1,-1,-1
195,3,636.35,422.38,178.57,540.82,0.7844,-1,-1,-1
195,11,1147.31,444.50,41.06,103.51,0.4054,-1,-1,-1
195,17,945.15,448.30,116.45,308.62,0.7594,-1,-1,-1
195,38,1020.80,433.19,95.69,278.45,0.6926,-1,-1,-1
195,47,569.58,441.42,64.20,174.82,0.6821,-1,-1,-1
196,2,807.18,426.48,136.24,379.78,0.8252,-1,-1,-1
196,3,643.66,424.35,171.97,536.42,0.8010,-1,-1,-1
196,11,1146.40,440.80,42.60,106.78,0.4139,-1,-1,-1
196,17,946.55,449.20,115.24,308.10,0.7276,-1,-1,-1
196,36,456.19,473.21,45.56,102.00,0.3466,-1,-1,-1
196,38,1025.76,432.24,96.27,280.29,0.6812,-1,-1,-1
196,47,569.77,442.75,65.42,173.84,0.6701,-1,-1,-1
196,48,512.70,439.72,38.76,121.77,0.4384,-1,-1,-1
197,2,809.91,428.01,148.89,378.72,0.8145,-1,-1,-1
197,3,646.22,421.95,164.17,551.23,0.8226,-1,-1,-1
197,11,1145.87,443.88,43.13,104.34,0.3621,-1,-1,-1
197,17,951.45,447.07,110.60,310.13,0.7515,-1,-1,-1
197,36,455.68,471.00,43.84,104.01,0.3352,-1,-1,-1
197,38,1030.40,431.51,95.45,281.56,0.4672,-1,-1,-1
197,47,569.46,440.90,66.91,174.58,0.6701,-1,-1,-1
197,48,512.82,439.80,38.61,121.23,0.4483,-1,-1,-1
198,2,813.87,433.19,151.84,374.21,0.8300,-1,-1,-1
198,3,649.09,423.08,164.58,540.56,0.8328,-1,-1,-1
198,11,1146.61,441.08,42.56,106.57,0.3869,-1,-1,-1
198,17,958.68,447.36,104.45,311.39,0.7685,-1,-1,-1
198,36,458.82,471.46,37.24,103.42,0.3185,-1,-1,-1
198,38,1036.80,433.53,91.58,280.23,0.6462,-1,-1,-1
198,47,570.42,441.94,66.61,174.18,0.6822,-1,-1,-1
198,48,515.68,444.40,36.65,118.39,0.3382,-1,-1,-1
199,2,816.54,433.63,158.50,374.95,0.8462,-1,-1,-1
199,3,647.60,423.67,173.27,538.41,0.8391,-1,-1,-1
199,11,1144.62,443.94,40.34,105.10,0.3757,-1,-1,-1
199,17,965.91,447.96,103.51,313.01,0.7579,-1,-1,-1
199,38,1040.48,437.43,92.50,279.14,0.6358,-1,-1,-1
199,47,572.04,444.03,64.06,171.39,0.6885,-1,-1,-1
199,48,514.43,447.73,37.41,115.27,0.3016,-1,-1,-1
200,2,817.29,436.00,158.83,374.05,0.8426,-1,-1,-1
200,3,651.34,422.48,172.99,539.69,0.8591,-1,-1,-1
200,11,1145.67,442.35,35.75,106.56,0.3230,-1,-1,-1
200,17,970.72,448.71,102.80,311.59,0.7219,-1,-1,-1
200,38,1042.32,434.04,93.40,284.74,0.6057,-1,-1,-1
200,47,572.10,446.65,64.59,169.98,0.6769,-1,-1,-1
200,48,512.00,444.27,38.26,117.06,0.3385,-1,-1,-1
201,2,820.60,437.63,157.51,373.34,0.8389,-1,-1,-1
201,3,657.83,423.17,174.14,537.56,0.8445,-1,-1,-1
201,11,1142.73,440.41,36.44,108.66,0.3228,-1,-1,-1
201,17,979.68,451.68,91.02,309.20,0.7077,-1,-1,-1
201,38,1047.81,436.06,91.98,287.99,0.6135,-1,-1,-1
201,47,574.01,444.25,63.41,169.61,0.6632,-1,-1,-1
202,2,822.32,437.69,153.83,375.03,0.8450,-1,-1,-1
202,3,657.80,421.37,179.67,542.17,0.8548,-1,-1,-1
202,11,1142.00,438.26,35.06,109.65,0.3481,-1,-1,-1
202,17,986.82,449.30,88.97,313.18,0.7740,-1,-1,-1
202,38,1049.94,436.11,95.60,282.04,0.6830,-1,-1,-1
202,47,573.22,447.07,66.57,167.35,0.6782,-1,-1,-1
203,2,823.86,437.71,150.65,375.96,0.8434,-1,-1,-1
203,3,667.87,426.35,174.67,548.85,0.8228,-1,-1,-1
203,17,988.28,449.42,93.22,314.24,0.7718,-1,-1,-1
203,38,1053.87,434.35,95.01,282.89,0.6935,-1,-1,-1
203,47,573.80,443.58,68.14,171.06,0.7086,-1,-1,-1
203,48,508.82,439.93,41.02,122.25,0.3393,-1,-1,-1
204,2,824.40,437.14,150.43,376.10,0.8423,-1,-1,-1
204,3,662.82,423.96,181.58,558.46,0.8435,-1,-1,-1
204,17,991.65,449.25,92.60,316.47,0.7722,-1,-1,-1
204,38,1060.70,434.69,88.24,283.02,0.6989,-1,-1,-1
204,47,576.81,449.83,65.21,165.61,0.7258,-1,-1,-1
205,2,825.30,433.63,150.51,379.32,0.8316,-1,-1,-1
205,3,669.19,424.07,175.38,568.22,0.8479,-1,-1,-1
205,17,994.45,447.38,94.07,317.23,0.7864,-1,-1,-1
205,36,450.89,474.45,42.83,101.03,0.3193,-1,-1,-1
205,38,1063.57,439.51,87.41,276.68,0.7152,-1,-1,-1
205,47,575.38,446.34,66.05,169.97,0.7469,-1,-1,-1
206,2,830.35,435.52,148.18,377.08,0.8325,-1,-1,-1
206,3,674.18,422.84,172.50,570.27,0.8388,-1,-1,-1
206,17,999.91,447.58,92.80,317.37,0.7752,-1,-1,-1
206,38,1065.68,436.40,86.43,281.86,0.6802,-1,-1,-1
206,47,575.74,446.94,66.94,170.51,0.7255,-1,-1,-1
207,2,830.92,435.51,148.91,376.70,0.8277,-1,-1,-1
207,3,675.85,419.49,173.20,573.83,0.8416,-1,-1,-1
207,17,1005.96,448.83,95.36,313.83,0.7192,-1,-1,-1
207,38,1074.23,435.08,78.52,285.16,0.6520,-1,-1,-1
207,47,580.22,455.65,63.64,161.50,0.7391,-1,-1,-1
207,49,1187.21,450.24,40.94,100.10,0.3588,-1,-1,-1
208,2,833.20,434.55,147.61,379.81,0.8236,-1,-1,-1
208,3,679.07,420.28,172.17,572.29,0.8346,-1,-1,-1
208,17,1008.81,450.80,92.53,310.27,0.6928,-1,-1,-1
208,38,1076.90,434.14,75.48,302.39,0.5922,-1,-1,-1
208,47,581.50,454.69,63.05,162.69,0.7305,-1,-1,-1
208,48,510.41,444.52,40.38,117.08,0.3968,-1,-1,-1
208,49,1187.40,447.34,40.09,103.06,0.4098,-1,-1,-1
209,2,836.11,434.44,145.43,380.61,0.8075,-1,-1,-1
209,3,683.61,415.60,170.89,577.73,0.8193,-1,-1,-1
209,17,1011.33,445.38,137.60,317.12,0.5993,-1,-1,-1
209,38,1083.14,432.78,78.11,284.14,0.6136,-1,-1,-1
209,47,582.47,457.49,66.42,159.98,0.7433,-1,-1,-1
209,48,510.99,444.01,40.62,117.74,0.4144,-1,-1,-1
209,49,1188.96,448.57,40.29,103.27,0.4842,-1,-1,-1
210,2,840.62,427.62,147.97,386.26,0.8139,-1,-1,-1
210,3,685.83,415.57,171.92,577.50,0.7953,-1,-1,-1
210,17,1016.65,443.68,151.11,319.53,0.8152,-1,-1,-1
210,47,584.71,457.03,67.12,159.74,0.7272,-1,-1,-1
210,48,511.02,442.30,40.28,118.40,0.4126,-1,-1,-1
210,49,1190.23,445.38,39.84,106.66,0.4825,-1,-1,-1
211,2,847.41,430.53,149.12,386.08,0.7886,-1,-1,-1
211,3,684.74,420.28,175.59,573.72,0.8112,-1,-1,-1
211,17,1018.80,443.45,157.59,319.97,0.8007,-1,-1,-1
211,38,1088.92,431.80,85.65,261.19,0.3126,-1,-1,-1
211,47,584.82,451.41,71.02,165.14,0.7423,-1,-1,-1
211,48,510.77,441.28,39.97,119.70,0.4344,-1,-1,-1
211,49,1192.09,445.05,38.63,107.67,0.4640,-1,-1,-1
212,2,853.22,430.85,146.57,385.69,0.7878,-1,-1,-1
212,3,687.58,415.62,173.36,577.98,0.8253,-1,-1,-1
212,17,1019.61,445.43,162.87,319.25,0.7905,-1,-1,-1
212,38,1096.29,429.18,81.30,252.37,0.3555,-1,-1,-1
212,47,587.84,450.85,67.68,164.96,0.7129,-1,-1,-1
212,48,511.02,440.21,40.79,120.23,0.4645,-1,-1,-1
212,49,1193.14,447.02,38.86,105.38,0.5083,-1,-1,-1
213,2,863.43,430.81,138.21,386.56,0.8084,-1,-1,-1
213,3,687.55,413.92,177.77,579.10,0.8220,-1,-1,-1
213,17,1019.44,448.25,163.71,318.44,0.8067,-1,-1,-1
213,38,1100.10,434.98,78.79,269.73,0.5038,-1,-1,-1
213,47,588.08,452.32,67.92,164.58,0.7383,-1,-1,-1
213,48,510.82,439.13,41.53,121.33,0.4532,-1,-1,-1
213,49,1194.36,446.79,38.19,103.69,0.3673,-1,-1,-1
214,2,871.49,429.31,136.26,385.13,0.8162,-1,-1,-1
214,3,689.51,413.59,175.71,578.95,0.8243,-1,-1,-1
214,17,1019.00,448.49,164.25,319.13,0.7728,-1,-1,-1
214,38,1105.45,431.52,78.13,277.89,0.5416,-1,-1,-1
214,47,589.30,450.87,67.07,167.12,0.7260,-1,-1,-1
214,48,510.38,439.08,42.75,120.94,0.4716,-1,-1,-1
214,49,1195.09,445.07,40.91,104.03,0.3776,-1,-1,-1
215,2,879.29,429.10,127.34,387.30,0.8101,-1,-1,-1
215,3,693.04,411.70,176.13,581.98,0.8178,-1,-1,-1
215,17,1019.61,446.66,160.18,321.65,0.8160,-1,-1,-1
215,38,1112.93,426.69,76.53,290.61,0.5558,-1,-1,-1
215,47,591.25,455.00,66.68,162.43,0.6824,-1,-1,-1
215,48,510.32,438.38,42.88,121.44,0.4793,-1,-1,-1
215,49,1197.69,441.11,40.90,109.34,0.3530,-1,-1,-1
216,2,882.17,427.28,125.50,388.96,0.8191,-1,-1,-1
216,3,695.04,415.33,176.55,578.00,0.7933,-1,-1,-1
216,17,1020.45,445.99,166.42,324.22,0.8255,-1,-1,-1
216,38,1121.75,430.22,68.78,289.46,0.4628,-1,-1,-1
216,47,594.69,456.31,64.72,166.22,0.6857,-1,-1,-1
216,48,510.00,438.08,43.24,121.14,0.4926,-1,-1,-1
216,49,1198.97,439.97,41.12,111.94,0.4075,-1,-1,-1
217,2,883.47,428.97,125.39,391.55,0.8152,-1,-1,-1
217,3,693.60,413.50,182.75,579.25,0.7479,-1,-1,-1
217,17,1023.29,446.54,163.99,322.85,0.7896,-1,-1,-1
217,38,1123.77,423.76,68.09,216.68,0.3340,-1,-1,-1
217,47,595.19,457.61,65.72,165.56,0.7145,-1,-1,-1
217,48,509.71,438.24,43.30,120.80,0.4861,-1,-1,-1
217,49,1199.41,437.28,42.30,114.22,0.4761,-1,-1,-1
218,2,887.09,427.26,125.35,396.94,0.8202,-1,-1,-1
218,3,698.25,410.63,185.81,583.15,0.7671,-1,-1,-1
218,17,1028.06,440.93,160.15,329.03,0.7870,-1,-1,-1
218,47,598.09,457.78,64.41,165.10,0.6982,-1,-1,-1
218,48,509.10,439.50,42.41,119.99,0.5038,-1,-1,-1
218,49,1201.33,441.22,43.65,111.21,0.4354,-1,-1,-1
219,2,889.44,425.56,128.22,401.92,0.8411,-1,-1,-1
219,3,701.84,411.32,187.35,582.07,0.7602,-1,-1,-1
219,17,1038.11,437.08,149.64,332.31,0.7945,-1,-1,-1
219,47,595.20,461.24,65.90,165.34,0.6769,-1,-1,-1
219,48,509.06,439.23,42.78,119.79,0.5114,-1,-1,-1
219,49,1201.80,439.49,43.59,112.06,0.4275,-1,-1,-1
220,2,891.78,426.12,127.77,406.86,0.8422,-1,-1,-1
220,3,711.50,409.80,192.96,582.75,0.8118,-1,-1,-1
220,17,1047.06,439.05,142.47,330.16,0.8068,-1,-1,-1
220,47,596.60,461.46,65.40,164.85,0.7001,-1,-1,-1
220,48,508.70,438.61,43.13,120.24,0.5422,-1,-1,-1
220,49,1207.11,445.81,40.47,106.04,0.3048,-1,-1,-1
221,2,895.39,424.78,129.20,408.35,0.8386,-1,-1,-1
221,3,716.02,410.83,212.62,583.34,0.8604,-1,-1,-1
221,17,1054.92,438.73,135.89,330.60,0.8092,-1,-1,-1
221,38,1149.99,438.46,68.06,292.11,0.5497,-1,-1,-1
221,47,598.36,460.27,61.90,163.42,0.7230,-1,-1,-1
221,48,509.10,439.59,42.51,120.34,0.5023,-1,-1,-1
221,50,1035.90,437.25,59.00,151.12,0.3133,-1,-1,-1
222,2,896.00,425.06,131.34,408.94,0.8379,-1,-1,-1
222,3,716.47,410.87,225.60,583.49,0.8614,-1,-1,-1
222,17,1068.25,440.12,122.90,329.42,0.8168,-1,-1,-1
222,38,1155.19,433.30,79.37,295.62,0.5986,-1,-1,-1
222,47,600.80,461.02,58.87,163.19,0.7403,-1,-1,-1
222,48,508.99,439.20,42.27,120.99,0.4928,-1,-1,-1
223,2,899.53,427.44,130.19,410.81,0.8240,-1,-1,-1
223,3,716.18,406.37,248.83,588.40,0.8502,-1,-1,-1
223,17,1081.05,439.53,110.43,330.92,0.7982,-1,-1,-1
223,47,601.37,457.97,58.27,168.35,0.6914,-1,-1,-1
223,48,507.07,439.71,45.60,121.02,0.4910,-1,-1,-1
224,2,900.74,427.92,128.03,412.68,0.8212,-1,-1,-1
224,3,721.54,406.75,263.08,586.27,0.8502,-1,-1,-1
224,17,1096.86,441.52,106.52,333.54,0.7632,-1,-1,-1
224,47,603.59,459.31,56.66,165.06,0.6905,-1,-1,-1
224,48,506.95,440.20,46.49,120.67,0.5185,-1,-1,-1
225,2,902.73,428.42,129.19,414.13,0.8180,-1,-1,-1
225,3,724.98,409.95,270.48,585.99,0.8309,-1,-1,-1
225,17,1103.48,439.96,95.89,336.48,0.7244,-1,-1,-1
225,38,1168.47,426.44,63.90,310.00,0.3152,-1,-1,-1
225,47,603.42,461.06,59.10,166.72,0.6750,-1,-1,-1
225,48,508.44,440.18,44.97,120.59,0.4953,-1,-1,-1
226,2,904.31,428.81,134.29,415.05,0.8178,-1,-1,-1
226,3,727.76,403.89,283.23,592.28,0.8566,-1,-1,-1
226,17,1108.70,437.15,95.07,341.87,0.6919,-1,-1,-1
226,38,1174.27,431.19,63.89,305.09,0.5215,-1,-1,-1
226,47,604.49,462.36,57.53,167.39,0.6738,-1,-1,-1
226,48,507.49,439.71,45.76,121.00,0.5070,-1,-1,-1
227,2,905.80,428.38,137.35,416.31,0.8113,-1,-1,-1
227,3,729.81,405.10,291.76,589.64,0.8732,-1,-1,-1
227,17,1114.01,438.41,99.30,342.63,0.7436,-1,-1,-1
227,38,1178.67,428.05,68.87,310.30,0.5511,-1,-1,-1
227,47,607.10,458.82,55.07,168.34,0.6644,-1,-1,-1
227,48,506.84,438.49,45.88,122.15,0.4668,-1,-1,-1
228,2,906.55,425.19,139.49,418.60,0.7917,-1,-1,-1
228,3,735.06,408.13,291.03,586.83,0.8740,-1,-1,-1
228,17,1116.34,439.03,101.83,350.26,0.7538,-1,-1,-1
228,38,1184.94,428.48,69.68,307.77,0.4416,-1,-1,-1
228,47,607.54,460.63,54.08,166.60,0.6634,-1,-1,-1
228,48,505.94,439.08,46.15,122.26,0.4947,-1,-1,-1
229,2,906.09,426.68,140.24,417.67,0.7790,-1,-1,-1
229,3,739.29,408.61,296.29,586.98,0.8633,-1,-1,-1
229,17,1116.58,441.64,103.06,347.69,0.7591,-1,-1,-1
229,36,425.68,477.39,44.14,101.06,0.3821,-1,-1,-1
229,38,1187.43,415.06,80.07,203.46,0.5812,-1,-1,-1
229,47,608.37,456.09,55.92,175.32,0.6667,-1,-1,-1
229,48,506.61,438.70,46.18,122.86,0.4472,-1,-1,-1
230,2,907.36,425.78,144.98,416.83,0.7787,-1,-1,-1
230,3,745.73,412.16,290.03,582.60,0.8321,-1,-1,-1
230,17,1118.43,442.75,111.23,348.50,0.7168,-1,-1,-1
230,36,425.83,478.26,46.45,99.55,0.4626,-1,-1,-1
230,38,1193.94,417.47,74.07,191.75,0.5678,-1,-1,-1
230,47,611.14,457.65,56.84,175.15,0.6641,-1,-1,-1
230,48,506.53,440.42,45.21,120.86,0.4376,-1,-1,-1
231,2,910.95,425.40,135.64,416.81,0.7764,-1,-1,-1
231,3,752.03,411.40,283.85,585.41,0.8498,-1,-1,-1
231,17,1125.85,439.99,127.62,350.50,0.7973,-1,-1,-1
231,36,425.71,477.26,45.09,100.69,0.4684,-1,-1,-1
231,38,1199.23,418.68,72.33,187.71,0.5553,-1,-1,-1
231,47,610.18,463.10,60.68,168.56,0.6846,-1,-1,-1
231,48,508.09,439.89,43.98,121.26,0.4875,-1,-1,-1
232,2,913.43,425.01,131.42,419.13,0.7990,-1,-1,-1
232,3,761.86,409.64,276.09,586.54,0.8219,-1,-1,-1
232,17,1132.61,440.22,131.48,351.09,0.7951,-1,-1,-1
232,36,425.77,477.69,46.08,100.10,0.4858,-1,-1,-1
232,38,1204.16,418.81,69.32,183.99,0.4756,-1,-1,-1
232,47,611.06,454.95,60.55,175.74,0.6764,-1,-1,-1
232,48,508.06,440.78,43.48,120.75,0.5419,-1,-1,-1
233,2,920.51,424.89,126.46,422.74,0.7580,-1,-1,-1
233,3,768.02,412.26,271.55,584.40,0.8234,-1,-1,-1
233,17,1132.32,442.93,134.00,350.81,0.8316,-1,-1,-1
233,36,425.92,477.67,42.56,99.28,0.4406,-1,-1,-1
233,38,1208.53,427.17,68.24,177.83,0.3829,-1,-1,-1
233,47,611.09,453.63,63.75,177.19,0.6711,-1,-1,-1
233,48,508.85,440.45,41.24,120.55,0.5223,-1,-1,-1
234,2,923.65,424.58,125.02,425.73,0.7377,-1,-1,-1
234,3,777.14,417.43,265.21,580.35,0.7897,-1,-1,-1
234,17,1132.84,445.13,133.85,352.94,0.8436,-1,-1,-1
234,36,425.10,476.63,41.22,99.93,0.4593,-1,-1,-1
234,38,1212.58,424.62,67.96,180.87,0.3032,-1,-1,-1
234,47,612.54,456.69,64.64,172.07,0.6641,-1,-1,-1
234,48,508.53,440.19,42.02,120.84,0.5272,-1,-1,-1
234,53,1062.38,436.58,63.33,154.84,0.3789,-1,-1,-1
235,2,924.49,423.81,125.27,432.40,0.6978,-1,-1,-1
235,3,789.47,418.75,252.58,578.30,0.8166,-1,-1,-1
235,17,1132.64,445.01,137.77,356.25,0.8149,-1,-1,-1
235,36,424.99,476.44,40.22,99.06,0.4737,-1,-1,-1
235,38,1215.89,429.69,68.13,176.76,0.4326,-1,-1,-1
235,47,616.68,454.36,59.51,175.85,0.6713,-1,-1,-1
235,48,508.75,440.58,40.50,120.41,0.5102,-1,-1,-1
235,55,737.07,427.43,156.02,435.51,0.5507,-1,-1,-1
236,2,934.80,423.16,114.79,429.22,0.6907,-1,-1,-1
236,3,789.57,410.62,252.53,586.66,0.8125,-1,-1,-1
236,17,1133.47,444.13,138.45,358.39,0.8209,-1,-1,-1
236,36,425.08,474.51,38.59,100.30,0.4677,-1,-1,-1
236,38,1221.58,431.00,66.03,177.67,0.4839,-1,-1,-1
236,47,620.89,457.37,55.74,173.13,0.6884,-1,-1,-1
236,48,508.41,440.18,40.14,120.30,0.4780,-1,-1,-1
236,55,745.28,431.40,139.35,433.70,0.5302,-1,-1,-1
237,2,939.83,422.63,116.59,419.49,0.5452,-1,-1,-1
237,3,791.24,416.67,249.45,580.98,0.8147,-1,-1,-1
237,17,1136.30,441.74,138.80,361.27,0.8085,-1,-1,-1
237,38,1231.32,430.10,63.84,181.15,0.4660,-1,-1,-1
237,47,621.76,454.71,54.98,175.34,0.6499,-1,-1,-1
237,48,509.32,439.87,39.99,119.44,0.4445,-1,-1,-1
237,55,755.65,433.15,129.40,430.62,0.5870,-1,-1,-1
238,2,943.17,421.29,117.40,407.29,0.5794,-1,-1,-1
238,3,788.49,409.89,252.54,587.42,0.8136,-1,-1,-1
238,17,1140.32,437.06,136.45,366.17,0.7699,-1,-1,-1
238,38,1233.14,429.45,73.72,182.49,0.4721,-1,-1,-1
238,47,624.33,459.56,50.53,175.04,0.6747,-1,-1,-1
238,48,509.58,441.55,39.65,116.67,0.3341,-1,-1,-1
238,55,758.49,436.77,125.59,428.64,0.4338,-1,-1,-1
239,2,948.26,421.20,115.80,366.65,0.4359,-1,-1,-1
239,3,791.82,407.64,247.81,590.56,0.8386,-1,-1,-1
239,17,1148.35,437.52,128.63,366.76,0.7496,-1,-1,-1
239,38,1240.23,430.05,67.65,185.24,0.3096,-1,-1,-1
239,47,625.96,461.11,53.09,173.64,0.6684,-1,-1,-1
239,48,509.43,441.66,39.66,116.56,0.3981,-1,-1,-1
239,55,715.82,438.69,159.92,427.64,0.5458,-1,-1,-1
240,2,955.45,426.15,114.60,412.46,0.6240,-1,-1,-1
240,3,795.99,411.96,244.21,586.74,0.8480,-1,-1,-1
240,17,1162.01,437.51,116.57,371.22,0.7143,-1,-1,-1
240,47,627.56,460.54,51.60,172.39,0.5954,-1,-1,-1
240,48,509.09,441.28,39.81,117.48,0.4040,-1,-1,-1
240,55,717.04,438.04,163.48,430.42,0.6310,-1,-1,-1
240,56,1244.37,431.83,70.76,323.51,0.5407,-1,-1,-1
241,2,960.40,425.67,109.12,416.97,0.6740,-1,-1,-1
241,3,810.72,416.28,231.47,583.69,0.8196,-1,-1,-1
241,17,1172.70,438.09,109.14,370.65,0.7354,-1,-1,-1
241,47,628.78,457.01,56.82,174.72,0.5834,-1,-1,-1
241,48,508.82,441.97,39.82,116.94,0.4083,-1,-1,-1
241,55,722.18,437.13,161.37,429.43,0.6225,-1,-1,-1
241,56,1251.60,429.89,64.77,325.74,0.5438,-1,-1,-1
242,2,957.46,425.62,115.12,412.61,0.5606,-1,-1,-1
242,3,823.83,423.58,216.48,579.79,0.8240,-1,-1,-1
242,17,1181.06,437.29,110.28,366.83,0.6818,-1,-1,-1
242,47,628.20,459.24,58.26,170.85,0.5867,-1,-1,-1
242,48,508.27,444.51,39.85,114.90,0.3896,-1,-1,-1
242,55,756.71,437.35,127.94,434.46,0.6463,-1,-1,-1
243,2,976.32,427.32,96.81,408.96,0.4631,-1,-1,-1
243,3,829.50,403.25,212.52,601.71,0.8007,-1,-1,-1
243,17,1188.91,435.38,107.58,368.14,0.6389,-1,-1,-1
243,47,630.02,461.42,61.03,168.07,0.5670,-1,-1,-1
243,48,507.73,449.69,40.63,109.93,0.3382,-1,-1,-1
243,55,735.67,436.95,152.80,432.74,0.6695,-1,-1,-1
244,2,981.08,423.12,95.73,416.42,0.4868,-1,-1,-1
244,3,840.91,395.27,203.42,613.37,0.7915,-1,-1,-1
244,17,1199.16,433.36,114.22,369.93,0.7684,-1,-1,-1
244,47,631.14,462.36,65.84,168.84,0.5952,-1,-1,-1
244,48,507.63,447.67,40.68,111.42,0.3742,-1,-1,-1
244,55,734.33,436.03,154.05,432.91,0.6903,-1,-1,-1
245,3,848.11,400.74,202.14,615.19,0.7382,-1,-1,-1
245,17,1204.64,431.75,117.34,372.26,0.7983,-1,-1,-1
245,47,631.19,463.04,65.80,168.69,0.5915,-1,-1,-1
245,48,507.04,446.48,41.48,112.12,0.3848,-1,-1,-1
245,55,735.45,437.65,158.00,434.59,0.6435,-1,-1,-1
246,3,856.35,412.26,197.81,615.38,0.7832,-1,-1,-1
246,17,1208.06,431.41,112.65,370.76,0.7652,-1,-1,-1
246,47,632.41,461.06,64.13,169.54,0.5923,-1,-1,-1
246,48,507.82,441.76,41.01,116.74,0.3772,-1,-1,-1
246,55,735.45,439.26,164.70,433.81,0.5698,-1,-1,-1
247,3,867.08,421.03,188.63,614.02,0.7729,-1,-1,-1
247,17,1211.13,430.63,120.57,369.59,0.7320,-1,-1,-1
247,47,632.12,458.22,68.97,173.16,0.5075,-1,-1,-1
247,48,504.56,441.31,44.37,117.84,0.4357,-1,-1,-1
247,55,771.07,436.62,135.55,439.84,0.5569,-1,-1,-1
248,3,877.58,420.18,186.25,619.28,0.7379,-1,-1,-1
248,17,1215.04,431.51,136.32,371.12,0.8024,-1,-1,-1
248,47,637.96,461.14,59.14,171.21,0.5894,-1,-1,-1
248,48,503.86,440.37,45.02,118.79,0.3943,-1,-1,-1
248,55,771.78,434.30,136.66,443.00,0.5747,-1,-1,-1
249,3,884.75,422.89,182.71,620.69,0.7133,-1,-1,-1
249,17,1217.38,431.38,154.10,371.56,0.6993,-1,-1,-1
249,47,637.16,452.95,61.18,179.70,0.5774,-1,-1,-1
249,48,505.02,443.30,44.50,116.65,0.4016,-1,-1,-1
249,55,779.76,431.03,142.01,446.49,0.7505,-1,-1,-1
250,3,889.98,423.07,222.63,615.55,0.7204,-1,-1,-1
250,17,1218.45,432.39,175.07,372.30,0.7418,-1,-1,-1
250,47,643.22,450.01,65.69,183.62,0.6447,-1,-1,-1
250,48,507.82,444.27,41.92,115.43,0.3396,-1,-1,-1
250,55,779.71,427.58,147.64,450.19,0.7529,-1,-1,-1
251,3,902.04,409.78,216.98,634.04,0.7894,-1,-1,-1
251,17,1216.43,430.02,192.15,374.85,0.8487,-1,-1,-1
251,47,647.96,449.70,67.61,182.08,0.6700,-1,-1,-1
251,48,507.57,445.86,42.81,114.40,0.3449,-1,-1,-1
251,55,784.29,428.76,140.91,449.50,0.7635,-1,-1,-1
252,3,909.19,403.30,217.76,636.25,0.8474,-1,-1,-1
252,17,1216.83,427.12,201.83,378.92,0.8414,-1,-1,-1
252,36,410.64,472.27,44.17,99.99,0.3845,-1,-1,-1
252,47,649.86,447.83,67.37,183.89,0.7185,-1,-1,-1
252,48,507.49,443.24,43.68,116.86,0.3642,-1,-1,-1
252,55,784.46,429.66,143.37,450.04,0.7428,-1,-1,-1
252,61,1847.54,529.54,71.94,251.77,0.4945,-1,-1,-1
253,3,917.48,404.33,210.93,636.26,0.8429,-1,-1,-1
253,17,1217.74,427.35,204.26,380.15,0.8539,-1,-1,-1
253,36,410.61,471.04,44.66,100.68,0.3768,-1,-1,-1
253,47,652.04,446.89,65.62,185.48,0.6938,-1,-1,-1
253,48,508.42,444.13,43.31,116.80,0.3318,-1,-1,-1
253,55,789.08,432.24,136.38,444.77,0.7412,-1,-1,-1
253,61,1848.06,480.73,71.12,296.82,0.5930,-1,-1,-1
254,3,921.38,409.29,203.75,631.23,0.8355,-1,-1,-1
254,17,1217.27,424.15,201.62,385.39,0.8595,-1,-1,-1
254,36,411.57,468.08,40.74,103.69,0.3536,-1,-1,-1
254,47,655.37,448.34,62.46,183.72,0.7196,-1,-1,-1
254,48,508.68,446.41,42.78,114.96,0.3833,-1,-1,-1
254,55,786.71,433.19,139.21,444.25,0.7462,-1,-1,-1
254,61,1840.30,397.10,78.39,379.86,0.5196,-1,-1,-1
254,62,731.44,485.46,44.93,112.44,0.3836,-1,-1,-1
255,3,925.16,405.15,191.39,637.61,0.8328,-1,-1,-1
255,17,1217.81,427.62,209.16,384.23,0.8621,-1,-1,-1
255,36,410.40,471.00,40.57,102.85,0.3801,-1,-1,-1
255,47,656.89,449.43,64.03,183.33,0.6826,-1,-1,-1
255,48,511.99,446.09,39.93,114.66,0.3656,-1,-1,-1
255,55,799.60,430.75,133.85,446.07,0.7032,-1,-1,-1
255,61,1813.46,387.87,105.98,392.23,0.7462,-1,-1,-1
255,62,731.05,483.62,46.02,113.77,0.3561,-1,-1,-1
256,3,928.28,408.31,195.83,631.05,0.8421,-1,-1,-1
256,17,1223.20,428.29,207.47,385.61,0.8679,-1,-1,-1
256,36,408.25,474.72,41.92,100.12,0.3763,-1,-1,-1
256,47,657.84,450.44,68.87,183.49,0.7103,-1,-1,-1
256,48,510.62,440.90,42.12,119.98,0.4503,-1,-1,-1
256,55,806.83,432.38,128.99,449.40,0.7444,-1,-1,-1
256,61,1805.43,393.34,114.24,387.35,0.7645,-1,-1,-1
256,62,730.38,483.55,44.91,115.05,0.3395,-1,-1,-1
256,63,1099.93,436.14,50.80,120.62,0.3241,-1,-1,-1
257,3,930.01,407.77,189.13,633.54,0.8272,-1,-1,-1
257,17,1228.19,428.93,206.32,385.40,0.8663,-1,-1,-1
257,36,407.56,474.68,42.33,100.72,0.3681,-1,-1,-1
257,47,657.72,452.53,71.54,182.42,0.7086,-1,-1,-1
257,48,509.98,440.23,42.51,120.70,0.4334,-1,-1,-1
257,55,810.17,433.87,128.08,460.19,0.7060,-1,-1,-1
257,61,1811.54,393.85,108.17,387.39,0.7880,-1,-1,-1
257,62,730.54,484.04,44.55,113.92,0.3060,-1,-1,-1
257,63,1101.43,435.42,49.85,121.25,0.3593,-1,-1,-1
258,3,935.10,398.10,185.16,642.59,0.8026,-1,-1,-1
258,17,1240.72,427.54,194.92,385.44,0.8651,-1,-1,-1
258,47,659.31,448.21,72.07,191.45,0.7454,-1,-1,-1
258,55,794.00,433.48,144.94,472.30,0.6284,-1,-1,-1
258,61,1806.04,396.24,112.88,383.73,0.7381,-1,-1,-1
258,63,1101.15,434.03,52.46,122.30,0.3991,-1,-1,-1
259,3,934.45,394.89,182.74,647.27,0.7606,-1,-1,-1
259,17,1251.10,427.35,184.61,385.38,0.8004,-1,-1,-1
259,47,659.47,450.30,73.50,188.01,0.7307,-1,-1,-1
259,55,809.93,432.09,127.72,474.02,0.6528,-1,-1,-1
259,61,1781.47,400.18,137.27,376.46,0.7976,-1,-1,-1
259,63,1101.66,432.45,52.91,123.62,0.4000,-1,-1,-1
260,3,937.19,395.98,177.23,644.18,0.7713,-1,-1,-1
260,17,1262.21,426.06,175.42,386.82,0.7872,-1,-1,-1
260,36,404.62,472.66,44.70,102.74,0.3154,-1,-1,-1
260,47,662.70,452.21,70.44,185.06,0.7028,-1,-1,-1
260,55,812.86,432.56,127.98,477.66,0.5791,-1,-1,-1
260,61,1748.17,401.88,171.23,375.23,0.7756,-1,-1,-1
261,3,939.36,400.00,176.68,641.01,0.7815,-1,-1,-1
261,17,1278.23,426.32,159.15,386.86,0.7394,-1,-1,-1
261,47,663.55,450.97,70.24,188.73,0.7249,-1,-1,-1
261,48,505.66,443.29,46.04,117.50,0.3154,-1,-1,-1
261,55,779.91,441.90,155.92,473.76,0.5593,-1,-1,-1
261,61,1709.05,398.33,210.44,380.48,0.7868,-1,-1,-1
262,3,939.44,396.23,175.76,645.36,0.7996,-1,-1,-1
262,17,1306.42,424.34,135.15,391.42,0.7774,-1,-1,-1
262,36,400.84,470.38,49.00,98.31,0.3281,-1,-1,-1
262,47,663.99,450.57,70.17,189.58,0.6880,-1,-1,-1
262,48,505.36,439.24,46.10,120.90,0.4139,-1,-1,-1
262,55,819.20,434.13,126.96,480.45,0.6393,-1,-1,-1
262,61,1681.20,413.35,236.82,366.36,0.8118,-1,-1,-1
262,63,1103.85,435.16,56.65,121.32,0.3308,-1,-1,-1
263,3,942.71,396.22,176.15,645.22,0.8203,-1,-1,-1
263,17,1315.30,424.50,136.62,391.60,0.7907,-1,-1,-1
263,36,401.05,470.55,48.99,96.79,0.3306,-1,-1,-1
263,47,664.04,452.76,72.60,186.30,0.6493,-1,-1,-1
263,48,503.13,438.86,47.82,121.78,0.4045,-1,-1,-1
263,55,821.18,433.74,125.45,481.86,0.6634,-1,-1,-1
263,61,1668.73,424.17,249.87,354.33,0.8338,-1,-1,-1
263,63,1106.54,437.42,53.89,118.53,0.3363,-1,-1,-1
264,3,944.74,399.47,181.63,641.36,0.8215,-1,-1,-1
264,17,1331.29,420.51,127.18,397.52,0.8137,-1,-1,-1
264,36,402.74,468.75,44.36,99.10,0.3457,-1,-1,-1
264,47,666.02,452.64,73.53,186.64,0.6317,-1,-1,-1
264,48,504.54,439.61,47.42,121.05,0.4164,-1,-1,-1
264,55,823.71,433.37,119.79,481.66,0.6325,-1,-1,-1
264,61,1663.17,425.87,252.91,352.69,0.8500,-1,-1,-1
264,66,1297.71,432.46,42.06,118.10,0.3474,-1,-1,-1
265,3,946.07,402.10,183.55,639.86,0.8286,-1,-1,-1
265,17,1340.60,421.98,120.53,398.47,0.8056,-1,-1,-1
265,36,401.20,468.28,48.31,102.02,0.3569,-1,-1,-1
265,47,669.39,452.12,73.05,187.02,0.6308,-1,-1,-1
265,48,504.87,438.85,47.42,121.58,0.4094,-1,-1,-1
265,55,824.84,433.02,120.48,483.36,0.5963,-1,-1,-1
265,61,1660.45,427.42,245.55,350.05,0.8360,-1,-1,-1
265,63,1110.48,437.86,50.76,119.39,0.3257,-1,-1,-1
265,66,1298.62,434.58,46.44,113.91,0.3183,-1,-1,-1
266,3,948.51,403.00,176.88,638.77,0.8176,-1,-1,-1
266,17,1346.34,422.29,123.21,404.82,0.8193,-1,-1,-1
266,36,402.13,467.80,47.18,105.66,0.3041,-1,-1,-1
266,47,674.54,453.97,70.44,184.83,0.5930,-1,-1,-1
266,48,505.24,438.70,47.42,121.83,0.4104,-1,-1,-1
266,55,825.18,431.76,120.47,485.27,0.6313,-1,-1,-1
266,61,1658.48,413.66,233.64,360.88,0.8503,-1,-1,-1
266,63,1110.64,437.88,51.93,120.64,0.4104,-1,-1,-1
267,3,950.05,402.51,175.64,639.02,0.8105,-1,-1,-1
267,17,1351.53,418.84,122.56,414.50,0.8201,-1,-1,-1
267,36,400.49,464.56,49.71,109.01,0.3753,-1,-1,-1
267,47,675.07,454.00,70.87,183.33,0.6218,-1,-1,-1
267,48,505.14,438.96,47.54,121.41,0.4299,-1,-1,-1
267,55,824.85,428.28,120.14,490.78,0.7041,-1,-1,-1
267,61,1656.85,418.48,218.34,347.85,0.8300,-1,-1,-1
267,63,1115.18,438.41,47.75,119.22,0.3499,-1,-1,-1
268,3,950.61,403.87,171.85,638.28,0.8181,-1,-1,-1
268,17,1353.77,423.93,141.16,408.38,0.8309,-1,-1,-1
268,36,397.00,463.46,52.51,110.92,0.3047,-1,-1,-1
268,47,677.29,454.10,68.44,182.88,0.6810,-1,-1,-1
268,48,506.32,437.87,46.34,123.32,0.4164,-1,-1,-1
268,55,824.07,429.66,126.11,488.57,0.5945,-1,-1,-1
268,61,1658.60,415.89,187.89,340.49,0.8203,-1,-1,-1
269,3,950.80,403.58,178.13,639.01,0.8197,-1,-1,-1
269,17,1358.46,424.24,163.17,413.09,0.8576,-1,-1,-1
269,47,678.94,453.28,67.04,183.00,0.6683,-1,-1,-1
269,48,505.33,436.11,47.13,124.85,0.4431,-1,-1,-1
269,55,822.32,428.75,126.56,491.61,0.5654,-1,-1,-1
269,61,1657.14,417.67,167.68,338.49,0.8101,-1,-1,-1
269,63,1121.60,443.36,40.58,112.99,0.3672,-1,-1,-1
269,67,1051.51,437.88,103.40,212.01,0.3068,-1,-1,-1
270,3,952.51,404.56,172.83,638.53,0.8080,-1,-1,-1
270,17,1361.09,424.24,178.62,414.57,0.8497,-1,-1,-1
270,47,681.77,452.27,65.70,186.51,0.6998,-1,-1,-1
270,48,505.77,436.08,46.83,125.08,0.4103,-1,-1,-1
270,55,825.84,426.77,135.04,494.03,0.5995,-1,-1,-1
270,61,1657.56,410.50,136.82,343.38,0.8015,-1,-1,-1
270,67,1051.14,429.89,105.14,217.36,0.3154,-1,-1,-1
271,3,955.52,405.21,166.08,638.32,0.7717,-1,-1,-1
271,17,1360.18,423.55,196.66,414.40,0.8316,-1,-1,-1
271,47,685.64,448.07,64.80,192.71,0.6160,-1,-1,-1
271,48,507.29,437.57,47.02,123.61,0.3776,-1,-1,-1
271,55,826.18,426.23,137.31,495.14,0.6076,-1,-1,-1
271,61,1656.75,415.56,109.88,338.44,0.7669,-1,-1,-1
271,67,1059.21,427.97,100.09,216.81,0.3347,-1,-1,-1
272,3,959.99,403.95,158.76,639.12,0.8078,-1,-1,-1
272,17,1360.30,426.00,200.00,415.09,0.8649,-1,-1,-1
272,36,394.09,462.01,55.93,112.95,0.3113,-1,-1,-1
272,47,687.65,445.79,66.98,197.76,0.6513,-1,-1,-1
272,48,507.08,440.76,48.19,120.64,0.3849,-1,-1,-1
272,55,829.32,426.70,133.44,494.05,0.6614,-1,-1,-1
272,61,1642.66,416.36,96.72,335.75,0.7026,-1,-1,-1
273,3,963.31,403.10,158.61,640.02,0.8123,-1,-1,-1
273,17,1361.80,427.71,201.19,419.56,0.8805,-1,-1,-1
273,36,393.14,463.80,53.77,110.00,0.3625,-1,-1,-1
273,47,688.12,443.53,67.66,201.46,0.6531,-1,-1,-1
273,55,830.73,424.22,132.86,495.70,0.6601,-1,-1,-1
273,61,1637.40,430.13,85.54,323.56,0.7103,-1,-1,-1
274,3,964.44,403.21,155.48,640.19,0.8158,-1,-1,-1
274,17,1364.28,425.49,204.53,428.06,0.8754,-1,-1,-1
274,36,393.87,467.22,52.52,106.33,0.3265,-1,-1,-1
274,47,688.07,449.47,68.13,191.93,0.5838,-1,-1,-1
274,55,831.96,424.65,133.86,494.71,0.6800,-1,-1,-1
274,61,1622.79,438.80,97.00,311.92,0.7957,-1,-1,-1
274,67,1068.87,425.48,101.97,224.83,0.3287,-1,-1,-1
275,3,965.81,404.73,153.69,639.12,0.7983,-1,-1,-1
275,17,1369.17,424.11,202.45,430.25,0.8780,-1,-1,-1
275,36,392.83,465.15,55.48,107.97,0.3167,-1,-1,-1
275,47,692.19,449.37,73.70,193.46,0.5685,-1,-1,-1
275,55,832.11,422.57,134.33,495.95,0.7002,-1,-1,-1
275,61,1588.25,438.90,131.60,313.03,0.7846,-1,-1,-1
275,67,1067.60,425.29,104.38,225.40,0.4189,-1,-1,-1
276,3,967.34,401.22,155.62,642.21,0.8142,-1,-1,-1
276,17,1375.23,425.26,195.03,429.15,0.8333,-1,-1,-1
276,47,698.35,449.22,66.74,192.34,0.5449,-1,-1,-1
276,55,830.01,423.64,131.38,495.03,0.7021,-1,-1,-1
276,61,1567.41,437.81,149.96,316.36,0.8035,-1,-1,-1
276,67,1071.58,422.89,101.61,229.18,0.4046,-1,-1,-1
277,3,971.02,403.67,156.64,640.50,0.8281,-1,-1,-1
277,17,1378.87,425.50,192.52,429.30,0.8147,-1,-1,-1
277,47,694.73,453.08,65.26,191.82,0.4532,-1,-1,-1
277,55,827.12,423.66,131.17,495.49,0.6845,-1,-1,-1
277,61,1551.51,417.93,165.23,335.77,0.8513,-1,-1,-1
277,67,1077.28,426.09,97.16,226.96,0.3676,-1,-1,-1
278,3,970.15,401.49,160.40,643.33,0.8239,-1,-1,-1
278,17,1388.24,425.79,208.40,425.87,0.8073,-1,-1,-1
278,47,705.58,451.74,69.09,193.36,0.4961,-1,-1,-1
278,55,830.37,423.21,129.95,495.60,0.7099,-1,-1,-1
278,61,1536.51,459.40,180.26,291.17,0.8507,-1,-1,-1
279,3,974.16,401.01,158.97,644.73,0.8244,-1,-1,-1
279,17,1445.48,430.67,140.59,419.35,0.5474,-1,-1,-1
279,36,388.37,460.66,59.44,112.89,0.3212,-1,-1,-1
279,47,708.57,452.24,76.56,192.70,0.4307,-1,-1,-1
279,48,503.67,457.09,44.21,102.16,0.3372,-1,-1,-1
279,55,828.33,420.75,132.69,498.52,0.7356,-1,-1,-1
279,61,1535.69,421.20,177.84,327.78,0.8376,-1,-1,-1
280,3,975.25,401.18,164.77,643.23,0.8128,-1,-1,-1
280,17,1452.12,428.51,137.22,422.04,0.7809,-1,-1,-1
280,36,387.36,461.35,56.77,113.90,0.3620,-1,-1,-1
280,47,712.88,452.12,75.78,193.29,0.5381,-1,-1,-1
280,48,503.10,457.57,45.31,101.25,0.3202,-1,-1,-1
280,55,825.19,419.47,136.79,499.70,0.7231,-1,-1,-1
280,61,1557.03,450.35,149.45,294.67,0.7798,-1,-1,-1
281,3,977.49,398.31,167.01,645.50,0.8157,-1,-1,-1
281,17,1458.22,428.30,123.05,421.16,0.7883,-1,-1,-1
281,36,387.01,460.72,60.46,113.03,0.3627,-1,-1,-1
281,47,714.72,456.16,76.86,190.78,0.6095,-1,-1,-1
281,48,503.45,455.97,45.23,102.00,0.3043,-1,-1,-1
281,55,826.66,420.14,144.65,498.97,0.7255,-1,-1,-1
281,61,1554.91,416.75,138.07,331.26,0.6383,-1,-1,-1
281,62,793.16,449.89,35.54,86.58,0.3179,-1,-1,-1
282,3,978.74,400.35,169.88,643.40,0.7954,-1,-1,-1
282,17,1466.36,434.81,122.07,416.50,0.7364,-1,-1,-1
282,36,385.60,463.61,52.21,111.44,0.3588,-1,-1,-1
282,47,713.09,459.26,82.12,185.70,0.5087,-1,-1,-1
282,48,504.70,454.96,43.53,103.76,0.3270,-1,-1,-1
282,55,825.98,419.44,153.78,497.32,0.7456,-1,-1,-1
282,61,1546.34,418.32,128.67,323.76,0.5455,-1,-1,-1
283,3,983.28,399.46,168.67,644.29,0.7813,-1,-1,-1
283,17,1470.31,431.56,143.55,421.86,0.7704,-1,-1,-1
283,36,385.68,463.51,51.91,111.90,0.4533,-1,-1,-1
283,47,716.06,458.63,79.83,185.35,0.6083,-1,-1,-1
283,48,504.15,455.62,43.34,103.60,0.3480,-1,-1,-1
283,55,825.16,420.97,168.98,496.87,0.7567,-1,-1,-1
284,3,991.60,401.34,156.61,641.30,0.7639,-1,-1,-1
284,17,1478.14,427.96,147.70,423.30,0.7981,-1,-1,-1
284,36,383.64,466.35,57.56,109.18,0.4321,-1,-1,-1
284,47,717.17,457.30,80.08,187.41,0.6897,-1,-1,-1
284,48,505.36,456.65,41.60,103.37,0.3518,-1,-1,-1
284,55,824.88,421.03,179.95,498.48,0.7645,-1,-1,-1
285,3,992.87,404.56,155.02,638.41,0.7923,-1,-1,-1
285,17,1486.95,435.80,142.21,416.38,0.7758,-1,-1,-1
285,36,381.54,467.26,56.64,107.84,0.4211,-1,-1,-1
285,47,715.46,455.31,83.56,189.19,0.7342,-1,-1,-1
285,48,504.57,456.48,42.32,103.60,0.3971,-1,-1,-1
285,55,825.89,428.20,185.61,495.70,0.7774,-1,-1,-1
285,70,1346.24,444.37,36.59,102.15,0.4819,-1,-1,-1
286,3,995.10,406.61,154.06,636.81,0.7906,-1,-1,-1
286,17,1494.91,434.46,157.86,417.26,0.8168,-1,-1,-1
286,36,380.45,468.58,54.56,106.33,0.3749,-1,-1,-1
286,47,715.69,453.83,87.28,190.76,0.7743,-1,-1,-1
286,48,504.47,457.17,42.23,102.94,0.3725,-1,-1,-1
286,55,825.79,425.24,190.50,498.91,0.7843,-1,-1,-1
286,70,1349.55,442.74,35.84,103.15,0.4343,-1,-1,-1
287,3,994.48,406.67,156.49,636.91,0.7841,-1,-1,-1
287,17,1496.48,429.76,186.79,422.56,0.8299,-1,-1,-1
287,36,380.52,469.73,50.38,104.41,0.3052,-1,-1,-1
287,47,718.35,454.91,84.64,188.91,0.7627,-1,-1,-1
287,48,504.60,457.25,41.81,103.22,0.3371,-1,-1,-1
287,55,829.65,420.91,191.31,500.50,0.8053,-1,-1,-1
287,70,1351.00,444.14,34.84,104.46,0.4865,-1,-1,-1
287,72,1477.93,441.99,59.62,193.67,0.5657,-1,-1,-1
288,3,996.77,406.53,154.16,637.77,0.7845,-1,-1,-1
288,17,1500.42,429.18,213.19,428.24,0.8567,-1,-1,-1
288,36,381.41,470.82,47.53,103.82,0.3560,-1,-1,-1
288,47,721.92,446.81,81.22,195.61,0.7396,-1,-1,-1
288,48,504.88,456.23,41.26,104.46,0.3750,-1,-1,-1
288,55,830.82,421.05,191.52,500.49,0.8140,-1,-1,-1
289,3,998.89,408.19,152.70,635.34,0.7846,-1,-1,-1
289,17,1501.95,438.06,228.54,421.44,0.8817,-1,-1,-1
289,47,726.35,446.43,79.89,197.48,0.6597,-1,-1,-1
289,48,506.41,456.04,39.92,104.58,0.3565,-1,-1,-1
289,55,836.21,423.74,186.27,496.38,0.8089,-1,-1,-1
289,70,1353.62,442.07,42.01,105.68,0.3069,-1,-1,-1
290,3,1002.44,404.81,151.14,639.00,0.8122,-1,-1,-1
290,17,1500.78,436.33,242.05,429.81,0.8746,-1,-1,-1
290,47,730.65,448.87,79.54,195.13,0.6345,-1,-1,-1
290,48,506.25,456.21,38.91,102.54,0.3480,-1,-1,-1
290,55,841.07,417.42,180.86,503.45,0.8087,-1,-1,-1
290,73,1432.83,415.40,140.33,309.34,0.4380,-1,-1,-1
291,3,1003.18,403.02,154.62,639.76,0.7856,-1,-1,-1
291,17,1498.56,433.79,254.33,435.46,0.8359,-1,-1,-1
291,47,733.76,454.88,78.07,191.13,0.6253,-1,-1,-1
291,55,832.46,421.38,190.72,500.45,0.8189,-1,-1,-1
291,70,1357.66,442.24,45.77,105.45,0.3009,-1,-1,-1
291,73,1414.21,424.80,154.25,293.30,0.6329,-1,-1,-1
291,74,678.33,480.27,52.21,123.61,0.3435,-1,-1,-1
292,3,1002.13,403.58,156.23,638.69,0.7559,-1,-1,-1
292,17,1497.51,435.55,255.34,438.00,0.8560,-1,-1,-1
292,47,743.98,452.48,66.89,193.21,0.6021,-1,-1,-1
292,55,834.64,422.88,189.19,496.96,0.8121,-1,-1,-1
292,61,1401.42,429.08,158.56,315.32,0.3366,-1,-1,-1
293,3,1006.77,404.66,155.29,637.62,0.8020,-1,-1,-1
293,17,1498.46,437.01,260.55,442.39,0.8686,-1,-1,-1
293,47,745.07,449.36,68.21,197.54,0.6662,-1,-1,-1
293,48,504.98,454.38,40.32,104.87,0.3594,-1,-1,-1
293,55,841.05,417.15,181.84,503.99,0.8220,-1,-1,-1
293,61,1401.29,429.43,130.94,280.36,0.7028,-1,-1,-1
294,3,1007.71,402.49,154.86,641.41,0.8147,-1,-1,-1
294,17,1499.48,435.23,265.14,445.78,0.8660,-1,-1,-1
294,47,747.06,452.13,63.41,194.44,0.6552,-1,-1,-1
294,48,504.52,457.58,40.77,101.42,0.3396,-1,-1,-1
294,55,843.12,414.26,180.72,506.95,0.8318,-1,-1,-1
294,61,1399.26,429.67,137.84,280.54,0.7576,-1,-1,-1
294,74,681.21,483.83,50.69,122.46,0.3562,-1,-1,-1
294,75,1156.76,436.01,42.70,115.05,0.3384,-1,-1,-1
295,3,1009.24,402.95,151.14,640.55,0.8107,-1,-1,-1
295,17,1499.20,430.08,265.67,448.32,0.8549,-1,-1,-1
295,47,746.75,451.92,71.38,196.42,0.6376,-1,-1,-1
295,55,845.91,412.73,178.52,507.72,0.8263,-1,-1,-1
295,61,1393.96,429.00,152.05,281.41,0.7587,-1,-1,-1
295,75,1156.81,437.26,45.31,113.97,0.3221,-1,-1,-1
295,76,1538.15,431.52,69.53,219.88,0.4276,-1,-1,-1
296,3,1008.24,403.96,156.08,638.69,0.8181,-1,-1,-1
296,17,1513.44,429.09,249.27,450.24,0.8341,-1,-1,-1
296,47,750.55,449.16,76.67,196.82,0.6583,-1,-1,-1
296,55,849.61,412.83,175.31,508.45,0.8370,-1,-1,-1
296,61,1398.00,427.40,141.72,282.88,0.7694,-1,-1,-1
296,75,1156.44,436.69,46.56,114.51,0.3720,-1,-1,-1
296,76,1544.55,430.94,78.24,220.79,0.3584,-1,-1,-1
297,3,1010.95,405.11,155.13,636.86,0.8149,-1,-1,-1
297,17,1532.64,429.96,228.04,448.76,0.7895,-1,-1,-1
297,47,759.14,447.87,70.03,200.06,0.7291,-1,-1,-1
297,55,853.96,408.91,170.85,512.42,0.8351,-1,-1,-1
297,61,1401.82,434.13,133.45,276.81,0.7833,-1,-1,-1
297,74,679.49,491.67,51.50,115.05,0.3195,-1,-1,-1
297,75,1157.45,437.03,46.75,115.68,0.3653,-1,-1,-1
297,76,1553.85,440.84,78.36,213.84,0.4018,-1,-1,-1
298,3,1009.63,406.05,158.55,635.59,0.8085,-1,-1,-1
298,17,1544.25,431.25,219.24,445.31,0.7482,-1,-1,-1
298,47,756.35,447.31,72.16,200.06,0.7156,-1,-1,-1
298,48,506.56,455.20,39.42,104.44,0.3013,-1,-1,-1
298,55,855.47,410.67,169.64,512.52,0.8060,-1,-1,-1
298,61,1399.06,440.96,121.53,267.32,0.7831,-1,-1,-1
298,75,1157.34,436.59,48.33,116.90,0.4044,-1,-1,-1
298,76,1564.34,430.41,76.80,215.98,0.3779,-1,-1,-1
299,3,1009.83,404.97,161.94,635.10,0.8110,-1,-1,-1
299,17,1558.15,423.63,215.50,456.42,0.7704,-1,-1,-1
299,47,762.72,452.10,70.65,198.43,0.7053,-1,-1,-1
299,55,869.50,415.63,155.78,512.22,0.7731,-1,-1,-1
299,61,1396.78,450.58,106.81,257.18,0.7392,-1,-1,-1
299,74,682.50,487.66,45.79,116.56,0.3248,-1,-1,-1
299,76,1572.83,422.26,89.15,225.45,0.3315,-1,-1,-1
300,3,1011.83,405.31,162.62,630.90,0.8217,-1,-1,-1
300,17,1580.19,422.35,184.61,457.57,0.6959,-1,-1,-1
300,36,379.07,469.84,44.42,103.78,0.3174,-1,-1,-1
300,47,765.05,451.09,70.57,198.66,0.7139,-1,-1,-1
300,48,505.49,456.61,39.40,103.04,0.3015,-1,-1,-1
300,55,878.65,419.68,144.30,513.33,0.7726,-1,-1,-1
300,61,1385.16,421.98,99.22,284.77,0.7877,-1,-1,-1
300,74,683.06,495.43,46.68,110.55,0.3332,-1,-1,-1
300,76,1579.93,425.57,81.58,223.54,0.4268,-1,-1,-1
301,3,1009.74,404.78,160.76,628.75,0.8169,-1,-1,-1
301,17,1613.66,421.81,176.11,456.61,0.7294,-1,-1,-1
301,36,379.07,468.11,44.47,105.55,0.3902,-1,-1,-1
301,47,769.95,449.56,67.16,199.93,0.7476,-1,-1,-1
301,48,506.16,458.19,37.39,101.47,0.3099,-1,-1,-1
301,55,886.30,419.47,135.80,523.10,0.7650,-1,-1,-1
301,61,1381.77,448.68,84.76,258.35,0.8124,-1,-1,-1
301,76,1582.76,426.03,88.31,222.26,0.3789,-1,-1,-1
301,77,0.94,614.88,108.06,242.03,0.3010,-1,-1,-1
302,3,1006.82,406.28,165.67,623.80,0.8146,-1,-1,-1
302,17,1632.98,415.18,158.68,465.08,0.7632,-1,-1,-1
302,36,379.74,468.69,43.99,104.55,0.4012,-1,-1,-1
302,47,770.15,456.25,72.90,195.06,0.7885,-1,-1,-1
302,48,506.80,459.98,36.08,99.06,0.3998,-1,-1,-1
302,55,889.46,419.35,133.70,529.58,0.7534,-1,-1,-1
302,61,1371.12,454.29,86.34,253.61,0.8322,-1,-1,-1
302,76,1588.47,422.11,95.67,227.87,0.3662,-1,-1,-1
302,77,-4.51,675.83,122.75,188.31,0.5671,-1,-1,-1
303,3,1011.99,404.69,162.29,621.43,0.8100,-1,-1,-1
303,17,1648.56,408.93,149.61,480.31,0.7716,-1,-1,-1
303,36,378.96,466.01,44.48,107.22,0.4224,-1,-1,-1
303,47,771.00,454.07,72.26,198.02,0.7770,-1,-1,-1
303,48,506.25,459.51,36.47,100.18,0.4127,-1,-1,-1
303,55,873.17,421.08,150.86,528.25,0.7567,-1,-1,-1
303,61,1358.01,420.60,90.75,284.92,0.7919,-1,-1,-1
303,76,1594.36,418.77,93.01,229.77,0.3900,-1,-1,-1
303,77,0.30,649.36,116.50,208.62,0.6844,-1,-1,-1
304,3,1012.65,403.86,171.08,623.24,0.8100,-1,-1,-1
304,17,1660.33,410.45,156.41,489.73,0.7762,-1,-1,-1
304,36,378.48,466.55,44.83,106.97,0.3868,-1,-1,-1
304,47,773.53,453.78,75.94,199.04,0.7692,-1,-1,-1
304,48,505.37,459.02,38.22,101.69,0.4884,-1,-1,-1
304,55,866.33,420.00,159.00,530.91,0.7953,-1,-1,-1
304,61,1343.39,420.41,99.98,285.72,0.7747,-1,-1,-1
304,62,738.83,477.13,41.61,119.41,0.3331,-1,-1,-1
304,76,1603.66,419.52,91.73,230.28,0.3350,-1,-1,-1
304,77,1.02,554.87,117.36,300.98,0.7201,-1,-1,-1
305,3,1012.25,404.25,184.83,620.24,0.7974,-1,-1,-1
305,17,1668.07,414.82,152.03,492.45,0.7422,-1,-1,-1
305,36,377.65,466.39,45.77,107.30,0.3849,-1,-1,-1
305,47,774.24,450.12,76.53,204.92,0.7745,-1,-1,-1
305,48,505.72,457.44,37.29,103.01,0.4554,-1,-1,-1
305,55,873.75,420.87,151.14,530.18,0.7790,-1,-1,-1
305,61,1336.26,425.23,104.05,280.78,0.7662,-1,-1,-1
305,62,739.19,478.84,40.99,119.27,0.3207,-1,-1,-1
305,76,1612.72,410.06,92.09,240.11,0.3236,-1,-1,-1
305,77,2.16,494.62,116.03,361.84,0.6235,-1,-1,-1
305,78,1183.85,439.54,37.65,109.64,0.3835,-1,-1,-1
306,3,1014.67,405.04,197.47,615.81,0.8195,-1,-1,-1
306,17,1669.83,417.87,176.77,494.71,0.8635,-1,-1,-1
306,36,377.31,466.10,46.49,107.96,0.3833,-1,-1,-1
306,47,776.15,447.05,76.08,208.11,0.7658,-1,-1,-1
306,48,504.00,457.45,40.02,103.51,0.4757,-1,-1,-1
306,55,874.91,420.03,151.14,531.48,0.7988,-1,-1,-1
306,61,1318.89,439.81,121.33,263.23,0.8031,-1,-1,-1
306,62,737.63,480.53,43.23,117.80,0.3089,-1,-1,-1
306,76,1617.55,421.79,99.85,339.13,0.3464,-1,-1,-1
306,77,-0.09,470.52,123.10,390.08,0.7374,-1,-1,-1
306,78,1183.36,441.82,41.17,107.47,0.5475,-1,-1,-1
307,3,1016.61,401.94,204.43,617.83,0.8297,-1,-1,-1
307,17,1675.04,413.64,217.31,502.28,0.8523,-1,-1,-1
307,36,378.80,466.74,45.06,107.25,0.3605,-1,-1,-1
307,47,779.47,451.95,73.04,202.05,0.7219,-1,-1,-1
307,48,503.74,461.17,38.79,100.22,0.4179,-1,-1,-1
307,55,872.11,419.61,154.37,531.64,0.8147,-1,-1,-1
307,61,1310.30,450.55,130.13,250.20,0.8039,-1,-1,-1
307,62,732.28,481.08,45.15,114.42,0.3359,-1,-1,-1
307,76,1613.70,411.62,117.39,393.98,0.5688,-1,-1,-1
307,77,1.02,415.09,122.35,445.85,0.7493,-1,-1,-1
307,78,1184.76,442.67,41.01,105.77,0.5622,-1,-1,-1
308,3,1016.17,401.33,214.80,616.21,0.8433,-1,-1,-1
308,17,1674.33,418.54,238.34,497.75,0.8351,-1,-1,-1
308,36,377.75,466.98,47.18,107.03,0.3478,-1,-1,-1
308,47,782.19,449.41,71.41,203.66,0.7512,-1,-1,-1
308,48,502.18,462.36,40.86,98.94,0.4128,-1,-1,-1
308,55,874.18,420.39,152.80,531.11,0.8196,-1,-1,-1
308,61,1301.35,432.32,136.19,267.70,0.8114,-1,-1,-1
308,62,731.63,478.73,46.71,116.90,0.3389,-1,-1,-1
308,76,1605.04,402.37,132.91,404.56,0.6368,-1,-1,-1
308,77,0.84,405.39,123.64,455.71,0.7872,-1,-1,-1
308,78,1186.37,442.45,43.70,105.74,0.4958,-1,-1,-1
309,3,1016.56,399.24,223.59,616.79,0.8482,-1,-1,-1
309,17,1673.56,418.08,240.01,502.49,0.8586,-1,-1,-1
309,36,378.35,465.34,45.86,108.05,0.3292,-1,-1,-1
309,47,790.76,446.77,66.72,207.90,0.7213,-1,-1,-1
309,48,500.87,461.25,42.11,99.58,0.4336,-1,-1,-1
309,55,872.42,421.36,154.01,529.24,0.8313,-1,-1,-1
309,61,1295.27,431.40,139.35,269.85,0.8018,-1,-1,-1
309,62,732.07,477.78,49.73,118.93,0.3718,-1,-1,-1
309,76,1609.15,405.34,137.77,403.97,0.5926,-1,-1,-1
309,77,0.88,399.02,123.78,462.31,0.8111,-1,-1,-1
309,78,1189.44,443.56,39.90,104.06,0.4223,-1,-1,-1
310,3,1017.43,400.03,229.65,615.18,0.8572,-1,-1,-1
310,17,1670.64,418.23,248.04,510.74,0.8810,-1,-1,-1
310,47,795.14,444.68,63.92,210.30,0.7222,-1,-1,-1
310,48,499.30,460.05,43.24,100.91,0.4624,-1,-1,-1
310,55,874.57,421.82,151.31,529.16,0.8078,-1,-1,-1
310,61,1290.62,429.03,138.39,270.93,0.7629,-1,-1,-1
310,62,732.62,480.23,49.88,118.11,0.3745,-1,-1,-1
310,76,1616.50,408.10,140.56,403.15,0.5079,-1,-1,-1
310,77,0.83,397.37,123.91,463.67,0.8050,-1,-1,-1
310,78,1190.46,445.43,41.58,102.86,0.4922,-1,-1,-1
311,3,1016.08,402.62,231.71,612.66,0.8585,-1,-1,-1
311,17,1668.68,419.68,250.80,514.69,0.8750,-1,-1,-1
311,47,798.74,444.56,63.92,211.25,0.7320,-1,-1,-1
311,48,499.32,455.99,45.00,104.35,0.4798,-1,-1,-1
311,55,873.22,420.62,153.23,530.34,0.8185,-1,-1,-1
311,61,1289.46,432.10,126.47,263.21,0.7591,-1,-1,-1
311,62,732.62,479.46,51.33,119.23,0.4493,-1,-1,-1
311,76,1647.04,408.48,116.17,408.54,0.4775,-1,-1,-1
311,77,1.38,394.16,120.31,463.33,0.8183,-1,-1,-1
311,78,1190.09,446.59,41.63,100.95,0.5117,-1,-1,-1
312,3,1020.15,403.92,227.15,611.30,0.8613,-1,-1,-1
312,17,1671.11,420.23,248.53,514.68,0.8619,-1,-1,-1
312,47,799.37,448.10,67.41,208.30,0.7321,-1,-1,-1
312,48,498.81,455.23,45.27,105.85,0.4224,-1,-1,-1
312,55,870.95,420.20,156.22,531.46,0.8328,-1,-1,-1
312,61,1279.87,430.03,117.24,260.12,0.7647,-1,-1,-1
312,62,732.18,479.81,52.71,118.89,0.4648,-1,-1,-1
312,76,1619.59,410.70,151.98,407.52,0.5090,-1,-1,-1
312,77,-0.63,391.97,127.34,468.11,0.8304,-1,-1,-1
312,78,1191.62,442.93,40.35,106.07,0.4683,-1,-1,-1
313,3,1020.04,402.68,228.10,612.60,0.8614,-1,-1,-1
313,17,1677.77,422.23,241.18,514.51,0.8693,-1,-1,-1
313,47,799.75,445.38,76.61,211.56,0.7278,-1,-1,-1
313,48,498.30,457.92,45.14,104.04,0.3888,-1,-1,-1
313,55,869.93,419.53,157.43,532.42,0.8133,-1,-1,-1
313,61,1274.61,432.58,108.24,256.54,0.7861,-1,-1,-1
313,62,732.57,478.59,51.82,119.03,0.4908,-1,-1,-1
313,76,1617.76,412.13,168.05,402.24,0.4769,-1,-1,-1
313,77,-1.35,392.71,141.29,468.00,0.8574,-1,-1,-1
313,78,1191.24,440.60,43.50,110.05,0.4890,-1,-1,-1
314,3,1022.31,402.37,224.81,611.93,0.8651,-1,-1,-1
314,17,1688.47,419.06,230.27,518.10,0.8702,-1,-1,-1
314,47,801.59,445.58,76.45,211.54,0.7230,-1,-1,-1
314,48,496.88,456.02,46.38,105.76,0.4152,-1,-1,-1
314,55,868.95,419.00,159.48,533.23,0.8200,-1,-1,-1
314,61,1277.41,427.15,90.50,261.48,0.8066,-1,-1,-1
314,62,733.23,482.10,49.89,116.07,0.4094,-1,-1,-1
314,76,1623.58,414.04,169.21,398.71,0.3581,-1,-1,-1
314,77,2.88,394.28,154.92,463.44,0.8540,-1,-1,-1
314,78,1191.86,438.92,44.81,112.49,0.5536,-1,-1,-1
315,3,1029.19,399.47,218.26,616.15,0.8600,-1,-1,-1
315,17,1776.16,422.05,142.88,516.23,0.7127,-1,-1,-1
315,36,377.42,462.97,44.81,111.00,0.3025,-1,-1,-1
315,47,805.05,443.40,77.70,214.31,0.7223,-1,-1,-1
315,48,497.58,454.08,44.68,106.73,0.4378,-1,-1,-1
315,55,867.80,417.09,162.15,534.89,0.8149,-1,-1,-1
315,61,1274.43,426.86,82.36,260.57,0.7805,-1,-1,-1
315,62,731.68,480.74,50.43,117.04,0.3637,-1,-1,-1
315,76,1631.26,421.51,214.18,457.09,0.4210,-1,-1,-1
315,77,9.83,398.14,185.41,463.42,0.8670,-1,-1,-1
315,78,1193.52,434.53,42.71,116.18,0.5376,-1,-1,-1
316,3,1034.58,401.63,211.05,612.04,0.8604,-1,-1,-1
316,17,1788.67,416.64,130.54,518.66,0.7920,-1,-1,-1
316,47,804.97,444.37,79.68,214.93,0.6920,-1,-1,-1
316,48,498.06,453.14,43.89,108.05,0.4586,-1,-1,-1
316,55,866.81,415.69,161.12,536.26,0.8044,-1,-1,-1
316,61,1272.97,428.36,73.23,261.80,0.7537,-1,-1,-1
316,62,730.67,481.03,51.47,116.26,0.3195,-1,-1,-1
316,76,1640.48,414.47,214.56,475.10,0.6290,-1,-1,-1
316,77,14.43,405.92,222.01,456.80,0.8803,-1,-1,-1
316,78,1194.96,436.05,45.42,115.03,0.6062,-1,-1,-1
317,3,1036.65,399.88,209.56,614.67,0.8568,-1,-1,-1
317,17,1799.82,415.73,119.97,517.68,0.7080,-1,-1,-1
317,36,378.22,463.86,44.95,111.30,0.3883,-1,-1,-1
317,47,806.95,443.79,68.30,216.86,0.6833,-1,-1,-1
317,48,498.10,451.45,42.72,109.93,0.4665,-1,-1,-1
317,55,865.32,417.64,166.39,533.67,0.8188,-1,-1,-1
317,61,1265.38,421.83,75.79,264.73,0.7733,-1,-1,-1
317,62,731.63,481.82,50.59,115.74,0.3408,-1,-1,-1
317,76,1648.46,408.65,199.55,474.00,0.5928,-1,-1,-1
317,77,16.26,403.04,250.36,459.30,0.8819,-1,-1,-1
317,78,1196.17,437.51,43.87,113.67,0.5818,-1,-1,-1
318,3,1039.56,400.04,207.81,613.37,0.8527,-1,-1,-1
318,17,1783.84,421.55,134.49,525.27,0.6348,-1,-1,-1
318,36,377.15,463.03,45.96,110.97,0.3310,-1,-1,-1
318,47,807.88,443.77,69.30,216.46,0.6695,-1,-1,-1
318,48,497.16,453.23,42.39,108.13,0.4918,-1,-1,-1
318,55,868.06,417.12,164.84,534.71,0.8160,-1,-1,-1
318,61,1257.41,429.45,80.71,257.34,0.7974,-1,-1,-1
318,62,730.57,481.44,51.19,115.78,0.3319,-1,-1,-1
318,76,1683.22,405.95,160.78,441.68,0.3689,-1,-1,-1
318,77,16.33,402.65,274.31,460.86,0.9010,-1,-1,-1
318,78,1199.02,437.51,45.07,112.01,0.5601,-1,-1,-1
319,3,1041.43,400.53,206.03,611.80,0.8538,-1,-1,-1
319,17,1813.35,415.68,105.72,525.27,0.6739,-1,-1,-1
319,36,377.27,462.82,46.27,111.40,0.3382,-1,-1,-1
319,47,814.42,444.74,70.66,214.11,0.6716,-1,-1,-1
319,48,496.60,454.08,41.37,107.44,0.4819,-1,-1,-1
319,55,866.38,416.19,166.71,535.60,0.8182,-1,-1,-1
319,61,1244.00,427.90,93.55,259.47,0.7733,-1,-1,-1
319,76,1717.95,401.41,132.38,445.21,0.4389,-1,-1,-1
319,77,17.58,401.05,282.60,462.73,0.8975,-1,-1,-1
319,78,1201.06,439.41,44.78,109.38,0.5848,-1,-1,-1
320,3,1045.55,401.66,201.20,610.65,0.8578,-1,-1,-1
320,17,1830.58,417.88,88.82,522.22,0.7309,-1,-1,-1
320,47,816.17,445.38,73.01,213.91,0.6271,-1,-1,-1
320,48,496.58,450.42,40.74,110.38,0.4495,-1,-1,-1
320,55,865.61,416.59,169.52,534.40,0.8259,-1,-1,-1
320,61,1230.82,436.59,107.66,252.39,0.7425,-1,-1,-1
320,76,1705.88,397.80,150.06,458.05,0.5097,-1,-1,-1
320,77,20.40,403.88,287.92,458.03,0.8933,-1,-1,-1
320,78,1203.07,441.02,44.15,107.70,0.4242,-1,-1,-1
321,3,1047.71,400.67,199.10,611.72,0.8622,-1,-1,-1
321,17,1844.87,428.89,74.55,512.17,0.7349,-1,-1,-1
321,47,818.65,448.28,68.84,210.62,0.6440,-1,-1,-1
321,48,495.30,448.20,40.16,112.59,0.4154,-1,-1,-1
321,55,868.25,417.40,164.79,533.91,0.8209,-1,-1,-1
321,61,1234.74,435.35,104.05,251.78,0.7710,-1,-1,-1
321,76,1715.95,400.14,147.26,443.93,0.5447,-1,-1,-1
321,77,22.31,403.59,289.66,457.54,0.8874,-1,-1,-1
321,78,1206.25,441.95,42.49,97.88,0.3217,-1,-1,-1
321,80,1437.88,435.42,43.70,114.24,0.5423,-1,-1,-1
322,3,1048.77,404.29,197.52,609.06,0.8587,-1,-1,-1
322,17,1855.97,428.16,63.38,511.88,0.6971,-1,-1,-1
322,36,376.52,462.50,46.81,111.72,0.3777,-1,-1,-1
322,47,819.70,448.97,71.46,210.41,0.6701,-1,-1,-1
322,48,493.21,446.21,42.24,115.00,0.4478,-1,-1,-1
322,55,868.64,416.69,163.01,534.67,0.8248,-1,-1,-1
322,61,1231.82,443.28,106.46,242.65,0.7587,-1,-1,-1
322,76,1731.65,394.38,141.63,450.01,0.5505,-1,-1,-1
322,77,24.92,405.06,295.53,447.52,0.8864,-1,-1,-1
322,80,1436.86,434.66,46.14,114.68,0.5468,-1,-1,-1
323,3,1051.20,402.19,194.59,610.04,0.8646,-1,-1,-1
323,17,1859.91,464.07,59.40,478.89,0.6176,-1,-1,-1
323,36,376.54,462.99,46.62,111.52,0.4024,-1,-1,-1
323,47,820.36,453.02,74.48,206.16,0.6409,-1,-1,-1
323,48,492.78,446.11,43.05,114.93,0.4654,-1,-1,-1
323,55,870.71,415.51,165.15,535.84,0.8173,-1,-1,-1
323,61,1231.85,441.02,101.05,243.55,0.7668,-1,-1,-1
323,76,1738.36,392.72,142.66,450.09,0.6868,-1,-1,-1
323,77,25.91,407.51,299.13,443.89,0.8896,-1,-1,-1
323,80,1436.86,438.34,51.43,110.62,0.4974,-1,-1,-1
324,3,1054.99,399.46,191.14,613.10,0.8562,-1,-1,-1
324,17,1858.72,435.34,60.28,506.36,0.5789,-1,-1,-1
324,36,376.53,464.11,46.17,110.59,0.4084,-1,-1,-1
324,47,820.61,457.08,74.79,201.55,0.6238,-1,-1,-1
324,48,491.81,446.73,43.19,114.48,0.4749,-1,-1,-1
324,55,872.52,416.07,164.28,535.44,0.8081,-1,-1,-1
324,61,1222.80,437.73,103.67,247.46,0.7489,-1,-1,-1
324,76,1749.69,392.72,141.28,453.50,0.6027,-1,-1,-1
324,77,32.86,408.01,293.21,439.02,0.8971,-1,-1,-1
324,80,1440.21,440.96,51.86,107.90,0.5523,-1,-1,-1
325,3,1056.42,398.05,190.87,614.48,0.8535,-1,-1,-1
325,17,1863.25,402.29,56.02,537.76,0.5327,-1,-1,-1
325,36,375.99,464.32,47.64,110.51,0.4271,-1,-1,-1
325,47,826.91,444.66,75.66,215.97,0.4446,-1,-1,-1
325,48,491.92,447.05,42.10,115.42,0.4747,-1,-1,-1
325,55,874.52,415.40,162.46,535.98,0.8057,-1,-1,-1
325,61,1218.40,444.13,102.10,240.60,0.6803,-1,-1,-1
325,76,1759.23,392.23,157.18,469.88,0.5504,-1,-1,-1
325,77,43.07,406.36,283.91,441.11,0.9014,-1,-1,-1
325,80,1445.17,439.55,50.63,108.37,0.5733,-1,-1,-1
326,3,1057.21,398.47,191.08,614.49,0.8586,-1,-1,-1
326,17,1861.48,405.97,57.04,537.13,0.3076,-1,-1,-1
326,36,376.74,465.85,46.94,109.61,0.4041,-1,-1,-1
326,47,828.82,440.62,81.12,222.32,0.3749,-1,-1,-1
326,48,490.31,445.57,44.20,116.27,0.4507,-1,-1,-1
326,55,875.84,415.81,161.75,535.89,0.7933,-1,-1,-1
326,61,1212.33,454.71,97.32,226.52,0.5428,-1,-1,-1
326,76,1764.79,395.02,154.30,502.03,0.6152,-1,-1,-1
326,77,60.12,406.50,266.65,437.07,0.8902,-1,-1,-1
326,80,1447.15,441.60,49.73,107.05,0.5908,-1,-1,-1
327,3,1057.60,395.69,190.71,617.98,0.8637,-1,-1,-1
327,36,376.22,466.67,48.16,108.39,0.4017,-1,-1,-1
327,48,489.69,445.38,43.51,116.14,0.5024,-1,-1,-1
327,55,879.98,417.18,157.24,534.33,0.7847,-1,-1,-1
327,61,1206.38,431.13,65.01,197.76,0.4026,-1,-1,-1
327,76,1768.98,392.61,150.32,537.36,0.7191,-1,-1,-1
327,77,86.00,403.69,240.05,435.66,0.8740,-1,-1,-1
327,80,1448.18,441.53,53.18,106.74,0.5938,-1,-1,-1
327,81,847.26,443.68,60.66,136.00,0.3476,-1,-1,-1
328,3,1057.31,396.00,192.67,617.93,0.8601,-1,-1,-1
328,36,377.46,467.21,47.37,108.55,0.4554,-1,-1,-1
328,48,489.71,450.40,41.68,111.92,0.3987,-1,-1,-1
328,55,879.88,415.71,157.39,536.18,0.7551,-1,-1,-1
328,61,1203.85,446.48,78.43,220.73,0.3381,-1,-1,-1
328,62,733.75,484.83,48.91,112.47,0.3384,-1,-1,-1
328,76,1768.57,388.02,150.90,551.14,0.7892,-1,-1,-1
328,77,105.35,392.43,221.84,438.35,0.8826,-1,-1,-1
328,80,1453.63,442.48,45.39,105.30,0.6210,-1,-1,-1
328,81,855.58,444.91,55.83,130.12,0.3225,-1,-1,-1
329,3,1057.46,399.46,192.44,615.07,0.8602,-1,-1,-1
329,36,377.34,467.06,47.46,107.87,0.4088,-1,-1,-1
329,48,489.77,453.49,42.43,108.81,0.3901,-1,-1,-1
329,55,873.78,418.22,164.38,535.77,0.7763,-1,-1,-1
329,62,733.58,484.49,49.17,113.49,0.3478,-1,-1,-1
329,76,1765.60,396.05,153.99,542.09,0.8197,-1,-1,-1
329,77,127.15,393.39,198.50,431.96,0.8312,-1,-1,-1
329,80,1457.93,441.32,40.28,104.13,0.5395,-1,-1,-1
330,3,1057.58,396.38,191.97,618.24,0.8641,-1,-1,-1
330,36,377.72,466.48,46.74,107.54,0.4273,-1,-1,-1
330,48,488.93,452.72,42.72,109.14,0.4431,-1,-1,-1
330,55,867.94,419.76,172.31,533.27,0.8044,-1,-1,-1
330,62,735.29,484.89,47.14,112.51,0.3622,-1,-1,-1
330,76,1766.18,397.16,153.54,533.46,0.7416,-1,-1,-1
330,77,151.03,401.39,172.97,422.80,0.8069,-1,-1,-1
330,80,1460.69,441.09,38.47,103.45,0.4592,-1,-1,-1
331,3,1057.90,395.44,194.04,618.95,0.8650,-1,-1,-1
331,36,377.19,465.41,47.31,108.57,0.4202,-1,-1,-1
331,48,487.87,453.17,43.10,108.92,0.3922,-1,-1,-1
331,55,868.80,420.35,172.41,532.31,0.8023,-1,-1,-1
331,62,734.74,483.66,47.02,114.13,0.3463,-1,-1,-1
331,76,1766.29,390.68,153.82,463.12,0.7398,-1,-1,-1
331,77,177.46,394.67,148.63,429.25,0.7993,-1,-1,-1
331,80,1464.52,440.56,37.22,105.15,0.5808,-1,-1,-1
332,3,1058.77,396.86,194.13,618.75,0.8638,-1,-1,-1
332,36,377.88,462.87,46.84,112.79,0.4429,-1,-1,-1
332,48,489.20,450.83,41.00,111.18,0.4044,-1,-1,-1
332,55,871.70,420.25,174.68,532.32,0.8234,-1,-1,-1
332,62,736.57,484.31,46.43,113.64,0.3066,-1,-1,-1
332,76,1768.19,394.47,151.59,458.47,0.7844,-1,-1,-1
332,77,203.14,393.59,134.02,430.82,0.7744,-1,-1,-1
332,80,1467.16,439.90,40.38,106.78,0.5811,-1,-1,-1
332,82,-12.82,597.49,86.37,195.18,0.4903,-1,-1,-1
333,3,1059.56,397.46,195.48,617.63,0.8717,-1,-1,-1
333,48,490.95,452.88,39.92,109.10,0.3879,-1,-1,-1
333,55,871.98,419.42,176.09,533.28,0.8293,-1,-1,-1
333,62,738.89,481.84,44.86,116.31,0.3101,-1,-1,-1
333,76,1768.15,394.27,151.54,460.83,0.7827,-1,-1,-1
333,77,217.46,391.18,135.13,433.11,0.7502,-1,-1,-1
333,80,1471.42,440.15,38.66,104.30,0.5665,-1,-1,-1
333,82,-17.44,591.35,114.62,197.49,0.3759,-1,-1,-1
334,3,1060.88,396.64,193.12,618.61,0.8760,-1,-1,-1
334,48,491.18,453.30,39.15,108.48,0.3500,-1,-1,-1
334,55,872.67,420.20,176.74,532.42,0.8306,-1,-1,-1
334,62,739.04,482.37,45.84,116.36,0.3443,-1,-1,-1
334,76,1776.10,392.14,143.53,462.28,0.6609,-1,-1,-1
334,77,222.34,404.15,148.45,419.37,0.7156,-1,-1,-1
334,80,1472.38,440.45,37.17,106.07,0.4882,-1,-1,-1
334,82,-6.34,455.51,131.01,333.47,0.6668,-1,-1,-1
335,3,1061.28,396.90,191.34,617.06,0.8785,-1,-1,-1
335,48,490.47,448.81,40.10,113.40,0.4439,-1,-1,-1
335,55,872.93,419.19,177.31,533.23,0.8365,-1,-1,-1
335,62,738.92,481.38,45.45,118.12,0.3814,-1,-1,-1
335,76,1781.46,407.26,138.55,450.53,0.6193,-1,-1,-1
335,77,192.99,422.70,197.69,400.22,0.7263,-1,-1,-1
335,80,1473.86,438.38,38.77,106.99,0.5401,-1,-1,-1
335,82,-4.44,456.29,144.88,329.49,0.6938,-1,-1,-1
336,3,1060.08,396.74,192.79,617.43,0.8792,-1,-1,-1
336,48,488.84,446.98,40.40,113.72,0.4382,-1,-1,-1
336,55,873.65,420.84,174.02,531.73,0.8423,-1,-1,-1
336,62,736.55,483.02,47.46,116.03,0.3294,-1,-1,-1
336,76,1790.66,437.99,129.89,422.44,0.5101,-1,-1,-1
336,77,205.18,415.53,195.31,403.59,0.6272,-1,-1,-1
336,80,1475.27,437.83,37.22,106.80,0.5231,-1,-1,-1
336,82,0.47,442.55,146.86,346.33,0.8054,-1,-1,-1
337,3,1060.62,397.38,195.26,617.52,0.8804,-1,-1,-1
337,55,874.55,419.26,173.43,533.34,0.8339,-1,-1,-1
337,62,735.12,483.27,47.44,117.03,0.3868,-1,-1,-1
337,76,1807.56,438.67,111.98,419.91,0.3927,-1,-1,-1
337,77,223.98,428.88,196.81,395.95,0.7155,-1,-1,-1
337,80,1475.66,436.28,39.91,109.76,0.5354,-1,-1,-1
337,82,1.74,441.90,150.42,344.97,0.8231,-1,-1,-1
338,3,1061.01,397.37,196.39,617.01,0.8736,-1,-1,-1
338,55,875.23,418.19,176.06,535.02,0.8205,-1,-1,-1
338,62,734.84,483.56,47.76,116.70,0.3662,-1,-1,-1
338,76,1810.75,659.12,123.73,207.62,0.3539,-1,-1,-1
338,77,227.93,440.13,216.79,383.72,0.7957,-1,-1,-1
338,80,1479.26,436.06,41.45,109.70,0.5945,-1,-1,-1
338,82,2.67,448.79,149.26,337.18,0.8322,-1,-1,-1
339,3,1062.52,396.47,192.55,617.63,0.8826,-1,-1,-1
339,55,875.66,418.27,172.25,535.08,0.8224,-1,-1,-1
339,62,736.92,485.16,45.60,114.38,0.4451,-1,-1,-1
339,77,236.42,405.41,215.64,417.23,0.8189,-1,-1,-1
339,80,1481.72,437.39,42.25,108.62,0.5214,-1,-1,-1
339,82,2.45,445.47,150.43,339.91,0.8344,-1,-1,-1
340,3,1062.63,398.95,194.79,614.81,0.8842,-1,-1,-1
340,55,877.50,418.18,169.15,534.89,0.8207,-1,-1,-1
340,62,736.93,485.01,44.91,114.02,0.4510,-1,-1,-1
340,77,232.80,405.69,227.37,417.94,0.8486,-1,-1,-1
340,80,1484.33,436.99,40.75,109.36,0.4274,-1,-1,-1
340,82,2.63,442.16,148.58,344.56,0.8388,-1,-1,-1
340,85,679.78,491.65,49.28,112.58,0.3510,-1,-1,-1
341,3,1063.89,403.14,194.16,610.81,0.8853,-1,-1,-1
341,55,878.44,417.92,168.48,534.64,0.8211,-1,-1,-1
341,62,736.34,483.51,44.94,115.43,0.4481,-1,-1,-1
341,77,239.40,430.62,220.31,391.91,0.8178,-1,-1,-1
341,82,1.72,436.04,150.65,349.11,0.8458,-1,-1,-1
341,85,679.04,491.99,49.43,111.65,0.3512,-1,-1,-1
342,3,1065.59,400.24,196.99,613.19,0.8777,-1,-1,-1
342,55,882.60,423.29,172.47,529.24,0.8177,-1,-1,-1
342,62,738.27,483.45,43.46,115.06,0.4751,-1,-1,-1
342,77,240.08,433.68,222.97,387.38,0.8159,-1,-1,-1
342,82,2.17,441.23,151.70,343.73,0.8342,-1,-1,-1
342,85,679.21,489.64,50.23,114.29,0.3736,-1,-1,-1
343,3,1065.30,400.90,193.64,612.67,0.8819,-1,-1,-1
343,55,885.03,423.36,168.56,529.24,0.8164,-1,-1,-1
343,62,738.18,485.12,45.26,113.67,0.4102,-1,-1,-1
343,77,242.73,431.45,218.69,388.56,0.8163,-1,-1,-1
343,82,2.68,433.37,151.19,356.72,0.7921,-1,-1,-1
343,85,676.73,488.92,54.15,113.73,0.3016,-1,-1,-1
344,3,1066.08,399.57,195.03,614.29,0.8784,-1,-1,-1
344,55,887.03,424.41,167.60,527.97,0.8186,-1,-1,-1
344,62,736.80,485.13,46.61,114.45,0.4690,-1,-1,-1
344,77,245.82,412.93,214.92,404.88,0.8107,-1,-1,-1
344,82,10.20,435.82,141.81,351.05,0.7776,-1,-1,-1
344,85,676.57,488.24,54.80,115.62,0.3688,-1,-1,-1
345,3,1066.18,401.14,198.91,611.87,0.8807,-1,-1,-1
345,55,889.52,424.19,164.31,527.68,0.8060,-1,-1,-1
345,62,734.18,483.77,49.68,114.79,0.3778,-1,-1,-1
345,77,249.22,407.31,210.50,409.90,0.8543,-1,-1,-1
345,82,13.56,433.69,140.31,354.60,0.8136,-1,-1,-1
345,85,678.59,489.83,53.21,114.67,0.3220,-1,-1,-1
346,3,1066.75,400.32,196.54,613.57,0.8778,-1,-1,-1
346,55,890.05,424.10,168.37,527.33,0.8131,-1,-1,-1
346,62,733.52,483.00,50.75,115.77,0.4084,-1,-1,-1
346,77,261.80,401.96,197.68,413.58,0.8381,-1,-1,-1
346,82,34.87,437.13,121.83,348.55,0.8019,-1,-1,-1
346,85,676.05,492.54,54.91,113.03,0.3181,-1,-1,-1
347,3,1067.60,403.01,198.76,611.16,0.8741,-1,-1,-1
347,55,891.61,424.21,168.90,526.99,0.8082,-1,-1,-1
347,62,733.50,484.22,50.38,114.98,0.3356,-1,-1,-1
347,77,273.50,402.68,187.70,414.68,0.8133,-1,-1,-1
347,82,50.20,439.53,120.76,342.73,0.8050,-1,-1,-1
347,85,672.13,488.93,57.97,118.43,0.3347,-1,-1,-1
348,3,1067.12,399.30,200.73,614.40,0.8733,-1,-1,-1
348,48,480.66,447.18,48.60,114.68,0.3001,-1,-1,-1
348,55,896.34,423.14,158.89,527.69,0.8009,-1,-1,-1
348,62,730.90,481.54,53.89,116.28,0.3806,-1,-1,-1
348,77,291.75,407.90,172.31,406.89,0.7898,-1,-1,-1
348,82,52.51,434.71,131.17,348.48,0.6841,-1,-1,-1
349,3,1067.28,402.33,201.49,611.81,0.8727,-1,-1,-1
349,55,899.12,422.02,158.69,529.28,0.8063,-1,-1,-1
349,77,299.75,400.61,157.95,403.52,0.8059,-1,-1,-1
349,82,45.00,433.12,151.82,350.85,0.5192,-1,-1,-1
350,3,1066.61,399.66,201.25,613.97,0.8741,-1,-1,-1
350,48,474.73,444.13,53.59,117.75,0.4960,-1,-1,-1
350,55,898.88,421.41,163.61,529.87,0.8087,-1,-1,-1
350,77,316.88,397.63,142.26,406.47,0.8006,-1,-1,-1
350,82,72.35,436.75,139.49,347.08,0.7810,-1,-1,-1
351,3,1066.72,399.68,198.80,614.23,0.8754,-1,-1,-1
351,48,476.59,446.61,51.16,115.41,0.4336,-1,-1,-1
351,55,898.88,421.72,164.06,528.87,0.8005,-1,-1,-1
351,77,343.33,390.08,117.86,408.43,0.7794,-1,-1,-1
351,82,67.65,438.20,177.92,345.29,0.8100,-1,-1,-1
351,87,-0.83,495.67,53.12,358.36,0.5297,-1,-1,-1
352,3,1066.02,400.72,201.79,613.44,0.8788,-1,-1,-1
352,48,477.05,445.54,50.62,115.77,0.4016,-1,-1,-1
352,55,900.06,422.59,163.53,527.39,0.7984,-1,-1,-1
352,77,358.84,396.43,111.08,401.69,0.7256,-1,-1,-1
352,82,71.03,436.09,193.83,345.75,0.8394,-1,-1,-1
352,87,-3.52,505.68,61.47,350.55,0.5708,-1,-1,-1
353,3,1065.36,400.16,200.87,614.22,0.8772,-1,-1,-1
353,55,900.46,421.24,161.55,527.67,0.8015,-1,-1,-1
353,62,737.55,486.07,43.67,113.07,0.3161,-1,-1,-1
353,77,369.09,414.64,111.80,385.84,0.5818,-1,-1,-1
353,82,78.67,434.88,203.83,347.95,0.8505,-1,-1,-1
353,87,-4.45,507.03,72.64,349.48,0.6886,-1,-1,-1
354,3,1065.46,399.05,201.51,615.37,0.8736,-1,-1,-1
354,55,901.21,421.93,164.99,527.70,0.7946,-1,-1,-1
354,62,734.64,485.43,48.00,112.59,0.3231,-1,-1,-1
354,77,365.98,400.32,125.35,400.27,0.5872,-1,-1,-1
354,82,83.77,435.86,208.25,346.68,0.8236,-1,-1,-1
354,87,-3.66,499.03,81.46,354.31,0.6864,-1,-1,-1
355,3,1066.19,400.60,198.75,613.38,0.8756,-1,-1,-1
355,55,901.47,421.89,165.40,526.16,0.7722,-1,-1,-1
355,62,736.32,484.92,45.06,112.99,0.3868,-1,-1,-1
355,77,346.48,392.63,159.51,404.04,0.5678,-1,-1,-1
355,82,86.26,439.50,209.09,337.22,0.8582,-1,-1,-1
355,87,-7.73,467.91,110.41,384.38,0.7159,-1,-1,-1
356,3,1066.07,401.58,198.46,613.48,0.8681,-1,-1,-1
356,55,903.67,421.94,159.99,524.14,0.7563,-1,-1,-1
356,61,1058.62,435.63,61.60,212.51,0.5826,-1,-1,-1
356,62,739.24,486.76,41.79,112.20,0.4018,-1,-1,-1
356,77,350.85,401.95,167.45,396.60,0.6160,-1,-1,-1
356,82,100.41,438.99,195.96,332.63,0.8341,-1,-1,-1
356,87,-9.60,450.62,152.60,402.07,0.8013,-1,-1,-1
357,3,1066.19,399.42,204.48,615.51,0.8534,-1,-1,-1
357,55,904.54,421.68,157.48,522.69,0.7651,-1,-1,-1
357,77,358.53,405.32,189.35,395.30,0.6806,-1,-1,-1
357,82,114.07,437.24,183.35,330.40,0.8121,-1,-1,-1
357,85,679.87,479.13,55.68,121.94,0.3066,-1,-1,-1
357,87,-5.08,451.10,180.89,407.16,0.8446,-1,-1,-1
358,3,1066.89,400.40,204.16,614.41,0.8522,-1,-1,-1
358,55,904.12,418.98,158.26,524.76,0.7857,-1,-1,-1
358,61,1053.77,435.83,62.19,208.84,0.5519,-1,-1,-1
358,62,736.01,484.20,45.44,115.36,0.3777,-1,-1,-1
358,77,391.67,400.85,173.82,395.94,0.6522,-1,-1,-1
358,82,128.18,437.50,168.71,330.00,0.8110,-1,-1,-1
358,87,-2.41,452.82,205.75,403.18,0.8562,-1,-1,-1
359,3,1067.22,399.16,205.26,615.36,0.8521,-1,-1,-1
359,55,907.53,419.52,154.94,524.01,0.7900,-1,-1,-1
359,61,1044.04,428.99,66.05,213.56,0.4369,-1,-1,-1
359,62,735.75,483.28,46.38,116.47,0.3854,-1,-1,-1
359,77,394.95,407.23,185.30,392.43,0.8124,-1,-1,-1
359,82,135.05,435.14,162.49,332.61,0.8211,-1,-1,-1
359,87,0.85,445.80,208.29,408.64,0.8451,-1,-1,-1
360,3,1066.94,401.06,207.67,613.84,0.8503,-1,-1,-1
360,55,908.79,420.13,158.86,522.78,0.7899,-1,-1,-1
360,62,737.50,487.03,44.63,113.36,0.3582,-1,-1,-1
360,77,398.35,411.15,191.21,387.35,0.8068,-1,-1,-1
360,82,145.65,436.23,153.79,327.09,0.7774,-1,-1,-1
360,87,0.77,446.82,215.82,407.15,0.8747,-1,-1,-1
361,3,1066.96,402.37,209.31,612.29,0.8538,-1,-1,-1
361,55,908.98,419.16,158.73,519.65,0.7993,-1,-1,-1
361,77,395.61,405.29,203.08,393.06,0.8433,-1,-1,-1
361,82,170.37,435.40,129.15,328.41,0.7516,-1,-1,-1
361,87,0.78,443.91,221.10,408.93,0.8764,-1,-1,-1
362,3,1068.37,402.30,209.03,612.63,0.8602,-1,-1,-1
362,55,909.24,416.65,161.25,519.92,0.8060,-1,-1,-1
362,77,394.81,406.53,204.29,392.74,0.8476,-1,-1,-1
362,82,175.28,440.02,123.37,325.22,0.6718,-1,-1,-1
362,87,0.34,445.55,232.43,409.57,0.8542,-1,-1,-1
363,3,1068.13,401.58,209.04,613.00,0.8536,-1,-1,-1
363,55,913.53,419.70,161.78,516.78,0.8019,-1,-1,-1
363,62,732.41,482.34,48.16,115.98,0.3875,-1,-1,-1
363,77,390.62,411.42,209.57,386.99,0.8394,-1,-1,-1
363,82,183.18,438.12,114.56,327.96,0.7533,-1,-1,-1
363,87,1.46,446.80,230.38,406.29,0.8442,-1,-1,-1
364,3,1068.15,401.39,211.04,613.34,0.8541,-1,-1,-1
364,55,914.96,412.66,160.34,521.75,0.8269,-1,-1,-1
364,62,732.83,482.91,48.13,116.10,0.4328,-1,-1,-1
364,77,394.06,415.64,204.84,383.13,0.8503,-1,-1,-1
364,82,196.91,442.58,101.53,322.13,0.7325,-1,-1,-1
364,87,1.35,440.17,229.53,409.34,0.8533,-1,-1,-1
364,88,1543.08,426.35,40.61,118.35,0.3538,-1,-1,-1
365,3,1068.08,402.88,209.97,611.20,0.8522,-1,-1,-1
365,55,916.78,412.69,160.04,521.86,0.8190,-1,-1,-1
365,62,733.77,481.53,47.66,117.91,0.4254,-1,-1,-1
365,77,393.29,412.41,205.24,385.55,0.8574,-1,-1,-1
365,82,202.45,437.53,103.17,327.55,0.7411,-1,-1,-1
365,87,2.50,441.95,233.30,410.39,0.8605,-1,-1,-1
366,3,1068.21,399.55,209.06,615.40,0.8472,-1,-1,-1
366,55,919.47,412.02,159.92,523.49,0.8291,-1,-1,-1
366,62,733.14,482.08,46.39,116.81,0.4094,-1,-1,-1
366,77,396.60,410.97,202.47,381.95,0.8220,-1,-1,-1
366,82,207.67,435.28,104.58,329.23,0.7747,-1,-1,-1
366,87,4.58,442.75,232.11,406.27,0.8590,-1,-1,-1
367,3,1068.54,401.19,212.47,613.86,0.8218,-1,-1,-1
367,55,922.78,410.42,157.03,525.42,0.8253,-1,-1,-1
367,62,731.96,481.52,46.50,117.14,0.4554,-1,-1,-1
367,77,399.22,404.35,195.01,386.90,0.8418,-1,-1,-1
367,82,218.17,436.52,108.32,327.73,0.7566,-1,-1,-1
367,87,28.71,441.68,204.69,394.61,0.7861,-1,-1,-1
368,3,1068.19,398.79,220.22,616.23,0.7877,-1,-1,-1
368,55,924.95,409.63,155.62,525.67,0.8198,-1,-1,-1
368,62,731.15,481.81,47.52,116.74,0.4662,-1,-1,-1
368,77,401.69,394.73,190.49,393.55,0.8463,-1,-1,-1
368,82,226.84,438.36,122.91,326.72,0.7359,-1,-1,-1
368,87,54.26,435.98,175.42,391.00,0.7830,-1,-1,-1
369,3,1069.23,400.45,223.27,614.66,0.7462,-1,-1,-1
369,55,926.00,415.67,155.43,517.34,0.8220,-1,-1,-1
369,62,731.45,482.50,47.61,116.09,0.4196,-1,-1,-1
369,77,408.51,395.90,182.58,393.09,0.8536,-1,-1,-1
369,82,233.51,434.15,139.93,330.35,0.8104,-1,-1,-1
369,87,85.23,432.94,145.38,392.12,0.7696,-1,-1,-1
370,3,1068.91,397.17,220.02,617.70,0.7952,-1,-1,-1
370,55,929.44,416.75,157.48,519.83,0.8016,-1,-1,-1
370,62,730.92,480.82,47.41,117.53,0.4005,-1,-1,-1
370,77,415.65,408.63,175.44,382.19,0.8351,-1,-1,-1
370,82,239.62,431.73,155.14,331.63,0.8301,-1,-1,-1
370,87,113.29,436.01,121.48,386.16,0.8105,-1,-1,-1
371,3,1069.82,397.97,211.33,616.53,0.7178,-1,-1,-1
371,55,933.34,415.72,155.40,521.10,0.7965,-1,-1,-1
371,62,729.98,481.51,48.53,117.96,0.3850,-1,-1,-1
371,77,430.28,401.36,163.91,387.67,0.8320,-1,-1,-1
371,82,241.09,432.21,166.08,330.63,0.8392,-1,-1,-1
371,87,130.71,441.43,119.80,379.24,0.7981,-1,-1,-1
372,3,1070.57,397.35,215.99,616.62,0.8190,-1,-1,-1
372,55,935.72,415.64,154.71,520.85,0.7960,-1,-1,-1
372,62,730.96,482.21,46.41,116.52,0.3729,-1,-1,-1
372,77,442.08,425.81,150.91,353.56,0.7975,-1,-1,-1
372,82,240.80,435.60,171.14,325.96,0.8179,-1,-1,-1
372,87,136.33,438.20,122.35,382.52,0.7601,-1,-1,-1
373,3,1070.69,397.23,219.27,617.31,0.8387,-1,-1,-1
373,55,938.02,416.53,154.57,521.27,0.7950,-1,-1,-1
373,62,731.85,482.63,47.18,114.83,0.3945,-1,-1,-1
373,77,462.01,400.26,142.01,374.51,0.8000,-1,-1,-1
373,82,253.17,435.93,160.63,318.91,0.8034,-1,-1,-1
373,87,144.74,434.61,147.62,384.44,0.8089,-1,-1,-1
373,89,0.54,490.14,46.42,318.01,0.6281,-1,-1,-1
374,3,1071.53,398.20,217.99,616.10,0.8098,-1,-1,-1
374,55,943.75,417.01,150.99,519.44,0.7884,-1,-1,-1
374,62,732.98,480.19,47.37,117.79,0.3961,-1,-1,-1
374,77,473.22,400.46,138.96,371.17,0.7724,-1,-1,-1
374,82,266.51,442.77,152.85,301.25,0.7789,-1,-1,-1
374,87,154.83,431.19,148.16,386.53,0.7264,-1,-1,-1
374,89,-0.11,491.39,50.81,317.27,0.7026,-1,-1,-1
375,3,1071.23,400.14,219.25,613.45,0.7954,-1,-1,-1
375,55,941.58,412.95,153.30,521.90,0.7756,-1,-1,-1
375,62,733.43,480.10,47.43,118.72,0.3846,-1,-1,-1
375,77,482.31,408.81,142.92,362.66,0.7128,-1,-1,-1
375,82,279.42,453.16,140.49,294.48,0.7425,-1,-1,-1
375,87,156.79,434.42,178.47,382.73,0.8168,-1,-1,-1
375,89,-2.11,486.41,59.62,326.02,0.6592,-1,-1,-1
376,3,1071.33,399.83,221.68,613.15,0.8087,-1,-1,-1
376,55,944.40,418.03,148.88,521.26,0.7739,-1,-1,-1
376,62,730.72,479.13,48.96,119.96,0.3214,-1,-1,-1
376,77,487.77,403.70,142.49,364.64,0.6939,-1,-1,-1
376,82,275.68,435.24,146.36,312.69,0.7423,-1,-1,-1
376,87,154.13,438.29,195.94,378.53,0.7681,-1,-1,-1
376,89,-3.05,480.16,73.13,331.86,0.7803,-1,-1,-1
377,3,1071.02,400.88,225.64,613.94,0.8123,-1,-1,-1
377,55,946.16,417.61,153.19,521.18,0.7970,-1,-1,-1
377,62,731.34,481.50,47.58,118.48,0.3284,-1,-1,-1
377,77,487.75,399.12,146.24,369.62,0.7358,-1,-1,-1
377,82,282.98,442.06,143.22,306.54,0.7057,-1,-1,-1
377,87,152.59,441.06,211.75,376.31,0.7974,-1,-1,-1
377,89,-8.27,441.58,105.71,366.87,0.7789,-1,-1,-1
378,3,1071.74,398.74,222.29,616.32,0.7752,-1,-1,-1
378,55,945.53,411.38,157.56,523.52,0.7802,-1,-1,-1
378,62,731.55,482.31,46.37,115.43,0.3457,-1,-1,-1
378,77,493.25,394.79,149.93,376.45,0.7880,-1,-1,-1
378,82,293.51,440.44,131.81,311.03,0.6757,-1,-1,-1
378,87,155.03,440.89,212.86,376.32,0.8198,-1,-1,-1
378,89,-8.94,433.80,141.12,375.75,0.8289,-1,-1,-1
379,3,1070.94,396.31,221.09,617.75,0.8307,-1,-1,-1
379,55,945.28,410.44,157.23,524.25,0.8144,-1,-1,-1
379,62,731.94,482.09,44.77,115.98,0.3895,-1,-1,-1
379,77,499.77,397.36,163.75,374.35,0.7933,-1,-1,-1
379,82,314.06,438.88,110.94,310.06,0.6841,-1,-1,-1
379,87,154.93,442.20,215.34,374.63,0.8247,-1,-1,-1
379,89,-1.08,433.23,139.54,374.29,0.8210,-1,-1,-1
380,3,1071.74,394.92,220.23,619.11,0.8255,-1,-1,-1
380,55,946.24,406.14,160.25,527.57,0.8113,-1,-1,-1
380,62,731.17,480.08,43.29,116.93,0.3587,-1,-1,-1
380,77,504.69,399.91,166.58,371.57,0.6394,-1,-1,-1
380,82,323.77,446.72,97.51,305.87,0.6351,-1,-1,-1
380,87,157.63,444.02,220.99,370.64,0.8376,-1,-1,-1
380,89,-3.20,431.95,162.77,374.80,0.7753,-1,-1,-1
381,3,1072.35,393.35,215.21,621.12,0.7992,-1,-1,-1
381,55,955.21,413.32,153.10,525.93,0.7699,-1,-1,-1
381,62,730.64,479.65,47.43,119.00,0.3083,-1,-1,-1
381,77,517.99,408.72,142.79,363.37,0.5864,-1,-1,-1
381,82,322.95,441.22,98.30,311.45,0.7057,-1,-1,-1
381,87,153.82,444.75,226.12,365.74,0.8610,-1,-1,-1
381,89,-0.88,441.16,172.84,365.65,0.7523,-1,-1,-1
382,3,1073.63,398.43,221.27,616.40,0.8144,-1,-1,-1
382,55,951.49,416.14,159.64,518.79,0.7518,-1,-1,-1
382,62,730.71,479.32,49.69,120.85,0.3573,-1,-1,-1
382,77,537.02,405.83,135.87,364.05,0.6057,-1,-1,-1
382,82,334.81,441.86,96.10,306.95,0.6878,-1,-1,-1
382,87,164.03,442.28,214.36,368.12,0.8295,-1,-1,-1
382,89,0.94,440.28,177.62,365.34,0.8045,-1,-1,-1
383,3,1073.42,397.64,220.39,617.33,0.8288,-1,-1,-1
383,55,954.13,417.34,156.13,521.83,0.6962,-1,-1,-1
383,62,730.33,477.47,52.09,122.29,0.3670,-1,-1,-1
383,77,525.15,413.91,156.07,356.65,0.6916,-1,-1,-1
383,82,345.40,444.23,99.48,300.38,0.5557,-1,-1,-1
383,87,187.52,442.09,191.47,367.62,0.7935,-1,-1,-1
383,89,0.06,439.33,190.77,365.68,0.8582,-1,-1,-1
383,91,690.81,463.87,44.41,125.39,0.3417,-1,-1,-1
384,3,1073.87,397.08,220.02,617.91,0.8328,-1,-1,-1
384,55,955.76,416.58,151.94,523.26,0.7106,-1,-1,-1
384,62,730.12,475.26,50.26,125.57,0.4519,-1,-1,-1
384,77,528.75,407.09,156.82,363.02,0.7506,-1,-1,-1
384,82,364.23,456.68,91.89,287.53,0.6045,-1,-1,-1
384,87,198.09,434.98,181.38,374.57,0.7938,-1,-1,-1
384,89,0.65,434.28,198.60,372.36,0.8756,-1,-1,-1
384,91,686.95,466.43,47.87,125.56,0.3557,-1,-1,-1
385,3,1074.13,397.18,218.66,617.82,0.7877,-1,-1,-1
385,55,958.21,416.45,149.23,524.15,0.7201,-1,-1,-1
385,62,730.62,472.18,49.43,128.65,0.5479,-1,-1,-1
385,77,534.46,407.88,154.30,362.59,0.7874,-1,-1,-1
385,82,363.37,439.10,98.54,304.01,0.7056,-1,-1,-1
385,87,214.60,432.85,165.92,369.28,0.8060,-1,-1,-1
385,89,0.36,437.64,210.12,368.94,0.8629,-1,-1,-1
385,91,686.86,468.50,47.44,126.59,0.3845,-1,-1,-1
386,3,1073.71,397.51,220.64,617.05,0.7060,-1,-1,-1
386,55,960.77,414.26,149.15,527.56,0.7416,-1,-1,-1
386,62,731.07,470.30,48.58,130.10,0.5290,-1,-1,-1
386,77,539.55,405.41,154.05,364.21,0.8329,-1,-1,-1
386,82,366.48,437.91,118.44,307.62,0.7071,-1,-1,-1
386,87,234.90,435.94,143.67,364.61,0.7921,-1,-1,-1
386,89,1.37,434.44,208.62,373.80,0.8359,-1,-1,-1
386,91,690.76,468.52,42.72,126.24,0.3452,-1,-1,-1
387,3,1073.37,397.72,220.46,616.50,0.7757,-1,-1,-1
387,55,959.51,416.87,148.28,523.57,0.7225,-1,-1,-1
387,61,926.89,433.51,66.35,152.90,0.3176,-1,-1,-1
387,62,731.31,471.06,48.41,129.53,0.5301,-1,-1,-1
387,77,541.39,407.38,150.32,359.98,0.8455,-1,-1,-1
387,82,365.72,438.26,148.17,309.14,0.8056,-1,-1,-1
387,87,258.40,430.55,119.81,367.93,0.5758,-1,-1,-1
387,89,3.61,434.57,204.90,370.97,0.8367,-1,-1,-1
387,91,690.98,473.51,43.14,118.34,0.3117,-1,-1,-1
388,3,1055.66,397.03,255.06,618.30,0.7372,-1,-1,-1
388,55,960.44,417.88,144.18,522.44,0.7216,-1,-1,-1
388,62,730.63,469.01,48.44,133.40,0.4964,-1,-1,-1
388,77,545.44,405.22,146.63,358.25,0.8252,-1,-1,-1
388,82,366.80,440.58,159.43,308.26,0.7892,-1,-1,-1
388,87,278.63,434.18,100.45,362.69,0.6753,-1,-1,-1
388,89,14.68,433.26,192.07,370.13,0.8071,-1,-1,-1
388,91,691.98,473.63,42.09,119.93,0.3500,-1,-1,-1
389,3,1054.11,397.50,312.03,617.41,0.7262,-1,-1,-1
389,55,963.13,418.19,138.08,522.00,0.7017,-1,-1,-1
389,62,730.33,472.18,48.90,130.15,0.5033,-1,-1,-1
389,77,548.15,408.88,145.08,354.52,0.8064,-1,-1,-1
389,82,362.32,441.90,172.29,302.81,0.8016,-1,-1,-1
389,87,285.23,428.45,101.55,370.80,0.6786,-1,-1,-1
389,89,25.31,423.46,182.48,374.72,0.7874,-1,-1,-1
389,91,692.08,475.30,40.81,116.70,0.3357,-1,-1,-1
390,3,1058.54,397.14,308.47,618.70,0.7742,-1,-1,-1
390,55,966.10,418.00,134.42,523.64,0.6751,-1,-1,-1
390,61,919.79,436.11,68.11,153.11,0.4018,-1,-1,-1
390,62,729.70,474.12,50.35,130.06,0.4865,-1,-1,-1
390,77,555.18,410.04,139.08,351.52,0.8007,-1,-1,-1
390,82,368.14,441.00,172.12,302.77,0.8139,-1,-1,-1
390,87,281.51,435.22,114.75,363.93,0.5260,-1,-1,-1
390,89,36.67,429.22,174.74,368.19,0.7948,-1,-1,-1
391,3,1053.04,397.05,315.41,618.43,0.7778,-1,-1,-1
391,55,974.40,416.35,125.43,529.33,0.6590,-1,-1,-1
391,61,917.47,435.11,67.64,153.93,0.3720,-1,-1,-1
391,62,728.47,471.24,51.22,131.94,0.4435,-1,-1,-1
391,77,561.05,412.42,133.32,352.18,0.8018,-1,-1,-1
391,82,377.70,441.21,163.82,299.02,0.7847,-1,-1,-1
391,87,300.35,438.69,103.18,361.12,0.5330,-1,-1,-1
391,89,43.59,430.04,169.21,368.01,0.7605,-1,-1,-1
391,91,689.94,477.61,41.32,111.26,0.3291,-1,-1,-1
392,3,1052.37,398.20,310.56,618.01,0.7845,-1,-1,-1
392,55,980.34,411.11,122.21,528.12,0.6500,-1,-1,-1
392,61,926.11,434.95,55.72,156.06,0.5648,-1,-1,-1
392,62,727.90,467.70,51.88,134.60,0.4473,-1,-1,-1
392,77,569.57,407.63,126.26,358.89,0.7869,-1,-1,-1
392,82,392.20,439.08,149.85,298.88,0.7245,-1,-1,-1
392,87,306.92,437.88,124.81,362.18,0.6567,-1,-1,-1
392,89,55.49,434.54,158.98,361.00,0.7637,-1,-1,-1
393,3,1049.09,398.44,313.73,618.23,0.8134,-1,-1,-1
393,55,966.62,418.52,134.68,524.29,0.6501,-1,-1,-1
393,61,924.73,438.08,54.75,163.55,0.6499,-1,-1,-1
393,62,727.83,467.19,52.38,134.98,0.5302,-1,-1,-1
393,77,577.10,414.89,119.39,339.07,0.7914,-1,-1,-1
393,82,400.98,439.73,141.40,296.38,0.7274,-1,-1,-1
393,87,308.83,441.45,151.10,358.82,0.7908,-1,-1,-1
393,89,82.27,429.63,132.54,365.56,0.6330,-1,-1,-1
393,91,684.62,471.55,43.20,119.26,0.3081,-1,-1,-1
394,3,1056.48,398.14,266.71,617.16,0.6771,-1,-1,-1
394,55,983.40,412.44,116.45,525.63,0.6298,-1,-1,-1
394,61,921.62,438.59,56.21,165.11,0.6389,-1,-1,-1
394,62,725.92,476.39,53.19,127.62,0.5980,-1,-1,-1
394,77,583.05,411.95,113.30,340.27,0.7606,-1,-1,-1
394,82,413.14,444.17,132.02,291.36,0.7292,-1,-1,-1
394,87,310.11,444.46,153.84,356.77,0.7241,-1,-1,-1
394,89,66.68,429.33,165.39,366.94,0.7570,-1,-1,-1
395,3,1056.51,396.70,263.28,618.69,0.7000,-1,-1,-1
395,55,986.68,412.88,112.05,524.12,0.6579,-1,-1,-1
395,61,919.39,439.59,54.83,163.07,0.5962,-1,-1,-1
395,62,724.72,470.44,53.46,135.44,0.6130,-1,-1,-1
395,77,587.63,413.76,111.62,335.34,0.7668,-1,-1,-1
395,82,423.18,440.58,121.38,294.88,0.7396,-1,-1,-1
395,87,309.78,444.12,160.12,357.42,0.7475,-1,-1,-1
395,89,70.68,431.71,165.07,365.07,0.7789,-1,-1,-1
396,3,1058.17,399.03,301.77,617.84,0.7612,-1,-1,-1
396,55,983.68,413.81,114.80,523.36,0.6218,-1,-1,-1
396,61,917.64,442.74,54.46,168.02,0.6768,-1,-1,-1
396,62,721.82,464.32,57.08,145.44,0.5792,-1,-1,-1
396,77,590.98,427.12,114.53,317.12,0.7561,-1,-1,-1
396,82,436.14,444.07,109.04,287.86,0.6563,-1,-1,-1
396,87,307.71,442.17,176.72,356.64,0.7601,-1,-1,-1
396,89,104.12,446.20,129.50,349.64,0.5854,-1,-1,-1
397,3,1063.08,398.58,242.99,618.92,0.7906,-1,-1,-1
397,55,984.55,413.82,113.85,524.36,0.6774,-1,-1,-1
397,61,914.88,442.62,56.09,166.88,0.6400,-1,-1,-1
397,62,719.75,463.69,58.44,145.67,0.5765,-1,-1,-1
397,77,595.52,417.54,114.25,327.29,0.7488,-1,-1,-1
397,82,449.29,474.59,94.74,256.63,0.5730,-1,-1,-1
397,87,308.83,430.35,174.52,367.96,0.7633,-1,-1,-1
397,89,130.65,434.88,116.34,361.74,0.6219,-1,-1,-1
398,3,1065.34,399.26,239.73,619.23,0.8380,-1,-1,-1
398,55,969.80,416.04,129.39,524.75,0.6354,-1,-1,-1
398,61,916.05,443.84,56.03,162.30,0.4854,-1,-1,-1
398,62,720.33,460.93,56.79,147.91,0.5430,-1,-1,-1
398,77,598.63,424.33,120.35,318.68,0.7559,-1,-1,-1
398,82,445.52,433.98,99.73,297.19,0.7328,-1,-1,-1
398,87,310.82,437.70,180.31,358.46,0.8204,-1,-1,-1
398,89,136.17,436.36,127.17,360.14,0.7496,-1,-1,-1
399,3,1066.29,400.80,239.31,617.31,0.8375,-1,-1,-1
399,55,967.80,415.53,132.84,525.24,0.6614,-1,-1,-1
399,61,913.91,436.87,57.22,173.43,0.5827,-1,-1,-1
399,62,719.90,464.25,54.98,144.96,0.5361,-1,-1,-1
399,77,604.93,429.07,126.66,311.03,0.7882,-1,-1,-1
399,82,466.67,440.84,81.33,291.71,0.6275,-1,-1,-1
399,87,315.23,438.51,173.23,358.56,0.8309,-1,-1,-1
399,89,132.27,432.45,164.30,362.20,0.7641,-1,-1,-1
400,3,1068.52,400.30,236.31,618.62,0.8528,-1,-1,-1
400,55,967.92,413.69,131.48,527.18,0.6565,-1,-1,-1
400,61,910.54,437.99,56.37,170.36,0.5659,-1,-1,-1
400,62,717.62,470.10,50.94,138.18,0.4776,-1,-1,-1
400,77,605.98,421.48,136.26,319.30,0.7794,-1,-1,-1
400,82,470.91,438.78,82.33,290.86,0.7307,-1,-1,-1
400,87,313.46,434.84,176.24,360.88,0.8428,-1,-1,-1
400,89,136.80,433.17,179.49,360.54,0.7803,-1,-1,-1
401,3,1069.60,399.44,235.11,619.69,0.8464,-1,-1,-1
401,55,984.85,410.39,112.01,527.25,0.6369,-1,-1,-1
401,61,908.30,437.68,60.99,166.31,0.5768,-1,-1,-1
401,62,715.45,465.89,52.64,146.09,0.4253,-1,-1,-1
401,77,608.22,423.48,151.09,316.89,0.7721,-1,-1,-1
401,82,480.27,445.58,81.84,286.75,0.7209,-1,-1,-1
401,87,323.12,437.14,167.46,355.31,0.8149,-1,-1,-1
401,89,138.72,433.54,175.18,360.89,0.8140,-1,-1,-1
401,94,1243.81,445.68,45.50,88.66,0.3022,-1,-1,-1
402,3,1071.95,399.18,230.61,620.19,0.8370,-1,-1,-1
402,55,985.67,410.56,111.25,527.21,0.6261,-1,-1,-1
402,61,903.44,438.58,69.64,170.36,0.5297,-1,-1,-1
402,62,715.71,462.55,54.18,147.47,0.4926,-1,-1,-1
402,77,616.13,413.51,154.47,327.03,0.8021,-1,-1,-1
402,82,482.28,451.90,90.81,277.02,0.7226,-1,-1,-1
402,87,338.74,445.42,151.85,345.19,0.8264,-1,-1,-1
402,89,141.91,436.81,172.78,355.92,0.8097,-1,-1,-1
403,3,1075.66,399.70,226.38,619.31,0.8374,-1,-1,-1
403,55,964.85,417.06,134.99,523.91,0.6182,-1,-1,-1
403,61,901.07,442.00,76.40,168.90,0.3596,-1,-1,-1
403,62,715.95,464.83,53.96,145.65,0.4663,-1,-1,-1
403,77,618.66,408.12,160.75,334.65,0.8362,-1,-1,-1
403,82,487.31,444.72,101.12,284.32,0.6044,-1,-1,-1
403,87,349.53,451.32,143.14,330.71,0.7465,-1,-1,-1
403,89,140.39,440.56,187.22,352.71,0.8039,-1,-1,-1
404,3,1076.83,399.83,226.06,620.60,0.8293,-1,-1,-1
404,55,963.40,417.68,135.54,524.60,0.6687,-1,-1,-1
404,61,897.37,448.90,52.47,162.05,0.5255,-1,-1,-1
404,62,715.69,463.11,51.94,148.10,0.4497,-1,-1,-1
404,77,623.73,406.68,165.32,337.11,0.8022,-1,-1,-1
404,82,488.17,438.92,126.21,288.21,0.6404,-1,-1,-1
404,87,359.36,441.42,136.51,342.01,0.7213,-1,-1,-1
404,89,150.29,438.49,181.46,350.58,0.8273,-1,-1,-1
404,94,1243.20,444.31,35.22,90.35,0.3165,-1,-1,-1
405,3,1078.48,400.55,209.65,618.50,0.8328,-1,-1,-1
405,55,963.61,416.40,135.48,525.48,0.6856,-1,-1,-1
405,61,894.95,454.19,52.12,156.55,0.4055,-1,-1,-1
405,62,716.62,468.33,51.39,144.13,0.3763,-1,-1,-1
405,77,627.23,417.81,166.71,326.93,0.7875,-1,-1,-1
405,82,494.40,445.76,127.35,282.53,0.6790,-1,-1,-1
405,87,383.43,435.12,110.60,341.26,0.7012,-1,-1,-1
405,89,154.68,436.28,174.18,351.26,0.8182,-1,-1,-1
406,3,1076.10,398.75,209.03,621.25,0.8325,-1,-1,-1
406,55,961.00,415.72,137.63,525.95,0.6971,-1,-1,-1
406,61,892.16,454.90,54.19,153.25,0.3649,-1,-1,-1
406,77,632.16,423.99,165.35,319.59,0.7930,-1,-1,-1
406,82,498.65,449.38,123.04,278.21,0.6744,-1,-1,-1
406,87,399.25,433.32,98.64,337.83,0.7057,-1,-1,-1
406,89,159.47,435.66,168.49,353.31,0.8076,-1,-1,-1
407,3,1075.69,396.02,203.08,622.82,0.8346,-1,-1,-1
407,55,957.54,418.27,139.68,522.93,0.7252,-1,-1,-1
407,61,887.83,458.67,56.31,149.58,0.3129,-1,-1,-1
407,77,635.78,414.35,160.18,329.70,0.8541,-1,-1,-1
407,82,491.99,445.82,139.77,286.07,0.7084,-1,-1,-1
407,87,411.92,434.66,91.99,335.72,0.6730,-1,-1,-1
407,89,174.62,432.56,158.51,356.70,0.8026,-1,-1,-1
407,94,1243.50,444.40,34.02,94.89,0.3275,-1,-1,-1
408,3,1072.18,397.97,202.99,622.33,0.8385,-1,-1,-1
408,55,960.01,417.14,137.95,523.79,0.7100,-1,-1,-1
408,61,877.72,454.63,63.49,155.08,0.4983,-1,-1,-1
408,77,641.39,419.71,156.06,325.43,0.8466,-1,-1,-1
408,82,499.82,437.97,139.93,291.89,0.7524,-1,-1,-1
408,87,404.40,433.72,105.61,336.92,0.6180,-1,-1,-1
408,89,188.82,433.45,146.87,350.78,0.7955,-1,-1,-1
409,3,1073.43,399.55,198.97,619.42,0.8396,-1,-1,-1
409,55,959.62,416.78,140.44,523.49,0.7043,-1,-1,-1
409,61,874.90,444.10,64.89,166.16,0.6134,-1,-1,-1
409,77,642.83,417.67,155.44,326.92,0.8314,-1,-1,-1
409,82,496.92,435.16,144.07,295.18,0.7531,-1,-1,-1
409,87,393.69,438.83,125.19,330.98,0.6158,-1,-1,-1
409,89,205.50,436.80,132.04,333.80,0.7232,-1,-1,-1
409,94,1241.97,445.99,34.53,96.16,0.3696,-1,-1,-1
409,95,1827.14,463.55,81.00,187.33,0.3068,-1,-1,-1
410,3,1072.94,397.89,190.89,621.09,0.8459,-1,-1,-1
410,55,960.03,419.61,138.04,520.16,0.7095,-1,-1,-1
410,61,875.84,445.42,61.32,165.76,0.5701,-1,-1,-1
410,77,644.36,410.15,155.43,334.56,0.8197,-1,-1,-1
410,82,513.98,440.04,127.00,281.38,0.7308,-1,-1,-1
410,87,420.70,439.46,115.41,331.37,0.5810,-1,-1,-1
410,89,226.66,435.53,117.85,335.93,0.6605,-1,-1,-1
410,94,1242.13,444.44,33.00,95.74,0.3120,-1,-1,-1
411,3,1071.54,398.29,185.22,620.63,0.8467,-1,-1,-1
411,55,958.33,421.60,140.35,517.64,0.7181,-1,-1,-1
411,61,875.82,440.99,61.68,169.83,0.5405,-1,-1,-1
411,77,644.05,418.67,155.16,323.18,0.8265,-1,-1,-1
411,82,523.44,441.61,116.47,281.71,0.6931,-1,-1,-1
411,87,423.55,435.73,140.35,331.55,0.6693,-1,-1,-1
411,89,251.89,425.88,99.95,343.18,0.5464,-1,-1,-1
411,94,1239.81,443.66,35.55,90.01,0.3015,-1,-1,-1
412,3,1070.47,400.49,187.14,617.68,0.8433,-1,-1,-1
412,55,963.04,421.87,135.61,518.27,0.6861,-1,-1,-1
412,61,875.09,441.05,57.22,167.27,0.5160,-1,-1,-1
412,77,644.24,402.40,155.41,340.75,0.8270,-1,-1,-1
412,82,529.81,436.87,112.84,283.85,0.7386,-1,-1,-1
412,87,415.38,436.10,156.03,331.92,0.6617,-1,-1,-1
412,89,265.18,426.61,99.30,343.66,0.7140,-1,-1,-1
412,94,1239.48,445.61,33.59,86.64,0.3086,-1,-1,-1
413,3,1070.89,402.10,186.86,616.59,0.8518,-1,-1,-1
413,55,958.56,421.44,141.55,518.51,0.7356,-1,-1,-1
413,61,876.49,439.97,54.28,167.42,0.4901,-1,-1,-1
413,77,647.21,409.45,152.82,331.62,0.8040,-1,-1,-1
413,82,553.33,436.18,95.00,283.24,0.6168,-1,-1,-1
413,87,434.57,434.72,156.57,331.88,0.7118,-1,-1,-1
413,89,267.12,426.33,108.90,345.53,0.7255,-1,-1,-1
414,3,1064.71,405.27,192.01,613.91,0.8609,-1,-1,-1
414,55,962.58,421.28,136.31,516.54,0.6944,-1,-1,-1
414,61,872.01,440.29,53.11,167.75,0.5951,-1,-1,-1
414,77,654.14,425.88,145.06,314.95,0.8022,-1,-1,-1
414,82,559.92,438.17,93.13,282.17,0.6543,-1,-1,-1
414,87,435.71,437.94,159.79,328.60,0.7424,-1,-1,-1
414,89,269.86,424.45,113.90,348.31,0.6973,-1,-1,-1
415,3,1063.17,409.01,193.85,610.37,0.8578,-1,-1,-1
415,55,964.84,419.04,131.25,519.47,0.7134,-1,-1,-1
415,61,872.23,441.41,49.79,166.61,0.7087,-1,-1,-1
415,77,658.25,426.61,141.62,314.70,0.8065,-1,-1,-1
415,82,561.06,433.46,91.40,288.19,0.6031,-1,-1,-1
415,87,432.53,439.43,163.30,327.38,0.7651,-1,-1,-1
415,89,276.30,434.18,121.58,338.33,0.6670,-1,-1,-1
416,3,1060.48,412.14,198.31,607.63,0.8636,-1,-1,-1
416,55,964.63,418.89,130.81,519.73,0.7053,-1,-1,-1
416,61,869.73,440.32,51.65,165.96,0.6147,-1,-1,-1
416,77,669.46,432.92,130.94,304.96,0.7948,-1,-1,-1
416,82,570.96,433.92,86.16,286.49,0.7329,-1,-1,-1
416,87,432.22,442.05,162.17,325.10,0.8113,-1,-1,-1
416,89,286.72,437.86,115.78,332.59,0.7308,-1,-1,-1
417,3,1062.24,408.33,198.51,612.31,0.8532,-1,-1,-1
417,55,970.04,416.46,126.64,518.20,0.6690,-1,-1,-1
417,61,868.48,438.70,50.87,167.15,0.6314,-1,-1,-1
417,77,678.23,421.31,122.64,312.27,0.8033,-1,-1,-1
417,82,566.10,436.68,101.94,282.80,0.6753,-1,-1,-1
417,87,433.45,453.77,163.04,313.75,0.7914,-1,-1,-1
417,89,285.40,439.01,135.65,329.53,0.5965,-1,-1,-1
418,3,1059.14,403.63,201.73,616.82,0.8571,-1,-1,-1
418,55,968.44,418.35,126.46,520.07,0.6730,-1,-1,-1
418,61,867.98,439.86,48.40,164.67,0.5207,-1,-1,-1
418,77,682.84,408.19,120.98,322.81,0.7850,-1,-1,-1
418,82,584.44,436.61,93.71,281.83,0.7152,-1,-1,-1
418,87,436.87,444.34,154.17,321.42,0.8079,-1,-1,-1
418,89,285.79,435.03,150.16,333.89,0.6845,-1,-1,-1
419,3,1056.00,408.26,207.47,612.11,0.8490,-1,-1,-1
419,55,970.56,420.15,125.54,516.26,0.6840,-1,-1,-1
419,61,865.60,441.25,45.33,163.64,0.5460,-1,-1,-1
419,77,688.86,404.16,120.85,327.08,0.8005,-1,-1,-1
419,82,588.62,437.55,90.27,279.62,0.7164,-1,-1,-1
419,87,440.31,435.66,158.63,327.80,0.8021,-1,-1,-1
419,89,287.34,439.07,162.39,330.50,0.7582,-1,-1,-1
420,3,1053.27,409.70,216.78,611.12,0.8393,-1,-1,-1
420,55,970.92,414.07,123.28,523.32,0.5912,-1,-1,-1
420,77,695.63,407.93,116.33,322.74,0.7801,-1,-1,-1
420,82,583.09,437.00,100.66,277.47,0.7143,-1,-1,-1
420,87,449.46,434.01,148.37,329.15,0.7692,-1,-1,-1
420,89,290.77,443.76,162.89,325.72,0.7818,-1,-1,-1
420,95,1830.96,464.13,68.58,184.89,0.3119,-1,-1,-1
421,3,1050.36,408.92,216.82,611.83,0.8238,-1,-1,-1
421,55,968.57,411.00,124.25,526.86,0.5960,-1,-1,-1
421,61,858.10,434.40,48.72,170.83,0.4989,-1,-1,-1
421,77,696.54,424.19,110.35,307.25,0.7099,-1,-1,-1
421,82,587.46,440.10,114.68,277.04,0.7297,-1,-1,-1
421,87,446.28,433.83,149.44,327.00,0.7421,-1,-1,-1
421,89,288.56,438.12,168.55,330.45,0.7781,-1,-1,-1
422,3,1046.19,405.82,215.57,615.82,0.8181,-1,-1,-1
422,55,968.29,412.74,124.91,525.11,0.5194,-1,-1,-1
422,61,860.35,440.09,47.66,159.10,0.4726,-1,-1,-1
422,77,701.24,437.12,108.93,290.45,0.6475,-1,-1,-1
422,82,595.73,441.24,116.74,276.19,0.7147,-1,-1,-1
422,87,463.06,435.75,127.74,325.36,0.6973,-1,-1,-1
422,89,289.39,439.34,190.09,327.72,0.8232,-1,-1,-1
422,99,1157.94,410.36,163.81,495.02,0.5068,-1,-1,-1
423,3,1046.48,402.41,218.95,620.11,0.8158,-1,-1,-1
423,55,968.92,417.58,123.44,519.47,0.4224,-1,-1,-1
423,61,856.14,438.95,51.86,161.47,0.5986,-1,-1,-1
423,77,707.39,437.55,105.78,290.79,0.6213,-1,-1,-1
423,82,602.19,444.18,125.54,271.86,0.7249,-1,-1,-1
423,87,473.11,438.32,118.11,318.26,0.7150,-1,-1,-1
423,89,289.26,435.51,186.98,330.85,0.7820,-1,-1,-1
423,95,1833.29,466.31,70.95,183.80,0.3241,-1,-1,-1
423,99,1154.42,412.26,169.70,493.91,0.6562,-1,-1,-1
423,100,923.17,444.63,49.85,142.41,0.4132,-1,-1,-1
424,3,1049.14,397.98,216.39,627.11,0.7840,-1,-1,-1
424,55,967.58,475.10,123.65,461.84,0.4158,-1,-1,-1
424,61,850.22,439.03,53.41,163.72,0.5306,-1,-1,-1
424,77,711.20,428.77,104.84,301.17,0.6344,-1,-1,-1
424,82,607.86,443.13,133.98,272.37,0.7741,-1,-1,-1
424,87,477.38,437.43,120.60,320.94,0.7190,-1,-1,-1
424,89,301.87,436.75,172.76,327.49,0.7752,-1,-1,-1
424,99,1150.86,412.54,174.29,499.35,0.5138,-1,-1,-1
424,100,923.30,444.07,49.00,142.11,0.3048,-1,-1,-1
425,3,1049.87,397.05,203.59,636.46,0.7193,-1,-1,-1
425,55,971.18,488.48,119.43,445.03,0.5232,-1,-1,-1
425,61,850.48,440.13,48.13,158.36,0.5430,-1,-1,-1
425,77,713.34,416.82,118.04,309.06,0.7297,-1,-1,-1
425,82,609.31,451.24,129.40,264.81,0.7356,-1,-1,-1
425,87,490.11,439.50,110.43,318.73,0.6390,-1,-1,-1
425,89,312.59,438.46,163.44,325.15,0.7789,-1,-1,-1
425,99,1163.43,412.83,161.55,510.68,0.6051,-1,-1,-1
426,3,1051.48,397.55,198.50,640.01,0.7136,-1,-1,-1
426,55,971.01,490.56,118.87,440.54,0.5296,-1,-1,-1
426,61,848.27,438.81,47.02,159.03,0.5964,-1,-1,-1
426,77,714.05,409.43,117.34,316.25,0.7550,-1,-1,-1
426,82,609.50,448.77,133.05,268.86,0.7206,-1,-1,-1
426,87,522.36,438.11,91.63,315.16,0.6455,-1,-1,-1
426,89,324.33,432.74,150.41,331.67,0.7909,-1,-1,-1
426,99,1164.18,411.31,162.57,517.02,0.5898,-1,-1,-1
426,100,920.21,445.50,51.72,142.63,0.3918,-1,-1,-1
427,3,1055.99,401.31,181.41,637.70,0.6815,-1,-1,-1
427,55,973.01,440.58,118.31,487.98,0.4410,-1,-1,-1
427,61,843.79,436.91,49.44,162.67,0.4927,-1,-1,-1
427,77,720.96,410.36,109.70,316.70,0.7452,-1,-1,-1
427,82,608.61,450.11,131.06,268.06,0.7150,-1,-1,-1
427,87,519.45,438.79,94.80,315.06,0.6316,-1,-1,-1
427,89,332.14,433.56,147.46,325.02,0.7857,-1,-1,-1
427,99,1157.87,409.01,174.14,522.03,0.4893,-1,-1,-1
427,101,1737.74,342.66,180.84,578.67,0.5297,-1,-1,-1
428,3,1060.34,407.96,162.94,615.55,0.6651,-1,-1,-1
428,55,973.16,433.71,121.50,491.32,0.5751,-1,-1,-1
428,61,841.15,442.67,50.64,156.77,0.5171,-1,-1,-1
428,77,723.58,421.11,116.92,307.53,0.7234,-1,-1,-1
428,82,606.07,446.15,132.78,269.04,0.6943,-1,-1,-1
428,87,500.23,437.55,117.19,318.58,0.6649,-1,-1,-1
428,89,351.29,437.66,129.07,314.80,0.7381,-1,-1,-1
428,99,1147.10,415.27,178.50,611.35,0.4302,-1,-1,-1
428,101,1681.28,325.72,238.67,629.79,0.6095,-1,-1,-1
429,3,1060.41,401.85,164.06,617.52,0.6599,-1,-1,-1
429,55,974.24,455.74,119.14,476.77,0.5119,-1,-1,-1
429,77,726.92,437.27,117.90,290.67,0.7136,-1,-1,-1
429,82,620.96,439.92,116.59,273.42,0.7093,-1,-1,-1
429,87,497.47,438.80,132.27,316.48,0.6045,-1,-1,-1
429,89,371.27,438.74,112.85,313.20,0.7167,-1,-1,-1
429,99,1144.81,415.79,182.89,634.13,0.3503,-1,-1,-1
429,101,1630.68,317.07,292.52,629.32,0.4651,-1,-1,-1
430,3,1063.53,403.37,164.38,625.54,0.6894,-1,-1,-1
430,55,975.31,443.77,119.27,484.23,0.5744,-1,-1,-1
430,61,840.34,438.35,45.25,155.17,0.3815,-1,-1,-1
430,77,728.50,432.00,121.56,295.21,0.6789,-1,-1,-1
430,82,638.57,441.48,101.91,271.41,0.6002,-1,-1,-1
430,87,512.15,438.06,142.45,317.87,0.5809,-1,-1,-1
430,89,378.15,437.67,107.49,309.32,0.7391,-1,-1,-1
430,99,1147.89,416.61,182.70,639.38,0.3089,-1,-1,-1
430,101,1579.21,314.25,342.84,632.60,0.4808,-1,-1,-1
431,3,1066.84,404.82,163.35,632.15,0.6785,-1,-1,-1
431,55,976.30,437.70,121.04,488.91,0.5674,-1,-1,-1
431,61,840.19,440.79,42.56,153.53,0.5894,-1,-1,-1
431,77,725.74,429.31,124.53,298.50,0.6862,-1,-1,-1
431,82,643.21,441.61,96.57,265.05,0.5390,-1,-1,-1
431,87,540.53,442.48,129.22,312.70,0.6325,-1,-1,-1
431,89,383.87,438.11,106.83,306.44,0.7315,-1,-1,-1
431,99,1143.58,417.11,181.01,649.77,0.3020,-1,-1,-1
431,101,1536.96,304.07,382.03,711.73,0.7127,-1,-1,-1
431,103,1256.04,423.49,93.92,255.89,0.3473,-1,-1,-1
432,3,1070.48,408.19,172.45,630.72,0.7298,-1,-1,-1
432,55,977.09,444.79,121.60,484.66,0.5618,-1,-1,-1
432,61,836.55,442.86,46.07,150.66,0.6309,-1,-1,-1
432,77,727.02,421.88,124.70,304.14,0.6500,-1,-1,-1
432,82,658.61,448.02,79.26,255.56,0.4656,-1,-1,-1
432,87,546.30,441.47,135.84,314.27,0.6603,-1,-1,-1
432,89,386.90,440.51,109.10,309.37,0.7039,-1,-1,-1
432,99,1173.01,408.33,156.66,414.05,0.5699,-1,-1,-1
432,101,1491.95,300.89,428.24,718.83,0.8262,-1,-1,-1
432,103,1262.54,420.37,94.34,256.68,0.4260,-1,-1,-1
433,3,1074.99,409.56,166.38,610.52,0.7190,-1,-1,-1
433,55,979.59,424.80,127.75,503.10,0.5648,-1,-1,-1
433,61,834.78,438.53,47.44,155.84,0.6025,-1,-1,-1
433,77,733.09,428.13,120.67,296.82,0.6890,-1,-1,-1
433,82,666.66,446.59,82.55,256.67,0.4254,-1,-1,-1
433,87,541.91,443.04,146.43,314.15,0.6804,-1,-1,-1
433,89,395.04,441.34,110.06,306.37,0.6749,-1,-1,-1
433,99,1184.58,412.94,150.05,386.44,0.6475,-1,-1,-1
433,101,1442.95,305.11,477.60,713.85,0.7812,-1,-1,-1
433,103,1267.42,417.24,93.41,259.33,0.3078,-1,-1,-1
434,3,1074.80,400.47,159.88,543.40,0.4757,-1,-1,-1
434,55,982.36,422.81,136.10,518.36,0.6454,-1,-1,-1
434,77,738.93,416.84,115.70,308.86,0.6974,-1,-1,-1
434,82,668.30,449.45,86.95,253.79,0.4118,-1,-1,-1
434,87,546.45,446.28,141.23,310.44,0.7808,-1,-1,-1
434,89,402.86,440.76,108.14,306.48,0.6780,-1,-1,-1
434,99,1189.76,404.74,127.31,328.79,0.4598,-1,-1,-1
434,101,1399.03,303.63,496.13,709.49,0.7402,-1,-1,-1
434,103,1272.30,420.63,92.64,293.03,0.3890,-1,-1,-1
435,3,1081.56,403.37,167.38,401.73,0.6218,-1,-1,-1
435,55,984.61,417.43,138.38,487.82,0.7034,-1,-1,-1
435,77,744.67,423.44,110.11,300.81,0.6921,-1,-1,-1
435,82,687.32,433.58,76.11,270.18,0.5281,-1,-1,-1
435,87,546.29,444.62,145.82,311.89,0.7973,-1,-1,-1
435,89,414.45,436.43,106.62,312.32,0.7632,-1,-1,-1
435,99,1194.00,404.52,126.80,302.41,0.6141,-1,-1,-1
435,101,1360.26,304.56,459.18,707.52,0.4196,-1,-1,-1
435,103,1278.02,418.89,93.56,299.15,0.5583,-1,-1,-1
436,3,1089.15,412.32,163.97,411.72,0.6527,-1,-1,-1
436,55,997.38,417.60,134.62,393.57,0.6308,-1,-1,-1
436,77,753.05,425.32,102.83,295.34,0.6587,-1,-1,-1
436,82,697.94,437.02,75.99,272.63,0.4706,-1,-1,-1
436,87,544.10,440.72,148.99,315.54,0.7819,-1,-1,-1
436,89,415.04,436.86,112.14,311.84,0.7577,-1,-1,-1
436,99,1190.44,413.18,134.36,383.48,0.5846,-1,-1,-1
436,101,1303.52,312.88,448.00,697.45,0.8391,-1,-1,-1
437,3,1096.29,402.65,156.70,438.38,0.6934,-1,-1,-1
437,55,999.19,421.29,135.17,397.94,0.6794,-1,-1,-1
437,77,758.53,414.04,97.66,304.44,0.5656,-1,-1,-1
437,82,707.69,431.10,75.51,278.45,0.4958,-1,-1,-1
437,87,546.32,439.63,147.94,318.08,0.7817,-1,-1,-1
437,89,414.96,439.23,119.63,312.61,0.7785,-1,-1,-1
437,99,1198.66,401.94,137.91,317.33,0.5317,-1,-1,-1
437,101,1198.97,321.49,484.28,697.81,0.8074,-1,-1,-1
438,3,1100.11,393.54,157.43,458.93,0.8134,-1,-1,-1
438,55,1001.61,424.43,134.81,408.91,0.6851,-1,-1,-1
438,77,771.09,414.45,87.88,304.41,0.5399,-1,-1,-1
438,82,708.09,429.81,85.73,280.44,0.5464,-1,-1,-1
438,87,547.29,442.25,148.85,310.73,0.7833,-1,-1,-1
438,89,419.20,432.44,121.49,318.34,0.8063,-1,-1,-1
438,101,1198.95,329.94,411.48,697.22,0.7261,-1,-1,-1
439,3,1100.75,426.98,154.79,431.46,0.5200,-1,-1,-1
439,55,998.77,422.51,141.05,428.27,0.7031,-1,-1,-1
439,77,771.36,436.04,90.34,282.94,0.5399,-1,-1,-1
439,82,708.35,437.04,89.01,275.28,0.4631,-1,-1,-1
439,87,550.27,439.06,146.95,315.02,0.7897,-1,-1,-1
439,89,422.32,440.34,126.48,306.76,0.7597,-1,-1,-1
439,95,1832.53,465.84,68.61,181.29,0.3627,-1,-1,-1
439,101,1156.35,336.07,391.63,698.88,0.7738,-1,-1,-1
440,55,997.82,424.85,148.60,444.37,0.7794,-1,-1,-1
440,77,772.21,442.63,89.25,274.35,0.5876,-1,-1,-1
440,82,709.40,438.99,86.19,272.37,0.5185,-1,-1,-1
440,87,550.72,441.30,147.13,313.25,0.7787,-1,-1,-1
440,89,427.88,438.40,124.55,305.09,0.7012,-1,-1,-1
440,95,1832.78,466.07,64.37,179.79,0.4016,-1,-1,-1
440,101,1098.20,355.03,383.86,676.88,0.7385,-1,-1,-1
441,55,997.90,432.53,139.24,404.88,0.4463,-1,-1,-1
441,77,776.12,434.50,86.62,276.62,0.5722,-1,-1,-1
441,82,710.33,448.02,101.15,263.99,0.5608,-1,-1,-1
441,87,551.78,441.18,145.82,312.51,0.7495,-1,-1,-1
441,89,437.06,438.92,115.25,301.69,0.6945,-1,-1,-1
441,95,1833.77,466.54,69.63,181.99,0.3999,-1,-1,-1
441,101,1045.34,359.65,366.39,669.23,0.7502,-1,-1,-1
442,77,777.71,428.29,88.95,280.93,0.5486,-1,-1,-1
442,82,710.55,449.02,117.63,263.29,0.5509,-1,-1,-1
442,87,562.48,439.13,136.36,309.73,0.7671,-1,-1,-1
442,89,443.75,437.12,106.97,309.92,0.6985,-1,-1,-1
442,95,1834.28,465.85,66.40,182.17,0.3562,-1,-1,-1
442,101,1002.68,366.02,352.57,653.22,0.7934,-1,-1,-1
442,104,1304.59,432.42,154.32,325.07,0.7323,-1,-1,-1
443,77,784.90,427.24,81.01,283.74,0.6363,-1,-1,-1
443,82,709.64,443.00,116.27,267.96,0.5487,-1,-1,-1
443,87,568.62,437.83,131.56,311.35,0.7965,-1,-1,-1
443,89,450.78,441.05,104.60,301.52,0.7198,-1,-1,-1
443,101,960.09,362.61,344.45,651.57,0.8090,-1,-1,-1
443,104,1311.98,431.95,148.35,326.74,0.6962,-1,-1,-1
444,77,786.89,431.57,86.23,279.80,0.5137,-1,-1,-1
444,82,709.08,443.10,133.45,267.80,0.5969,-1,-1,-1
444,87,582.33,436.70,117.89,307.75,0.7457,-1,-1,-1
444,89,463.41,434.89,97.32,305.17,0.7627,-1,-1,-1
444,95,1834.74,466.81,68.71,181.62,0.3260,-1,-1,-1
444,101,918.05,361.23,332.05,650.67,0.8144,-1,-1,-1
444,104,1314.71,432.82,144.25,330.03,0.6649,-1,-1,-1
444,106,1236.11,431.71,120.78,414.36,0.5230,-1,-1,-1
445,77,783.00,438.61,93.26,275.21,0.5027,-1,-1,-1
445,82,710.12,445.95,94.09,262.70,0.4187,-1,-1,-1
445,87,589.04,438.29,111.55,306.28,0.7545,-1,-1,-1
445,89,469.20,433.66,100.66,300.07,0.7620,-1,-1,-1
445,101,877.07,348.73,339.03,660.64,0.7808,-1,-1,-1
445,104,1327.05,432.84,132.15,327.90,0.7329,-1,-1,-1
445,106,1236.31,428.73,131.62,374.07,0.4094,-1,-1,-1
446,77,791.49,427.15,87.61,284.05,0.5665,-1,-1,-1
446,82,711.50,452.53,109.86,256.82,0.4560,-1,-1,-1
446,87,607.76,439.37,94.02,302.71,0.6878,-1,-1,-1
446,89,469.20,434.82,106.61,292.26,0.7215,-1,-1,-1
446,95,1832.00,469.54,70.84,178.83,0.3498,-1,-1,-1
446,101,846.93,341.03,325.67,654.17,0.7818,-1,-1,-1
446,104,1335.44,432.05,123.12,328.84,0.7050,-1,-1,-1
446,106,1241.28,429.89,125.83,404.27,0.4972,-1,-1,-1
446,108,1135.15,429.07,196.79,636.63,0.7608,-1,-1,-1
447,55,1068.48,420.41,115.38,355.74,0.4470,-1,-1,-1
447,82,716.33,451.66,104.14,255.76,0.3903,-1,-1,-1
447,87,611.04,431.75,95.96,310.17,0.6748,-1,-1,-1
447,89,473.26,430.04,107.24,296.34,0.6842,-1,-1,-1
447,101,801.36,332.06,335.73,654.13,0.7791,-1,-1,-1
447,104,1341.69,430.74,118.86,329.46,0.6710,-1,-1,-1
447,106,1236.36,422.95,126.93,416.87,0.3010,-1,-1,-1
447,108,1133.71,414.48,193.30,654.86,0.7876,-1,-1,-1
447,109,587.60,459.98,59.73,193.15,0.3191,-1,-1,-1
448,55,1056.67,426.75,130.33,497.06,0.5333,-1,-1,-1
448,82,726.15,443.76,129.04,264.53,0.4134,-1,-1,-1
448,87,602.46,435.13,109.25,309.33,0.6110,-1,-1,-1
448,89,483.66,435.09,102.65,282.33,0.5837,-1,-1,-1
448,99,1244.15,422.23,125.68,352.70,0.3707,-1,-1,-1
448,101,769.23,331.94,335.54,642.96,0.7764,-1,-1,-1
448,104,1346.57,420.14,117.66,342.65,0.7803,-1,-1,-1
448,108,1138.17,421.16,196.80,648.84,0.7741,-1,-1,-1
448,111,296.84,509.07,86.64,133.65,0.3313,-1,-1,-1
449,55,1031.14,420.90,156.69,534.35,0.8014,-1,-1,-1
449,87,632.37,435.07,89.90,307.89,0.5933,-1,-1,-1
449,89,483.58,438.28,107.24,282.73,0.7027,-1,-1,-1
449,95,1830.82,469.59,73.29,179.37,0.3385,-1,-1,-1
449,99,1244.40,417.24,123.82,329.35,0.5114,-1,-1,-1
449,101,732.40,332.02,333.87,646.68,0.7325,-1,-1,-1
449,104,1349.87,420.80,114.67,340.60,0.7499,-1,-1,-1
449,108,1142.47,427.11,188.73,639.76,0.7308,-1,-1,-1
449,111,288.10,506.77,90.56,139.73,0.3287,-1,-1,-1
450,55,1033.87,413.81,159.58,548.73,0.7720,-1,-1,-1
450,87,636.56,434.89,86.51,301.75,0.6590,-1,-1,-1
450,89,484.83,435.55,107.32,287.03,0.6994,-1,-1,-1
450,95,1832.18,468.16,75.28,180.33,0.3340,-1,-1,-1
450,101,698.81,337.38,330.54,631.17,0.7554,-1,-1,-1
450,104,1352.12,420.74,119.89,340.03,0.7539,-1,-1,-1
450,108,1142.90,419.61,218.89,643.46,0.8143,-1,-1,-1
450,111,282.18,520.95,90.11,127.67,0.3504,-1,-1,-1
451,55,1036.28,411.81,159.49,551.05,0.7848,-1,-1,-1
451,87,645.73,439.64,79.97,299.40,0.6660,-1,-1,-1
451,89,488.55,433.93,124.48,291.56,0.6379,-1,-1,-1
451,101,662.81,341.56,334.66,640.45,0.7167,-1,-1,-1
451,104,1351.43,417.59,126.92,346.52,0.7263,-1,-1,-1
451,108,1130.53,418.26,268.28,648.35,0.8218,-1,-1,-1
452,55,1041.05,414.53,159.47,547.15,0.7996,-1,-1,-1
452,89,487.69,433.46,131.72,290.92,0.7212,-1,-1,-1
452,101,640.42,350.19,319.52,635.33,0.7140,-1,-1,-1
452,104,1359.37,417.48,127.83,346.75,0.7839,-1,-1,-1
452,108,1086.91,415.56,318.45,651.13,0.7161,-1,-1,-1
453,55,1048.47,415.18,149.30,543.07,0.7940,-1,-1,-1
453,89,496.75,437.52,123.65,285.64,0.7166,-1,-1,-1
453,101,584.00,362.01,355.13,678.37,0.5391,-1,-1,-1
453,104,1366.78,418.01,123.61,345.46,0.8186,-1,-1,-1
453,108,1154.24,416.28,288.56,643.36,0.8064,-1,-1,-1
453,109,619.56,476.28,49.43,161.37,0.3523,-1,-1,-1
454,55,1048.25,416.14,156.11,538.42,0.7732,-1,-1,-1
454,77,820.94,423.27,69.08,270.47,0.4524,-1,-1,-1
454,89,506.41,438.25,103.47,284.06,0.7768,-1,-1,-1
454,101,538.04,372.09,371.27,653.02,0.6761,-1,-1,-1
454,104,1369.56,417.91,126.38,349.58,0.8185,-1,-1,-1
454,108,1148.76,408.37,302.80,661.27,0.7958,-1,-1,-1
454,111,250.77,513.45,90.23,122.77,0.3554,-1,-1,-1
455,55,1052.76,419.12,173.70,542.31,0.7694,-1,-1,-1
455,77,820.10,421.15,76.36,286.77,0.6186,-1,-1,-1
455,89,515.70,453.97,86.98,262.87,0.6617,-1,-1,-1
455,101,496.54,389.63,374.64,621.49,0.6355,-1,-1,-1
455,104,1371.95,419.00,129.75,348.77,0.8235,-1,-1,-1
455,108,1150.05,420.76,299.75,655.15,0.7103,-1,-1,-1
455,111,242.35,518.31,90.91,122.92,0.5262,-1,-1,-1
455,115,417.40,466.73,40.15,103.96,0.3154,-1,-1,-1
456,55,1056.69,421.01,169.27,540.11,0.7770,-1,-1,-1
456,77,810.24,420.10,91.56,289.67,0.5994,-1,-1,-1
456,101,461.31,393.51,376.76,653.00,0.7101,-1,-1,-1
456,104,1375.67,420.23,131.93,354.06,0.8206,-1,-1,-1
456,108,1150.36,424.58,308.03,652.66,0.7526,-1,-1,-1
456,115,415.95,468.35,41.49,103.82,0.3586,-1,-1,-1
457,55,1062.28,421.03,164.41,541.32,0.8057,-1,-1,-1
457,77,805.08,411.39,99.87,297.48,0.6822,-1,-1,-1
457,101,407.84,395.21,384.26,645.96,0.6782,-1,-1,-1
457,104,1378.15,420.81,136.18,358.24,0.8461,-1,-1,-1
457,108,1151.86,411.64,286.50,663.25,0.8215,-1,-1,-1
457,111,228.42,513.74,94.29,115.22,0.3940,-1,-1,-1
457,115,415.58,471.23,42.89,100.78,0.3422,-1,-1,-1
458,55,1070.48,419.06,157.49,538.21,0.8052,-1,-1,-1
458,77,808.23,416.49,98.20,291.53,0.6733,-1,-1,-1
458,87,686.92,441.65,86.31,288.74,0.4967,-1,-1,-1
458,101,377.47,391.54,392.36,675.68,0.7577,-1,-1,-1
458,104,1387.66,422.19,133.77,359.14,0.8286,-1,-1,-1
458,108,1152.51,415.30,302.15,659.20,0.8403,-1,-1,-1
458,111,219.78,519.25,93.24,117.52,0.4046,-1,-1,-1
459,55,1077.80,418.42,154.92,544.82,0.7695,-1,-1,-1
459,77,820.37,420.97,82.51,282.88,0.5964,-1,-1,-1
459,87,685.01,443.57,113.83,290.37,0.4897,-1,-1,-1
459,101,342.96,386.50,395.53,686.30,0.8429,-1,-1,-1
459,104,1392.19,424.26,148.63,361.32,0.8361,-1,-1,-1
459,108,1154.65,415.16,316.20,660.19,0.8347,-1,-1,-1
459,111,209.44,522.59,95.09,123.95,0.3796,-1,-1,-1
460,55,1088.70,418.93,149.76,546.45,0.7160,-1,-1,-1
460,77,822.15,423.53,87.94,277.79,0.5387,-1,-1,-1
460,87,668.32,440.81,132.75,294.52,0.6883,-1,-1,-1
460,101,303.17,385.93,408.97,676.59,0.6813,-1,-1,-1
460,104,1398.31,424.07,162.30,363.40,0.8448,-1,-1,-1
460,108,1159.19,412.12,306.14,660.93,0.8424,-1,-1,-1
460,111,201.29,520.93,96.41,116.28,0.4020,-1,-1,-1
461,55,1101.29,423.14,150.73,553.05,0.7144,-1,-1,-1
461,77,817.04,414.87,100.59,286.00,0.5822,-1,-1,-1
461,87,650.49,439.56,151.92,298.19,0.7445,-1,-1,-1
461,101,280.70,368.04,401.42,706.78,0.8020,-1,-1,-1
461,104,1401.12,425.77,166.23,364.56,0.8553,-1,-1,-1
461,108,1160.61,410.64,306.51,665.85,0.8619,-1,-1,-1
462,55,1097.62,419.42,160.62,555.35,0.7319,-1,-1,-1
462,77,810.21,412.20,105.22,290.84,0.6093,-1,-1,-1
462,87,666.11,440.06,132.18,297.27,0.6930,-1,-1,-1
462,89,564.88,434.25,88.05,276.03,0.5542,-1,-1,-1
462,101,256.98,367.51,390.69,705.68,0.7669,-1,-1,-1
462,104,1402.74,425.99,167.33,365.84,0.8152,-1,-1,-1
462,108,1157.04,403.42,312.45,671.26,0.8665,-1,-1,-1
463,55,1102.35,415.63,157.36,556.32,0.7728,-1,-1,-1
463,61,774.42,446.71,46.98,141.03,0.4060,-1,-1,-1
463,77,808.70,411.25,112.45,291.27,0.5966,-1,-1,-1
463,87,675.40,439.19,116.67,295.69,0.6768,-1,-1,-1
463,89,566.41,432.69,93.46,276.71,0.7023,-1,-1,-1
463,101,258.26,360.95,373.55,711.17,0.7795,-1,-1,-1
463,104,1404.37,431.64,171.63,366.32,0.8299,-1,-1,-1
463,108,1161.76,402.72,306.62,672.48,0.8028,-1,-1,-1
464,55,1104.09,411.59,164.53,564.61,0.7788,-1,-1,-1
464,61,773.90,445.77,47.00,140.17,0.5096,-1,-1,-1
464,77,809.25,412.39,116.53,291.83,0.6319,-1,-1,-1
464,87,684.48,438.52,110.79,291.40,0.6808,-1,-1,-1
464,89,572.67,432.61,91.77,274.39,0.6955,-1,-1,-1
464,101,227.41,357.49,386.25,713.18,0.8127,-1,-1,-1
464,104,1415.59,425.40,161.33,374.23,0.8498,-1,-1,-1
464,108,1169.64,401.72,297.68,672.01,0.7970,-1,-1,-1
465,55,1107.96,417.40,158.09,557.51,0.7699,-1,-1,-1
465,77,822.05,413.02,103.58,290.87,0.6263,-1,-1,-1
465,87,687.51,439.19,110.84,291.46,0.6241,-1,-1,-1
465,89,564.15,430.92,103.84,276.35,0.6809,-1,-1,-1
465,101,200.11,362.22,397.33,705.02,0.7816,-1,-1,-1
465,104,1423.75,422.42,153.10,379.44,0.8425,-1,-1,-1
465,108,1190.55,402.53,276.26,674.39,0.8342,-1,-1,-1
465,121,518.07,445.74,70.03,206.18,0.4168,-1,-1,-1
466,55,1105.56,421.87,168.00,550.07,0.7764,-1,-1,-1
466,77,825.50,408.87,104.24,296.10,0.6718,-1,-1,-1
466,87,712.42,438.53,104.32,291.32,0.6405,-1,-1,-1
466,89,561.13,430.36,109.09,278.02,0.6879,-1,-1,-1
466,101,158.08,368.06,401.62,703.08,0.7489,-1,-1,-1
466,104,1435.97,419.63,140.52,383.31,0.8450,-1,-1,-1
466,108,1200.07,403.25,268.46,672.39,0.8168,-1,-1,-1
466,121,511.17,448.22,77.06,192.40,0.3988,-1,-1,-1
467,55,1107.63,428.05,174.33,545.47,0.7268,-1,-1,-1
467,77,830.21,407.42,96.75,297.70,0.6768,-1,-1,-1
467,87,724.08,440.68,92.17,290.56,0.6692,-1,-1,-1
467,89,569.87,428.43,101.24,279.74,0.6872,-1,-1,-1
467,101,133.57,371.79,402.37,699.21,0.8542,-1,-1,-1
467,104,1452.24,420.07,129.85,384.54,0.8018,-1,-1,-1
467,108,1223.62,405.49,253.13,660.91,0.7362,-1,-1,-1
467,121,499.99,457.42,80.54,181.42,0.3581,-1,-1,-1
468,55,1113.29,422.46,177.91,565.50,0.7789,-1,-1,-1
468,77,831.97,406.90,95.32,297.72,0.6697,-1,-1,-1
468,87,709.76,439.16,102.67,292.37,0.6049,-1,-1,-1
468,89,573.32,434.56,96.55,269.08,0.7035,-1,-1,-1
468,101,122.64,373.88,383.74,699.29,0.8187,-1,-1,-1
468,104,1462.02,413.49,130.23,388.83,0.8166,-1,-1,-1
468,108,1245.96,406.07,238.68,647.71,0.6435,-1,-1,-1
469,55,1117.13,421.52,171.23,577.56,0.7743,-1,-1,-1
469,77,834.83,407.50,91.71,297.85,0.6870,-1,-1,-1
469,87,709.18,436.52,108.02,294.85,0.6250,-1,-1,-1
469,89,576.69,437.45,96.16,266.70,0.7115,-1,-1,-1
469,101,81.31,383.29,386.93,682.66,0.7296,-1,-1,-1
469,104,1473.46,413.01,120.19,390.10,0.7872,-1,-1,-1
469,108,1256.08,402.45,243.74,669.03,0.7934,-1,-1,-1
469,121,493.04,458.35,81.48,192.19,0.3635,-1,-1,-1
469,122,419.53,494.14,64.49,122.12,0.3305,-1,-1,-1
470,55,1124.63,421.63,179.59,585.48,0.7598,-1,-1,-1
470,77,832.55,408.77,92.77,298.36,0.7190,-1,-1,-1
470,87,711.93,437.13,124.54,291.91,0.6064,-1,-1,-1
470,89,580.29,440.46,93.67,266.57,0.7093,-1,-1,-1
470,101,50.82,393.23,394.38,673.48,0.7838,-1,-1,-1
470,104,1481.85,411.28,119.18,389.68,0.8234,-1,-1,-1
470,108,1273.81,406.92,235.10,666.96,0.6423,-1,-1,-1
470,121,488.06,472.50,75.21,174.12,0.3059,-1,-1,-1
470,122,413.01,491.82,68.22,111.36,0.3371,-1,-1,-1
471,55,1131.44,421.53,169.73,587.13,0.7716,-1,-1,-1
471,77,838.31,415.52,89.57,289.53,0.7530,-1,-1,-1
471,87,738.71,431.73,114.20,299.93,0.5846,-1,-1,-1
471,89,581.51,449.23,94.63,260.52,0.6993,-1,-1,-1
471,101,19.82,398.14,416.37,670.42,0.8302,-1,-1,-1
471,104,1489.53,409.55,116.45,391.97,0.8152,-1,-1,-1
471,108,1293.19,400.44,204.95,673.45,0.5582,-1,-1,-1
471,122,410.47,493.70,66.23,130.67,0.3689,-1,-1,-1
472,55,1133.73,416.71,181.12,593.11,0.8034,-1,-1,-1
472,77,838.17,412.97,89.34,291.56,0.7328,-1,-1,-1
472,87,740.71,432.44,119.36,298.93,0.6446,-1,-1,-1
472,89,584.46,445.91,96.80,262.26,0.7330,-1,-1,-1
472,101,4.07,403.64,392.08,661.07,0.7824,-1,-1,-1
472,104,1493.34,409.09,119.64,395.20,0.8316,-1,-1,-1
472,108,1286.03,397.95,208.50,673.47,0.6538,-1,-1,-1
472,121,485.23,471.78,62.69,167.20,0.3564,-1,-1,-1
472,122,409.42,485.85,60.93,138.30,0.3855,-1,-1,-1
473,55,1138.88,423.05,167.23,586.16,0.7926,-1,-1,-1
473,77,840.38,417.61,90.18,287.87,0.6985,-1,-1,-1
473,87,741.54,436.50,118.21,293.82,0.6691,-1,-1,-1
473,89,587.25,439.82,98.11,268.45,0.7316,-1,-1,-1
473,101,-9.44,403.58,391.19,663.06,0.6331,-1,-1,-1
473,104,1499.37,410.74,120.10,390.46,0.8031,-1,-1,-1
473,108,1314.24,399.46,202.45,666.55,0.6615,-1,-1,-1
473,121,468.54,475.34,74.05,174.81,0.3428,-1,-1,-1
473,122,409.73,486.77,54.17,127.89,0.3497,-1,-1,-1
474,55,1144.27,422.16,164.40,587.13,0.8007,-1,-1,-1
474,77,838.21,413.90,85.02,290.24,0.6222,-1,-1,-1
474,87,739.33,439.25,119.21,290.11,0.6527,-1,-1,-1
474,89,589.64,439.42,98.67,268.57,0.7393,-1,-1,-1
474,101,-5.35,400.64,349.22,672.25,0.5951,-1,-1,-1
474,104,1501.86,411.40,127.14,390.22,0.7797,-1,-1,-1
474,108,1324.41,400.15,205.25,664.17,0.7212,-1,-1,-1
474,121,448.25,475.72,95.64,183.04,0.4079,-1,-1,-1
475,55,1146.95,422.04,167.52,588.03,0.8164,-1,-1,-1
475,77,847.61,416.04,93.32,287.34,0.5109,-1,-1,-1
475,87,741.99,436.60,116.99,293.79,0.6513,-1,-1,-1
475,89,592.28,442.72,98.83,264.82,0.7416,-1,-1,-1
475,101,-5.24,397.84,339.28,676.15,0.7482,-1,-1,-1
475,104,1507.30,410.23,134.37,392.63,0.7777,-1,-1,-1
475,108,1321.63,401.62,210.10,665.48,0.7507,-1,-1,-1
475,121,457.58,475.89,82.54,187.14,0.3744,-1,-1,-1
476,55,1148.71,421.21,167.48,588.82,0.8137,-1,-1,-1
476,77,846.41,417.13,80.03,287.35,0.5587,-1,-1,-1
476,87,742.00,436.76,117.32,294.25,0.7015,-1,-1,-1
476,89,595.27,445.72,101.86,260.16,0.7923,-1,-1,-1
476,101,14.65,394.40,220.30,680.29,0.6779,-1,-1,-1
476,104,1512.63,412.22,153.53,392.66,0.7602,-1,-1,-1
476,108,1324.85,396.63,218.27,675.83,0.6737,-1,-1,-1
476,121,440.84,478.61,90.13,182.59,0.5479,-1,-1,-1
477,55,1150.55,421.01,172.49,589.54,0.8250,-1,-1,-1
477,77,846.50,416.88,74.80,284.89,0.5532,-1,-1,-1
477,82,902.44,439.44,88.31,244.81,0.3774,-1,-1,-1
477,87,744.27,437.99,114.95,293.15,0.7029,-1,-1,-1
477,89,600.86,444.72,99.81,260.81,0.7704,-1,-1,-1
477,101,-11.77,389.06,295.62,682.32,0.7838,-1,-1,-1
477,104,1515.35,411.04,176.24,401.09,0.8324,-1,-1,-1
477,108,1333.56,396.19,195.12,664.29,0.3966,-1,-1,-1
477,121,431.02,473.65,92.40,187.98,0.4177,-1,-1,-1
478,55,1158.46,420.98,168.00,589.45,0.8187,-1,-1,-1
478,77,848.51,415.17,75.17,286.43,0.4892,-1,-1,-1
478,82,854.93,430.10,140.36,264.15,0.3464,-1,-1,-1
478,87,746.43,437.52,111.57,295.03,0.6313,-1,-1,-1
478,89,614.50,445.59,90.60,258.00,0.6860,-1,-1,-1
478,101,19.71,383.83,185.01,688.55,0.4847,-1,-1,-1
478,104,1523.56,407.08,187.39,402.26,0.8257,-1,-1,-1
478,108,1335.42,398.80,205.28,658.32,0.6572,-1,-1,-1
478,121,420.91,474.34,98.48,190.33,0.4567,-1,-1,-1
478,126,1308.07,420.06,86.58,508.57,0.4051,-1,-1,-1
479,55,1162.38,419.81,167.88,590.12,0.8015,-1,-1,-1
479,77,851.19,413.55,68.93,286.08,0.5193,-1,-1,-1
479,82,896.98,434.82,106.24,255.78,0.4879,-1,-1,-1
479,87,757.29,438.95,103.24,293.38,0.6149,-1,-1,-1
479,89,606.55,443.78,104.26,259.22,0.6575,-1,-1,-1
479,101,-11.26,382.39,256.99,687.74,0.7246,-1,-1,-1
479,104,1529.59,410.41,198.87,405.12,0.8492,-1,-1,-1
479,108,1343.83,398.49,218.28,673.46,0.7606,-1,-1,-1
479,126,1318.49,413.25,95.69,531.16,0.4337,-1,-1,-1
480,55,1168.60,420.66,164.70,588.54,0.8058,-1,-1,-1
480,77,851.40,412.37,70.04,287.34,0.5701,-1,-1,-1
480,82,898.76,437.15,107.60,248.49,0.5523,-1,-1,-1
480,87,765.09,436.74,97.68,291.45,0.6541,-1,-1,-1
480,89,621.13,436.84,88.07,263.44,0.6056,-1,-1,-1
480,101,23.20,390.88,143.19,682.96,0.4759,-1,-1,-1
480,104,1536.31,414.75,199.82,409.54,0.8576,-1,-1,-1
480,108,1345.10,403.43,234.64,670.97,0.8130,-1,-1,-1
480,121,413.10,478.85,91.41,182.14,0.3089,-1,-1,-1
480,126,1324.90,411.31,92.92,542.85,0.4464,-1,-1,-1
481,55,1172.92,419.01,164.50,589.85,0.8081,-1,-1,-1
481,77,852.71,413.21,67.71,286.10,0.5480,-1,-1,-1
481,82,901.73,440.03,104.28,243.70,0.6320,-1,-1,-1
481,87,774.78,439.96,95.02,283.98,0.6126,-1,-1,-1
481,89,627.00,434.64,92.40,264.43,0.6025,-1,-1,-1
481,101,-8.20,414.15,218.85,658.58,0.7644,-1,-1,-1
481,104,1541.25,420.28,203.05,405.50,0.8476,-1,-1,-1
481,108,1345.45,397.93,252.90,680.24,0.8316,-1,-1,-1
481,121,407.38,478.71,83.13,184.69,0.5193,-1,-1,-1
481,122,358.83,480.73,63.45,138.39,0.3074,-1,-1,-1
481,126,1328.24,407.42,89.82,554.99,0.3926,-1,-1,-1
482,55,1176.72,418.98,163.40,593.31,0.7925,-1,-1,-1
482,77,853.87,413.22,66.93,283.73,0.5302,-1,-1,-1
482,82,904.69,443.42,102.73,239.65,0.6764,-1,-1,-1
482,87,781.67,438.22,90.98,283.31,0.5799,-1,-1,-1
482,89,632.34,434.18,87.19,266.17,0.5771,-1,-1,-1
482,101,-4.11,472.71,201.47,599.64,0.7683,-1,-1,-1
482,104,1546.83,418.85,203.93,409.82,0.8333,-1,-1,-1
482,108,1352.77,395.75,258.74,681.86,0.8511,-1,-1,-1
482,121,405.88,477.34,82.23,192.26,0.4562,-1,-1,-1
482,122,360.84,482.92,69.14,182.75,0.3016,-1,-1,-1
482,126,1329.66,406.01,98.57,549.29,0.3443,-1,-1,-1
482,128,1091.30,438.41,56.42,156.42,0.3358,-1,-1,-1
483,55,1183.81,418.39,161.09,592.74,0.7927,-1,-1,-1
483,77,855.25,416.02,67.71,283.98,0.5265,-1,-1,-1
483,82,908.11,445.45,97.73,237.59,0.6632,-1,-1,-1
483,87,795.14,436.44,78.57,289.40,0.6331,-1,-1,-1
483,89,628.09,433.23,98.06,264.08,0.6164,-1,-1,-1
483,101,-2.40,517.96,184.01,552.99,0.7445,-1,-1,-1
483,104,1555.30,418.17,192.82,413.81,0.8255,-1,-1,-1
483,108,1356.84,393.85,266.08,682.24,0.8280,-1,-1,-1
483,121,398.90,475.43,90.28,193.42,0.4750,-1,-1,-1
483,126,1331.11,400.51,104.27,558.66,0.4044,-1,-1,-1
484,55,1188.83,417.31,161.24,594.78,0.7879,-1,-1,-1
484,77,859.40,433.12,65.64,267.42,0.5164,-1,-1,-1
484,82,911.07,445.12,95.00,238.97,0.6515,-1,-1,-1
484,87,796.81,438.09,77.43,290.65,0.6599,-1,-1,-1
484,89,631.48,435.73,102.90,261.11,0.6555,-1,-1,-1
484,101,-5.59,548.85,171.71,437.74,0.3884,-1,-1,-1
484,104,1563.37,415.20,188.05,420.62,0.8215,-1,-1,-1
484,108,1357.33,393.78,275.02,684.00,0.8716,-1,-1,-1
484,121,380.14,475.11,107.20,195.50,0.4637,-1,-1,-1
484,126,1335.44,407.24,100.03,555.08,0.4303,-1,-1,-1
484,128,1091.91,435.93,59.05,158.28,0.3123,-1,-1,-1
484,129,561.27,444.17,35.16,87.73,0.3123,-1,-1,-1
485,55,1193.81,420.61,163.81,592.28,0.7822,-1,-1,-1
485,77,861.97,424.04,59.70,270.92,0.4660,-1,-1,-1
485,82,911.79,440.30,95.67,241.77,0.6780,-1,-1,-1
485,87,799.75,438.82,86.47,285.69,0.6580,-1,-1,-1
485,89,629.94,434.85,115.05,262.06,0.6877,-1,-1,-1
485,101,0.84,569.28,140.49,495.49,0.4235,-1,-1,-1
485,104,1575.44,409.33,178.46,428.32,0.8339,-1,-1,-1
485,108,1357.80,396.34,279.44,680.05,0.8565,-1,-1,-1
485,121,363.27,477.34,114.42,198.77,0.3483,-1,-1,-1
485,126,1337.46,422.24,100.54,537.26,0.5508,-1,-1,-1
485,129,562.01,445.21,34.33,86.22,0.3391,-1,-1,-1
486,55,1198.75,420.16,163.86,591.95,0.7762,-1,-1,-1
486,77,864.36,429.31,60.56,248.58,0.3565,-1,-1,-1
486,82,910.23,440.80,95.58,240.83,0.6939,-1,-1,-1
486,87,799.63,438.55,101.51,285.81,0.5762,-1,-1,-1
486,89,631.28,434.53,121.58,262.75,0.7144,-1,-1,-1
486,101,1.63,577.49,116.02,414.39,0.5677,-1,-1,-1
486,104,1583.08,412.52,174.13,426.85,0.8356,-1,-1,-1
486,108,1357.01,397.32,284.07,678.59,0.8408,-1,-1,-1
486,121,353.87,478.15,106.32,192.59,0.3272,-1,-1,-1
486,126,1338.26,414.95,106.11,549.22,0.6090,-1,-1,-1
486,128,1091.39,433.55,61.92,159.93,0.3657,-1,-1,-1
486,129,563.42,447.20,33.23,84.78,0.3081,-1,-1,-1
487,55,1200.16,418.82,181.82,593.84,0.7764,-1,-1,-1
487,77,862.86,429.76,62.24,262.65,0.4199,-1,-1,-1
487,82,917.47,441.53,90.80,240.98,0.6623,-1,-1,-1
487,87,801.97,437.45,92.53,285.41,0.4917,-1,-1,-1
487,89,631.82,435.73,128.09,261.20,0.6702,-1,-1,-1
487,101,2.66,542.99,91.28,438.44,0.4663,-1,-1,-1
487,104,1589.71,416.97,165.29,422.57,0.7892,-1,-1,-1
487,108,1359.16,396.47,280.99,679.13,0.8438,-1,-1,-1
487,121,355.61,478.04,104.05,197.73,0.4732,-1,-1,-1
487,126,1346.25,411.87,103.40,527.63,0.5807,-1,-1,-1
487,128,1094.12,433.24,61.53,159.56,0.3218,-1,-1,-1
487,129,564.54,446.12,32.85,84.63,0.3233,-1,-1,-1
488,55,1201.36,419.73,183.88,592.18,0.7843,-1,-1,-1
488,82,920.17,449.42,89.08,233.04,0.5535,-1,-1,-1
488,87,803.81,433.03,126.04,292.33,0.5849,-1,-1,-1
488,89,635.16,435.47,125.57,261.13,0.6726,-1,-1,-1
488,101,0.55,648.00,72.88,316.81,0.5588,-1,-1,-1
488,104,1598.78,419.20,162.19,419.70,0.7659,-1,-1,-1
488,108,1358.82,401.09,288.53,675.01,0.8192,-1,-1,-1
488,121,350.17,474.79,103.96,203.05,0.4939,-1,-1,-1
488,126,1349.11,417.51,106.90,508.30,0.5103,-1,-1,-1
489,55,1204.68,412.97,186.59,596.01,0.8260,-1,-1,-1
489,61,732.86,445.37,40.11,128.76,0.3433,-1,-1,-1
489,82,923.02,438.48,88.42,242.49,0.6098,-1,-1,-1
489,87,804.70,431.49,133.74,293.28,0.5714,-1,-1,-1
489,89,641.38,436.33,123.14,259.85,0.6958,-1,-1,-1
489,104,1608.47,412.72,153.24,429.79,0.7451,-1,-1,-1
489,108,1360.26,392.93,289.57,679.17,0.7879,-1,-1,-1
489,121,340.51,453.98,97.01,224.79,0.5008,-1,-1,-1
489,126,1350.03,422.35,111.73,475.32,0.5548,-1,-1,-1
489,130,1.32,535.59,63.28,130.72,0.5443,-1,-1,-1
490,55,1203.59,417.65,187.96,594.19,0.8008,-1,-1,-1
490,82,935.53,438.96,76.92,241.14,0.6163,-1,-1,-1
490,87,804.22,436.62,136.74,288.46,0.5798,-1,-1,-1
490,89,642.71,435.19,122.75,263.12,0.7903,-1,-1,-1
490,104,1615.89,411.57,146.99,432.54,0.7320,-1,-1,-1
490,108,1366.94,397.40,262.99,674.66,0.7455,-1,-1,-1
490,121,331.23,460.61,96.27,220.48,0.5011,-1,-1,-1
490,126,1355.35,419.75,113.23,475.99,0.6114,-1,-1,-1
490,130,3.19,542.67,51.79,110.93,0.3632,-1,-1,-1
491,55,1204.74,417.98,187.32,594.29,0.8076,-1,-1,-1
491,61,722.42,444.28,48.91,131.81,0.3697,-1,-1,-1
491,82,947.37,436.09,69.27,242.04,0.5934,-1,-1,-1
491,87,806.79,436.97,136.40,287.96,0.5244,-1,-1,-1
491,89,647.23,434.91,120.25,264.80,0.7890,-1,-1,-1
491,104,1619.53,408.80,127.39,431.90,0.7350,-1,-1,-1
491,108,1368.24,400.36,253.27,668.81,0.6712,-1,-1,-1
491,121,318.05,491.01,106.54,193.36,0.4786,-1,-1,-1
491,126,1362.82,418.34,113.62,474.18,0.5504,-1,-1,-1
491,129,564.85,441.05,33.25,88.61,0.3418,-1,-1,-1
492,55,1204.38,412.99,196.03,596.78,0.8155,-1,-1,-1
492,61,724.25,444.50,46.25,131.86,0.3467,-1,-1,-1
492,82,953.38,436.92,74.05,241.84,0.6237,-1,-1,-1
492,87,806.46,444.44,141.51,281.05,0.6688,-1,-1,-1
492,89,647.30,432.80,123.27,268.34,0.7641,-1,-1,-1
492,104,1632.94,410.36,116.45,437.68,0.7096,-1,-1,-1
492,108,1371.89,394.13,315.12,667.54,0.4264,-1,-1,-1
492,121,316.25,482.58,95.15,199.95,0.5228,-1,-1,-1
492,126,1367.85,411.92,121.90,470.16,0.5253,-1,-1,-1
492,129,566.08,440.59,32.21,89.74,0.3620,-1,-1,-1
492,131,417.16,475.60,45.63,94.71,0.4004,-1,-1,-1
493,55,1205.19,417.69,198.86,592.53,0.8292,-1,-1,-1
493,61,728.74,444.00,41.06,129.93,0.3709,-1,-1,-1
493,82,957.04,440.36,75.52,239.59,0.7060,-1,-1,-1
493,87,808.68,446.26,141.13,277.91,0.6876,-1,-1,-1
493,89,651.36,442.26,118.73,260.34,0.7730,-1,-1,-1
493,104,1635.44,410.31,123.18,433.51,0.6395,-1,-1,-1
493,108,1374.61,389.24,236.31,671.19,0.4741,-1,-1,-1
493,121,305.37,487.43,103.37,192.09,0.4884,-1,-1,-1
493,126,1374.16,410.84,120.04,493.56,0.5386,-1,-1,-1
493,129,563.63,439.00,35.27,92.44,0.3300,-1,-1,-1
493,131,415.47,475.19,49.17,95.12,0.3276,-1,-1,-1
494,55,1205.40,421.41,207.34,588.89,0.8280,-1,-1,-1
494,82,955.74,441.82,79.94,238.71,0.6561,-1,-1,-1
494,87,809.30,445.70,142.88,279.91,0.7109,-1,-1,-1
494,89,654.07,442.29,118.36,259.77,0.7826,-1,-1,-1
494,104,1633.81,409.85,135.73,399.90,0.6716,-1,-1,-1
494,108,1376.73,388.08,294.86,661.51,0.4988,-1,-1,-1
494,121,302.58,476.38,103.52,201.54,0.3780,-1,-1,-1
494,126,1379.13,408.36,121.81,527.97,0.6169,-1,-1,-1
494,129,564.58,439.75,34.75,92.40,0.3095,-1,-1,-1
495,55,1206.50,421.63,214.33,589.87,0.8143,-1,-1,-1
495,82,959.92,441.87,91.26,239.72,0.6628,-1,-1,-1
495,87,818.75,442.58,133.66,282.07,0.6824,-1,-1,-1
495,89,653.83,436.95,117.30,264.62,0.7627,-1,-1,-1
495,104,1636.31,406.65,166.45,453.60,0.6932,-1,-1,-1
495,108,1378.22,383.79,283.44,664.71,0.4456,-1,-1,-1
495,121,296.82,473.39,96.58,217.28,0.3150,-1,-1,-1
495,126,1377.47,407.36,125.22,554.75,0.5717,-1,-1,-1
495,129,564.32,441.45,35.36,92.38,0.3225,-1,-1,-1
496,55,1206.92,419.91,220.82,591.92,0.8325,-1,-1,-1
496,82,958.13,443.03,106.55,239.13,0.7291,-1,-1,-1
496,87,821.98,440.76,131.98,285.98,0.7016,-1,-1,-1
496,89,656.61,437.60,114.55,264.21,0.7865,-1,-1,-1
496,104,1638.61,401.86,180.67,412.81,0.4881,-1,-1,-1
496,108,1391.82,375.32,274.56,691.74,0.5690,-1,-1,-1
496,121,293.62,458.75,87.31,226.46,0.3579,-1,-1,-1
496,126,1382.25,412.92,129.75,563.58,0.6477,-1,-1,-1
496,129,567.28,441.73,33.07,91.72,0.3872,-1,-1,-1
497,55,1208.40,420.42,223.79,590.39,0.8528,-1,-1,-1
497,82,962.24,442.01,113.04,240.16,0.7283,-1,-1,-1
497,87,830.52,442.79,123.60,285.77,0.7342,-1,-1,-1
497,89,664.45,433.54,105.98,268.58,0.7760,-1,-1,-1
497,104,1645.49,406.60,153.61,470.83,0.8000,-1,-1,-1
497,108,1397.24,377.97,291.58,695.60,0.6532,-1,-1,-1
497,121,254.53,470.18,117.66,223.78,0.4463,-1,-1,-1
497,126,1390.08,417.06,132.07,469.65,0.6544,-1,-1,-1
497,129,567.27,442.18,32.87,91.02,0.3683,-1,-1,-1
498,55,1213.84,417.15,220.87,594.08,0.8473,-1,-1,-1
498,82,967.54,439.63,114.39,242.56,0.7380,-1,-1,-1
498,87,840.38,443.95,114.41,282.67,0.6808,-1,-1,-1
498,89,670.74,432.01,98.85,270.18,0.7722,-1,-1,-1
498,104,1651.51,410.33,159.13,466.36,0.7419,-1,-1,-1
498,108,1414.67,377.32,274.12,693.92,0.6500,-1,-1,-1
498,121,256.81,478.22,112.10,222.91,0.4575,-1,-1,-1
498,126,1391.92,413.46,136.12,525.40,0.6514,-1,-1,-1
498,129,566.98,441.40,33.63,92.10,0.3906,-1,-1,-1
499,55,1222.52,414.55,210.39,597.67,0.8361,-1,-1,-1
499,82,969.35,440.65,120.73,242.57,0.6975,-1,-1,-1
499,87,855.56,443.01,100.14,285.29,0.6998,-1,-1,-1
499,89,673.39,436.56,96.96,264.24,0.7668,-1,-1,-1
499,104,1653.12,406.18,206.17,470.09,0.8519,-1,-1,-1
499,108,1425.90,378.90,267.92,692.95,0.6668,-1,-1,-1
499,121,243.84,483.17,110.69,218.17,0.5501,-1,-1,-1
499,126,1392.12,405.88,145.43,536.53,0.6556,-1,-1,-1
499,129,567.21,442.26,32.44,91.53,0.3970,-1,-1,-1
500,55,1231.02,417.03,205.32,595.74,0.7887,-1,-1,-1
500,82,968.95,443.82,119.74,239.48,0.6806,-1,-1,-1
500,87,855.92,438.43,101.99,287.58,0.6592,-1,-1,-1
500,89,675.74,433.36,95.65,267.36,0.7471,-1,-1,-1
500,104,1661.79,412.85,212.45,472.94,0.8425,-1,-1,-1
500,108,1450.68,378.66,258.42,692.20,0.5812,-1,-1,-1
500,121,238.41,481.59,99.57,222.76,0.6089,-1,-1,-1
500,126,1387.17,409.81,158.24,549.51,0.6763,-1,-1,-1
500,129,568.64,442.61,31.79,90.96,0.3358,-1,-1,-1
501,55,1243.60,414.35,197.87,599.18,0.7918,-1,-1,-1
501,82,967.53,454.55,119.29,228.58,0.7068,-1,-1,-1
501,87,858.14,437.51,103.20,287.93,0.6992,-1,-1,-1
501,89,683.23,433.71,89.80,266.03,0.6852,-1,-1,-1
501,104,1674.70,417.72,222.91,469.74,0.8533,-1,-1,-1
501,108,1486.71,374.18,223.05,582.24,0.6101,-1,-1,-1
501,121,225.56,480.82,108.48,221.45,0.6273,-1,-1,-1
501,126,1394.17,413.02,151.63,542.37,0.6842,-1,-1,-1
501,129,571.53,445.61,29.27,88.56,0.3178,-1,-1,-1
502,55,1257.26,415.22,192.30,599.82,0.7968,-1,-1,-1
502,82,972.08,450.86,114.07,231.84,0.7335,-1,-1,-1
502,87,860.64,440.37,104.95,286.03,0.6557,-1,-1,-1
502,89,693.72,436.18,81.26,262.50,0.6774,-1,-1,-1
502,104,1686.38,415.12,213.50,473.92,0.8443,-1,-1,-1
502,108,1501.04,378.01,221.45,677.36,0.6182,-1,-1,-1
502,121,217.61,484.00,115.45,217.74,0.6017,-1,-1,-1
502,126,1386.92,405.88,164.29,558.13,0.7131,-1,-1,-1
502,129,572.16,450.01,28.52,83.63,0.3033,-1,-1,-1
503,55,1285.20,410.19,170.32,607.57,0.7671,-1,-1,-1
503,82,981.45,446.50,105.96,236.14,0.7195,-1,-1,-1
503,87,867.30,440.41,105.83,285.32,0.6732,-1,-1,-1
503,89,690.13,434.44,88.62,265.64,0.6960,-1,-1,-1
503,104,1693.25,412.10,211.90,482.90,0.8553,-1,-1,-1
503,108,1509.14,374.01,216.22,691.59,0.7258,-1,-1,-1
503,121,204.75,481.43,119.67,232.77,0.5348,-1,-1,-1
503,126,1382.66,411.09,172.12,555.30,0.6208,-1,-1,-1
503,129,572.03,447.16,28.39,86.80,0.3504,-1,-1,-1
503,133,3.09,917.55,108.21,162.82,0.4087,-1,-1,-1
504,55,1296.43,412.54,165.02,607.34,0.8042,-1,-1,-1
504,82,991.76,447.58,93.52,235.25,0.6596,-1,-1,-1
504,87,873.69,440.58,106.86,284.35,0.5696,-1,-1,-1
504,89,692.67,435.65,87.93,265.14,0.6867,-1,-1,-1
504,104,1698.45,410.17,217.33,496.74,0.8657,-1,-1,-1
504,108,1517.18,372.78,218.03,694.57,0.7005,-1,-1,-1
504,121,190.54,481.87,118.22,236.34,0.6457,-1,-1,-1
504,126,1391.01,410.99,168.11,554.93,0.6971,-1,-1,-1
504,129,571.70,446.82,28.61,87.90,0.4045,-1,-1,-1
504,133,4.05,932.48,89.25,146.44,0.3491,-1,-1,-1
505,55,1302.89,410.40,165.15,615.75,0.8282,-1,-1,-1
505,82,1002.88,456.18,82.22,227.38,0.6442,-1,-1,-1
505,87,883.84,443.75,118.13,279.96,0.5831,-1,-1,-1
505,89,692.60,437.38,91.91,264.19,0.7825,-1,-1,-1
505,104,1710.46,406.95,206.45,502.60,0.8850,-1,-1,-1
505,108,1522.79,373.58,223.03,700.78,0.7682,-1,-1,-1
505,121,181.75,482.12,111.25,235.64,0.6028,-1,-1,-1
505,126,1405.60,425.33,158.92,543.29,0.6621,-1,-1,-1
505,129,571.46,449.25,28.76,85.66,0.4049,-1,-1,-1
505,135,867.37,426.93,61.99,280.20,0.4613,-1,-1,-1
506,55,1308.36,412.04,164.77,626.80,0.7937,-1,-1,-1
506,82,1012.83,460.97,75.90,221.62,0.6264,-1,-1,-1
506,87,896.87,451.62,120.08,270.91,0.6529,-1,-1,-1
506,89,699.68,434.81,90.91,267.27,0.7433,-1,-1,-1
506,104,1719.78,401.52,198.70,508.08,0.8853,-1,-1,-1
506,108,1526.49,372.33,219.21,701.72,0.7571,-1,-1,-1
506,121,166.56,484.32,113.78,232.73,0.6548,-1,-1,-1
506,126,1444.28,423.57,123.14,528.02,0.7062,-1,-1,-1
506,129,571.46,447.83,29.25,85.92,0.4106,-1,-1,-1
506,135,869.25,413.43,69.63,288.70,0.5857,-1,-1,-1
507,55,1313.52,412.82,162.44,635.30,0.8118,-1,-1,-1
507,82,1017.90,450.03,79.97,230.57,0.5338,-1,-1,-1
507,87,899.79,451.25,121.74,270.13,0.6701,-1,-1,-1
507,89,702.09,435.45,98.21,266.09,0.7236,-1,-1,-1
507,104,1736.74,398.79,181.71,513.14,0.8764,-1,-1,-1
507,108,1528.78,375.89,222.67,699.90,0.7413,-1,-1,-1
507,121,151.08,481.77,116.37,244.90,0.6778,-1,-1,-1
507,126,1448.18,417.17,121.67,543.92,0.6955,-1,-1,-1
507,129,572.21,446.77,28.62,87.24,0.3941,-1,-1,-1
507,135,869.42,413.45,68.94,289.29,0.6050,-1,-1,-1
508,55,1317.61,416.43,187.73,639.08,0.7756,-1,-1,-1
508,82,1027.24,448.55,71.70,231.10,0.5329,-1,-1,-1
508,87,898.71,452.61,139.28,269.06,0.7100,-1,-1,-1
508,89,715.52,435.82,90.48,263.82,0.6847,-1,-1,-1
508,104,1744.60,397.43,173.12,513.18,0.8458,-1,-1,-1
508,108,1527.33,374.13,231.91,697.50,0.7468,-1,-1,-1
508,121,137.54,483.50,122.03,244.76,0.6708,-1,-1,-1
508,126,1455.11,411.13,119.61,536.07,0.6743,-1,-1,-1
508,129,570.63,446.69,29.48,88.59,0.4386,-1,-1,-1
508,135,869.06,412.54,69.39,285.80,0.6063,-1,-1,-1
509,55,1323.58,413.14,210.20,645.24,0.8279,-1,-1,-1
509,82,1031.62,464.62,67.73,215.15,0.4928,-1,-1,-1
509,87,899.74,447.05,140.40,277.11,0.7371,-1,-1,-1
509,89,715.19,439.03,98.55,261.29,0.6718,-1,-1,-1
509,104,1751.96,395.99,166.33,511.80,0.7910,-1,-1,-1
509,108,1529.15,374.21,225.80,692.49,0.7009,-1,-1,-1
509,121,126.97,477.05,120.18,244.84,0.6710,-1,-1,-1
509,126,1462.48,405.99,120.48,564.98,0.5879,-1,-1,-1
509,129,570.44,446.14,30.20,89.37,0.4298,-1,-1,-1
509,135,873.76,422.71,64.50,277.90,0.5880,-1,-1,-1
510,55,1323.62,413.25,226.91,643.80,0.8407,-1,-1,-1
510,82,1035.73,466.54,71.95,208.44,0.4966,-1,-1,-1
510,87,899.17,445.49,138.92,280.02,0.7510,-1,-1,-1
510,89,713.07,435.47,115.82,264.56,0.7043,-1,-1,-1
510,104,1771.33,392.81,147.21,496.58,0.8243,-1,-1,-1
510,108,1547.38,376.74,244.47,698.19,0.6134,-1,-1,-1
510,121,107.23,476.54,127.71,247.79,0.6633,-1,-1,-1
510,126,1468.51,404.60,121.88,574.76,0.7085,-1,-1,-1
510,129,569.81,445.17,30.04,88.91,0.4345,-1,-1,-1
510,135,875.11,412.05,66.52,285.38,0.5884,-1,-1,-1
511,55,1321.82,415.38,240.41,644.04,0.8386,-1,-1,-1
511,82,1035.16,460.02,78.98,214.65,0.5460,-1,-1,-1
511,87,898.11,446.25,154.78,279.49,0.7626,-1,-1,-1
511,89,713.93,439.16,116.49,260.73,0.7250,-1,-1,-1
511,104,1779.84,394.51,139.38,492.84,0.8075,-1,-1,-1
511,108,1541.28,369.41,275.05,705.87,0.7176,-1,-1,-1
511,121,97.46,477.13,126.89,251.91,0.5584,-1,-1,-1
511,126,1474.66,405.29,120.33,553.72,0.6678,-1,-1,-1
511,129,570.02,446.11,29.85,87.83,0.4676,-1,-1,-1
511,135,874.43,423.95,68.56,272.25,0.4940,-1,-1,-1
512,55,1320.03,419.25,243.56,642.66,0.8451,-1,-1,-1
512,82,1038.63,453.60,87.15,223.71,0.6049,-1,-1,-1
512,87,898.98,443.37,153.07,282.43,0.7578,-1,-1,-1
512,89,718.04,436.61,112.45,262.24,0.7390,-1,-1,-1
512,104,1785.69,394.37,133.44,497.21,0.8067,-1,-1,-1
512,108,1547.02,374.47,230.72,691.39,0.5767,-1,-1,-1
512,126,1474.86,408.71,120.64,534.49,0.6393,-1,-1,-1
512,129,570.68,447.09,29.10,86.91,0.4568,-1,-1,-1
512,135,874.53,412.67,74.35,282.66,0.5612,-1,-1,-1
512,137,1095.58,433.23,64.92,156.20,0.4029,-1,-1,-1
513,55,1319.95,418.89,249.16,647.27,0.8471,-1,-1,-1
513,82,1041.44,444.30,92.96,232.96,0.6050,-1,-1,-1
513,87,899.07,443.77,154.91,282.05,0.7505,-1,-1,-1
513,89,718.86,436.12,118.15,263.47,0.7424,-1,-1,-1
513,104,1804.84,390.07,114.33,511.67,0.7982,-1,-1,-1
513,108,1547.12,372.08,236.09,603.18,0.4819,-1,-1,-1
513,121,64.15,476.46,141.74,257.74,0.6036,-1,-1,-1
513,126,1479.15,414.43,120.48,553.52,0.6536,-1,-1,-1
513,129,570.54,446.01,29.28,87.91,0.4768,-1,-1,-1
513,135,875.80,412.62,75.97,284.44,0.5143,-1,-1,-1
513,137,1099.92,445.55,55.43,147.36,0.3365,-1,-1,-1
514,55,1320.19,418.63,250.76,647.65,0.8435,-1,-1,-1
514,61,693.61,453.87,40.93,120.44,0.3466,-1,-1,-1
514,82,1041.37,444.71,103.67,232.44,0.6223,-1,-1,-1
514,87,900.44,444.51,154.69,280.28,0.7014,-1,-1,-1
514,89,721.74,440.16,113.22,257.37,0.7477,-1,-1,-1
514,104,1808.14,390.80,111.32,513.13,0.8036,-1,-1,-1
514,108,1557.04,371.43,223.58,583.14,0.5672,-1,-1,-1
514,121,49.27,476.28,144.01,258.45,0.6568,-1,-1,-1
514,126,1484.26,416.57,120.77,534.37,0.5940,-1,-1,-1
514,129,569.80,445.86,29.91,87.45,0.5265,-1,-1,-1
514,135,878.03,413.09,76.72,284.82,0.5091,-1,-1,-1
514,137,1100.76,444.53,55.45,145.89,0.3044,-1,-1,-1
515,55,1321.86,417.62,251.63,649.60,0.8440,-1,-1,-1
515,61,693.71,451.58,38.42,124.70,0.4616,-1,-1,-1
515,82,1044.59,451.11,105.84,226.64,0.6780,-1,-1,-1
515,87,902.16,443.11,155.63,280.81,0.7431,-1,-1,-1
515,89,725.80,439.11,110.92,256.79,0.7253,-1,-1,-1
515,104,1819.70,388.77,99.78,518.61,0.7929,-1,-1,-1
515,108,1565.99,373.59,245.89,680.62,0.5283,-1,-1,-1
515,121,37.00,477.59,145.83,259.49,0.6997,-1,-1,-1
515,126,1488.43,415.06,127.93,520.65,0.5201,-1,-1,-1
515,129,569.43,446.21,30.60,87.73,0.4837,-1,-1,-1
515,135,875.68,420.26,74.37,278.11,0.5766,-1,-1,-1
516,55,1321.47,423.03,256.51,646.51,0.8307,-1,-1,-1
516,61,692.36,449.68,38.17,126.49,0.4896,-1,-1,-1
516,82,1048.63,450.27,97.61,225.19,0.5775,-1,-1,-1
516,87,906.41,437.50,151.50,283.51,0.7598,-1,-1,-1
516,89,731.66,434.92,106.92,260.34,0.7483,-1,-1,-1
516,104,1822.41,387.76,96.48,527.43,0.7578,-1,-1,-1
516,108,1560.77,375.11,282.56,684.28,0.6064,-1,-1,-1
516,121,21.61,478.79,149.45,259.72,0.7054,-1,-1,-1
516,126,1495.35,414.63,129.85,513.80,0.4165,-1,-1,-1
516,129,568.90,445.64,31.60,89.67,0.5029,-1,-1,-1
516,135,877.45,418.48,79.97,283.03,0.5690,-1,-1,-1
517,55,1322.00,424.58,260.95,644.88,0.8205,-1,-1,-1
517,61,684.67,445.89,44.12,129.91,0.4908,-1,-1,-1
517,82,1048.75,450.23,100.98,226.17,0.5534,-1,-1,-1
517,87,910.31,437.38,146.12,284.78,0.7689,-1,-1,-1
517,89,735.15,439.99,105.54,254.57,0.7290,-1,-1,-1
517,104,1834.04,392.32,85.39,512.65,0.6981,-1,-1,-1
517,108,1573.51,377.75,276.02,690.73,0.4329,-1,-1,-1
517,121,13.05,493.84,148.66,244.97,0.5800,-1,-1,-1
517,126,1501.39,409.69,131.71,507.02,0.3990,-1,-1,-1
517,129,567.88,444.38,31.97,91.49,0.4722,-1,-1,-1
517,135,879.35,424.64,84.32,280.26,0.5797,-1,-1,-1
517,137,1105.39,441.17,53.26,151.31,0.3435,-1,-1,-1
518,55,1327.26,417.59,262.27,650.33,0.8205,-1,-1,-1
518,61,681.47,448.37,45.19,125.39,0.4472,-1,-1,-1
518,82,1047.76,460.47,104.65,217.65,0.5708,-1,-1,-1
518,87,913.97,434.87,143.16,288.05,0.7866,-1,-1,-1
518,89,740.94,431.41,99.75,261.71,0.7799,-1,-1,-1
518,104,1842.16,394.78,77.20,511.54,0.6629,-1,-1,-1
518,108,1576.27,378.08,274.85,692.25,0.4235,-1,-1,-1
518,121,2.90,480.46,149.79,258.60,0.6834,-1,-1,-1
518,126,1511.93,415.58,127.10,613.96,0.3616,-1,-1,-1
518,129,570.00,446.64,30.52,88.53,0.4537,-1,-1,-1
518,135,878.94,416.46,79.64,287.91,0.6177,-1,-1,-1
519,55,1329.51,420.61,260.80,646.78,0.7951,-1,-1,-1
519,61,678.54,447.90,45.51,125.78,0.5497,-1,-1,-1
519,82,1049.92,449.33,101.00,227.86,0.5336,-1,-1,-1
519,87,917.03,440.95,140.72,279.31,0.6556,-1,-1,-1
519,89,743.72,432.22,99.98,260.40,0.7721,-1,-1,-1
519,104,1852.39,393.51,67.21,491.82,0.5247,-1,-1,-1
519,108,1574.43,381.27,314.17,689.01,0.6568,-1,-1,-1
519,121,-2.64,490.21,146.75,249.93,0.6142,-1,-1,-1
519,126,1517.22,414.11,123.11,641.16,0.4692,-1,-1,-1
519,129,570.72,450.09,29.77,85.74,0.4616,-1,-1,-1
519,135,879.37,431.98,78.86,268.94,0.5925,-1,-1,-1
520,55,1334.91,417.81,253.22,649.76,0.7827,-1,-1,-1
520,61,680.64,448.44,43.65,124.24,0.5479,-1,-1,-1
520,82,1049.47,455.77,101.45,221.89,0.5671,-1,-1,-1
520,87,931.12,446.22,132.61,273.84,0.6576,-1,-1,-1
520,89,750.40,430.13,92.70,260.52,0.7279,-1,-1,-1
520,104,1867.81,396.23,51.97,478.50,0.5434,-1,-1,-1
520,108,1580.01,380.23,247.82,691.33,0.5518,-1,-1,-1
520,121,-6.20,480.41,149.16,262.98,0.5351,-1,-1,-1
520,126,1519.60,416.44,136.14,542.21,0.4470,-1,-1,-1
520,129,571.01,449.54,29.47,86.35,0.4256,-1,-1,-1
520,135,881.31,435.22,78.30,263.85,0.6392,-1,-1,-1
521,55,1339.86,414.67,244.99,651.95,0.8273,-1,-1,-1
521,61,680.34,451.11,41.85,122.53,0.5131,-1,-1,-1
521,82,1052.23,438.81,97.25,238.33,0.6208,-1,-1,-1
521,87,938.24,445.18,127.96,274.65,0.6325,-1,-1,-1
521,89,757.50,431.22,87.24,259.41,0.7424,-1,-1,-1
521,104,1867.25,389.40,51.60,453.67,0.3687,-1,-1,-1
521,108,1576.93,380.93,333.66,684.29,0.6124,-1,-1,-1
521,121,-1.63,480.30,126.85,268.69,0.4948,-1,-1,-1
521,126,1525.90,418.97,139.28,523.07,0.4988,-1,-1,-1
521,129,571.35,453.23,29.17,81.77,0.4259,-1,-1,-1
521,135,881.72,432.03,80.50,268.13,0.6335,-1,-1,-1
522,55,1345.92,412.02,248.07,653.99,0.8022,-1,-1,-1
522,61,677.76,448.81,44.00,124.57,0.5587,-1,-1,-1
522,82,1053.77,443.30,97.04,234.79,0.6234,-1,-1,-1
522,87,951.24,440.99,118.31,278.32,0.6701,-1,-1,-1
522,89,767.84,433.49,77.66,254.68,0.7153,-1,-1,-1
522,108,1609.15,376.85,303.05,576.25,0.6272,-1,-1,-1
522,121,0.37,476.82,105.37,269.10,0.4966,-1,-1,-1
522,126,1531.23,416.48,145.54,536.21,0.4881,-1,-1,-1
522,129,572.55,454.57,28.37,80.12,0.3794,-1,-1,-1
522,135,879.54,431.28,85.88,270.17,0.6422,-1,-1,-1
523,55,1353.23,412.13,244.33,655.01,0.7309,-1,-1,-1
523,61,675.20,448.38,45.76,126.13,0.5927,-1,-1,-1
523,82,1054.10,457.30,98.72,221.23,0.6440,-1,-1,-1
523,87,952.20,442.42,113.69,278.91,0.6811,-1,-1,-1
523,89,763.98,433.30,88.36,256.71,0.7168,-1,-1,-1
523,108,1581.65,380.43,335.13,680.20,0.6031,-1,-1,-1
523,121,-6.51,511.00,108.72,247.66,0.3591,-1,-1,-1
523,126,1538.56,412.07,155.07,545.00,0.5178,-1,-1,-1
523,129,572.58,453.94,28.72,81.09,0.4010,-1,-1,-1
523,135,880.92,418.82,91.39,284.24,0.6479,-1,-1,-1
524,55,1366.27,411.29,233.60,654.91,0.7126,-1,-1,-1
524,61,674.17,448.82,46.29,124.53,0.6099,-1,-1,-1
524,82,1059.41,457.39,94.39,219.99,0.6078,-1,-1,-1
524,87,967.42,443.36,101.36,276.15,0.6237,-1,-1,-1
524,89,767.07,430.80,89.65,259.54,0.7391,-1,-1,-1
524,108,1586.34,373.72,333.53,694.57,0.7973,-1,-1,-1
524,126,1547.81,412.06,148.87,560.34,0.4785,-1,-1,-1
524,129,573.54,453.82,29.41,82.41,0.4091,-1,-1,-1
524,135,879.44,417.91,96.05,285.01,0.6635,-1,-1,-1
525,55,1385.55,411.44,218.18,656.67,0.7219,-1,-1,-1
525,61,674.60,452.40,43.74,120.44,0.6313,-1,-1,-1
525,82,1060.51,461.09,98.00,217.52,0.6283,-1,-1,-1
525,87,971.83,444.47,95.75,275.44,0.6575,-1,-1,-1
525,89,765.59,430.18,93.53,260.01,0.7484,-1,-1,-1
525,108,1594.91,369.15,324.55,703.00,0.6822,-1,-1,-1
525,126,1543.39,408.82,158.72,588.51,0.5920,-1,-1,-1
525,129,573.80,451.53,29.47,82.69,0.4429,-1,-1,-1
525,135,887.78,411.01,92.22,294.02,0.6531,-1,-1,-1
526,55,1408.40,410.61,200.75,652.69,0.6749,-1,-1,-1
526,61,670.70,451.14,47.69,120.82,0.5834,-1,-1,-1
526,82,1064.42,462.61,97.85,214.32,0.6342,-1,-1,-1
526,87,988.43,445.38,77.24,277.78,0.6581,-1,-1,-1
526,89,765.83,436.21,98.29,253.43,0.7174,-1,-1,-1
526,108,1598.94,360.33,319.87,710.90,0.8162,-1,-1,-1
526,126,1547.37,408.99,161.48,589.49,0.5765,-1,-1,-1
526,129,573.60,451.10,30.20,82.71,0.4097,-1,-1,-1
526,135,897.14,411.36,84.94,295.32,0.6753,-1,-1,-1
526,139,714.98,450.29,33.74,89.06,0.4110,-1,-1,-1
527,55,1427.16,414.39,194.17,653.23,0.7507,-1,-1,-1
527,61,668.75,455.29,48.45,116.96,0.5882,-1,-1,-1
527,82,1070.21,458.90,97.43,216.24,0.6215,-1,-1,-1
527,87,994.54,449.36,78.02,273.69,0.7052,-1,-1,-1
527,89,770.24,436.51,108.74,253.10,0.6895,-1,-1,-1
527,108,1599.60,367.43,318.93,704.33,0.6965,-1,-1,-1
527,126,1564.44,409.02,153.16,589.67,0.6799,-1,-1,-1
527,129,573.68,450.94,29.45,82.54,0.4247,-1,-1,-1
527,135,899.46,407.56,84.32,298.42,0.7362,-1,-1,-1
527,139,714.90,449.85,33.49,89.28,0.4911,-1,-1,-1
528,55,1438.61,411.95,180.34,653.28,0.6916,-1,-1,-1
528,61,669.20,456.45,47.06,114.32,0.6127,-1,-1,-1
528,82,1077.77,452.08,85.66,222.48,0.6411,-1,-1,-1
528,87,995.47,445.15,85.93,279.89,0.7121,-1,-1,-1
528,89,789.55,437.50,92.36,249.95,0.5981,-1,-1,-1
528,108,1602.20,391.11,318.23,680.82,0.7342,-1,-1,-1
528,126,1570.56,410.86,164.41,589.10,0.7151,-1,-1,-1
528,129,573.58,450.56,30.87,84.03,0.4263,-1,-1,-1
528,135,904.78,412.65,78.93,293.89,0.7279,-1,-1,-1
528,139,714.18,451.41,34.75,87.52,0.4950,-1,-1,-1
528,141,2.44,546.87,55.79,110.98,0.3471,-1,-1,-1
529,55,1443.99,413.08,182.81,654.84,0.7813,-1,-1,-1
529,61,665.49,453.45,54.22,117.67,0.5692,-1,-1,-1
529,82,1086.88,450.27,72.91,223.31,0.5326,-1,-1,-1
529,87,999.02,442.11,95.26,279.54,0.7067,-1,-1,-1
529,89,779.73,435.81,128.42,252.52,0.6294,-1,-1,-1
529,108,1689.83,384.39,231.02,576.31,0.5806,-1,-1,-1
529,126,1578.34,412.71,164.33,590.87,0.7308,-1,-1,-1
529,129,573.42,449.97,31.15,84.76,0.4569,-1,-1,-1
529,135,915.27,405.82,71.75,300.13,0.7331,-1,-1,-1
529,139,712.15,450.67,27.81,88.24,0.4923,-1,-1,-1
529,141,3.66,545.69,41.62,111.53,0.3693,-1,-1,-1
530,55,1448.23,414.62,182.07,654.15,0.7930,-1,-1,-1
530,61,663.64,454.75,51.75,115.86,0.5688,-1,-1,-1
530,82,1093.52,447.80,68.96,226.73,0.5649,-1,-1,-1
530,87,1002.26,439.24,98.36,279.28,0.7164,-1,-1,-1
530,89,792.01,434.69,111.43,252.34,0.6852,-1,-1,-1
530,108,1703.08,366.87,215.76,578.40,0.5903,-1,-1,-1
530,126,1579.57,412.11,163.59,595.97,0.6780,-1,-1,-1
530,129,573.48,448.86,31.05,86.62,0.4600,-1,-1,-1
530,135,917.67,404.08,71.51,302.18,0.7550,-1,-1,-1
530,139,711.43,449.97,29.53,88.45,0.4386,-1,-1,-1
531,55,1449.32,413.29,193.78,653.30,0.8098,-1,-1,-1
531,61,663.62,454.30,48.52,113.99,0.5485,-1,-1,-1
531,82,1092.17,451.59,72.90,225.44,0.5846,-1,-1,-1
531,87,1006.08,443.70,102.56,274.53,0.7753,-1,-1,-1
531,89,784.28,434.09,116.61,253.48,0.7534,-1,-1,-1
531,108,1701.07,364.74,218.41,574.16,0.5021,-1,-1,-1
531,126,1586.90,414.10,159.98,598.68,0.7199,-1,-1,-1
531,129,572.89,448.45,31.49,88.37,0.4674,-1,-1,-1
531,135,919.27,402.80,72.88,304.10,0.7637,-1,-1,-1
531,139,712.84,450.33,30.48,89.24,0.3999,-1,-1,-1
532,55,1451.71,412.09,206.35,654.62,0.7968,-1,-1,-1
532,61,665.07,451.84,43.61,117.62,0.5465,-1,-1,-1
532,82,1096.14,452.64,61.21,224.00,0.5167,-1,-1,-1
532,87,1007.02,443.96,110.19,274.92,0.8030,-1,-1,-1
532,89,787.56,435.58,117.48,252.22,0.7539,-1,-1,-1
532,108,1643.06,366.73,275.67,703.38,0.7801,-1,-1,-1
532,126,1588.66,409.39,168.20,616.48,0.7540,-1,-1,-1
532,129,571.59,448.03,32.35,89.26,0.4836,-1,-1,-1
532,135,922.26,401.91,75.52,302.69,0.7301,-1,-1,-1
532,139,714.41,450.86,30.60,89.54,0.4135,-1,-1,-1
533,55,1453.51,411.19,214.08,654.75,0.8244,-1,-1,-1
533,61,664.08,452.09,40.61,118.31,0.5588,-1,-1,-1
533,82,1098.58,445.61,67.19,232.80,0.5587,-1,-1,-1
533,87,1002.47,445.66,118.01,272.13,0.7601,-1,-1,-1
533,89,793.77,435.61,111.92,251.84,0.7409,-1,-1,-1
533,108,1662.95,367.12,256.53,710.84,0.8252,-1,-1,-1
533,126,1596.31,406.82,178.69,625.88,0.7712,-1,-1,-1
533,129,572.99,446.74,33.29,90.41,0.3922,-1,-1,-1
533,135,920.91,404.30,82.72,300.70,0.7076,-1,-1,-1
533,139,716.55,452.75,27.86,88.21,0.3789,-1,-1,-1
534,55,1454.08,410.85,214.54,655.57,0.8335,-1,-1,-1
534,61,661.21,450.51,41.93,118.88,0.6098,-1,-1,-1
534,82,1093.28,447.82,70.13,230.32,0.5673,-1,-1,-1
534,87,1005.50,450.47,130.42,269.04,0.7155,-1,-1,-1
534,89,800.99,436.21,114.71,251.39,0.7641,-1,-1,-1
534,108,1721.01,369.38,200.10,633.25,0.6663,-1,-1,-1
534,126,1596.37,412.42,193.89,613.59,0.7506,-1,-1,-1
534,129,575.29,447.48,35.04,90.14,0.4190,-1,-1,-1
534,135,918.90,408.22,88.46,298.88,0.7235,-1,-1,-1
534,139,715.58,452.33,28.03,88.52,0.4161,-1,-1,-1
535,55,1454.24,412.50,213.18,654.32,0.8322,-1,-1,-1
535,61,660.23,449.60,42.07,119.93,0.6462,-1,-1,-1
535,82,1100.02,444.04,75.01,232.01,0.4566,-1,-1,-1
535,87,1006.34,443.21,134.02,279.70,0.6861,-1,-1,-1
535,89,797.21,438.65,121.16,248.79,0.7656,-1,-1,-1
535,108,1716.34,373.77,202.91,694.74,0.6249,-1,-1,-1
535,126,1607.07,409.09,180.07,612.32,0.7676,-1,-1,-1
535,129,575.15,445.28,35.23,92.00,0.4702,-1,-1,-1
535,135,918.28,428.99,96.77,278.63,0.7378,-1,-1,-1
535,139,714.87,451.57,28.41,88.87,0.4227,-1,-1,-1
536,55,1455.03,413.68,218.13,653.80,0.8186,-1,-1,-1
536,61,659.34,449.57,41.62,118.99,0.5695,-1,-1,-1
536,82,1103.96,445.18,70.26,228.60,0.3848,-1,-1,-1
536,87,1004.41,449.88,140.27,271.14,0.7138,-1,-1,-1
536,89,801.06,436.45,116.20,249.51,0.7335,-1,-1,-1
536,108,1745.54,367.83,174.14,706.92,0.8056,-1,-1,-1
536,126,1609.24,408.14,180.29,620.49,0.7377,-1,-1,-1
536,129,576.08,452.11,33.88,87.37,0.3894,-1,-1,-1
536,135,912.86,428.90,103.37,278.27,0.7407,-1,-1,-1
536,139,713.70,449.51,29.13,90.74,0.4320,-1,-1,-1
537,55,1456.80,414.78,232.30,651.41,0.7854,-1,-1,-1
537,61,658.85,449.85,41.87,119.17,0.6080,-1,-1,-1
537,82,1109.62,457.23,64.69,217.77,0.4645,-1,-1,-1
537,87,1004.70,454.90,142.57,266.23,0.6610,-1,-1,-1
537,89,803.83,436.26,114.48,250.44,0.7348,-1,-1,-1
537,108,1760.94,370.44,158.67,705.54,0.8078,-1,-1,-1
537,126,1614.52,407.15,183.45,627.37,0.5622,-1,-1,-1
537,129,579.13,457.65,31.28,81.58,0.3423,-1,-1,-1
537,135,915.47,435.96,103.30,269.29,0.7106,-1,-1,-1
537,139,711.64,449.33,30.51,91.29,0.4630,-1,-1,-1
538,55,1458.02,413.58,230.32,653.23,0.7970,-1,-1,-1
538,61,657.44,451.40,42.28,118.31,0.5810,-1,-1,-1
538,82,1105.50,449.75,67.55,226.75,0.4766,-1,-1,-1
538,87,1009.76,449.82,135.21,271.31,0.7037,-1,-1,-1
538,89,803.89,434.64,117.72,251.66,0.7536,-1,-1,-1
538,108,1767.13,370.68,152.50,706.22,0.8156,-1,-1,-1
538,126,1618.22,409.11,191.71,621.59,0.6291,-1,-1,-1
538,129,579.89,458.30,31.33,80.43,0.3853,-1,-1,-1
538,135,917.69,425.06,103.76,282.75,0.7378,-1,-1,-1
538,139,711.22,448.83,32.29,91.00,0.4798,-1,-1,-1
539,55,1460.05,412.96,233.63,654.28,0.7980,-1,-1,-1
539,61,656.57,452.15,41.53,117.59,0.5734,-1,-1,-1
539,82,1114.48,446.02,64.26,230.78,0.4291,-1,-1,-1
539,87,1010.33,439.98,134.79,281.09,0.7102,-1,-1,-1
539,89,807.89,433.98,115.17,254.46,0.7495,-1,-1,-1
539,108,1776.97,383.09,142.87,694.61,0.7907,-1,-1,-1
539,126,1623.17,408.67,197.65,614.28,0.6961,-1,-1,-1
539,129,579.91,458.46,31.37,79.82,0.3891,-1,-1,-1
539,135,920.62,423.11,102.02,284.96,0.7460,-1,-1,-1
539,139,713.62,449.51,28.60,91.23,0.4762,-1,-1,-1
540,55,1464.39,414.50,231.95,653.95,0.7923,-1,-1,-1
540,61,655.27,453.43,37.29,115.98,0.6163,-1,-1,-1
540,82,1110.99,448.02,65.31,230.24,0.3886,-1,-1,-1
540,87,1011.47,439.03,134.26,283.21,0.6798,-1,-1,-1
540,89,814.16,433.26,109.79,252.90,0.7279,-1,-1,-1
540,108,1782.26,415.88,137.56,659.04,0.7930,-1,-1,-1
540,126,1633.97,408.42,189.49,608.65,0.7275,-1,-1,-1
540,129,577.71,458.27,33.67,80.09,0.4299,-1,-1,-1
540,135,920.04,424.16,107.93,284.19,0.7698,-1,-1,-1
540,139,712.78,449.04,26.87,91.82,0.4969,-1,-1,-1
541,55,1467.96,411.75,241.22,660.22,0.7713,-1,-1,-1
541,61,655.39,454.05,37.00,116.13,0.5564,-1,-1,-1
541,82,1116.37,447.79,61.42,230.14,0.4595,-1,-1,-1
541,87,1023.26,436.32,121.55,286.48,0.6585,-1,-1,-1
541,89,815.29,432.23,111.33,254.58,0.7385,-1,-1,-1
541,108,1787.44,387.45,132.48,690.87,0.7728,-1,-1,-1
541,126,1640.82,406.65,189.32,613.27,0.7708,-1,-1,-1
541,129,577.49,458.50,33.28,80.21,0.3895,-1,-1,-1
541,135,921.62,418.94,122.91,289.17,0.7208,-1,-1,-1
541,139,712.89,449.58,27.22,93.46,0.5286,-1,-1,-1
542,55,1472.22,410.94,267.67,659.98,0.7628,-1,-1,-1
542,61,655.69,454.69,36.92,115.09,0.5637,-1,-1,-1
542,82,1118.74,453.18,60.47,222.72,0.5022,-1,-1,-1
542,87,1030.77,432.99,112.75,288.87,0.6439,-1,-1,-1
542,89,820.49,434.39,107.41,252.69,0.7248,-1,-1,-1
542,108,1797.34,385.09,122.69,693.88,0.7392,-1,-1,-1
542,126,1644.24,405.46,191.01,615.88,0.6296,-1,-1,-1
542,129,578.34,459.16,33.52,79.79,0.4262,-1,-1,-1
542,135,921.60,413.56,123.25,295.62,0.7281,-1,-1,-1
542,139,712.84,449.67,27.94,96.03,0.5136,-1,-1,-1
543,55,1482.77,410.92,253.30,657.59,0.6021,-1,-1,-1
543,61,655.79,455.72,38.12,114.72,0.5968,-1,-1,-1
543,82,1122.17,448.65,57.23,226.00,0.3822,-1,-1,-1
543,87,1047.16,437.11,99.06,283.81,0.5750,-1,-1,-1
543,89,826.43,432.24,101.59,253.71,0.6637,-1,-1,-1
543,108,1805.60,387.77,114.45,692.39,0.6776,-1,-1,-1
543,126,1647.22,403.97,194.85,614.06,0.5379,-1,-1,-1
543,129,577.15,458.04,33.12,80.60,0.3943,-1,-1,-1
543,135,920.97,424.53,119.32,282.34,0.7433,-1,-1,-1
543,139,712.00,449.07,29.30,96.44,0.5185,-1,-1,-1
544,55,1497.29,411.23,333.21,657.81,0.5409,-1,-1,-1
544,61,655.12,454.95,39.13,115.04,0.6255,-1,-1,-1
544,82,1122.70,450.67,60.39,226.67,0.3416,-1,-1,-1
544,87,1051.25,436.69,97.96,282.99,0.5858,-1,-1,-1
544,89,836.62,433.75,93.42,251.56,0.6829,-1,-1,-1
544,108,1824.03,383.10,95.99,576.24,0.6721,-1,-1,-1
544,126,1648.51,406.06,193.81,594.84,0.4531,-1,-1,-1
544,129,577.50,456.13,33.29,81.75,0.4465,-1,-1,-1
544,135,920.80,435.48,124.64,271.01,0.7076,-1,-1,-1
544,139,712.23,448.44,29.13,95.92,0.5113,-1,-1,-1
545,55,1519.30,410.19,288.41,655.97,0.5707,-1,-1,-1
545,61,655.39,452.31,42.35,116.19,0.5942,-1,-1,-1
545,87,1068.06,434.92,91.77,286.22,0.4626,-1,-1,-1
545,89,847.31,435.98,87.16,245.71,0.6678,-1,-1,-1
545,108,1837.55,464.06,82.57,494.25,0.5115,-1,-1,-1
545,126,1652.66,407.47,191.92,619.40,0.5733,-1,-1,-1
545,129,579.01,454.58,33.25,83.43,0.3947,-1,-1,-1
545,135,925.12,432.88,126.46,274.12,0.6997,-1,-1,-1
545,139,711.74,447.96,31.38,96.96,0.5503,-1,-1,-1
545,143,543.82,455.76,30.64,80.86,0.3372,-1,-1,-1
546,55,1534.85,409.73,208.18,656.16,0.5447,-1,-1,-1
546,61,655.54,453.09,39.52,115.03,0.5905,-1,-1,-1
546,82,1124.00,454.52,66.58,227.26,0.3774,-1,-1,-1
546,87,1076.83,435.96,81.16,280.86,0.5182,-1,-1,-1
546,89,864.49,433.41,74.48,246.51,0.7014,-1,-1,-1
546,108,1821.22,480.18,97.38,588.86,0.5891,-1,-1,-1
546,126,1658.39,406.20,189.76,626.69,0.5453,-1,-1,-1
546,129,579.42,451.42,33.19,85.42,0.4180,-1,-1,-1
546,135,931.06,432.94,120.49,272.15,0.7098,-1,-1,-1
546,139,713.32,448.12,30.09,97.47,0.5189,-1,-1,-1
546,143,543.81,449.50,30.42,86.59,0.3972,-1,-1,-1
547,55,1544.43,407.80,201.23,655.02,0.6398,-1,-1,-1
547,61,654.00,454.69,39.95,112.46,0.6225,-1,-1,-1
547,87,1093.69,434.33,87.74,270.30,0.4562,-1,-1,-1
547,89,868.45,436.17,71.02,243.83,0.6615,-1,-1,-1
547,108,1820.95,493.98,98.33,584.39,0.6469,-1,-1,-1
547,126,1664.60,412.46,188.10,600.64,0.6545,-1,-1,-1
547,129,579.27,452.37,33.82,85.36,0.4720,-1,-1,-1
547,135,937.11,427.20,115.05,279.08,0.6844,-1,-1,-1
547,139,713.41,448.38,29.34,96.71,0.5016,-1,-1,-1
547,143,544.52,448.96,30.67,87.52,0.3811,-1,-1,-1
548,55,1548.07,408.71,193.21,661.77,0.7210,-1,-1,-1
548,61,653.75,453.91,36.94,112.23,0.6777,-1,-1,-1
548,87,1090.94,433.62,94.47,274.88,0.4714,-1,-1,-1
548,89,870.38,434.91,71.19,242.44,0.6323,-1,-1,-1
548,108,1829.99,451.27,89.14,627.97,0.5214,-1,-1,-1
548,126,1668.35,411.92,191.53,600.01,0.7370,-1,-1,-1
548,129,579.97,454.26,33.86,82.97,0.4930,-1,-1,-1
548,135,937.56,426.64,116.78,278.66,0.6609,-1,-1,-1
548,139,714.23,448.54,28.52,96.57,0.4947,-1,-1,-1
548,143,545.43,449.58,31.64,86.97,0.4366,-1,-1,-1
549,55,1549.28,408.64,197.62,654.90,0.7540,-1,-1,-1
549,61,652.13,454.58,38.96,110.03,0.6687,-1,-1,-1
549,87,1081.81,439.39,86.45,280.69,0.4019,-1,-1,-1
549,89,873.77,437.72,73.30,243.80,0.6219,-1,-1,-1
549,108,1833.43,425.83,85.55,653.84,0.3137,-1,-1,-1
549,126,1677.26,413.54,186.76,600.43,0.7193,-1,-1,-1
549,129,580.24,451.75,33.66,85.46,0.4403,-1,-1,-1
549,135,946.36,425.01,107.62,278.62,0.6543,-1,-1,-1
549,139,714.73,448.43,29.26,96.70,0.5574,-1,-1,-1
549,143,545.99,447.32,31.65,88.32,0.4116,-1,-1,-1
550,55,1551.09,409.55,196.02,655.38,0.7731,-1,-1,-1
550,61,652.99,455.20,37.25,108.78,0.6711,-1,-1,-1
550,87,1075.38,435.92,114.17,282.01,0.4614,-1,-1,-1
550,89,875.02,437.97,79.51,244.08,0.6219,-1,-1,-1
550,126,1685.46,405.53,192.78,614.22,0.7342,-1,-1,-1
550,129,580.64,453.55,33.03,83.91,0.4525,-1,-1,-1
550,135,957.28,417.32,103.52,284.49,0.6229,-1,-1,-1
550,139,714.79,450.58,32.39,95.64,0.5144,-1,-1,-1
550,143,546.67,448.02,31.65,87.70,0.4038,-1,-1,-1
551,55,1554.23,410.19,202.08,660.00,0.7703,-1,-1,-1
551,61,651.95,455.84,38.27,107.85,0.6459,-1,-1,-1
551,87,1064.75,438.18,129.30,279.28,0.5119,-1,-1,-1
551,89,877.78,434.89,77.13,248.00,0.6446,-1,-1,-1
551,126,1691.11,403.62,192.73,611.08,0.7085,-1,-1,-1
551,129,580.68,454.09,32.96,83.29,0.5141,-1,-1,-1
551,135,963.77,412.79,97.04,287.70,0.6150,-1,-1,-1
551,139,714.08,449.76,32.65,95.89,0.5347,-1,-1,-1
551,143,547.67,447.79,30.99,87.82,0.4035,-1,-1,-1
552,55,1556.24,410.05,212.59,668.16,0.8020,-1,-1,-1
552,61,650.44,455.47,42.00,109.61,0.6135,-1,-1,-1
552,87,1081.71,436.95,119.04,283.86,0.5009,-1,-1,-1
552,89,884.90,432.30,75.60,251.63,0.6798,-1,-1,-1
552,126,1696.98,404.16,189.67,609.19,0.7359,-1,-1,-1
552,129,580.38,452.54,33.44,84.62,0.5238,-1,-1,-1
552,135,973.10,416.98,84.65,281.06,0.6092,-1,-1,-1
552,139,714.99,449.61,32.88,96.27,0.5943,-1,-1,-1
552,143,547.39,445.39,31.34,89.54,0.4415,-1,-1,-1
553,55,1559.39,409.18,214.89,666.85,0.7906,-1,-1,-1
553,61,649.28,455.09,42.85,110.35,0.5778,-1,-1,-1
553,87,1085.46,436.78,105.62,284.67,0.4999,-1,-1,-1
553,89,885.86,432.99,84.69,249.93,0.7234,-1,-1,-1
553,126,1701.79,403.41,198.89,616.70,0.6789,-1,-1,-1
553,129,579.97,452.59,34.00,85.07,0.5205,-1,-1,-1
553,135,987.62,420.25,75.31,274.38,0.6988,-1,-1,-1
553,139,715.68,448.69,34.54,96.15,0.5777,-1,-1,-1
553,143,547.03,445.60,30.67,90.30,0.4172,-1,-1,-1
554,55,1559.03,409.63,302.65,660.92,0.5402,-1,-1,-1
554,61,646.78,455.16,41.07,109.62,0.4870,-1,-1,-1
554,87,1078.39,435.40,123.23,285.65,0.5785,-1,-1,-1
554,89,886.09,431.47,89.60,251.79,0.7365,-1,-1,-1
554,129,580.82,448.88,33.09,88.20,0.5267,-1,-1,-1
554,135,988.50,413.94,79.81,287.63,0.6596,-1,-1,-1
554,139,715.17,448.06,33.23,95.51,0.5863,-1,-1,-1
554,143,546.52,444.29,30.25,91.62,0.4496,-1,-1,-1
555,55,1560.51,408.62,254.66,661.43,0.6169,-1,-1,-1
555,61,645.60,456.61,41.27,107.39,0.4911,-1,-1,-1
555,87,1077.53,433.99,126.65,287.21,0.5958,-1,-1,-1
555,89,885.97,432.06,89.41,251.43,0.7327,-1,-1,-1
555,126,1713.07,402.17,200.08,636.70,0.4120,-1,-1,-1
555,129,581.10,446.75,33.57,90.49,0.5427,-1,-1,-1
555,135,993.49,410.99,79.27,288.92,0.6794,-1,-1,-1
555,139,714.09,445.99,33.49,98.89,0.5749,-1,-1,-1
555,143,546.19,444.05,32.21,92.06,0.4765,-1,-1,-1
556,55,1559.37,406.62,270.79,660.34,0.5703,-1,-1,-1
556,61,643.82,457.27,42.45,107.11,0.5157,-1,-1,-1
556,87,1088.05,436.21,119.31,284.31,0.7182,-1,-1,-1
556,89,887.76,433.54,87.37,250.90,0.7682,-1,-1,-1
556,129,581.59,446.07,33.18,91.15,0.5004,-1,-1,-1
556,135,1000.17,411.33,82.18,288.19,0.7244,-1,-1,-1
556,139,714.73,446.30,33.41,100.16,0.5956,-1,-1,-1
556,143,546.27,441.88,33.19,93.92,0.4542,-1,-1,-1
557,55,1558.43,407.38,256.35,662.07,0.6842,-1,-1,-1
557,61,643.86,457.83,41.28,106.56,0.5426,-1,-1,-1
557,87,1089.08,438.02,116.83,282.19,0.7477,-1,-1,-1
557,89,890.11,435.68,89.89,248.62,0.7572,-1,-1,-1
557,126,1714.64,399.56,200.74,653.44,0.3285,-1,-1,-1
557,129,580.81,446.77,34.16,91.21,0.5239,-1,-1,-1
557,135,992.78,425.17,93.00,270.78,0.6697,-1,-1,-1
557,139,713.82,446.03,34.31,101.80,0.6254,-1,-1,-1
557,143,545.91,440.82,33.89,96.38,0.4757,-1,-1,-1
558,55,1558.75,404.52,299.68,670.50,0.8042,-1,-1,-1
558,61,643.21,460.01,40.55,104.78,0.5470,-1,-1,-1
558,87,1092.29,437.32,115.47,281.47,0.8019,-1,-1,-1
558,89,890.95,436.28,87.75,247.71,0.7479,-1,-1,-1
558,126,1722.62,399.59,212.76,405.93,0.3369,-1,-1,-1
558,129,583.64,452.38,32.18,87.74,0.5485,-1,-1,-1
558,135,986.00,435.28,104.98,261.38,0.7064,-1,-1,-1
558,139,712.19,445.17,36.34,102.56,0.6491,-1,-1,-1
558,143,546.44,442.89,35.08,94.31,0.5029,-1,-1,-1
559,55,1560.40,405.52,295.11,664.62,0.8006,-1,-1,-1
559,61,644.00,461.97,39.54,101.24,0.5366,-1,-1,-1
559,87,1092.01,433.88,120.18,283.84,0.8025,-1,-1,-1
559,89,889.70,437.24,91.43,246.91,0.7447,-1,-1,-1
559,126,1750.88,403.43,165.58,548.80,0.3954,-1,-1,-1
559,129,583.97,453.36,31.86,86.30,0.5584,-1,-1,-1
559,135,991.94,430.91,103.68,266.23,0.6417,-1,-1,-1
559,139,712.40,444.81,36.24,101.86,0.6463,-1,-1,-1
559,143,546.49,443.05,33.82,94.22,0.5180,-1,-1,-1
560,55,1560.83,403.99,307.29,672.38,0.8598,-1,-1,-1
560,61,643.60,460.47,36.64,101.07,0.5576,-1,-1,-1
560,87,1098.12,435.91,113.77,281.47,0.7140,-1,-1,-1
560,89,889.34,435.20,93.23,247.15,0.7593,-1,-1,-1
560,126,1739.69,396.19,192.74,395.08,0.3130,-1,-1,-1
560,129,584.35,454.00,31.45,85.56,0.5232,-1,-1,-1
560,135,998.36,421.85,104.69,274.60,0.6791,-1,-1,-1
560,139,713.14,445.15,35.74,101.56,0.6332,-1,-1,-1
560,143,547.91,446.04,32.18,91.68,0.5057,-1,-1,-1
561,55,1566.13,402.78,276.93,669.17,0.7235,-1,-1,-1
561,61,642.41,457.74,35.64,103.65,0.5440,-1,-1,-1
561,87,1102.39,437.36,108.54,277.29,0.6595,-1,-1,-1
561,89,903.31,435.36,86.39,246.47,0.6552,-1,-1,-1
561,126,1747.67,402.15,168.30,526.98,0.3752,-1,-1,-1
561,129,584.24,452.80,31.95,85.79,0.4893,-1,-1,-1
561,135,1000.02,422.77,112.64,274.07,0.6978,-1,-1,-1
561,139,711.82,446.29,37.53,101.47,0.6255,-1,-1,-1
561,143,548.89,441.88,31.65,94.98,0.5230,-1,-1,-1
562,55,1569.48,405.97,305.09,669.04,0.8116,-1,-1,-1
562,61,643.15,458.30,35.25,102.90,0.5041,-1,-1,-1
562,87,1106.07,438.99,113.90,277.43,0.7008,-1,-1,-1
562,89,910.94,434.76,82.13,245.86,0.6979,-1,-1,-1
562,126,1760.19,398.68,157.79,571.35,0.3085,-1,-1,-1
562,129,584.19,452.24,31.83,87.34,0.4991,-1,-1,-1
562,135,999.49,417.83,112.84,278.34,0.6644,-1,-1,-1
562,139,714.52,449.36,35.27,98.05,0.5754,-1,-1,-1
562,143,548.66,440.83,33.84,96.34,0.4871,-1,-1,-1
563,55,1574.28,405.44,321.50,669.54,0.8046,-1,-1,-1
563,61,642.06,457.70,34.20,103.06,0.5257,-1,-1,-1
563,87,1110.80,440.07,110.18,274.25,0.6919,-1,-1,-1
563,89,911.58,433.90,83.26,249.85,0.7010,-1,-1,-1
563,126,1765.20,391.44,155.69,552.23,0.3412,-1,-1,-1
563,129,584.07,453.12,32.98,86.53,0.4495,-1,-1,-1
563,135,997.87,419.21,119.44,277.40,0.6618,-1,-1,-1
563,139,714.65,449.34,37.17,98.39,0.5300,-1,-1,-1
563,143,548.39,441.08,35.04,95.28,0.4631,-1,-1,-1
564,55,1583.21,401.61,326.98,668.94,0.8681,-1,-1,-1
564,61,642.21,457.17,35.00,103.98,0.4948,-1,-1,-1
564,87,1113.20,433.82,112.62,278.53,0.7000,-1,-1,-1
564,89,914.95,430.50,82.46,250.92,0.6331,-1,-1,-1
564,126,1781.49,396.59,140.55,484.84,0.4053,-1,-1,-1
564,129,584.43,454.52,32.34,83.68,0.3949,-1,-1,-1
564,135,1002.09,428.15,117.09,267.23,0.6407,-1,-1,-1
564,139,715.97,448.87,35.44,98.28,0.5201,-1,-1,-1
564,143,548.22,441.87,35.02,94.43,0.3788,-1,-1,-1
565,55,1589.19,399.60,303.99,667.65,0.7043,-1,-1,-1
565,61,642.13,456.14,35.77,104.92,0.5472,-1,-1,-1
565,87,1118.23,432.13,110.04,279.92,0.6433,-1,-1,-1
565,89,920.69,433.73,78.96,244.23,0.6347,-1,-1,-1
565,126,1783.05,394.02,135.03,656.02,0.6218,-1,-1,-1
565,129,584.70,455.54,32.44,82.73,0.3999,-1,-1,-1
565,135,998.72,431.48,123.64,263.35,0.6365,-1,-1,-1
565,139,716.54,449.04,35.45,97.13,0.5560,-1,-1,-1
565,143,548.29,441.98,34.07,94.09,0.4273,-1,-1,-1
566,55,1606.75,399.00,299.95,671.31,0.7352,-1,-1,-1
566,61,641.70,454.16,35.76,107.23,0.5223,-1,-1,-1
566,87,1125.76,433.28,105.80,282.16,0.5412,-1,-1,-1
566,89,928.98,431.53,86.81,241.58,0.5389,-1,-1,-1
566,126,1790.74,391.34,128.91,664.19,0.6383,-1,-1,-1
566,129,585.16,455.67,32.53,83.07,0.4359,-1,-1,-1
566,135,1004.50,437.26,121.39,260.04,0.6645,-1,-1,-1
566,139,717.31,449.61,35.32,96.93,0.5434,-1,-1,-1
566,143,548.67,442.50,33.90,93.65,0.4304,-1,-1,-1
567,55,1628.72,400.40,278.45,668.29,0.8360,-1,-1,-1
567,61,641.33,454.57,34.26,106.58,0.4866,-1,-1,-1
567,87,1123.10,431.03,110.08,284.29,0.6356,-1,-1,-1
567,89,932.57,429.74,84.15,242.38,0.5113,-1,-1,-1
567,126,1796.86,397.75,123.36,641.08,0.6306,-1,-1,-1
567,129,585.54,455.69,32.19,82.72,0.4656,-1,-1,-1
567,135,1005.10,442.41,127.58,256.01,0.6879,-1,-1,-1
567,139,718.09,449.08,35.28,97.95,0.5409,-1,-1,-1
567,143,548.95,442.50,33.53,93.82,0.4389,-1,-1,-1
568,55,1650.61,400.91,256.95,668.51,0.8227,-1,-1,-1
568,61,641.40,456.06,32.24,104.60,0.4814,-1,-1,-1
568,87,1130.17,430.31,108.18,282.03,0.6102,-1,-1,-1
568,89,943.09,432.18,75.78,241.21,0.5359,-1,-1,-1
568,126,1800.35,402.89,119.33,657.06,0.6098,-1,-1,-1
568,129,586.21,456.23,31.93,84.62,0.4905,-1,-1,-1
568,135,1003.89,428.17,139.73,271.51,0.6905,-1,-1,-1
568,139,718.37,448.33,37.55,99.59,0.5148,-1,-1,-1
568,143,548.43,440.71,35.61,96.28,0.4368,-1,-1,-1
569,55,1657.99,400.90,232.43,672.92,0.8118,-1,-1,-1
569,61,641.49,455.47,33.67,104.39,0.5251,-1,-1,-1
569,87,1131.84,431.80,110.59,280.79,0.5296,-1,-1,-1
569,89,941.90,436.11,80.18,231.69,0.6689,-1,-1,-1
569,126,1797.53,408.74,122.30,651.40,0.4544,-1,-1,-1
569,129,586.28,455.73,32.26,85.71,0.5302,-1,-1,-1
569,135,1005.87,432.61,139.24,267.98,0.7158,-1,-1,-1
569,139,718.32,448.39,37.15,100.10,0.5254,-1,-1,-1
569,143,548.42,442.84,35.65,95.38,0.4213,-1,-1,-1
570,55,1662.25,402.86,235.06,669.38,0.7783,-1,-1,-1
570,61,639.72,455.24,32.21,104.44,0.5122,-1,-1,-1
570,87,1135.22,434.46,119.61,279.70,0.6418,-1,-1,-1
570,89,942.96,434.81,82.89,234.54,0.7109,-1,-1,-1
570,129,586.77,455.74,31.57,85.76,0.5241,-1,-1,-1
570,135,1006.54,432.94,137.26,267.54,0.7111,-1,-1,-1
570,139,718.01,446.50,37.79,102.78,0.5572,-1,-1,-1
570,143,549.16,443.06,35.54,95.83,0.4404,-1,-1,-1
571,55,1666.64,401.51,253.27,671.78,0.8660,-1,-1,-1
571,61,638.73,456.78,30.32,104.21,0.4926,-1,-1,-1
571,87,1145.50,432.11,131.67,281.85,0.5983,-1,-1,-1
571,89,946.89,435.43,79.66,241.88,0.6899,-1,-1,-1
571,129,586.92,455.81,31.55,86.06,0.5260,-1,-1,-1
571,135,1011.53,425.85,130.67,272.47,0.7014,-1,-1,-1
571,139,717.36,445.44,39.59,102.97,0.6076,-1,-1,-1
571,143,549.65,449.02,36.39,90.82,0.4300,-1,-1,-1
572,55,1670.15,402.26,248.32,670.42,0.8702,-1,-1,-1
572,61,637.42,456.86,32.71,102.67,0.5211,-1,-1,-1
572,87,1144.12,433.56,136.18,281.90,0.7602,-1,-1,-1
572,89,947.80,435.94,80.68,240.45,0.6853,-1,-1,-1
572,126,1818.80,419.18,103.49,462.80,0.3001,-1,-1,-1
572,129,586.91,451.47,31.92,89.99,0.4950,-1,-1,-1
572,135,1012.15,431.80,129.01,267.02,0.6873,-1,-1,-1
572,139,717.42,444.51,40.27,104.96,0.6255,-1,-1,-1
572,143,549.59,440.37,37.11,98.64,0.4581,-1,-1,-1
572,148,1110.79,434.65,47.70,140.84,0.3938,-1,-1,-1
573,55,1674.41,402.72,244.72,667.79,0.8860,-1,-1,-1
573,61,636.61,456.77,30.46,102.55,0.5580,-1,-1,-1
573,87,1150.38,437.20,137.98,278.17,0.7012,-1,-1,-1
573,89,942.38,434.42,94.03,243.60,0.6388,-1,-1,-1
573,126,1827.94,423.66,95.60,268.87,0.3978,-1,-1,-1
573,129,585.13,453.54,32.45,88.90,0.4890,-1,-1,-1
573,135,1016.72,430.22,123.31,265.19,0.6439,-1,-1,-1
573,139,718.25,445.37,40.19,104.80,0.5686,-1,-1,-1
573,143,550.32,451.65,35.31,89.64,0.4047,-1,-1,-1
573,148,1110.26,429.88,47.15,146.47,0.3499,-1,-1,-1
574,55,1673.73,398.40,245.68,676.40,0.9004,-1,-1,-1
574,61,636.32,457.15,30.39,101.41,0.5468,-1,-1,-1
574,87,1149.48,438.17,141.83,277.54,0.7346,-1,-1,-1
574,89,952.76,435.10,107.65,249.69,0.6141,-1,-1,-1
574,126,1837.13,430.53,82.38,251.45,0.3398,-1,-1,-1
574,129,584.40,455.15,33.58,87.97,0.3413,-1,-1,-1
574,135,1034.41,433.18,106.08,262.85,0.5430,-1,-1,-1
574,139,717.81,445.12,40.74,105.20,0.5536,-1,-1,-1
574,143,549.97,450.48,35.83,88.57,0.3877,-1,-1,-1
574,148,1112.30,427.90,45.29,149.66,0.3587,-1,-1,-1
575,55,1674.02,397.66,245.37,677.04,0.9046,-1,-1,-1
575,61,635.50,455.99,30.79,102.50,0.5661,-1,-1,-1
575,87,1154.46,439.27,137.83,276.48,0.7003,-1,-1,-1
575,89,955.25,434.25,107.99,248.61,0.5751,-1,-1,-1
575,126,1845.60,431.78,73.73,234.26,0.3095,-1,-1,-1
575,129,584.47,454.15,33.85,88.71,0.4290,-1,-1,-1
575,135,1039.13,426.03,100.58,269.95,0.5015,-1,-1,-1
575,139,717.81,445.52,40.37,104.45,0.5796,-1,-1,-1
575,143,550.44,449.86,34.83,88.60,0.3543,-1,-1,-1
576,55,1673.12,397.22,246.21,677.20,0.8990,-1,-1,-1
576,61,634.08,455.99,33.85,102.10,0.5207,-1,-1,-1
576,87,1157.56,437.61,136.06,277.92,0.7313,-1,-1,-1
576,89,955.39,433.93,112.85,248.15,0.6239,-1,-1,-1
576,126,1855.90,431.77,63.82,216.19,0.4447,-1,-1,-1
576,129,585.64,454.14,32.92,88.74,0.4261,-1,-1,-1
576,135,1041.78,426.53,98.20,269.56,0.6160,-1,-1,-1
576,139,719.66,446.34,38.78,104.49,0.6061,-1,-1,-1
577,55,1672.76,399.17,246.50,676.05,0.9090,-1,-1,-1
577,61,633.46,452.68,33.44,106.29,0.5256,-1,-1,-1
577,87,1156.02,436.15,137.49,279.31,0.7444,-1,-1,-1
577,89,957.00,433.92,111.23,246.58,0.6654,-1,-1,-1
577,129,585.23,452.70,33.50,90.62,0.3979,-1,-1,-1
577,135,1049.57,423.46,90.29,271.28,0.6266,-1,-1,-1
577,139,719.87,447.36,38.55,104.03,0.5852,-1,-1,-1
578,55,1671.30,399.62,247.92,676.24,0.9062,-1,-1,-1
578,61,633.32,448.61,33.08,109.59,0.6221,-1,-1,-1
578,87,1158.55,433.29,130.96,281.22,0.7290,-1,-1,-1
578,89,957.78,440.55,98.86,233.16,0.7225,-1,-1,-1
578,129,584.33,451.32,34.51,92.43,0.3750,-1,-1,-1
578,135,1051.15,427.68,88.82,265.51,0.6184,-1,-1,-1
578,139,719.84,445.35,38.71,104.04,0.6297,-1,-1,-1
578,143,549.94,450.85,36.83,87.35,0.3216,-1,-1,-1
579,55,1671.37,401.14,247.89,675.47,0.8991,-1,-1,-1
579,61,632.56,447.97,32.96,110.61,0.5782,-1,-1,-1
579,87,1158.70,435.07,131.13,278.73,0.6914,-1,-1,-1
579,89,957.85,439.67,100.67,233.19,0.7530,-1,-1,-1
579,129,583.60,448.15,31.76,93.21,0.3513,-1,-1,-1
579,135,1055.57,433.99,86.24,261.28,0.6589,-1,-1,-1
579,139,720.56,447.27,38.41,104.10,0.5932,-1,-1,-1
579,143,549.00,443.48,37.53,93.67,0.3126,-1,-1,-1
580,55,1671.58,402.75,247.51,674.22,0.9084,-1,-1,-1
580,61,630.69,450.01,36.94,108.74,0.5583,-1,-1,-1
580,87,1156.95,442.64,134.01,273.26,0.7501,-1,-1,-1
580,89,958.73,436.36,101.27,238.14,0.7574,-1,-1,-1
580,129,584.73,448.63,31.06,92.57,0.3529,-1,-1,-1
580,135,1051.95,439.02,91.00,255.91,0.6679,-1,-1,-1
580,139,720.85,447.08,38.12,104.85,0.5719,-1,-1,-1
580,143,549.70,440.88,38.37,96.75,0.3505,-1,-1,-1
581,55,1671.74,402.68,247.39,674.59,0.9082,-1,-1,-1
581,61,630.79,454.31,36.94,104.23,0.5508,-1,-1,-1
581,87,1159.10,440.51,134.75,276.36,0.6988,-1,-1,-1
581,89,958.45,434.65,102.75,238.22,0.7612,-1,-1,-1
581,129,584.71,447.42,33.98,95.86,0.3913,-1,-1,-1
581,135,1054.87,439.36,95.41,255.85,0.6864,-1,-1,-1
581,139,720.94,447.19,38.41,104.04,0.5028,-1,-1,-1
581,143,549.02,435.26,40.59,102.56,0.3654,-1,-1,-1
582,55,1672.15,401.87,246.92,676.54,0.9087,-1,-1,-1
582,61,631.86,453.38,33.59,104.72,0.5112,-1,-1,-1
582,87,1190.20,439.01,107.44,275.46,0.6911,-1,-1,-1
582,89,955.91,435.77,113.03,236.79,0.7487,-1,-1,-1
582,129,584.40,446.85,34.25,96.35,0.4204,-1,-1,-1
582,135,1068.90,437.75,84.53,262.46,0.6228,-1,-1,-1
582,139,721.54,448.05,37.68,103.13,0.4972,-1,-1,-1
582,143,548.21,435.49,39.78,102.48,0.3791,-1,-1,-1
583,55,1673.80,398.12,245.25,680.32,0.9097,-1,-1,-1
583,61,631.41,453.97,33.91,104.22,0.4543,-1,-1,-1
583,87,1196.46,439.63,103.47,273.96,0.7224,-1,-1,-1
583,89,964.10,436.17,107.26,235.60,0.7284,-1,-1,-1
583,129,584.50,448.57,33.93,94.88,0.4676,-1,-1,-1
583,135,1080.05,432.50,75.79,265.14,0.6306,-1,-1,-1
583,139,721.07,446.03,39.16,103.62,0.5281,-1,-1,-1
583,143,549.46,439.50,38.55,98.65,0.4179,-1,-1,-1
584,55,1675.89,393.95,243.25,683.18,0.9116,-1,-1,-1
584,61,630.46,455.50,35.61,103.03,0.4317,-1,-1,-1
584,87,1203.33,440.85,97.91,271.07,0.7219,-1,-1,-1
584,89,967.06,437.13,105.94,236.23,0.7421,-1,-1,-1
584,129,585.00,447.98,33.33,95.60,0.4721,-1,-1,-1
584,135,1084.94,435.62,75.37,261.12,0.6622,-1,-1,-1
584,139,722.25,447.52,37.52,104.31,0.5301,-1,-1,-1
584,143,550.58,439.28,37.33,98.78,0.3975,-1,-1,-1
585,55,1677.54,394.30,241.67,682.76,0.8981,-1,-1,-1
585,61,627.69,451.07,36.95,106.40,0.3952,-1,-1,-1
585,87,1203.57,441.06,101.78,265.67,0.7487,-1,-1,-1
585,89,969.78,436.42,104.27,235.70,0.7611,-1,-1,-1
585,129,585.65,448.15,33.11,94.80,0.4598,-1,-1,-1
585,135,1087.07,440.18,75.84,255.62,0.6347,-1,-1,-1
585,139,722.96,447.02,37.68,103.25,0.5278,-1,-1,-1
585,143,550.16,438.86,38.54,99.16,0.4328,-1,-1,-1
586,55,1681.87,392.88,237.76,682.76,0.8962,-1,-1,-1
586,61,626.38,452.56,37.69,105.30,0.4276,-1,-1,-1
586,87,1213.17,436.84,101.52,274.60,0.7543,-1,-1,-1
586,89,978.28,442.38,97.99,232.37,0.7689,-1,-1,-1
586,129,584.74,444.67,35.02,98.69,0.4496,-1,-1,-1
586,135,1088.10,435.42,73.12,261.94,0.6900,-1,-1,-1
586,139,723.65,444.36,37.78,103.75,0.5444,-1,-1,-1
586,143,549.45,440.81,37.53,98.19,0.4360,-1,-1,-1
586,151,665.34,453.62,33.57,100.52,0.3474,-1,-1,-1
587,55,1685.64,388.89,233.99,686.30,0.8696,-1,-1,-1
587,61,625.11,452.35,38.53,105.55,0.4832,-1,-1,-1
587,87,1215.78,432.91,100.01,278.09,0.6133,-1,-1,-1
587,89,982.36,444.58,94.85,225.97,0.7384,-1,-1,-1
587,129,584.24,444.42,35.40,98.76,0.4203,-1,-1,-1
587,135,1089.14,426.66,74.47,270.54,0.7207,-1,-1,-1
587,139,724.38,444.13,37.33,105.01,0.5521,-1,-1,-1
587,143,550.01,441.66,37.02,97.86,0.4675,-1,-1,-1
587,151,665.05,452.53,32.79,101.29,0.3700,-1,-1,-1
588,55,1694.89,386.92,224.69,688.50,0.8556,-1,-1,-1
588,61,625.51,453.39,35.66,104.20,0.5081,-1,-1,-1
588,87,1212.30,434.71,104.86,278.39,0.7923,-1,-1,-1
588,89,989.48,446.05,88.65,222.55,0.7007,-1,-1,-1
588,129,583.72,446.09,36.06,98.47,0.4148,-1,-1,-1
588,135,1090.87,420.58,80.95,276.17,0.7357,-1,-1,-1
588,139,726.93,442.45,33.59,106.87,0.5565,-1,-1,-1
588,143,551.34,447.78,36.06,92.88,0.4327,-1,-1,-1
588,151,664.00,452.16,30.22,105.39,0.3581,-1,-1,-1
589,55,1703.32,391.92,216.31,681.32,0.7506,-1,-1,-1
589,61,625.05,451.67,35.41,106.01,0.5817,-1,-1,-1
589,87,1216.62,434.78,101.31,275.04,0.7782,-1,-1,-1
589,89,998.11,446.04,82.68,223.03,0.7049,-1,-1,-1
589,129,583.16,447.41,37.16,98.54,0.3784,-1,-1,-1
589,135,1091.76,419.52,90.87,277.28,0.7102,-1,-1,-1
589,139,724.41,443.56,37.24,106.22,0.5503,-1,-1,-1
589,143,551.03,447.54,36.80,93.22,0.4279,-1,-1,-1
589,151,663.75,450.64,31.12,108.33,0.4620,-1,-1,-1
589,153,1185.55,438.69,56.89,234.28,0.3395,-1,-1,-1
590,55,1715.33,419.40,204.43,654.60,0.7422,-1,-1,-1
590,61,624.40,450.56,34.84,106.66,0.5152,-1,-1,-1
590,87,1219.55,433.70,101.74,277.51,0.7844,-1,-1,-1
590,89,1007.71,446.98,77.32,221.39,0.7378,-1,-1,-1
590,129,584.36,448.65,35.60,97.66,0.3171,-1,-1,-1
590,135,1090.63,429.87,89.41,267.84,0.6569,-1,-1,-1
590,139,726.71,442.69,34.68,106.90,0.5678,-1,-1,-1
590,143,551.16,447.66,37.41,92.73,0.3681,-1,-1,-1
590,151,663.57,451.78,31.86,107.57,0.4669,-1,-1,-1
590,153,1185.33,437.74,58.88,239.37,0.3696,-1,-1,-1
591,55,1736.78,478.44,183.83,597.00,0.5609,-1,-1,-1
591,61,624.32,449.28,33.32,108.36,0.5367,-1,-1,-1
591,87,1222.56,434.77,105.41,276.60,0.7447,-1,-1,-1
591,89,1011.57,443.35,78.75,223.80,0.7133,-1,-1,-1
591,129,585.58,449.76,32.22,94.06,0.3405,-1,-1,-1
591,135,1089.61,415.66,93.96,280.42,0.6515,-1,-1,-1
591,139,727.71,442.64,32.94,107.19,0.5753,-1,-1,-1
591,143,550.78,443.99,37.45,95.64,0.3394,-1,-1,-1
591,151,663.40,451.81,32.52,107.80,0.5348,-1,-1,-1
591,153,1189.55,434.78,60.58,241.31,0.3281,-1,-1,-1
592,55,1759.69,499.40,159.90,573.14,0.6787,-1,-1,-1
592,61,624.39,448.96,34.71,109.19,0.5156,-1,-1,-1
592,87,1226.49,438.13,110.77,273.42,0.7289,-1,-1,-1
592,89,1011.88,443.23,78.24,222.41,0.7367,-1,-1,-1
592,129,585.65,450.37,31.85,93.04,0.3124,-1,-1,-1
592,135,1090.08,416.41,107.29,280.16,0.6756,-1,-1,-1
592,139,728.24,443.55,31.93,106.87,0.5668,-1,-1,-1
592,143,549.60,443.90,39.02,95.50,0.3230,-1,-1,-1
592,151,662.43,452.14,33.51,107.73,0.5616,-1,-1,-1
593,55,1782.77,502.17,136.58,570.68,0.3909,-1,-1,-1
593,61,623.13,449.47,36.61,108.44,0.4957,-1,-1,-1
593,87,1231.35,440.45,111.74,273.37,0.7524,-1,-1,-1
593,89,1013.35,437.96,80.71,228.27,0.6586,-1,-1,-1
593,129,583.76,450.90,32.64,90.84,0.3167,-1,-1,-1
593,135,1091.32,412.51,99.99,283.80,0.6912,-1,-1,-1
593,139,728.16,443.68,33.14,107.43,0.5411,-1,-1,-1
593,143,550.72,447.00,34.61,92.77,0.3099,-1,-1,-1
593,151,661.39,451.76,34.21,107.88,0.5483,-1,-1,-1
594,55,1816.22,523.21,103.65,555.86,0.3168,-1,-1,-1
594,61,623.02,448.67,36.38,107.69,0.5039,-1,-1,-1
594,87,1234.10,443.00,113.97,269.65,0.7830,-1,-1,-1
594,89,1021.66,435.31,76.29,230.41,0.6276,-1,-1,-1
594,129,583.93,451.51,32.48,90.35,0.3227,-1,-1,-1
594,135,1091.18,412.92,101.30,285.75,0.7000,-1,-1,-1
594,139,726.10,445.20,37.32,106.48,0.5131,-1,-1,-1
594,143,549.19,448.47,37.26,91.01,0.3513,-1,-1,-1
594,151,660.10,451.48,35.56,108.93,0.5311,-1,-1,-1
594,153,1190.89,438.04,77.17,241.16,0.3636,-1,-1,-1
595,61,622.62,449.50,37.35,106.39,0.5529,-1,-1,-1
595,87,1240.12,437.68,111.64,274.66,0.8186,-1,-1,-1
595,89,1022.29,436.16,76.38,228.93,0.6711,-1,-1,-1
595,135,1094.27,414.86,100.28,281.63,0.7179,-1,-1,-1
595,139,729.17,443.88,32.26,106.60,0.5406,-1,-1,-1
595,151,660.73,452.62,35.02,108.22,0.4744,-1,-1,-1
595,153,1188.38,441.54,74.42,238.46,0.4689,-1,-1,-1
596,61,623.55,450.57,36.90,104.21,0.5696,-1,-1,-1
596,87,1242.14,436.48,113.10,276.46,0.8099,-1,-1,-1
596,89,1023.70,442.15,77.61,223.07,0.7104,-1,-1,-1
596,129,582.05,450.09,33.79,91.50,0.3121,-1,-1,-1
596,135,1095.53,422.06,99.63,276.46,0.7370,-1,-1,-1
596,139,726.15,445.62,37.15,105.12,0.5618,-1,-1,-1
596,151,660.99,454.25,35.12,106.57,0.4557,-1,-1,-1
596,153,1190.49,442.40,75.83,238.62,0.5263,-1,-1,-1
597,61,624.23,452.47,34.74,102.72,0.5131,-1,-1,-1
597,87,1243.60,437.74,113.09,275.89,0.8036,-1,-1,-1
597,89,1025.22,442.66,77.21,223.69,0.7388,-1,-1,-1
597,135,1097.44,423.90,96.97,274.22,0.7587,-1,-1,-1
597,139,725.70,445.15,38.39,106.75,0.6071,-1,-1,-1
597,143,550.03,452.43,36.18,87.91,0.3090,-1,-1,-1
597,151,659.56,453.96,38.81,106.72,0.4247,-1,-1,-1
597,153,1190.79,459.50,77.08,223.89,0.5307,-1,-1,-1
598,61,624.93,453.75,32.85,101.37,0.4819,-1,-1,-1
598,87,1248.01,437.72,110.08,275.50,0.8137,-1,-1,-1
598,89,1024.91,441.67,81.17,224.91,0.7390,-1,-1,-1
598,129,584.07,451.53,32.31,89.41,0.3397,-1,-1,-1
598,135,1098.87,429.92,97.66,267.66,0.7210,-1,-1,-1
598,139,725.68,445.59,38.89,107.72,0.5877,-1,-1,-1
598,143,550.45,449.84,34.50,89.68,0.3669,-1,-1,-1
598,151,658.77,456.20,36.61,104.66,0.4312,-1,-1,-1
598,153,1193.60,450.78,75.39,231.43,0.5214,-1,-1,-1
598,155,378.08,468.00,47.80,107.55,0.3425,-1,-1,-1
599,61,624.89,454.68,33.46,100.68,0.4795,-1,-1,-1
599,87,1252.71,437.06,105.92,275.90,0.7813,-1,-1,-1
599,89,1026.55,442.43,88.24,225.04,0.7388,-1,-1,-1
599,129,583.62,453.17,34.19,90.60,0.3290,-1,-1,-1
599,135,1102.03,431.83,96.63,263.72,0.6999,-1,-1,-1
599,139,726.67,446.01,37.25,106.22,0.5701,-1,-1,-1
599,143,551.70,449.00,32.73,90.76,0.3362,-1,-1,-1
599,151,657.44,454.74,40.23,105.93,0.4076,-1,-1,-1
599,153,1190.21,439.99,79.07,242.04,0.5721,-1,-1,-1
599,155,378.34,467.26,47.68,109.28,0.3767,-1,-1,-1
600,61,625.12,455.25,33.01,100.95,0.5053,-1,-1,-1
600,87,1256.45,437.19,103.64,275.80,0.8175,-1,-1,-1
600,89,1027.46,441.59,89.68,223.80,0.7547,-1,-1,-1
600,129,583.03,456.79,32.86,85.03,0.3146,-1,-1,-1
600,135,1108.35,430.98,92.42,262.96,0.7021,-1,-1,-1
600,139,726.55,444.14,36.71,108.55,0.5857,-1,-1,-1
600,143,550.51,452.42,37.37,88.23,0.3194,-1,-1,-1
600,151,656.99,455.64,39.59,105.23,0.3591,-1,-1,-1
600,153,1199.30,447.98,70.34,225.45,0.6017,-1,-1,-1
600,155,379.16,464.70,45.76,112.02,0.3493,-1,-1,-1
