2,1,1343.35,417.56,159.94,359.24,0.8313,-1,-1,-1
2,2,584.53,442.84,92.39,264.11,0.7656,-1,-1,-1
2,3,437.28,445.20,117.47,274.38,0.6901,-1,-1,-1
2,4,1451.64,437.48,147.45,331.59,0.6726,-1,-1,-1
2,5,731.51,457.35,36.36,110.15,0.5322,-1,-1,-1
2,6,916.26,432.27,60.24,154.61,0.3999,-1,-1,-1
2,7,545.07,448.03,37.88,106.58,0.1924,-1,-1,-1
2,8,689.64,451.98,47.46,136.63,0.1665,-1,-1,-1
2,9,1256.67,431.52,38.52,113.09,0.1861,-1,-1,-1
2,10,1851.57,406.08,67.84,248.45,0.1655,-1,-1,-1
2,11,933.50,434.91,38.69,82.31,0.2014,-1,-1,-1
2,12,1089.63,452.81,43.69,126.75,0.1971,-1,-1,-1
2,13,806.01,471.00,29.11,77.75,0.1869,-1,-1,-1
2,14,1672.06,430.81,57.48,157.14,0.1594,-1,-1,-1
3,1,1343.54,424.93,180.15,367.61,0.8358,-1,-1,-1
3,2,584.41,443.09,93.86,263.53,0.7561,-1,-1,-1
3,3,437.25,443.40,117.91,276.76,0.6979,-1,-1,-1
3,4,1470.42,442.52,136.14,325.97,0.7325,-1,-1,-1
3,5,731.14,460.81,37.01,106.19,0.5315,-1,-1,-1
3,6,915.81,432.71,61.12,153.82,0.4033,-1,-1,-1
3,7,546.53,444.32,37.19,109.58,0.1932,-1,-1,-1
3,8,690.39,452.73,45.98,127.24,0.1708,-1,-1,-1
3,9,1257.11,427.71,38.60,117.65,0.2195,-1,-1,-1
3,10,1856.93,404.88,62.61,247.78,0.1523,-1,-1,-1
3,11,932.90,435.85,37.62,80.56,0.1841,-1,-1,-1
3,12,1092.34,451.55,41.54,136.79,0.2093,-1,-1,-1
3,13,805.21,470.70,27.58,76.74,0.1753,-1,-1,-1
4,1,1350.04,420.55,178.32,377.99,0.8240,-1,-1,-1
4,2,584.41,444.05,92.88,264.49,0.7670,-1,-1,-1
4,3,439.16,442.89,119.15,276.55,0.7436,-1,-1,-1
4,4,1480.42,432.10,123.15,335.22,0.7303,-1,-1,-1
4,5,732.34,458.77,36.59,109.85,0.5187,-1,-1,-1
4,6,916.59,431.83,60.84,154.23,0.4196,-1,-1,-1
4,8,691.84,452.99,44.93,129.64,0.2001,-1,-1,-1
4,9,1256.75,427.57,38.83,118.36,0.1715,-1,-1,-1
4,10,1853.95,418.52,65.51,235.49,0.1524,-1,-1,-1
4,11,933.32,434.98,37.95,80.12,0.1950,-1,-1,-1
4,12,1092.66,447.64,43.00,139.93,0.1933,-1,-1,-1
4,13,805.38,471.54,28.28,76.68,0.1752,-1,-1,-1
4,14,1673.16,431.81,57.33,155.66,0.1583,-1,-1,-1
4,16,966.63,437.50,52.58,144.18,0.2115,-1,-1,-1
4,17,1305.14,417.01,42.29,130.46,0.1744,-1,-1,-1
5,1,1352.09,418.22,176.02,386.55,0.8483,-1,-1,-1
5,2,584.82,444.01,93.00,263.99,0.7658,-1,-1,-1
5,3,443.64,443.96,119.01,273.49,0.6899,-1,-1,-1
5,4,1485.88,428.04,114.89,339.95,0.7403,-1,-1,-1
5,5,732.82,458.77,35.53,109.40,0.5181,-1,-1,-1
5,6,915.95,431.07,61.39,154.59,0.4083,-1,-1,-1
5,9,1256.65,425.38,40.30,120.92,0.1571,-1,-1,-1
5,10,1856.91,435.20,62.78,218.97,0.1518,-1,-1,-1
5,11,932.64,434.42,38.31,80.21,0.1872,-1,-1,-1
5,12,1091.72,447.36,43.42,140.10,0.1926,-1,-1,-1
5,13,805.42,471.78,28.28,76.60,0.1782,-1,-1,-1
5,14,1672.83,431.92,57.32,156.63,0.1643,-1,-1,-1
5,16,965.62,439.53,53.47,143.08,0.2741,-1,-1,-1
5,17,1304.37,416.77,42.58,130.53,0.1908,-1,-1,-1
5,18,1013.00,429.37,44.59,99.73,0.2279,-1,-1,-1
6,1,1359.57,418.18,171.20,387.14,0.8471,-1,-1,-1
6,2,583.93,443.27,92.20,267.93,0.7617,-1,-1,-1
6,3,450.81,444.04,116.34,274.29,0.6951,-1,-1,-1
6,4,1495.41,426.07,107.56,342.60,0.7237,-1,-1,-1
6,5,733.53,456.96,34.03,110.48,0.5346,-1,-1,-1
6,6,915.77,430.44,62.09,156.24,0.4202,-1,-1,-1
6,8,693.63,451.76,42.62,142.89,0.1532,-1,-1,-1
6,9,1256.95,426.39,39.54,120.68,0.1989,-1,-1,-1
6,10,1858.60,457.40,61.02,196.78,0.1515,-1,-1,-1
6,11,932.79,433.68,39.07,81.26,0.1651,-1,-1,-1
6,12,1089.91,447.51,44.54,142.68,0.1901,-1,-1,-1
6,13,805.76,471.48,28.29,77.73,0.1888,-1,-1,-1
6,14,1672.85,432.57,58.12,156.62,0.1881,-1,-1,-1
6,16,965.77,437.10,52.82,142.62,0.2041,-1,-1,-1
6,17,1303.71,416.58,42.59,131.22,0.1733,-1,-1,-1
6,18,1013.52,429.21,44.07,99.70,0.2053,-1,-1,-1
7,1,1370.92,419.20,153.59,381.43,0.8559,-1,-1,-1
7,2,584.72,442.75,91.43,268.33,0.7671,-1,-1,-1
7,3,445.96,444.96,120.90,274.34,0.7308,-1,-1,-1
7,4,1499.83,432.77,103.18,337.40,0.7679,-1,-1,-1
7,5,733.47,457.94,33.83,109.82,0.5489,-1,-1,-1
7,6,914.74,430.71,61.76,155.86,0.3742,-1,-1,-1
7,8,694.30,451.35,42.84,149.90,0.2301,-1,-1,-1
7,9,1256.13,434.52,37.32,113.00,0.2009,-1,-1,-1
7,11,933.51,434.46,35.84,81.57,0.1680,-1,-1,-1
7,12,1085.83,452.42,47.17,140.87,0.2250,-1,-1,-1
7,13,805.50,470.77,27.89,78.25,0.1831,-1,-1,-1
7,14,1671.87,431.73,58.11,157.12,0.1708,-1,-1,-1
7,19,651.81,447.51,79.91,194.27,0.2784,-1,-1,-1
7,20,1828.66,470.14,60.74,179.27,0.2555,-1,-1,-1
8,1,1390.61,413.66,135.44,385.59,0.8056,-1,-1,-1
8,2,584.91,442.89,91.94,266.78,0.7823,-1,-1,-1
8,3,448.70,443.85,118.94,274.73,0.7468,-1,-1,-1
8,4,1504.85,420.12,100.03,350.68,0.7695,-1,-1,-1
8,5,733.44,456.84,34.61,109.60,0.5422,-1,-1,-1
8,6,914.95,427.92,60.88,158.26,0.3851,-1,-1,-1
8,8,697.08,449.58,38.86,142.73,0.3164,-1,-1,-1
8,9,1256.01,438.76,37.92,107.45,0.2887,-1,-1,-1
8,11,932.88,432.10,36.17,92.99,0.1765,-1,-1,-1
8,12,1084.96,454.75,49.22,139.11,0.2371,-1,-1,-1
8,13,805.14,469.50,28.38,79.94,0.1976,-1,-1,-1
8,17,1301.06,417.34,45.63,130.62,0.1713,-1,-1,-1
8,19,653.58,446.30,74.03,191.89,0.1947,-1,-1,-1
8,20,1828.77,470.85,60.59,179.35,0.2919,-1,-1,-1
9,1,1403.91,407.36,127.04,392.72,0.7453,-1,-1,-1
9,2,585.43,442.50,90.47,268.22,0.7793,-1,-1,-1
9,3,456.98,444.17,112.11,274.20,0.7434,-1,-1,-1
9,4,1511.88,422.51,95.35,347.01,0.7485,-1,-1,-1
9,5,732.95,457.10,35.48,111.33,0.5346,-1,-1,-1
9,6,915.48,430.89,59.65,157.37,0.1714,-1,-1,-1
9,8,698.98,450.48,36.70,136.11,0.3397,-1,-1,-1
9,9,1255.96,436.91,35.86,108.05,0.2288,-1,-1,-1
9,10,1850.80,398.86,67.88,252.48,0.1567,-1,-1,-1
9,12,1083.51,455.98,47.60,137.16,0.2422,-1,-1,-1
9,13,805.40,466.88,28.19,82.08,0.2343,-1,-1,-1
9,19,653.70,445.68,74.67,195.40,0.2292,-1,-1,-1
9,20,1830.81,466.29,60.10,182.85,0.1890,-1,-1,-1
10,1,1418.75,415.78,119.11,376.71,0.7915,-1,-1,-1
10,2,585.38,442.88,91.77,268.01,0.7823,-1,-1,-1
10,3,457.23,443.80,113.99,274.38,0.7179,-1,-1,-1
10,4,1503.09,417.46,116.46,357.14,0.6691,-1,-1,-1
10,5,732.46,457.60,36.42,109.44,0.5202,-1,-1,-1
10,6,914.87,429.75,62.48,155.94,0.1748,-1,-1,-1
10,8,699.67,452.79,35.83,138.34,0.3117,-1,-1,-1
10,9,1257.49,441.70,39.21,106.03,0.2293,-1,-1,-1
10,12,1081.58,456.62,49.93,136.45,0.2774,-1,-1,-1
10,13,804.49,466.65,29.39,81.87,0.2185,-1,-1,-1
10,19,654.43,448.50,64.31,196.06,0.2142,-1,-1,-1
10,20,1830.89,467.05,59.69,181.47,0.2192,-1,-1,-1
10,23,1378.00,435.66,46.83,126.56,0.2666,-1,-1,-1
11,1,1426.95,412.65,121.23,385.84,0.7691,-1,-1,-1
11,2,586.07,442.85,91.14,266.33,0.7705,-1,-1,-1
11,3,453.96,442.36,115.86,276.41,0.6894,-1,-1,-1
11,4,1532.65,420.13,93.26,347.09,0.7954,-1,-1,-1
11,5,732.43,459.12,37.60,110.77,0.5668,-1,-1,-1
11,6,914.56,429.27,61.78,155.97,0.2053,-1,-1,-1
11,8,698.25,452.13,37.66,135.30,0.2505,-1,-1,-1
11,9,1255.80,441.77,37.73,103.32,0.3544,-1,-1,-1
11,12,1081.74,456.30,50.13,137.39,0.2999,-1,-1,-1
11,13,804.57,466.61,29.43,82.37,0.2417,-1,-1,-1
11,17,1302.76,417.05,42.06,131.74,0.1722,-1,-1,-1
11,19,655.10,445.34,73.81,197.10,0.2340,-1,-1,-1
11,20,1831.04,467.03,61.91,181.94,0.2329,-1,-1,-1
11,23,1380.60,437.71,45.03,124.92,0.2317,-1,-1,-1
11,24,833.12,466.82,43.37,83.34,0.1732,-1,-1,-1
12,1,1439.00,407.92,118.54,388.46,0.7273,-1,-1,-1
12,2,585.56,442.02,92.05,266.73,0.7667,-1,-1,-1
12,3,448.92,442.07,121.26,276.41,0.6674,-1,-1,-1
12,4,1539.06,419.85,93.99,353.11,0.7732,-1,-1,-1
12,5,731.19,456.02,38.38,113.74,0.6052,-1,-1,-1
12,6,915.40,429.47,59.96,155.82,0.2012,-1,-1,-1
12,8,698.48,453.15,37.21,134.12,0.2278,-1,-1,-1
12,9,1256.77,436.96,35.71,106.64,0.2456,-1,-1,-1
12,10,1848.11,389.14,71.27,264.77,0.1740,-1,-1,-1
12,12,1084.09,453.61,48.29,139.28,0.2250,-1,-1,-1
12,13,804.10,466.34,29.54,81.61,0.2394,-1,-1,-1
12,17,1302.29,418.39,43.96,130.77,0.1542,-1,-1,-1
12,19,660.12,448.88,65.49,196.20,0.2028,-1,-1,-1
12,20,1828.30,468.54,70.38,183.75,0.1698,-1,-1,-1
12,23,1380.89,439.85,44.74,122.34,0.2062,-1,-1,-1
12,24,832.72,466.67,43.79,83.56,0.1921,-1,-1,-1
13,1,1445.15,413.44,125.82,385.29,0.7015,-1,-1,-1
13,2,585.12,441.95,92.86,267.33,0.7539,-1,-1,-1
13,3,443.96,443.34,125.45,276.26,0.7038,-1,-1,-1
13,4,1538.21,421.73,109.95,358.69,0.7515,-1,-1,-1
13,5,730.39,456.37,38.79,118.35,0.5822,-1,-1,-1
13,6,915.96,429.51,59.36,156.10,0.2526,-1,-1,-1
13,9,1256.39,433.44,37.11,110.34,0.2404,-1,-1,-1
13,11,931.68,432.41,37.44,117.74,0.1549,-1,-1,-1
13,12,1079.93,453.90,52.10,139.39,0.2103,-1,-1,-1
13,13,804.02,466.79,29.19,81.03,0.2274,-1,-1,-1
13,17,1302.35,419.03,44.34,129.54,0.1611,-1,-1,-1
13,19,659.59,446.03,70.15,194.03,0.3073,-1,-1,-1
13,20,1831.89,464.89,82.12,186.05,0.2411,-1,-1,-1
13,23,1380.76,437.19,45.11,120.83,0.2971,-1,-1,-1
13,24,830.85,467.17,46.96,83.67,0.1585,-1,-1,-1
13,26,1709.70,443.35,76.69,142.80,0.2042,-1,-1,-1
14,1,1452.41,409.89,132.94,386.76,0.5769,-1,-1,-1
14,2,583.73,442.34,94.70,268.21,0.7504,-1,-1,-1
14,3,447.05,441.94,120.57,281.72,0.6394,-1,-1,-1
14,4,1534.81,416.10,144.30,373.63,0.6144,-1,-1,-1
14,5,729.94,456.63,39.63,118.86,0.5512,-1,-1,-1
14,6,915.42,429.77,60.14,155.43,0.1862,-1,-1,-1
14,9,1256.79,430.85,40.31,114.50,0.2781,-1,-1,-1
14,12,1082.83,454.83,48.89,138.44,0.2088,-1,-1,-1
14,13,803.96,466.73,29.57,81.90,0.2867,-1,-1,-1
14,17,1302.40,417.73,44.48,130.35,0.1755,-1,-1,-1
14,19,662.36,444.89,67.84,199.15,0.2980,-1,-1,-1
14,20,1830.71,464.15,69.48,186.56,0.2366,-1,-1,-1
14,23,1385.33,428.16,48.46,128.72,0.1786,-1,-1,-1
14,24,833.04,466.21,44.13,84.47,0.1787,-1,-1,-1
14,26,1716.28,445.69,70.20,141.49,0.1853,-1,-1,-1
15,1,1460.52,417.36,100.14,380.11,0.4908,-1,-1,-1
15,2,583.78,442.63,92.69,269.68,0.7700,-1,-1,-1
15,3,446.00,443.37,120.05,282.58,0.6578,-1,-1,-1
15,4,1535.52,424.80,177.67,373.81,0.5959,-1,-1,-1
15,5,730.53,452.08,39.74,125.17,0.6068,-1,-1,-1
15,6,916.02,427.21,59.31,158.72,0.3095,-1,-1,-1
15,9,1255.72,435.44,36.16,110.52,0.2233,-1,-1,-1
15,10,1849.43,386.04,70.17,267.38,0.1550,-1,-1,-1
15,13,803.91,466.62,29.44,82.59,0.2653,-1,-1,-1
15,19,669.98,444.95,68.48,170.19,0.2548,-1,-1,-1
15,20,1828.13,470.94,70.53,182.08,0.1765,-1,-1,-1
15,23,1383.50,420.94,53.62,135.72,0.3273,-1,-1,-1
15,24,832.25,465.51,44.27,84.88,0.1628,-1,-1,-1
15,26,1722.04,446.89,63.32,141.92,0.1672,-1,-1,-1
16,1,1461.39,424.44,106.54,375.63,0.4018,-1,-1,-1
16,2,583.49,444.26,92.82,266.47,0.7683,-1,-1,-1
16,3,445.62,442.64,116.00,283.76,0.6511,-1,-1,-1
16,4,1550.02,421.35,184.35,383.36,0.6740,-1,-1,-1
16,5,731.04,453.98,37.43,122.94,0.4916,-1,-1,-1
16,6,916.97,425.81,58.90,160.12,0.2325,-1,-1,-1
16,9,1255.44,432.65,37.20,111.91,0.3295,-1,-1,-1
16,12,1079.39,454.52,52.11,138.43,0.2025,-1,-1,-1
16,13,803.96,465.72,29.67,83.30,0.2217,-1,-1,-1
16,17,1305.48,418.43,38.51,128.95,0.1622,-1,-1,-1
16,19,662.46,450.10,66.85,192.87,0.2708,-1,-1,-1
16,20,1830.39,463.49,79.74,188.69,0.2087,-1,-1,-1
16,23,1382.75,423.02,55.73,134.79,0.3843,-1,-1,-1
16,26,1718.79,446.84,68.14,140.44,0.1686,-1,-1,-1
16,29,531.31,482.33,52.24,216.40,0.2705,-1,-1,-1
17,1,1454.40,420.87,140.87,381.74,0.3625,-1,-1,-1
17,2,583.43,446.15,92.99,267.13,0.7652,-1,-1,-1
17,3,446.44,442.73,115.27,284.66,0.6589,-1,-1,-1
17,4,1558.70,421.28,189.08,385.22,0.7724,-1,-1,-1
17,5,729.09,455.12,37.40,120.74,0.4490,-1,-1,-1
17,9,1255.10,434.85,35.55,109.62,0.3057,-1,-1,-1
17,13,804.47,466.77,28.94,84.01,0.1757,-1,-1,-1
17,17,1305.53,419.05,38.69,128.64,0.1751,-1,-1,-1
17,19,661.80,450.01,66.62,197.54,0.2283,-1,-1,-1
17,20,1829.67,467.30,75.05,185.33,0.2246,-1,-1,-1
17,23,1383.70,426.20,55.77,131.56,0.1887,-1,-1,-1
17,29,532.42,489.26,44.25,217.25,0.1821,-1,-1,-1
18,1,1455.96,420.65,211.00,391.15,0.6832,-1,-1,-1
18,2,583.80,444.73,92.95,268.78,0.7898,-1,-1,-1
18,3,448.89,443.08,113.16,284.35,0.7161,-1,-1,-1
18,4,1575.57,429.06,175.61,380.65,0.7103,-1,-1,-1
18,5,727.77,457.52,37.77,118.12,0.4405,-1,-1,-1
18,6,918.41,432.20,56.19,157.38,0.2056,-1,-1,-1
18,8,707.41,452.54,29.02,127.85,0.1509,-1,-1,-1
18,9,1255.04,436.74,35.00,107.31,0.3850,-1,-1,-1
18,11,932.62,431.14,35.58,87.98,0.1504,-1,-1,-1
18,12,1080.90,456.42,49.96,137.37,0.2012,-1,-1,-1
18,13,804.47,466.30,29.28,84.63,0.2086,-1,-1,-1
18,17,1305.08,418.73,38.07,128.90,0.1688,-1,-1,-1
18,19,661.90,449.56,68.16,195.06,0.1992,-1,-1,-1
18,20,1833.69,469.56,58.79,182.06,0.2299,-1,-1,-1
18,31,687.35,453.11,46.77,140.08,0.1698,-1,-1,-1
19,1,1457.29,412.17,164.54,391.19,0.4640,-1,-1,-1
19,2,584.49,445.09,94.72,269.58,0.7677,-1,-1,-1
19,3,450.97,445.40,112.32,284.20,0.7092,-1,-1,-1
19,4,1560.26,463.37,194.77,351.59,0.6827,-1,-1,-1
19,5,725.84,459.47,39.21,116.44,0.4066,-1,-1,-1
19,9,1254.54,435.82,35.23,108.07,0.4019,-1,-1,-1
19,11,932.93,430.37,33.90,87.11,0.1521,-1,-1,-1
19,12,1084.33,455.64,47.36,138.34,0.1916,-1,-1,-1
19,13,805.74,467.21,29.24,82.47,0.2233,-1,-1,-1
19,19,663.81,447.01,70.24,166.93,0.2322,-1,-1,-1
19,20,1832.77,471.01,60.64,180.88,0.2344,-1,-1,-1
19,32,1898.68,478.87,20.62,159.33,0.1595,-1,-1,-1
20,1,1459.44,410.42,164.91,395.01,0.3684,-1,-1,-1
20,2,584.60,445.95,99.80,266.75,0.7783,-1,-1,-1
20,3,451.66,450.34,114.97,277.65,0.7097,-1,-1,-1
20,4,1595.72,458.75,180.69,343.86,0.6328,-1,-1,-1
20,5,725.23,453.91,40.00,119.62,0.4105,-1,-1,-1
20,9,1254.51,436.47,35.25,107.01,0.3275,-1,-1,-1
20,11,933.04,430.22,33.94,87.17,0.1673,-1,-1,-1
20,12,1089.14,452.31,42.03,137.69,0.1585,-1,-1,-1
20,13,805.90,467.33,29.09,81.93,0.1959,-1,-1,-1
20,19,664.93,451.34,65.49,154.84,0.1913,-1,-1,-1
20,20,1832.20,471.72,60.03,180.51,0.2362,-1,-1,-1
20,32,1897.77,478.28,21.43,159.88,0.1601,-1,-1,-1
21,1,1459.52,413.30,252.39,406.98,0.7286,-1,-1,-1
21,2,584.88,443.79,102.76,269.67,0.7905,-1,-1,-1
21,3,452.61,447.64,112.39,278.77,0.6969,-1,-1,-1
21,4,1622.18,453.61,139.16,348.41,0.6553,-1,-1,-1
21,5,726.59,452.80,39.37,122.27,0.3840,-1,-1,-1
21,6,922.52,430.38,51.27,159.51,0.1736,-1,-1,-1
21,9,1252.21,439.45,35.89,101.99,0.3351,-1,-1,-1
21,11,932.73,429.03,33.33,89.16,0.1964,-1,-1,-1
21,12,1085.65,455.38,46.71,137.39,0.1522,-1,-1,-1
21,13,804.74,466.75,26.97,84.05,0.1769,-1,-1,-1
21,19,670.19,450.39,62.19,153.83,0.1961,-1,-1,-1
21,20,1832.45,469.14,60.73,182.62,0.2077,-1,-1,-1
21,33,1419.39,464.58,33.90,93.70,0.2032,-1,-1,-1
22,1,1460.34,411.83,228.64,406.22,0.5296,-1,-1,-1
22,2,584.79,443.83,103.74,269.04,0.7777,-1,-1,-1
22,3,454.71,446.63,112.84,280.65,0.5988,-1,-1,-1
22,4,1630.76,427.26,148.23,371.01,0.7015,-1,-1,-1
22,5,721.50,460.01,45.09,113.34,0.3667,-1,-1,-1
22,9,1254.56,438.05,40.96,107.87,0.3680,-1,-1,-1
22,11,932.90,428.51,32.48,89.82,0.1758,-1,-1,-1
22,12,1085.04,455.97,46.70,137.32,0.1873,-1,-1,-1
22,13,805.26,468.53,29.62,81.55,0.1808,-1,-1,-1
22,17,1304.84,418.85,37.19,128.41,0.1986,-1,-1,-1
22,20,1830.36,471.37,62.32,180.40,0.2469,-1,-1,-1
22,33,1418.85,466.42,43.89,92.47,0.1999,-1,-1,-1
23,1,1469.71,410.86,179.79,391.67,0.4805,-1,-1,-1
23,2,583.38,443.71,105.88,268.87,0.7759,-1,-1,-1
23,3,464.38,445.86,108.67,281.89,0.6875,-1,-1,-1
23,4,1632.92,422.55,121.41,378.41,0.6267,-1,-1,-1
23,5,719.24,465.35,49.16,105.39,0.3625,-1,-1,-1
23,9,1250.81,440.21,37.58,103.05,0.3386,-1,-1,-1
23,12,1089.89,451.87,41.65,135.82,0.1537,-1,-1,-1
23,17,1304.70,418.50,38.16,128.65,0.1535,-1,-1,-1
23,19,667.76,454.34,57.01,215.44,0.2405,-1,-1,-1
23,20,1827.70,468.53,81.82,182.42,0.1744,-1,-1,-1
23,33,1417.46,463.49,53.47,94.90,0.2565,-1,-1,-1
24,1,1478.37,406.94,219.69,413.26,0.7030,-1,-1,-1
24,2,584.56,443.80,104.91,268.25,0.7548,-1,-1,-1
24,3,468.90,444.92,109.32,286.30,0.6836,-1,-1,-1
24,4,1644.61,418.84,119.96,379.32,0.6253,-1,-1,-1
24,5,722.01,461.04,48.69,108.00,0.4308,-1,-1,-1
24,9,1254.26,437.92,41.43,107.62,0.2969,-1,-1,-1
24,12,1082.15,456.39,49.70,136.71,0.1748,-1,-1,-1
24,19,668.53,451.37,57.31,232.30,0.2357,-1,-1,-1
24,20,1825.45,467.93,75.30,184.08,0.1925,-1,-1,-1
24,33,1417.31,464.68,63.69,94.36,0.3020,-1,-1,-1
24,34,461.39,460.87,58.83,170.99,0.1550,-1,-1,-1
25,1,1486.77,406.45,213.27,412.50,0.6348,-1,-1,-1
25,2,585.44,443.67,104.46,268.72,0.7430,-1,-1,-1
25,3,466.63,444.52,112.21,289.38,0.6333,-1,-1,-1
25,4,1657.03,416.21,122.76,386.34,0.6677,-1,-1,-1
25,5,719.73,462.77,49.69,104.26,0.4016,-1,-1,-1
25,6,920.07,429.92,53.63,159.17,0.1665,-1,-1,-1
25,9,1249.96,441.63,35.08,101.34,0.3039,-1,-1,-1
25,11,933.41,429.44,33.80,90.20,0.1723,-1,-1,-1
25,12,1081.60,454.33,49.77,139.59,0.1756,-1,-1,-1
25,13,804.25,468.62,30.48,80.13,0.1537,-1,-1,-1
25,19,668.46,451.36,57.30,235.78,0.2871,-1,-1,-1
25,20,1831.81,468.04,62.18,184.66,0.1993,-1,-1,-1
25,33,1421.64,458.16,61.17,99.31,0.3057,-1,-1,-1
25,35,1458.21,460.30,33.22,95.01,0.2584,-1,-1,-1
26,1,1495.42,409.68,238.67,410.26,0.5970,-1,-1,-1
26,2,586.74,444.26,101.62,268.62,0.7238,-1,-1,-1
26,3,467.41,440.88,112.86,295.21,0.6586,-1,-1,-1
26,4,1661.27,421.37,113.15,379.84,0.6618,-1,-1,-1
26,5,720.10,463.37,50.14,104.29,0.4402,-1,-1,-1
26,9,1250.78,441.95,34.69,99.32,0.3015,-1,-1,-1
26,12,1079.79,453.13,52.72,141.15,0.2766,-1,-1,-1
26,19,668.58,449.44,58.05,231.77,0.3115,-1,-1,-1
26,20,1830.40,466.87,63.95,185.24,0.2767,-1,-1,-1
26,33,1420.22,446.23,60.18,110.18,0.2891,-1,-1,-1
26,35,1461.24,458.84,31.95,96.69,0.2790,-1,-1,-1
27,1,1514.09,411.44,214.45,411.07,0.5632,-1,-1,-1
27,2,588.57,443.36,99.23,270.37,0.7290,-1,-1,-1
27,3,468.84,444.00,112.46,289.04,0.6226,-1,-1,-1
27,4,1675.28,412.89,112.39,383.92,0.6655,-1,-1,-1
27,5,721.22,457.05,43.75,109.97,0.3559,-1,-1,-1
27,6,920.65,431.42,52.29,158.05,0.1978,-1,-1,-1
27,9,1250.93,442.06,34.15,98.36,0.2497,-1,-1,-1
27,12,1078.62,452.48,53.92,142.06,0.2170,-1,-1,-1
27,19,670.88,446.19,59.01,223.46,0.2988,-1,-1,-1
27,20,1827.24,464.93,70.50,187.00,0.2738,-1,-1,-1
27,33,1417.56,443.61,62.64,114.03,0.2697,-1,-1,-1
27,35,1462.90,456.91,29.95,98.05,0.2653,-1,-1,-1
28,1,1536.15,403.33,170.55,426.00,0.5830,-1,-1,-1
28,2,593.01,443.35,97.13,270.86,0.7387,-1,-1,-1
28,3,472.11,441.53,110.27,292.89,0.6030,-1,-1,-1
28,4,1682.36,410.47,116.28,384.67,0.6566,-1,-1,-1
28,5,720.71,461.30,49.32,107.84,0.3628,-1,-1,-1
28,6,921.03,430.80,51.36,158.51,0.2035,-1,-1,-1
28,9,1251.12,443.73,30.57,96.50,0.2577,-1,-1,-1
28,12,1077.75,450.64,56.46,143.54,0.2942,-1,-1,-1
28,13,803.55,466.56,28.40,81.88,0.1809,-1,-1,-1
28,19,672.18,449.89,55.31,222.69,0.2407,-1,-1,-1
28,33,1422.34,437.60,57.81,120.66,0.5527,-1,-1,-1
28,35,1468.85,455.58,28.43,96.89,0.1701,-1,-1,-1
29,1,1551.94,393.08,160.44,435.85,0.7036,-1,-1,-1
29,2,594.39,443.60,96.72,270.52,0.7305,-1,-1,-1
29,3,474.48,442.08,109.90,291.53,0.5853,-1,-1,-1
29,4,1681.03,423.35,135.81,379.00,0.7144,-1,-1,-1
29,5,721.27,460.76,50.11,111.41,0.3503,-1,-1,-1
29,6,919.27,432.27,53.57,157.27,0.2027,-1,-1,-1
29,9,1251.20,443.96,30.04,97.30,0.2252,-1,-1,-1
29,12,1079.69,451.74,54.15,142.99,0.3132,-1,-1,-1
29,13,803.73,466.41,28.35,81.91,0.1700,-1,-1,-1
29,19,671.77,450.31,57.29,224.48,0.1761,-1,-1,-1
29,20,1831.07,462.11,66.94,190.44,0.1856,-1,-1,-1
29,33,1427.79,435.70,53.70,122.48,0.5399,-1,-1,-1
29,37,1551.05,456.27,37.28,103.18,0.2163,-1,-1,-1
30,1,1581.49,390.24,145.44,437.95,0.7467,-1,-1,-1
30,2,595.46,443.49,97.12,271.35,0.7479,-1,-1,-1
30,3,476.59,442.32,109.35,291.74,0.6444,-1,-1,-1
30,4,1672.92,430.17,166.60,371.09,0.6397,-1,-1,-1
30,5,722.74,458.20,44.17,114.68,0.3648,-1,-1,-1
30,6,919.27,432.48,53.46,156.79,0.2107,-1,-1,-1
30,9,1251.37,442.66,30.57,99.07,0.1990,-1,-1,-1
30,10,1833.09,430.95,80.10,223.67,0.1910,-1,-1,-1
30,12,1083.94,448.26,52.76,146.18,0.3101,-1,-1,-1
30,13,803.76,465.72,29.43,82.06,0.1928,-1,-1,-1
30,33,1433.43,432.28,47.95,125.36,0.5942,-1,-1,-1
30,37,1551.28,466.29,40.03,92.74,0.2120,-1,-1,-1
31,1,1597.09,390.77,161.05,436.04,0.7353,-1,-1,-1
31,2,598.63,443.11,94.89,272.35,0.7511,-1,-1,-1
31,3,476.16,443.62,112.35,286.91,0.6511,-1,-1,-1
31,4,1699.82,416.05,198.35,391.47,0.6599,-1,-1,-1
31,5,721.76,457.44,43.81,118.86,0.4385,-1,-1,-1
31,6,913.90,431.02,60.21,156.20,0.2317,-1,-1,-1
31,9,1250.47,442.05,33.08,99.97,0.2236,-1,-1,-1
31,12,1080.00,451.28,53.73,144.04,0.3191,-1,-1,-1
31,13,804.63,467.03,30.48,81.34,0.1654,-1,-1,-1
31,33,1441.93,429.76,42.79,127.88,0.5751,-1,-1,-1
31,37,1552.02,455.66,34.20,102.52,0.1941,-1,-1,-1
31,38,1481.88,450.03,27.63,91.47,0.2855,-1,-1,-1
32,1,1605.39,396.29,167.89,441.37,0.7909,-1,-1,-1
32,2,600.11,443.06,94.82,272.90,0.7619,-1,-1,-1
32,3,478.46,444.90,110.40,288.32,0.6380,-1,-1,-1
32,4,1724.12,417.57,182.95,390.01,0.7325,-1,-1,-1
32,5,721.14,459.37,42.06,119.68,0.4237,-1,-1,-1
32,6,917.37,432.81,55.20,156.22,0.1958,-1,-1,-1
32,9,1250.77,441.27,32.17,100.58,0.1956,-1,-1,-1
32,12,1081.21,451.51,53.59,143.89,0.3539,-1,-1,-1
32,13,804.50,466.47,30.40,81.87,0.1579,-1,-1,-1
32,33,1446.80,431.05,40.36,126.50,0.5304,-1,-1,-1
32,37,1552.34,452.43,34.16,105.84,0.1646,-1,-1,-1
32,38,1484.65,446.07,32.22,93.49,0.2211,-1,-1,-1
33,1,1608.67,395.27,176.43,452.94,0.8077,-1,-1,-1
33,2,601.27,444.30,94.81,271.01,0.7666,-1,-1,-1
33,3,479.33,444.15,109.68,294.38,0.7036,-1,-1,-1
33,4,1735.17,413.40,182.13,398.81,0.6489,-1,-1,-1
33,5,719.65,458.76,42.55,118.90,0.3715,-1,-1,-1
33,6,914.09,430.58,60.21,156.22,0.2168,-1,-1,-1
33,9,1250.63,441.53,33.39,101.94,0.2672,-1,-1,-1
33,12,1079.20,451.71,54.29,144.27,0.3797,-1,-1,-1
33,13,803.03,465.93,29.82,83.84,0.1656,-1,-1,-1
33,20,1853.00,465.56,66.47,190.18,0.2082,-1,-1,-1
33,33,1450.22,431.61,40.13,126.12,0.5779,-1,-1,-1
33,37,1553.04,446.91,35.45,111.00,0.2115,-1,-1,-1
34,1,1611.47,394.86,188.10,445.44,0.8033,-1,-1,-1
34,2,605.28,443.22,90.79,271.82,0.7622,-1,-1,-1
34,3,478.94,443.99,110.64,300.70,0.7295,-1,-1,-1
34,4,1740.96,454.31,182.29,366.20,0.3172,-1,-1,-1
34,5,717.58,456.46,42.30,120.80,0.3647,-1,-1,-1
34,6,920.27,433.06,52.51,156.11,0.1755,-1,-1,-1
34,9,1249.90,439.82,33.95,103.54,0.2929,-1,-1,-1
34,12,1079.11,446.80,53.80,147.94,0.2635,-1,-1,-1
34,13,805.14,467.85,32.25,82.08,0.1781,-1,-1,-1
34,31,685.04,448.00,48.15,129.21,0.1584,-1,-1,-1
34,33,1454.29,430.96,40.47,126.65,0.6021,-1,-1,-1
34,38,1489.31,443.92,32.85,99.69,0.2079,-1,-1,-1
35,1,1618.91,393.26,200.56,455.52,0.8494,-1,-1,-1
35,2,605.55,444.11,91.45,270.83,0.7727,-1,-1,-1
35,3,477.66,443.78,111.75,300.45,0.7405,-1,-1,-1
35,4,1763.42,427.33,153.38,399.74,0.4109,-1,-1,-1
35,5,719.16,458.78,40.95,119.12,0.3464,-1,-1,-1
35,6,919.84,433.45,52.54,155.92,0.1949,-1,-1,-1
35,9,1250.20,438.77,32.68,104.32,0.2474,-1,-1,-1
35,12,1079.27,446.96,52.87,148.84,0.2970,-1,-1,-1
35,13,804.52,467.30,30.24,81.83,0.1656,-1,-1,-1
35,19,680.68,461.72,52.90,197.91,0.2293,-1,-1,-1
35,31,692.91,449.89,41.30,129.72,0.1677,-1,-1,-1
35,33,1455.43,432.23,39.71,124.57,0.5704,-1,-1,-1
35,38,1486.04,444.41,35.75,105.08,0.1991,-1,-1,-1
36,1,1626.60,396.08,219.93,470.02,0.8186,-1,-1,-1
36,2,607.08,444.32,90.10,270.36,0.7727,-1,-1,-1
36,3,476.30,444.01,113.41,302.29,0.7073,-1,-1,-1
36,4,1764.54,414.87,152.82,406.14,0.5498,-1,-1,-1
36,5,715.88,456.51,43.50,119.95,0.3124,-1,-1,-1
36,6,919.65,433.49,52.59,155.08,0.2106,-1,-1,-1
36,9,1250.33,437.76,33.19,105.95,0.2607,-1,-1,-1
36,12,1078.68,449.70,52.05,146.63,0.3278,-1,-1,-1
36,13,804.53,467.54,29.37,81.72,0.1511,-1,-1,-1
36,19,681.57,460.76,51.85,195.47,0.2237,-1,-1,-1
36,33,1456.29,433.24,42.49,124.80,0.5763,-1,-1,-1
37,1,1630.48,397.83,258.84,472.34,0.7919,-1,-1,-1
37,2,608.42,445.03,90.13,269.81,0.7701,-1,-1,-1
37,3,476.65,444.46,112.89,294.44,0.6661,-1,-1,-1
37,4,1773.84,419.72,144.09,400.55,0.6041,-1,-1,-1
37,5,716.96,453.88,42.70,123.31,0.3143,-1,-1,-1
37,6,919.65,433.74,52.52,155.10,0.2163,-1,-1,-1
37,9,1250.17,439.75,31.45,103.15,0.2023,-1,-1,-1
37,12,1081.76,450.47,49.12,145.65,0.1799,-1,-1,-1
37,13,803.96,466.66,29.83,82.14,0.1546,-1,-1,-1
37,33,1460.85,433.33,43.23,125.58,0.5473,-1,-1,-1
38,1,1629.12,403.02,254.80,472.28,0.8537,-1,-1,-1
38,2,608.43,443.93,90.82,271.43,0.7670,-1,-1,-1
38,3,477.07,444.60,114.71,288.68,0.6848,-1,-1,-1
38,4,1791.48,427.54,127.24,391.72,0.2756,-1,-1,-1
38,5,712.86,453.39,45.22,129.38,0.3084,-1,-1,-1
38,6,919.22,433.05,53.30,155.63,0.1764,-1,-1,-1
38,9,1256.61,431.68,38.90,112.39,0.3234,-1,-1,-1
38,12,1083.67,453.75,48.20,142.45,0.1873,-1,-1,-1
38,33,1462.19,431.92,44.37,126.34,0.6036,-1,-1,-1
39,1,1630.19,404.42,262.75,470.68,0.8708,-1,-1,-1
39,2,608.62,443.00,92.69,272.58,0.7798,-1,-1,-1
39,3,477.87,444.63,114.24,294.03,0.7065,-1,-1,-1
39,4,1812.11,430.09,105.43,375.97,0.5196,-1,-1,-1
39,5,716.66,452.06,43.14,126.57,0.2407,-1,-1,-1
39,9,1256.30,430.82,40.47,114.58,0.4197,-1,-1,-1
39,12,1081.77,452.54,50.53,142.56,0.2784,-1,-1,-1
39,13,804.58,466.37,31.18,82.74,0.2071,-1,-1,-1
39,31,700.05,448.09,43.43,132.22,0.1975,-1,-1,-1
39,33,1463.19,431.72,45.97,125.76,0.5842,-1,-1,-1
40,1,1630.49,404.44,271.50,472.74,0.8623,-1,-1,-1
40,2,609.64,443.82,91.85,272.29,0.7745,-1,-1,-1
40,3,476.52,446.07,117.14,295.58,0.6819,-1,-1,-1
40,4,1818.80,423.05,100.47,388.71,0.5961,-1,-1,-1
40,9,1256.06,431.76,38.93,114.05,0.4412,-1,-1,-1
40,12,1083.45,453.05,47.76,142.25,0.1897,-1,-1,-1
40,13,804.34,468.08,29.93,81.87,0.2148,-1,-1,-1
40,31,700.69,448.47,42.10,129.53,0.2609,-1,-1,-1
40,33,1465.17,433.11,47.76,123.66,0.5641,-1,-1,-1
41,1,1637.08,400.56,281.69,484.16,0.8655,-1,-1,-1
41,2,612.49,443.57,91.93,272.74,0.7916,-1,-1,-1
41,3,479.15,447.43,113.35,294.91,0.6836,-1,-1,-1
41,4,1831.69,397.06,87.51,419.34,0.6854,-1,-1,-1
41,9,1256.42,430.50,39.87,115.19,0.4799,-1,-1,-1
41,12,1082.39,455.22,48.18,140.97,0.1923,-1,-1,-1
41,13,804.04,467.25,29.87,81.94,0.2423,-1,-1,-1
41,17,1306.82,420.03,35.96,127.50,0.1591,-1,-1,-1
41,31,703.39,451.70,51.77,127.70,0.3103,-1,-1,-1
41,33,1464.55,434.33,52.21,121.13,0.5075,-1,-1,-1
42,1,1643.35,400.99,270.57,478.02,0.8417,-1,-1,-1
42,2,613.92,442.71,90.19,272.02,0.7989,-1,-1,-1
42,3,474.85,447.72,118.42,303.11,0.6607,-1,-1,-1
42,4,1841.81,391.16,77.59,427.23,0.6497,-1,-1,-1
42,6,917.41,433.42,55.00,155.82,0.1636,-1,-1,-1
42,9,1256.51,429.98,40.69,115.65,0.4901,-1,-1,-1
42,12,1082.17,455.05,50.46,140.92,0.3295,-1,-1,-1
42,13,803.86,467.09,29.53,81.89,0.2349,-1,-1,-1
42,17,1305.42,418.89,38.86,127.76,0.1843,-1,-1,-1
42,19,689.74,459.60,56.82,206.48,0.1513,-1,-1,-1
42,31,701.60,449.36,42.22,129.32,0.2360,-1,-1,-1
42,33,1467.33,434.69,50.75,120.98,0.5558,-1,-1,-1
43,1,1654.94,403.77,261.14,479.23,0.8501,-1,-1,-1
43,2,615.50,443.52,89.76,271.52,0.7886,-1,-1,-1
43,3,467.13,445.50,123.72,308.32,0.6241,-1,-1,-1
43,4,1851.71,393.80,67.78,426.21,0.5920,-1,-1,-1
43,6,919.85,434.11,52.53,155.89,0.2595,-1,-1,-1
43,9,1257.02,426.36,42.28,118.78,0.4712,-1,-1,-1
43,12,1083.52,450.52,48.87,146.68,0.2818,-1,-1,-1
43,13,804.26,466.69,28.81,81.87,0.2207,-1,-1,-1
43,17,1305.34,416.90,38.98,129.57,0.1886,-1,-1,-1
43,19,696.84,452.21,59.23,210.46,0.1592,-1,-1,-1
43,31,701.66,447.80,39.59,126.37,0.1798,-1,-1,-1
43,33,1469.35,433.14,51.72,122.16,0.5799,-1,-1,-1
44,1,1667.03,392.71,245.51,485.82,0.8458,-1,-1,-1
44,2,615.14,443.72,91.08,271.19,0.7992,-1,-1,-1
44,3,468.61,446.21,124.18,314.08,0.6486,-1,-1,-1
44,4,1863.46,416.47,56.35,399.28,0.4901,-1,-1,-1
44,6,920.42,433.97,51.69,156.22,0.2360,-1,-1,-1
44,9,1256.81,426.88,41.80,118.88,0.4573,-1,-1,-1
44,11,931.75,434.48,32.63,84.21,0.1716,-1,-1,-1
44,12,1082.72,450.22,49.69,148.05,0.3550,-1,-1,-1
44,13,803.83,467.42,29.03,81.22,0.2398,-1,-1,-1
44,17,1305.07,416.69,39.09,130.10,0.1546,-1,-1,-1
44,19,693.87,449.28,54.82,212.77,0.1616,-1,-1,-1
44,31,703.17,448.25,38.46,130.14,0.2387,-1,-1,-1
44,33,1472.98,435.44,49.18,120.57,0.5326,-1,-1,-1
45,1,1690.75,393.35,218.97,483.76,0.7946,-1,-1,-1
45,2,616.42,442.91,91.27,271.56,0.7777,-1,-1,-1
45,3,467.71,443.23,123.11,315.25,0.6357,-1,-1,-1
45,4,1869.44,424.15,50.01,391.55,0.3503,-1,-1,-1
45,6,920.01,433.17,52.60,156.30,0.2505,-1,-1,-1
45,9,1257.77,425.91,41.98,119.57,0.4573,-1,-1,-1
45,11,931.44,434.45,33.87,84.65,0.1894,-1,-1,-1
45,12,1081.22,449.20,51.16,148.92,0.3824,-1,-1,-1
45,13,803.67,468.83,30.64,80.33,0.2792,-1,-1,-1
45,17,1304.75,417.67,39.24,129.30,0.1551,-1,-1,-1
45,19,698.38,453.69,56.64,207.91,0.3503,-1,-1,-1
45,33,1479.15,433.56,41.43,121.61,0.4938,-1,-1,-1
46,1,1715.20,391.78,201.90,487.04,0.6319,-1,-1,-1
46,2,616.96,442.10,94.24,272.77,0.7591,-1,-1,-1
46,3,465.90,445.12,126.59,318.58,0.6338,-1,-1,-1
46,4,1877.25,398.42,42.08,434.17,0.3963,-1,-1,-1
46,5,725.93,448.30,42.12,120.59,0.2855,-1,-1,-1
46,6,919.70,433.62,52.68,156.11,0.2479,-1,-1,-1
46,9,1258.48,423.96,42.05,121.53,0.4613,-1,-1,-1
46,11,931.39,434.93,33.49,83.51,0.1736,-1,-1,-1
46,12,1081.38,448.74,50.63,148.19,0.3022,-1,-1,-1
46,13,804.61,468.59,28.20,80.10,0.2344,-1,-1,-1
46,17,1305.67,417.77,38.31,129.06,0.1721,-1,-1,-1
46,19,696.24,450.45,58.92,210.47,0.2501,-1,-1,-1
46,26,1707.44,446.03,64.32,188.63,0.1714,-1,-1,-1
46,31,708.37,447.56,32.90,114.32,0.1977,-1,-1,-1
46,33,1484.83,435.32,35.08,119.65,0.5208,-1,-1,-1
47,1,1774.65,385.33,140.81,495.17,0.7059,-1,-1,-1
47,2,616.59,441.51,93.07,272.90,0.7759,-1,-1,-1
47,3,464.19,444.29,127.95,320.22,0.6297,-1,-1,-1
47,5,727.50,448.83,40.46,116.49,0.2236,-1,-1,-1
47,6,918.71,432.98,53.48,156.55,0.2072,-1,-1,-1
47,9,1258.69,424.25,43.19,121.04,0.4921,-1,-1,-1
47,12,1080.04,450.14,51.94,146.47,0.2798,-1,-1,-1
47,13,804.44,468.09,27.52,80.26,0.2422,-1,-1,-1
47,17,1304.97,417.10,39.26,129.41,0.1798,-1,-1,-1
47,19,696.65,455.08,57.34,206.09,0.5477,-1,-1,-1
47,26,1673.26,430.26,104.00,171.91,0.1544,-1,-1,-1
47,33,1488.93,431.55,33.35,121.09,0.5143,-1,-1,-1
48,1,1776.10,386.12,142.24,489.84,0.7899,-1,-1,-1
48,2,618.45,441.16,93.77,272.49,0.7453,-1,-1,-1
48,3,470.12,443.61,120.97,318.34,0.6478,-1,-1,-1
48,5,732.77,451.41,38.08,116.83,0.2954,-1,-1,-1
48,6,918.90,435.44,54.36,154.44,0.2110,-1,-1,-1
48,9,1258.90,427.08,40.71,118.40,0.4474,-1,-1,-1
48,12,1079.65,454.19,52.74,142.40,0.2935,-1,-1,-1
48,13,804.84,468.53,29.58,80.57,0.2832,-1,-1,-1
48,17,1306.25,419.41,37.67,128.40,0.1766,-1,-1,-1
48,19,698.51,453.36,62.30,207.65,0.3822,-1,-1,-1
48,33,1496.05,438.30,30.89,115.88,0.2994,-1,-1,-1
48,45,581.13,436.12,48.84,150.68,0.2973,-1,-1,-1
49,1,1797.15,385.34,121.95,491.93,0.8007,-1,-1,-1
49,2,618.77,441.36,94.41,271.78,0.7551,-1,-1,-1
49,3,471.78,444.38,118.97,317.32,0.6377,-1,-1,-1
49,5,734.37,451.40,37.42,116.23,0.2387,-1,-1,-1
49,9,1258.95,434.37,40.72,113.26,0.4593,-1,-1,-1
49,12,1079.24,459.58,52.69,136.87,0.2697,-1,-1,-1
49,13,806.01,467.21,30.14,82.22,0.3126,-1,-1,-1
49,17,1306.09,420.39,37.13,127.59,0.1751,-1,-1,-1
49,19,698.57,454.95,63.77,207.23,0.4384,-1,-1,-1
49,45,580.06,436.97,52.76,148.83,0.3315,-1,-1,-1
50,1,1809.59,385.77,110.20,497.20,0.8414,-1,-1,-1
50,2,617.68,441.81,99.38,272.29,0.7557,-1,-1,-1
50,3,463.55,443.52,125.90,315.91,0.6202,-1,-1,-1
50,5,734.45,451.43,39.61,119.12,0.2557,-1,-1,-1
50,9,1259.41,438.06,39.14,109.44,0.4423,-1,-1,-1
50,12,1079.38,452.48,52.76,142.38,0.2753,-1,-1,-1
50,13,805.41,466.83,31.15,82.59,0.3112,-1,-1,-1
50,17,1306.33,422.43,37.17,125.47,0.1664,-1,-1,-1
50,19,703.26,451.44,63.74,210.50,0.3771,-1,-1,-1
50,45,580.25,436.38,48.88,149.16,0.3445,-1,-1,-1
50,46,1009.56,458.08,43.87,66.72,0.1752,-1,-1,-1
51,1,1816.52,383.86,102.48,498.65,0.8291,-1,-1,-1
51,2,618.47,441.47,100.09,272.38,0.7625,-1,-1,-1
51,3,451.18,443.23,138.53,314.41,0.6074,-1,-1,-1
51,5,735.24,457.35,39.00,114.43,0.2168,-1,-1,-1
51,9,1259.84,435.10,39.27,111.71,0.4812,-1,-1,-1
51,12,1078.20,453.15,54.71,142.15,0.2878,-1,-1,-1
51,13,806.01,467.25,29.81,82.97,0.2913,-1,-1,-1
51,19,701.98,457.27,66.60,206.00,0.3362,-1,-1,-1
51,33,1500.50,438.69,42.40,115.84,0.4200,-1,-1,-1
51,45,582.54,439.96,50.57,145.11,0.3439,-1,-1,-1
51,46,1011.07,454.35,43.36,70.32,0.2042,-1,-1,-1
52,1,1824.95,386.33,93.89,493.15,0.8109,-1,-1,-1
52,2,619.90,442.79,98.70,271.35,0.7491,-1,-1,-1
52,3,468.14,444.96,122.87,314.69,0.6583,-1,-1,-1
52,5,735.03,455.30,40.00,114.13,0.2570,-1,-1,-1
52,9,1259.65,432.30,38.19,113.26,0.4705,-1,-1,-1
52,12,1080.22,452.82,52.45,142.31,0.3608,-1,-1,-1
52,13,805.75,470.13,32.25,81.28,0.2853,-1,-1,-1
52,19,701.91,456.72,69.25,206.12,0.3014,-1,-1,-1
52,33,1501.02,437.10,46.18,118.21,0.4076,-1,-1,-1
52,45,588.64,444.82,46.03,139.84,0.3522,-1,-1,-1
52,46,1010.53,454.82,44.08,70.33,0.1642,-1,-1,-1
52,48,1521.66,435.91,37.33,113.30,0.3432,-1,-1,-1
53,1,1825.89,384.08,93.44,500.76,0.7787,-1,-1,-1
53,2,621.12,443.59,96.22,270.00,0.7479,-1,-1,-1
53,3,464.40,446.28,127.45,311.90,0.6521,-1,-1,-1
53,5,732.19,451.60,43.55,115.96,0.3247,-1,-1,-1
53,9,1259.64,430.37,40.67,115.42,0.5284,-1,-1,-1
53,12,1082.38,451.50,50.93,142.76,0.2596,-1,-1,-1
53,13,805.41,469.55,31.21,80.75,0.2667,-1,-1,-1
53,17,1305.62,421.24,37.26,126.60,0.2306,-1,-1,-1
53,19,693.85,454.56,70.11,207.06,0.4763,-1,-1,-1
53,33,1500.27,433.65,52.37,121.03,0.3675,-1,-1,-1
53,45,590.87,449.08,44.48,135.61,0.3016,-1,-1,-1
53,46,1012.50,454.32,43.10,72.90,0.2043,-1,-1,-1
53,48,1524.28,434.35,36.97,118.36,0.3648,-1,-1,-1
54,1,1820.91,391.19,98.98,496.01,0.7337,-1,-1,-1
54,2,623.52,442.58,95.86,272.47,0.7377,-1,-1,-1
54,3,468.32,445.95,123.82,314.11,0.6934,-1,-1,-1
54,5,730.55,451.74,45.46,116.74,0.2654,-1,-1,-1
54,9,1259.47,430.27,40.23,115.19,0.5063,-1,-1,-1
54,12,1082.08,454.36,50.21,140.21,0.2676,-1,-1,-1
54,13,806.04,469.21,31.50,81.04,0.2472,-1,-1,-1
54,17,1305.89,422.33,36.49,125.64,0.2134,-1,-1,-1
54,19,693.66,452.83,79.95,208.71,0.3682,-1,-1,-1
54,33,1499.62,442.45,53.26,113.63,0.2749,-1,-1,-1
54,45,588.99,448.03,45.99,136.08,0.2939,-1,-1,-1
54,48,1527.28,442.73,35.44,111.43,0.4731,-1,-1,-1
55,1,1822.17,421.38,97.95,466.62,0.7186,-1,-1,-1
55,2,623.46,441.94,92.08,273.14,0.7448,-1,-1,-1
55,3,470.66,444.96,120.47,315.29,0.7045,-1,-1,-1
55,5,733.95,452.93,43.68,114.47,0.2015,-1,-1,-1
55,6,921.18,431.98,51.60,156.66,0.1589,-1,-1,-1
55,9,1259.75,429.53,40.24,116.35,0.5005,-1,-1,-1
55,12,1082.12,454.34,49.90,139.91,0.2879,-1,-1,-1
55,13,806.61,469.95,30.44,80.54,0.2478,-1,-1,-1
55,17,1305.82,421.86,36.94,126.25,0.2011,-1,-1,-1
55,19,692.98,455.67,75.42,206.91,0.3818,-1,-1,-1
55,33,1499.50,437.74,52.05,115.55,0.3274,-1,-1,-1
55,45,586.13,448.80,48.49,135.14,0.3505,-1,-1,-1
55,48,1530.01,437.01,36.90,115.29,0.4749,-1,-1,-1
56,1,1825.02,435.77,94.49,451.72,0.5919,-1,-1,-1
56,2,623.51,441.46,92.47,273.61,0.7329,-1,-1,-1
56,3,472.58,445.43,118.72,313.99,0.7116,-1,-1,-1
56,5,735.49,452.36,39.71,113.34,0.1703,-1,-1,-1
56,6,920.41,432.46,52.69,156.69,0.1848,-1,-1,-1
56,9,1260.08,426.33,40.45,118.94,0.5103,-1,-1,-1
56,12,1082.36,455.52,50.24,139.29,0.3269,-1,-1,-1
56,13,806.90,470.43,31.32,80.72,0.2603,-1,-1,-1
56,17,1305.42,420.75,37.33,126.59,0.1893,-1,-1,-1
56,19,695.55,455.88,67.24,206.22,0.4708,-1,-1,-1
56,33,1498.87,440.69,45.06,112.47,0.2924,-1,-1,-1
56,45,584.93,446.03,49.77,137.26,0.3661,-1,-1,-1
56,46,1008.34,454.55,39.20,70.34,0.1544,-1,-1,-1
56,48,1531.49,441.83,34.85,111.04,0.4985,-1,-1,-1
57,1,1828.92,403.39,89.95,481.77,0.3788,-1,-1,-1
57,2,623.53,442.68,90.63,272.78,0.7314,-1,-1,-1
57,3,470.39,447.21,121.61,312.45,0.6682,-1,-1,-1
57,6,919.61,432.38,53.85,156.66,0.1723,-1,-1,-1
57,9,1260.16,432.10,40.02,113.47,0.5175,-1,-1,-1
57,12,1083.42,456.09,48.86,138.44,0.2474,-1,-1,-1
57,13,806.01,470.81,31.55,80.58,0.2536,-1,-1,-1
57,17,1304.85,422.17,38.56,125.40,0.2886,-1,-1,-1
57,19,694.99,455.63,68.76,209.53,0.5811,-1,-1,-1
57,33,1500.38,439.87,44.06,111.46,0.1554,-1,-1,-1
57,45,583.28,441.71,47.97,142.85,0.4223,-1,-1,-1
57,46,1009.39,461.40,36.46,64.67,0.1545,-1,-1,-1
57,48,1533.48,437.36,35.28,114.41,0.4886,-1,-1,-1
58,1,1829.44,433.37,90.45,454.27,0.3319,-1,-1,-1
58,2,625.76,443.86,93.47,271.30,0.7337,-1,-1,-1
58,3,473.96,445.31,118.64,312.22,0.6648,-1,-1,-1
58,9,1260.52,432.99,40.70,112.49,0.5224,-1,-1,-1
58,12,1084.47,461.46,47.69,133.25,0.2559,-1,-1,-1
58,13,805.04,468.31,31.47,82.04,0.2630,-1,-1,-1
58,17,1304.72,420.46,37.94,127.01,0.2448,-1,-1,-1
58,19,695.03,468.25,69.06,201.70,0.2244,-1,-1,-1
58,45,582.48,446.88,48.19,138.70,0.3945,-1,-1,-1
58,48,1533.67,435.40,33.74,116.67,0.4184,-1,-1,-1
58,49,836.14,470.40,36.98,77.28,0.1702,-1,-1,-1
59,1,1830.38,515.44,91.47,375.74,0.2094,-1,-1,-1
59,2,626.22,442.88,92.76,272.00,0.7172,-1,-1,-1
59,3,474.93,443.17,119.66,316.87,0.7116,-1,-1,-1
59,9,1260.02,432.75,43.03,112.43,0.5377,-1,-1,-1
59,12,1084.63,468.22,46.94,126.45,0.2037,-1,-1,-1
59,13,805.81,469.34,33.54,80.50,0.2406,-1,-1,-1
59,17,1304.11,419.58,41.36,126.92,0.2057,-1,-1,-1
59,19,697.41,460.46,68.92,210.46,0.4736,-1,-1,-1
59,26,1673.10,434.40,93.89,160.58,0.1566,-1,-1,-1
59,45,584.05,449.11,49.62,134.89,0.3648,-1,-1,-1
59,48,1536.98,434.18,32.62,118.98,0.3591,-1,-1,-1
60,1,1841.26,426.06,77.76,451.74,0.1651,-1,-1,-1
60,2,625.31,443.26,93.10,274.95,0.7132,-1,-1,-1
60,3,472.82,441.38,127.95,319.37,0.7233,-1,-1,-1
60,9,1259.95,435.19,42.43,110.95,0.5482,-1,-1,-1
60,12,1084.83,464.15,46.44,129.26,0.2499,-1,-1,-1
60,13,806.32,466.81,32.75,81.51,0.2177,-1,-1,-1
60,17,1304.87,421.19,38.02,126.58,0.2063,-1,-1,-1
60,19,698.32,455.61,68.18,215.95,0.5750,-1,-1,-1
60,45,584.26,450.65,50.10,133.29,0.3243,-1,-1,-1
60,48,1537.41,428.40,33.19,122.88,0.2521,-1,-1,-1
61,2,624.40,443.87,93.84,277.44,0.7075,-1,-1,-1
61,3,473.71,443.61,134.88,316.03,0.6856,-1,-1,-1
61,9,1259.90,428.21,42.17,117.15,0.5334,-1,-1,-1
61,12,1084.49,453.99,47.59,139.38,0.3025,-1,-1,-1
61,13,807.37,467.60,31.29,82.70,0.2029,-1,-1,-1
61,17,1304.48,420.43,38.11,127.02,0.2518,-1,-1,-1
61,19,699.81,455.67,67.59,216.83,0.5448,-1,-1,-1
61,33,1524.54,434.01,41.17,118.24,0.2074,-1,-1,-1
61,45,584.91,455.37,45.61,129.90,0.2861,-1,-1,-1
61,48,1545.39,431.16,34.20,117.78,0.2597,-1,-1,-1
62,2,623.78,444.77,90.74,275.38,0.7224,-1,-1,-1
62,3,480.53,442.92,135.89,318.57,0.7249,-1,-1,-1
62,6,920.71,430.55,52.45,159.70,0.2388,-1,-1,-1
62,9,1259.62,430.33,40.85,115.16,0.5512,-1,-1,-1
62,12,1088.59,441.31,44.06,151.89,0.1812,-1,-1,-1
62,13,807.67,468.10,30.25,82.90,0.2412,-1,-1,-1
62,17,1304.64,420.87,37.24,126.58,0.2658,-1,-1,-1
62,19,699.17,453.89,67.11,218.78,0.6201,-1,-1,-1
62,20,1830.62,470.97,57.99,177.50,0.2556,-1,-1,-1
62,26,1668.31,431.54,63.97,156.72,0.1509,-1,-1,-1
62,33,1531.06,441.57,31.39,110.65,0.1875,-1,-1,-1
62,45,588.40,457.50,44.69,127.56,0.2783,-1,-1,-1
62,48,1547.99,439.07,33.33,111.12,0.2707,-1,-1,-1
63,2,620.23,443.74,93.70,280.20,0.7393,-1,-1,-1
63,3,479.52,440.35,139.24,320.10,0.7251,-1,-1,-1
63,6,920.72,433.50,51.75,157.02,0.2769,-1,-1,-1
63,9,1259.80,431.37,40.40,113.44,0.5324,-1,-1,-1
63,11,931.48,434.66,34.82,85.16,0.1567,-1,-1,-1
63,12,1087.91,438.44,45.04,156.65,0.2182,-1,-1,-1
63,13,806.07,468.33,28.76,82.24,0.2557,-1,-1,-1
63,17,1304.62,420.37,37.66,126.74,0.2752,-1,-1,-1
63,19,696.78,458.41,70.12,213.80,0.6620,-1,-1,-1
63,20,1831.84,469.18,59.48,176.03,0.1560,-1,-1,-1
63,33,1535.48,441.52,29.15,109.95,0.1670,-1,-1,-1
63,45,583.92,455.95,46.50,128.81,0.2196,-1,-1,-1
64,2,618.98,444.21,93.41,278.48,0.7432,-1,-1,-1
64,3,484.68,442.29,138.80,318.31,0.7205,-1,-1,-1
64,6,922.35,433.75,50.76,155.60,0.2891,-1,-1,-1
64,9,1259.34,434.00,40.19,110.29,0.5248,-1,-1,-1
64,11,931.55,434.13,33.08,86.94,0.2081,-1,-1,-1
64,12,1087.62,438.98,44.30,155.74,0.2171,-1,-1,-1
64,13,806.55,469.91,26.89,79.50,0.1968,-1,-1,-1
64,17,1304.12,419.17,38.62,127.73,0.2758,-1,-1,-1
64,19,697.12,451.97,69.39,221.31,0.6377,-1,-1,-1
64,20,1831.06,470.65,59.90,177.57,0.1649,-1,-1,-1
64,45,582.90,450.44,47.66,134.50,0.1953,-1,-1,-1
65,2,619.25,447.46,92.34,276.13,0.7429,-1,-1,-1
65,3,496.19,445.79,131.64,315.81,0.7891,-1,-1,-1
65,6,922.27,432.88,50.63,155.15,0.3198,-1,-1,-1
65,9,1259.01,439.01,40.44,105.96,0.5287,-1,-1,-1
65,11,930.95,432.62,36.02,89.43,0.2170,-1,-1,-1
65,12,1086.25,435.88,47.64,158.35,0.3378,-1,-1,-1
65,13,805.55,469.03,27.74,80.34,0.2204,-1,-1,-1
65,17,1304.54,421.86,37.79,125.61,0.2412,-1,-1,-1
65,19,696.08,449.76,68.85,226.39,0.6806,-1,-1,-1
65,20,1830.92,469.89,61.86,179.26,0.2230,-1,-1,-1
65,58,1007.74,444.45,33.93,83.15,0.1810,-1,-1,-1
66,2,620.53,448.13,90.76,275.62,0.7595,-1,-1,-1
66,3,495.51,447.57,139.69,316.92,0.7284,-1,-1,-1
66,6,921.42,432.66,51.83,156.13,0.3083,-1,-1,-1
66,9,1258.92,439.36,40.44,105.41,0.5299,-1,-1,-1
66,11,930.48,432.32,36.89,92.81,0.2178,-1,-1,-1
66,12,1088.17,434.61,46.57,137.01,0.2598,-1,-1,-1
66,13,804.62,468.48,28.56,80.98,0.2191,-1,-1,-1
66,17,1304.90,421.95,37.76,125.45,0.2687,-1,-1,-1
66,19,698.12,453.26,68.99,222.84,0.6783,-1,-1,-1
66,20,1832.67,467.49,64.31,180.66,0.1754,-1,-1,-1
66,33,1539.25,432.04,32.24,119.26,0.2113,-1,-1,-1
66,58,1006.39,440.83,34.91,85.23,0.2268,-1,-1,-1
66,59,1034.54,450.15,29.61,78.59,0.1539,-1,-1,-1
67,2,619.03,447.09,92.79,275.08,0.7469,-1,-1,-1
67,3,486.54,447.55,149.97,322.03,0.6449,-1,-1,-1
67,6,923.21,434.09,49.70,154.57,0.2756,-1,-1,-1
67,9,1260.20,441.40,38.53,102.97,0.5143,-1,-1,-1
67,11,931.17,433.59,35.22,90.39,0.2009,-1,-1,-1
67,12,1093.16,436.81,40.63,126.27,0.2016,-1,-1,-1
67,13,804.85,469.15,28.67,80.88,0.2301,-1,-1,-1
67,17,1304.44,421.61,37.86,125.51,0.2415,-1,-1,-1
67,19,698.26,453.87,71.29,223.39,0.6747,-1,-1,-1
67,20,1832.03,467.25,59.85,180.01,0.1603,-1,-1,-1
67,33,1543.21,423.07,40.05,127.33,0.4049,-1,-1,-1
67,58,1007.18,440.19,34.05,86.99,0.2268,-1,-1,-1
67,59,1034.29,451.01,29.59,77.58,0.1647,-1,-1,-1
68,2,615.76,446.17,96.66,275.40,0.7347,-1,-1,-1
68,3,486.76,448.89,152.18,317.55,0.6441,-1,-1,-1
68,6,923.34,433.15,50.50,155.70,0.2583,-1,-1,-1
68,9,1260.07,436.02,39.12,108.08,0.4908,-1,-1,-1
68,11,931.96,433.07,36.25,88.14,0.1781,-1,-1,-1
68,12,1087.16,439.24,46.04,152.34,0.3227,-1,-1,-1
68,13,805.21,470.02,29.96,80.19,0.1632,-1,-1,-1
68,17,1304.37,419.88,38.67,127.20,0.2902,-1,-1,-1
68,19,699.77,455.61,71.27,219.99,0.6769,-1,-1,-1
68,20,1829.20,469.67,57.45,178.35,0.2213,-1,-1,-1
68,33,1543.58,429.72,40.11,122.66,0.3741,-1,-1,-1
68,58,1006.47,444.79,33.56,82.71,0.2981,-1,-1,-1
69,2,614.07,446.86,97.79,275.14,0.7571,-1,-1,-1
69,3,488.49,446.11,153.65,320.94,0.6178,-1,-1,-1
69,6,922.75,433.03,51.17,155.74,0.2354,-1,-1,-1
69,9,1259.85,436.73,39.20,107.68,0.5127,-1,-1,-1
69,11,931.96,433.56,35.77,86.89,0.1626,-1,-1,-1
69,12,1087.42,438.16,46.46,156.60,0.2474,-1,-1,-1
69,13,806.69,471.36,28.89,78.49,0.1994,-1,-1,-1
69,17,1304.28,419.32,38.29,128.12,0.2913,-1,-1,-1
69,19,697.54,456.61,72.67,220.54,0.6660,-1,-1,-1
69,20,1829.09,471.71,53.97,176.70,0.2545,-1,-1,-1
69,33,1541.82,420.88,43.71,130.44,0.4737,-1,-1,-1
70,2,610.89,445.75,100.75,275.12,0.7602,-1,-1,-1
70,3,492.54,442.98,147.82,322.65,0.7277,-1,-1,-1
70,6,921.55,432.96,52.57,156.22,0.2302,-1,-1,-1
70,9,1259.63,437.87,39.24,106.71,0.5124,-1,-1,-1
70,11,931.62,433.47,36.18,86.50,0.1543,-1,-1,-1
70,12,1086.15,437.37,47.93,157.59,0.2492,-1,-1,-1
70,13,807.04,472.01,29.29,78.03,0.1785,-1,-1,-1
70,17,1304.61,419.18,38.02,128.25,0.2561,-1,-1,-1
70,19,698.25,457.85,71.66,219.92,0.6304,-1,-1,-1
70,20,1829.56,471.63,53.13,176.54,0.2481,-1,-1,-1
70,33,1542.34,420.01,46.50,132.71,0.5866,-1,-1,-1
70,58,1006.96,443.74,34.86,82.42,0.1786,-1,-1,-1
71,2,611.02,445.52,99.90,276.46,0.7686,-1,-1,-1
71,3,497.64,442.94,144.84,324.04,0.7339,-1,-1,-1
71,5,757.47,456.14,45.49,109.80,0.2440,-1,-1,-1
71,6,921.09,432.14,53.69,157.09,0.2230,-1,-1,-1
71,9,1259.63,437.11,39.24,107.34,0.5172,-1,-1,-1
71,11,931.14,432.20,36.37,87.55,0.1583,-1,-1,-1
71,12,1075.49,445.53,53.66,151.15,0.2017,-1,-1,-1
71,13,806.74,470.76,28.86,78.40,0.1624,-1,-1,-1
71,17,1304.23,419.38,37.48,127.89,0.2501,-1,-1,-1
71,19,698.65,458.99,68.06,219.62,0.5866,-1,-1,-1
71,20,1830.04,470.69,54.93,176.92,0.2252,-1,-1,-1
71,33,1542.08,420.56,47.51,132.49,0.5760,-1,-1,-1
72,2,612.62,444.30,97.18,277.61,0.7655,-1,-1,-1
72,3,498.64,444.06,144.18,323.10,0.7412,-1,-1,-1
72,5,760.61,460.47,43.89,107.28,0.1710,-1,-1,-1
72,6,921.24,428.83,53.64,157.65,0.2640,-1,-1,-1
72,9,1259.89,430.00,39.99,113.95,0.5145,-1,-1,-1
72,11,930.72,432.63,37.30,91.76,0.1695,-1,-1,-1
72,12,1089.01,438.07,44.66,155.37,0.2423,-1,-1,-1
72,13,808.48,471.01,28.81,78.12,0.1627,-1,-1,-1
72,17,1304.38,419.01,37.48,128.05,0.2611,-1,-1,-1
72,19,699.14,458.42,70.46,221.19,0.5837,-1,-1,-1
72,20,1829.32,469.72,56.28,178.21,0.2239,-1,-1,-1
72,33,1542.55,420.68,45.99,131.99,0.5699,-1,-1,-1
73,2,615.84,443.48,95.07,278.34,0.7676,-1,-1,-1
73,3,503.09,444.82,139.77,323.24,0.7758,-1,-1,-1
73,5,761.00,465.26,45.48,102.58,0.1621,-1,-1,-1
73,6,919.55,429.57,54.38,157.69,0.3381,-1,-1,-1
73,9,1259.83,430.87,40.43,113.36,0.5074,-1,-1,-1
73,11,930.16,431.89,37.88,89.70,0.1948,-1,-1,-1
73,12,1079.82,440.95,51.66,153.72,0.2789,-1,-1,-1
73,17,1304.34,418.73,37.35,128.10,0.2397,-1,-1,-1
73,19,700.60,458.25,71.09,220.22,0.5996,-1,-1,-1
73,20,1829.25,469.00,58.44,179.06,0.2339,-1,-1,-1
73,33,1545.84,419.20,43.54,132.83,0.5323,-1,-1,-1
74,2,619.50,442.45,91.05,280.94,0.7757,-1,-1,-1
74,3,507.17,444.16,138.60,327.24,0.7379,-1,-1,-1
74,5,763.51,458.49,43.39,104.32,0.1761,-1,-1,-1
74,6,920.95,432.29,53.55,156.89,0.2221,-1,-1,-1
74,9,1260.44,428.37,40.49,116.20,0.5172,-1,-1,-1
74,11,931.21,431.95,35.13,88.70,0.1897,-1,-1,-1
74,12,1076.91,441.62,53.40,153.45,0.3236,-1,-1,-1
74,17,1304.63,419.16,36.90,127.64,0.2190,-1,-1,-1
74,19,702.20,454.60,76.52,222.50,0.5739,-1,-1,-1
74,26,1666.06,430.86,52.58,159.53,0.1538,-1,-1,-1
74,33,1545.79,418.62,41.21,130.66,0.2979,-1,-1,-1
75,2,620.62,440.22,87.85,283.33,0.7706,-1,-1,-1
75,3,506.69,441.93,138.41,326.08,0.7339,-1,-1,-1
75,5,760.18,457.29,48.51,107.79,0.1790,-1,-1,-1
75,6,920.78,432.65,53.49,156.59,0.2284,-1,-1,-1
75,9,1259.46,428.28,41.12,117.02,0.5276,-1,-1,-1
75,11,931.04,432.81,35.85,88.75,0.1590,-1,-1,-1
75,12,1079.08,439.30,53.27,156.99,0.3294,-1,-1,-1
75,17,1304.40,417.26,37.91,129.49,0.2565,-1,-1,-1
75,19,702.50,454.48,76.23,221.51,0.6329,-1,-1,-1
75,63,1043.85,446.07,50.62,113.31,0.1551,-1,-1,-1
76,2,622.53,441.69,86.46,281.65,0.7708,-1,-1,-1
76,3,513.93,446.65,129.02,319.44,0.7659,-1,-1,-1
76,5,758.11,455.99,53.34,109.21,0.1772,-1,-1,-1
76,6,920.01,428.00,54.56,158.80,0.2190,-1,-1,-1
76,9,1259.75,427.82,41.40,116.98,0.5213,-1,-1,-1
76,11,931.12,430.71,35.23,91.56,0.1615,-1,-1,-1
76,12,1076.02,440.60,54.17,154.55,0.3032,-1,-1,-1
76,17,1304.26,416.79,38.03,129.98,0.2517,-1,-1,-1
76,19,702.27,450.85,80.61,225.45,0.6644,-1,-1,-1
76,20,1831.97,466.18,61.79,182.87,0.1558,-1,-1,-1
76,58,1002.17,441.91,36.76,81.28,0.1595,-1,-1,-1
76,63,1044.15,447.65,49.13,113.68,0.1607,-1,-1,-1
77,2,622.65,441.15,84.71,284.36,0.7672,-1,-1,-1
77,3,518.63,447.09,124.97,319.49,0.7638,-1,-1,-1
77,5,763.93,458.41,46.67,103.41,0.1522,-1,-1,-1
77,6,921.46,431.14,53.14,157.76,0.2240,-1,-1,-1
77,9,1259.85,427.81,41.26,116.95,0.5267,-1,-1,-1
77,11,931.02,430.75,35.18,92.97,0.1704,-1,-1,-1
77,12,1075.87,441.04,54.50,154.03,0.2716,-1,-1,-1
77,17,1304.25,416.84,38.01,130.03,0.2621,-1,-1,-1
77,19,701.20,446.81,84.20,229.47,0.6311,-1,-1,-1
77,20,1829.93,466.05,62.39,183.18,0.1763,-1,-1,-1
77,58,1002.00,442.81,38.82,81.18,0.1915,-1,-1,-1
77,63,1045.84,447.16,48.57,90.97,0.1515,-1,-1,-1
78,2,628.24,441.62,80.33,280.72,0.7763,-1,-1,-1
78,3,515.78,445.22,127.26,322.09,0.7205,-1,-1,-1
78,6,915.70,430.67,60.02,156.18,0.2032,-1,-1,-1
78,9,1260.62,443.00,40.41,102.53,0.4773,-1,-1,-1
78,12,1075.24,451.29,55.69,144.98,0.2534,-1,-1,-1
78,17,1303.84,418.62,38.17,128.16,0.1922,-1,-1,-1
78,19,702.46,453.06,87.45,224.53,0.6610,-1,-1,-1
78,20,1830.08,469.39,58.24,178.84,0.1756,-1,-1,-1
78,26,1693.62,439.19,84.00,150.59,0.1774,-1,-1,-1
78,58,1001.98,444.29,37.87,83.06,0.2718,-1,-1,-1
79,2,629.86,440.38,78.28,282.30,0.7683,-1,-1,-1
79,3,514.43,446.21,128.15,322.79,0.5523,-1,-1,-1
79,6,915.69,430.81,59.47,155.83,0.2687,-1,-1,-1
79,9,1261.01,439.09,40.43,104.98,0.4630,-1,-1,-1
79,12,1075.72,460.27,53.70,136.87,0.2225,-1,-1,-1
79,17,1304.13,417.96,38.00,128.70,0.2097,-1,-1,-1
79,19,704.33,457.74,93.03,219.33,0.6625,-1,-1,-1
79,20,1829.21,469.65,58.10,177.58,0.2174,-1,-1,-1
79,58,1003.10,444.66,36.57,82.38,0.2061,-1,-1,-1
79,64,483.69,449.27,49.87,129.89,0.2068,-1,-1,-1
79,65,835.36,468.02,45.65,80.33,0.1756,-1,-1,-1
80,2,630.19,439.44,80.05,284.24,0.7412,-1,-1,-1
80,3,508.74,445.75,136.65,325.37,0.5070,-1,-1,-1
80,6,916.20,429.66,59.38,156.93,0.2105,-1,-1,-1
80,9,1260.96,436.55,40.95,107.62,0.4883,-1,-1,-1
80,12,1071.34,463.89,56.67,132.87,0.1594,-1,-1,-1
80,17,1304.51,418.91,37.15,128.03,0.2371,-1,-1,-1
80,19,707.32,458.48,96.63,219.23,0.7267,-1,-1,-1
80,20,1830.73,470.45,55.08,176.05,0.2094,-1,-1,-1
80,58,1003.53,445.18,35.82,82.09,0.2378,-1,-1,-1
80,64,484.36,449.87,53.37,131.82,0.2347,-1,-1,-1
81,2,631.63,436.40,81.55,289.19,0.7146,-1,-1,-1
81,3,506.46,445.59,140.07,328.51,0.4905,-1,-1,-1
81,6,915.58,430.70,60.66,156.18,0.2424,-1,-1,-1
81,9,1260.99,434.52,41.10,109.62,0.4970,-1,-1,-1
81,12,1070.20,458.20,57.79,137.15,0.1742,-1,-1,-1
81,17,1304.41,418.19,36.90,128.11,0.1897,-1,-1,-1
81,19,708.14,458.55,99.36,220.24,0.7116,-1,-1,-1
81,20,1831.04,470.33,57.02,177.31,0.1981,-1,-1,-1
81,26,1691.96,440.20,84.15,148.82,0.1788,-1,-1,-1
81,58,1001.83,447.44,39.16,77.54,0.1747,-1,-1,-1
81,64,486.30,448.50,51.74,132.59,0.3717,-1,-1,-1
82,2,632.31,439.46,79.87,288.26,0.6814,-1,-1,-1
82,3,556.03,447.61,88.77,332.01,0.5208,-1,-1,-1
82,6,914.95,427.64,59.77,158.69,0.2759,-1,-1,-1
82,9,1260.91,439.64,40.74,105.52,0.5000,-1,-1,-1
82,12,1077.84,455.62,51.76,140.06,0.2732,-1,-1,-1
82,17,1304.02,418.14,37.80,128.78,0.2322,-1,-1,-1
82,19,708.21,458.62,105.07,220.63,0.7306,-1,-1,-1
82,20,1832.70,470.70,52.71,176.92,0.2091,-1,-1,-1
82,58,1004.02,443.57,37.14,82.23,0.2961,-1,-1,-1
82,64,488.26,447.61,51.74,132.17,0.3795,-1,-1,-1
83,2,633.34,441.45,81.09,287.94,0.6484,-1,-1,-1
83,3,563.88,444.70,82.73,336.15,0.4476,-1,-1,-1
83,6,918.49,428.33,56.99,160.39,0.2065,-1,-1,-1
83,9,1261.90,434.16,41.19,110.33,0.4573,-1,-1,-1
83,12,1081.22,445.17,52.60,150.24,0.3024,-1,-1,-1
83,17,1304.49,418.87,37.18,128.11,0.1891,-1,-1,-1
83,19,711.13,458.05,104.38,222.81,0.7128,-1,-1,-1
83,20,1828.04,469.67,74.14,178.49,0.1599,-1,-1,-1
83,58,1002.36,445.25,39.06,79.19,0.3316,-1,-1,-1
83,64,489.50,447.74,50.06,128.02,0.3089,-1,-1,-1
83,65,834.80,469.81,42.82,81.10,0.1737,-1,-1,-1
83,66,501.88,451.06,100.22,302.81,0.5310,-1,-1,-1
84,2,632.37,442.66,87.96,288.05,0.5866,-1,-1,-1
84,3,565.83,442.16,83.43,339.56,0.5377,-1,-1,-1
84,6,918.14,428.42,57.38,160.63,0.2307,-1,-1,-1
84,9,1262.32,435.62,40.32,109.57,0.4270,-1,-1,-1
84,12,1077.09,452.58,54.19,144.42,0.2702,-1,-1,-1
84,17,1304.02,419.25,37.53,127.91,0.2011,-1,-1,-1
84,19,711.83,460.61,108.21,220.68,0.7028,-1,-1,-1
84,20,1829.68,469.65,63.11,178.97,0.2033,-1,-1,-1
84,26,1669.07,433.33,59.11,155.43,0.1732,-1,-1,-1
84,49,834.03,469.23,42.20,82.30,0.1606,-1,-1,-1
84,58,1001.57,446.94,40.72,77.22,0.2837,-1,-1,-1
84,64,487.67,449.07,50.68,131.63,0.3263,-1,-1,-1
84,66,506.83,450.95,94.59,291.44,0.4673,-1,-1,-1
84,67,1051.21,443.20,43.94,123.39,0.1705,-1,-1,-1
85,2,631.78,444.35,87.61,287.79,0.5711,-1,-1,-1
85,3,556.05,438.63,92.75,346.36,0.4759,-1,-1,-1
85,6,919.37,429.92,55.49,159.33,0.2131,-1,-1,-1
85,9,1262.96,440.19,39.84,105.07,0.3931,-1,-1,-1
85,12,1079.09,456.46,52.29,140.27,0.3130,-1,-1,-1
85,17,1304.51,420.22,37.47,127.04,0.1751,-1,-1,-1
85,19,718.82,458.05,101.25,224.56,0.7238,-1,-1,-1
85,20,1829.14,466.63,67.57,182.67,0.2419,-1,-1,-1
85,58,1002.07,446.22,38.76,78.80,0.3337,-1,-1,-1
85,64,487.01,448.13,53.14,133.63,0.3928,-1,-1,-1
85,66,510.46,452.57,92.83,299.71,0.4013,-1,-1,-1
85,67,1050.95,446.75,43.43,116.42,0.1537,-1,-1,-1
85,68,625.74,446.84,43.56,282.00,0.2363,-1,-1,-1
86,2,632.19,444.27,93.79,288.36,0.5456,-1,-1,-1
86,3,551.59,440.53,93.67,343.48,0.3968,-1,-1,-1
86,6,919.30,429.52,54.98,160.14,0.2609,-1,-1,-1
86,9,1263.53,440.35,39.24,104.15,0.4200,-1,-1,-1
86,12,1083.09,458.40,47.74,138.04,0.2342,-1,-1,-1
86,17,1304.82,421.46,36.74,125.82,0.1930,-1,-1,-1
86,19,720.20,456.42,99.93,225.94,0.7347,-1,-1,-1
86,20,1828.55,466.36,67.39,184.00,0.2522,-1,-1,-1
86,58,1005.20,444.81,33.86,80.45,0.2278,-1,-1,-1
86,64,488.82,449.28,52.17,134.97,0.4018,-1,-1,-1
86,66,515.50,452.69,91.84,304.97,0.4522,-1,-1,-1
86,68,598.58,445.09,64.62,288.46,0.2904,-1,-1,-1
86,69,427.52,482.84,32.30,73.15,0.1761,-1,-1,-1
87,2,634.99,443.54,89.36,288.42,0.5310,-1,-1,-1
87,3,549.79,441.09,97.49,342.75,0.4050,-1,-1,-1
87,6,920.37,428.37,54.09,160.67,0.3110,-1,-1,-1
87,9,1262.86,432.31,39.10,110.86,0.4075,-1,-1,-1
87,11,932.06,427.25,36.95,108.47,0.1526,-1,-1,-1
87,17,1304.77,418.76,37.55,127.74,0.1927,-1,-1,-1
87,19,720.38,455.85,100.76,225.33,0.7198,-1,-1,-1
87,20,1827.19,465.38,79.50,185.31,0.2930,-1,-1,-1
87,26,1688.34,441.31,89.86,146.99,0.1534,-1,-1,-1
87,58,1005.84,449.74,34.80,76.62,0.2119,-1,-1,-1
87,64,488.29,450.89,50.55,133.87,0.3494,-1,-1,-1
87,66,514.47,452.63,94.54,308.12,0.4478,-1,-1,-1
87,68,588.66,447.21,73.60,286.63,0.3599,-1,-1,-1
87,69,427.08,475.35,32.96,80.10,0.2025,-1,-1,-1
88,2,636.37,446.94,94.37,285.72,0.5827,-1,-1,-1
88,3,555.51,441.16,94.27,342.06,0.4498,-1,-1,-1
88,6,918.51,428.49,55.46,161.05,0.2579,-1,-1,-1
88,9,1262.69,430.35,40.14,113.53,0.4245,-1,-1,-1
88,12,1080.43,461.11,48.67,135.07,0.1747,-1,-1,-1
88,17,1303.35,418.57,40.63,127.83,0.1952,-1,-1,-1
88,19,724.03,453.44,97.41,228.39,0.6862,-1,-1,-1
88,20,1828.87,465.97,71.05,185.24,0.2675,-1,-1,-1
88,58,1007.79,453.81,32.91,72.63,0.1598,-1,-1,-1
88,64,487.39,451.00,59.21,138.94,0.2512,-1,-1,-1
88,66,513.44,450.91,95.62,307.97,0.4861,-1,-1,-1
88,68,589.92,449.41,72.92,280.65,0.3929,-1,-1,-1
89,2,639.17,449.68,93.74,283.63,0.5881,-1,-1,-1
89,6,916.39,427.98,57.55,162.30,0.2588,-1,-1,-1
89,9,1262.42,431.28,40.92,113.47,0.4326,-1,-1,-1
89,12,1081.29,460.64,48.08,134.95,0.1901,-1,-1,-1
89,17,1304.69,418.48,37.77,128.58,0.1928,-1,-1,-1
89,19,724.61,451.15,98.35,231.01,0.7351,-1,-1,-1
89,20,1829.39,465.15,62.12,185.73,0.1750,-1,-1,-1
89,64,485.48,450.15,53.57,136.42,0.2745,-1,-1,-1
89,66,509.41,450.16,96.59,306.44,0.5514,-1,-1,-1
89,68,588.16,450.36,74.30,280.06,0.4552,-1,-1,-1
90,2,642.89,445.50,88.65,286.67,0.6022,-1,-1,-1
90,3,563.47,438.96,85.76,344.91,0.3946,-1,-1,-1
90,6,914.83,425.42,60.58,161.86,0.3176,-1,-1,-1
90,9,1261.72,435.98,41.43,108.72,0.4309,-1,-1,-1
90,11,931.37,426.95,37.92,114.66,0.1560,-1,-1,-1
90,12,1076.61,460.56,53.87,135.37,0.3299,-1,-1,-1
90,17,1304.66,419.65,37.69,127.57,0.2120,-1,-1,-1
90,19,729.15,451.74,94.48,230.56,0.7265,-1,-1,-1
90,20,1830.00,465.87,63.08,184.51,0.2334,-1,-1,-1
90,64,488.44,453.77,56.18,168.90,0.2487,-1,-1,-1
90,66,515.08,448.74,95.92,305.59,0.5634,-1,-1,-1
90,68,591.66,449.16,72.27,281.06,0.4331,-1,-1,-1
91,2,643.95,441.64,92.02,292.46,0.6814,-1,-1,-1
91,6,919.62,430.87,54.53,159.09,0.2361,-1,-1,-1
91,9,1261.26,438.14,38.23,107.96,0.3939,-1,-1,-1
91,12,1074.11,462.72,57.20,132.80,0.3910,-1,-1,-1
91,17,1304.13,417.01,38.02,130.14,0.1724,-1,-1,-1
91,19,732.39,454.37,91.67,228.04,0.6912,-1,-1,-1
91,20,1830.34,468.07,72.37,182.49,0.2058,-1,-1,-1
91,58,1007.61,454.91,33.72,71.31,0.2182,-1,-1,-1
91,64,485.47,446.82,55.86,147.83,0.2198,-1,-1,-1
91,66,512.24,449.02,98.22,298.86,0.6319,-1,-1,-1
91,68,582.55,446.67,81.90,284.83,0.5621,-1,-1,-1
92,2,641.75,437.77,95.68,296.53,0.6772,-1,-1,-1
92,6,918.83,431.66,55.62,158.44,0.2112,-1,-1,-1
92,9,1260.28,436.51,39.87,109.05,0.4563,-1,-1,-1
92,12,1076.94,457.73,54.04,135.84,0.3438,-1,-1,-1
92,17,1303.74,417.57,38.38,130.28,0.2090,-1,-1,-1
92,19,732.55,454.36,93.16,227.51,0.6874,-1,-1,-1
92,20,1829.66,467.22,76.97,182.11,0.2420,-1,-1,-1
92,58,1008.62,453.55,31.31,70.84,0.1647,-1,-1,-1
92,64,486.70,448.98,53.65,140.19,0.2129,-1,-1,-1
92,66,511.07,448.08,98.98,302.03,0.6139,-1,-1,-1
92,68,582.74,445.56,82.00,286.29,0.4986,-1,-1,-1
93,2,640.74,438.40,97.31,296.22,0.6733,-1,-1,-1
93,6,920.51,432.01,53.66,157.30,0.1819,-1,-1,-1
93,9,1260.28,435.83,39.85,109.69,0.4624,-1,-1,-1
93,12,1077.01,458.49,54.68,136.34,0.4071,-1,-1,-1
93,17,1303.82,417.30,38.38,130.42,0.2076,-1,-1,-1
93,19,735.58,457.75,91.50,223.81,0.7076,-1,-1,-1
93,20,1827.26,468.56,74.90,181.92,0.2840,-1,-1,-1
93,58,1007.14,457.81,31.89,68.39,0.1991,-1,-1,-1
93,64,488.33,450.26,50.07,138.48,0.1824,-1,-1,-1
93,66,511.64,447.90,99.15,302.83,0.6227,-1,-1,-1
93,68,584.47,445.80,80.22,286.06,0.4922,-1,-1,-1
94,2,643.90,440.05,93.90,297.40,0.7237,-1,-1,-1
94,3,565.35,434.42,84.17,363.10,0.4398,-1,-1,-1
94,6,920.57,432.43,53.97,156.47,0.2020,-1,-1,-1
94,9,1260.25,437.22,40.16,108.66,0.4625,-1,-1,-1
94,12,1075.72,463.97,54.69,131.55,0.3343,-1,-1,-1
94,17,1303.47,416.82,38.53,131.02,0.2150,-1,-1,-1
94,19,738.31,454.11,90.97,227.39,0.7048,-1,-1,-1
94,20,1828.39,467.05,75.34,183.28,0.2464,-1,-1,-1
94,58,1007.04,454.36,31.84,71.34,0.2306,-1,-1,-1
94,66,516.63,448.81,93.56,302.71,0.5699,-1,-1,-1
94,68,590.92,446.61,72.90,287.17,0.4786,-1,-1,-1
95,2,642.83,440.30,98.31,297.76,0.7413,-1,-1,-1
95,3,558.88,433.46,89.99,365.87,0.4046,-1,-1,-1
95,6,918.26,430.17,56.41,159.71,0.2460,-1,-1,-1
95,9,1258.17,435.51,42.40,110.55,0.5238,-1,-1,-1
95,12,1074.94,468.15,54.65,127.20,0.1937,-1,-1,-1
95,17,1304.25,418.30,37.91,130.03,0.2522,-1,-1,-1
95,19,740.40,452.15,89.57,230.78,0.6683,-1,-1,-1
95,20,1825.47,467.72,79.60,182.80,0.2025,-1,-1,-1
95,26,1685.55,440.36,94.89,149.60,0.1546,-1,-1,-1
95,58,1007.29,451.27,31.84,74.50,0.1998,-1,-1,-1
95,66,512.17,448.21,97.55,302.13,0.5600,-1,-1,-1
95,68,587.28,446.27,77.55,282.55,0.4523,-1,-1,-1
96,2,641.91,441.49,98.43,296.71,0.7595,-1,-1,-1
96,3,546.83,439.96,110.15,360.71,0.3816,-1,-1,-1
96,6,916.49,425.60,59.56,161.75,0.2643,-1,-1,-1
96,9,1258.06,434.92,41.61,111.49,0.4772,-1,-1,-1
96,17,1304.30,419.29,38.33,128.70,0.2354,-1,-1,-1
96,19,745.04,455.20,86.74,228.14,0.6825,-1,-1,-1
96,20,1825.89,467.47,80.80,183.80,0.1939,-1,-1,-1
96,66,509.09,446.82,98.35,303.99,0.5007,-1,-1,-1
96,68,586.86,446.38,78.55,279.84,0.4054,-1,-1,-1
96,74,965.26,444.01,49.01,133.36,0.2013,-1,-1,-1
97,2,644.77,441.64,97.59,296.20,0.7520,-1,-1,-1
97,3,528.67,445.29,130.12,346.87,0.3685,-1,-1,-1
97,6,916.93,425.06,58.95,162.08,0.2468,-1,-1,-1
97,9,1258.14,432.81,41.04,112.99,0.4491,-1,-1,-1
97,17,1304.64,418.55,37.58,128.72,0.1882,-1,-1,-1
97,19,747.59,456.48,87.85,229.19,0.6975,-1,-1,-1
97,20,1825.80,468.06,81.36,183.92,0.1776,-1,-1,-1
97,58,1007.64,446.60,31.85,79.77,0.1901,-1,-1,-1
97,64,488.23,451.58,58.84,137.58,0.2015,-1,-1,-1
97,66,508.56,446.49,99.48,303.59,0.5032,-1,-1,-1
97,68,585.82,446.57,78.63,280.82,0.3891,-1,-1,-1
97,74,964.64,443.11,48.90,135.72,0.1520,-1,-1,-1
98,2,646.44,442.79,98.79,295.47,0.7792,-1,-1,-1
98,3,551.66,441.38,113.66,357.00,0.5219,-1,-1,-1
98,6,916.71,426.45,59.27,160.52,0.2104,-1,-1,-1
98,9,1257.33,438.14,42.48,108.75,0.5486,-1,-1,-1
98,12,1078.44,468.46,51.71,125.24,0.1976,-1,-1,-1
98,17,1304.59,418.55,37.36,128.86,0.2547,-1,-1,-1
98,19,751.73,458.17,87.62,228.19,0.7152,-1,-1,-1
98,20,1825.12,466.36,81.38,184.86,0.2087,-1,-1,-1
98,58,1006.01,444.64,33.59,84.18,0.2051,-1,-1,-1
98,64,487.95,450.78,57.29,141.46,0.1604,-1,-1,-1
98,66,505.31,446.68,101.05,304.81,0.5049,-1,-1,-1
99,2,647.30,442.72,99.43,295.49,0.7606,-1,-1,-1
99,3,562.79,443.26,103.11,356.17,0.5669,-1,-1,-1
99,9,1257.89,440.43,40.69,106.21,0.5311,-1,-1,-1
99,12,1080.48,459.14,48.91,133.35,0.2429,-1,-1,-1
99,17,1305.01,420.35,36.37,127.32,0.1747,-1,-1,-1
99,19,750.47,456.20,90.11,230.02,0.7761,-1,-1,-1
99,20,1824.99,466.70,79.97,183.71,0.2032,-1,-1,-1
99,26,1690.31,439.60,90.45,149.09,0.1607,-1,-1,-1
99,58,1006.81,442.52,32.72,83.36,0.2363,-1,-1,-1
99,66,500.23,444.09,107.04,305.15,0.5339,-1,-1,-1
99,75,450.88,466.63,43.20,94.53,0.1590,-1,-1,-1
100,2,648.17,441.91,101.45,297.08,0.6840,-1,-1,-1
100,3,571.02,444.27,96.56,353.48,0.5904,-1,-1,-1
100,6,916.31,432.82,59.29,156.08,0.1504,-1,-1,-1
100,9,1257.85,441.71,40.22,105.12,0.5535,-1,-1,-1
100,12,1083.10,452.85,47.97,140.28,0.2852,-1,-1,-1
100,19,753.40,453.41,86.05,232.53,0.7635,-1,-1,-1
100,20,1829.52,470.13,79.40,181.33,0.1573,-1,-1,-1
100,58,1005.42,447.75,34.26,79.14,0.2150,-1,-1,-1
100,66,496.84,439.85,105.14,303.94,0.5654,-1,-1,-1
100,68,589.96,439.70,76.21,218.56,0.2005,-1,-1,-1
100,75,452.24,468.19,40.02,92.24,0.1693,-1,-1,-1
101,2,647.85,442.67,105.57,296.63,0.7108,-1,-1,-1
101,3,560.92,442.22,108.60,358.70,0.6094,-1,-1,-1
101,9,1257.75,441.75,39.38,104.86,0.5546,-1,-1,-1
101,12,1077.11,454.22,51.77,141.13,0.2585,-1,-1,-1
101,19,754.62,456.17,84.84,232.11,0.7579,-1,-1,-1
101,20,1828.90,468.74,71.07,180.63,0.1690,-1,-1,-1
101,26,1673.22,429.35,112.42,156.63,0.1559,-1,-1,-1
101,66,495.95,443.12,109.74,305.43,0.5476,-1,-1,-1
101,75,450.49,467.92,38.81,91.68,0.2682,-1,-1,-1
101,77,1851.53,389.06,66.54,260.68,0.1751,-1,-1,-1
102,2,650.53,441.48,102.45,293.21,0.7176,-1,-1,-1
102,3,565.79,444.17,103.39,357.78,0.6214,-1,-1,-1
102,6,917.73,434.18,57.49,153.66,0.1509,-1,-1,-1
102,9,1256.66,440.49,36.80,106.35,0.5570,-1,-1,-1
102,12,1075.10,447.16,53.42,147.02,0.2810,-1,-1,-1
102,19,753.63,457.02,89.00,230.41,0.7433,-1,-1,-1
102,20,1833.09,443.95,84.86,203.38,0.1636,-1,-1,-1
102,26,1673.82,429.66,111.28,157.92,0.1625,-1,-1,-1
102,58,1005.37,445.81,34.40,80.04,0.2316,-1,-1,-1
102,64,489.53,450.58,45.58,128.88,0.1558,-1,-1,-1
102,66,498.19,440.98,101.56,305.47,0.5780,-1,-1,-1
102,75,450.87,464.72,38.07,94.15,0.1840,-1,-1,-1
102,77,1874.44,389.82,45.86,256.23,0.1741,-1,-1,-1
102,78,1103.88,446.14,31.83,139.52,0.1750,-1,-1,-1
103,2,651.07,440.43,106.33,294.44,0.7067,-1,-1,-1
103,3,566.71,444.30,105.40,357.79,0.5751,-1,-1,-1
103,9,1258.55,443.18,37.31,103.68,0.4840,-1,-1,-1
103,12,1075.20,443.35,55.15,150.77,0.2254,-1,-1,-1
103,19,753.51,457.16,87.74,227.54,0.7246,-1,-1,-1
103,20,1828.05,462.67,79.92,190.89,0.2028,-1,-1,-1
103,58,1005.09,444.88,33.44,81.16,0.2763,-1,-1,-1
103,66,499.19,444.31,99.72,301.54,0.5501,-1,-1,-1
103,75,448.35,464.06,40.57,95.32,0.1861,-1,-1,-1
103,78,1104.97,444.97,31.71,137.37,0.1633,-1,-1,-1
104,2,654.62,440.43,104.93,296.04,0.7207,-1,-1,-1
104,3,546.23,439.08,126.99,362.82,0.6641,-1,-1,-1
104,9,1256.50,442.36,36.41,105.07,0.4853,-1,-1,-1
104,12,1075.62,443.39,54.12,150.35,0.2426,-1,-1,-1
104,19,755.19,458.08,87.30,229.66,0.7326,-1,-1,-1
104,20,1831.91,458.32,85.39,192.26,0.2095,-1,-1,-1
104,58,1005.74,445.84,33.34,80.09,0.3040,-1,-1,-1
104,66,499.45,445.87,107.76,305.73,0.3812,-1,-1,-1
104,75,447.61,468.39,41.57,92.13,0.2348,-1,-1,-1
104,78,1104.78,443.96,31.26,132.86,0.1684,-1,-1,-1
105,2,655.91,439.82,105.36,297.95,0.7537,-1,-1,-1
105,3,535.67,436.53,138.62,363.83,0.7286,-1,-1,-1
105,9,1256.89,442.78,36.78,104.67,0.4586,-1,-1,-1
105,12,1077.05,448.33,52.89,146.33,0.1900,-1,-1,-1
105,19,759.59,460.05,84.80,232.70,0.7589,-1,-1,-1
105,20,1825.41,466.12,79.70,185.52,0.2273,-1,-1,-1
105,58,1005.07,450.88,34.78,75.28,0.2243,-1,-1,-1
105,66,501.84,446.66,105.68,306.43,0.2072,-1,-1,-1
105,75,447.82,470.87,40.34,89.25,0.1919,-1,-1,-1
106,2,657.06,441.86,105.69,294.41,0.7511,-1,-1,-1
106,3,533.59,438.40,142.02,363.04,0.6724,-1,-1,-1
106,9,1255.23,442.10,38.91,106.13,0.4402,-1,-1,-1
106,12,1076.29,464.09,54.07,132.78,0.1785,-1,-1,-1
106,19,759.99,458.74,85.46,234.45,0.7376,-1,-1,-1
106,20,1826.77,465.31,75.99,185.07,0.2490,-1,-1,-1
106,58,1006.49,447.31,33.01,77.39,0.1674,-1,-1,-1
106,66,501.39,443.80,105.91,308.72,0.2751,-1,-1,-1
106,75,447.79,470.96,38.71,89.22,0.2174,-1,-1,-1
106,79,489.44,473.18,45.30,114.85,0.2641,-1,-1,-1
106,80,527.94,443.20,74.18,167.35,0.1602,-1,-1,-1
107,2,658.12,441.27,109.88,295.11,0.7627,-1,-1,-1
107,3,533.84,438.84,144.55,361.97,0.6664,-1,-1,-1
107,9,1255.76,445.08,32.73,101.31,0.3549,-1,-1,-1
107,12,1076.14,455.12,53.08,138.92,0.2382,-1,-1,-1
107,19,761.76,459.71,85.14,235.75,0.7348,-1,-1,-1
107,20,1830.56,466.70,71.24,182.85,0.1805,-1,-1,-1
107,66,501.86,447.05,107.42,306.37,0.2596,-1,-1,-1
107,75,446.11,472.89,40.92,87.04,0.1538,-1,-1,-1
107,79,491.15,472.42,46.31,117.22,0.1736,-1,-1,-1
107,80,526.79,444.18,77.40,142.34,0.2536,-1,-1,-1
108,2,660.25,438.38,105.68,296.70,0.7569,-1,-1,-1
108,3,539.70,437.02,140.81,366.83,0.6895,-1,-1,-1
108,9,1258.25,445.42,36.41,103.04,0.2843,-1,-1,-1
108,11,932.28,432.83,35.00,85.12,0.1524,-1,-1,-1
108,12,1076.40,455.36,52.55,140.36,0.1891,-1,-1,-1
108,19,760.15,454.08,88.42,244.67,0.7147,-1,-1,-1
108,20,1830.96,467.19,70.04,182.05,0.1731,-1,-1,-1
108,58,1005.65,447.76,33.60,75.24,0.1748,-1,-1,-1
108,66,502.44,448.06,107.75,306.72,0.2161,-1,-1,-1
108,80,529.22,447.98,73.62,127.99,0.3151,-1,-1,-1
109,2,660.63,438.30,108.58,298.96,0.7368,-1,-1,-1
109,3,541.29,437.15,143.29,367.58,0.6967,-1,-1,-1
109,9,1255.09,447.85,31.42,98.96,0.2317,-1,-1,-1
109,12,1076.44,452.90,52.86,142.67,0.1882,-1,-1,-1
109,19,761.69,454.90,87.94,243.84,0.6722,-1,-1,-1
109,20,1834.20,465.11,78.84,184.20,0.2139,-1,-1,-1
109,26,1669.51,433.18,58.25,155.45,0.1649,-1,-1,-1
109,58,1005.97,451.45,32.99,73.60,0.2342,-1,-1,-1
109,66,504.50,462.76,88.65,287.81,0.2203,-1,-1,-1
109,80,529.88,451.14,73.24,125.21,0.2915,-1,-1,-1
110,2,662.26,437.78,103.53,302.16,0.7534,-1,-1,-1
110,3,541.43,438.30,144.50,367.03,0.6860,-1,-1,-1
110,6,921.18,429.71,52.52,158.18,0.1591,-1,-1,-1
110,9,1248.74,443.52,34.39,101.63,0.2950,-1,-1,-1
110,12,1074.67,448.68,54.85,146.44,0.1954,-1,-1,-1
110,19,760.06,457.47,89.73,241.61,0.7076,-1,-1,-1
110,20,1828.56,463.45,86.04,186.45,0.1984,-1,-1,-1
110,66,504.79,459.64,87.11,288.53,0.2866,-1,-1,-1
110,75,442.66,473.97,40.61,83.54,0.1516,-1,-1,-1
110,80,528.44,450.90,74.96,131.91,0.1752,-1,-1,-1
111,2,662.68,438.08,106.96,306.79,0.7663,-1,-1,-1
111,3,540.99,441.29,148.50,366.25,0.6626,-1,-1,-1
111,9,1246.88,439.64,34.26,105.48,0.4356,-1,-1,-1
111,11,932.69,432.84,36.30,86.23,0.1514,-1,-1,-1
111,12,1075.85,443.15,55.51,153.41,0.2727,-1,-1,-1
111,19,760.37,455.39,88.79,242.91,0.7134,-1,-1,-1
111,20,1832.00,460.02,84.88,189.70,0.1724,-1,-1,-1
111,66,503.77,448.74,90.89,297.57,0.3627,-1,-1,-1
111,75,443.40,472.64,38.27,86.08,0.1701,-1,-1,-1
111,78,1100.88,443.21,34.06,142.15,0.1595,-1,-1,-1
112,2,666.29,438.04,104.45,307.00,0.7777,-1,-1,-1
112,3,541.29,436.57,146.05,368.63,0.6822,-1,-1,-1
112,6,924.18,428.10,50.87,158.91,0.1606,-1,-1,-1
112,9,1254.30,445.81,43.55,103.28,0.1868,-1,-1,-1
112,11,932.51,431.43,36.92,87.75,0.1662,-1,-1,-1
112,12,1075.06,442.97,56.85,153.64,0.2458,-1,-1,-1
112,19,761.25,451.52,87.88,247.91,0.7238,-1,-1,-1
112,20,1827.98,466.02,74.28,184.16,0.1636,-1,-1,-1
112,66,506.22,449.39,85.24,297.73,0.2020,-1,-1,-1
112,82,1244.11,439.50,37.55,106.70,0.4787,-1,-1,-1
113,2,666.95,438.06,106.02,313.90,0.7861,-1,-1,-1
113,3,550.35,435.56,136.57,370.48,0.6970,-1,-1,-1
113,6,923.59,428.63,50.72,159.02,0.1772,-1,-1,-1
113,9,1244.91,440.98,35.81,105.10,0.4759,-1,-1,-1
113,11,932.72,431.97,35.60,85.95,0.2023,-1,-1,-1
113,12,1075.97,441.49,56.92,155.53,0.3533,-1,-1,-1
113,19,763.84,451.26,86.49,247.75,0.7145,-1,-1,-1
113,77,1873.02,391.40,46.29,255.02,0.1699,-1,-1,-1
113,82,1256.73,447.97,41.05,100.57,0.1964,-1,-1,-1
114,2,668.82,439.57,102.20,315.38,0.7899,-1,-1,-1
114,3,537.45,434.14,151.44,371.72,0.6817,-1,-1,-1
114,6,922.16,429.09,51.01,157.04,0.1639,-1,-1,-1
114,9,1243.28,441.04,36.62,104.20,0.5743,-1,-1,-1
114,11,932.57,432.88,35.39,84.80,0.1789,-1,-1,-1
114,12,1077.98,440.71,55.87,155.58,0.3853,-1,-1,-1
114,19,764.61,454.09,87.92,244.29,0.7038,-1,-1,-1
114,20,1832.92,443.00,84.97,205.28,0.1626,-1,-1,-1
114,66,508.25,442.55,105.23,314.31,0.1901,-1,-1,-1
114,75,442.33,473.82,34.93,86.05,0.1513,-1,-1,-1
114,82,1256.88,448.77,36.71,98.59,0.1569,-1,-1,-1
115,2,669.73,438.96,100.62,313.46,0.7876,-1,-1,-1
115,3,566.13,436.24,122.34,370.12,0.6534,-1,-1,-1
115,9,1241.84,440.83,37.04,102.73,0.5540,-1,-1,-1
115,11,933.66,435.29,37.67,82.98,0.1780,-1,-1,-1
115,12,1081.63,439.60,54.40,155.48,0.3433,-1,-1,-1
115,19,766.71,455.12,89.24,243.54,0.6930,-1,-1,-1
115,26,1673.82,433.41,105.25,160.61,0.1599,-1,-1,-1
115,66,515.97,435.87,94.99,245.76,0.1720,-1,-1,-1
115,75,443.34,472.82,36.96,87.02,0.1919,-1,-1,-1
115,77,1869.23,391.19,49.95,255.75,0.1765,-1,-1,-1
116,2,672.85,438.87,96.74,310.81,0.7857,-1,-1,-1
116,3,560.29,435.45,128.81,372.38,0.6312,-1,-1,-1
116,9,1240.62,441.40,37.66,102.09,0.5973,-1,-1,-1
116,11,934.50,435.54,36.50,81.95,0.2001,-1,-1,-1
116,12,1083.14,442.27,52.71,153.44,0.4029,-1,-1,-1
116,19,767.51,450.97,88.73,248.11,0.6743,-1,-1,-1
116,20,1830.19,464.43,70.68,186.58,0.1846,-1,-1,-1
116,26,1672.75,428.07,111.51,160.65,0.1565,-1,-1,-1
116,66,517.43,442.75,91.38,218.08,0.2896,-1,-1,-1
116,75,444.84,475.07,37.14,86.32,0.1801,-1,-1,-1
116,77,1874.46,389.99,45.21,255.49,0.1621,-1,-1,-1
116,84,844.36,464.07,33.11,93.58,0.2547,-1,-1,-1
117,2,672.31,440.46,98.83,311.20,0.7957,-1,-1,-1
117,3,545.27,434.31,143.40,372.99,0.6800,-1,-1,-1
117,9,1241.99,441.47,35.31,100.66,0.5698,-1,-1,-1
117,11,934.83,435.32,35.93,81.00,0.2279,-1,-1,-1
117,12,1082.40,443.18,52.84,151.20,0.4225,-1,-1,-1
117,19,771.00,452.35,85.90,246.15,0.6473,-1,-1,-1
117,20,1832.25,467.73,70.33,182.38,0.1668,-1,-1,-1
117,66,516.81,441.22,89.23,220.48,0.1631,-1,-1,-1
117,75,445.18,475.57,35.51,86.09,0.1696,-1,-1,-1
117,84,838.31,460.80,41.15,99.17,0.1790,-1,-1,-1
118,2,674.99,440.27,93.42,314.12,0.7995,-1,-1,-1
118,3,539.76,435.77,148.49,378.13,0.6853,-1,-1,-1
118,6,925.79,431.38,50.35,155.83,0.1992,-1,-1,-1
118,9,1241.34,442.56,35.85,99.51,0.5427,-1,-1,-1
118,11,934.48,434.39,36.43,82.68,0.2898,-1,-1,-1
118,12,1082.31,440.54,53.88,154.84,0.4554,-1,-1,-1
118,19,769.31,455.44,81.91,243.83,0.6584,-1,-1,-1
118,26,1673.09,433.89,104.38,160.27,0.1519,-1,-1,-1
118,75,445.12,475.06,36.68,86.91,0.2173,-1,-1,-1
118,77,1852.34,388.65,66.11,262.14,0.1837,-1,-1,-1
119,2,674.96,440.81,94.66,319.46,0.8141,-1,-1,-1
119,3,521.53,441.55,169.57,379.58,0.7319,-1,-1,-1
119,6,923.87,433.28,53.63,155.16,0.2002,-1,-1,-1
119,9,1239.41,442.96,37.21,97.47,0.5295,-1,-1,-1
119,11,934.23,434.88,38.12,81.29,0.2584,-1,-1,-1
119,12,1082.93,443.99,53.43,150.94,0.4186,-1,-1,-1
119,19,768.35,451.58,91.51,245.57,0.7127,-1,-1,-1
119,75,443.68,476.81,40.03,85.66,0.2304,-1,-1,-1
119,77,1872.87,389.02,47.38,259.33,0.1628,-1,-1,-1
120,2,677.57,441.63,94.60,319.66,0.8120,-1,-1,-1
120,3,522.69,444.00,169.20,377.94,0.7667,-1,-1,-1
120,6,921.07,434.75,58.08,153.68,0.2517,-1,-1,-1
120,9,1237.77,443.20,37.42,100.79,0.5371,-1,-1,-1
120,11,934.39,435.07,39.91,78.61,0.2158,-1,-1,-1
120,12,1082.25,444.88,52.91,150.16,0.3525,-1,-1,-1
120,19,770.25,451.82,93.68,247.27,0.7124,-1,-1,-1
120,75,442.79,481.38,40.91,83.46,0.1679,-1,-1,-1
120,77,1855.19,389.55,63.03,261.67,0.1530,-1,-1,-1
120,86,490.35,462.99,40.48,105.69,0.1895,-1,-1,-1
120,87,918.34,504.83,57.99,81.84,0.1560,-1,-1,-1
121,2,678.58,441.14,93.91,320.63,0.8157,-1,-1,-1
121,3,520.90,445.34,174.33,378.17,0.7730,-1,-1,-1
121,6,923.71,436.63,55.60,151.10,0.2618,-1,-1,-1
121,9,1239.31,443.28,33.78,101.46,0.4970,-1,-1,-1
121,11,934.97,435.52,41.09,78.97,0.2285,-1,-1,-1
121,12,1082.81,445.94,52.73,149.50,0.3513,-1,-1,-1
121,19,767.88,454.20,101.21,245.19,0.6841,-1,-1,-1
121,75,441.79,480.14,38.44,85.84,0.2406,-1,-1,-1
121,77,1850.03,389.18,69.14,263.07,0.1941,-1,-1,-1
121,86,488.31,464.91,42.50,104.46,0.2775,-1,-1,-1
122,2,680.75,439.92,96.38,320.20,0.8005,-1,-1,-1
122,3,523.87,446.29,173.92,380.63,0.8126,-1,-1,-1
122,6,925.49,436.88,53.83,149.48,0.2637,-1,-1,-1
122,9,1236.51,446.37,34.14,99.74,0.4612,-1,-1,-1
122,11,935.12,436.86,40.04,81.74,0.2021,-1,-1,-1
122,12,1083.97,450.32,51.54,145.11,0.3730,-1,-1,-1
122,19,775.92,452.62,104.48,248.67,0.5888,-1,-1,-1
122,75,441.04,479.19,37.73,88.17,0.2412,-1,-1,-1
122,77,1872.56,389.20,47.75,259.43,0.1690,-1,-1,-1
122,86,490.25,461.31,39.38,108.87,0.2736,-1,-1,-1
123,2,683.39,439.12,93.38,323.15,0.8127,-1,-1,-1
123,3,527.10,442.42,172.95,388.12,0.8010,-1,-1,-1
123,6,924.95,438.39,54.90,148.36,0.2338,-1,-1,-1
123,9,1235.81,452.58,35.58,95.10,0.5373,-1,-1,-1
123,11,939.08,437.69,40.07,84.20,0.2726,-1,-1,-1
123,12,1084.48,448.48,50.36,146.20,0.3629,-1,-1,-1
123,19,773.25,458.63,110.20,243.37,0.7214,-1,-1,-1
123,20,1832.45,467.76,73.14,182.53,0.1505,-1,-1,-1
123,26,1673.98,427.67,112.44,158.60,0.1803,-1,-1,-1
123,75,440.30,477.37,37.43,90.47,0.2575,-1,-1,-1
123,77,1854.77,387.30,63.49,262.58,0.1655,-1,-1,-1
123,86,491.33,461.25,38.35,110.10,0.2878,-1,-1,-1
124,2,684.73,438.15,92.74,325.68,0.8053,-1,-1,-1
124,3,528.53,442.04,173.08,393.09,0.6876,-1,-1,-1
124,9,1235.40,454.81,35.82,92.60,0.5575,-1,-1,-1
124,11,940.50,437.27,39.67,82.93,0.3173,-1,-1,-1
124,12,1086.00,449.11,49.13,144.75,0.3515,-1,-1,-1
124,19,774.56,457.10,110.02,245.41,0.7236,-1,-1,-1
124,26,1675.32,431.78,101.96,159.10,0.1695,-1,-1,-1
124,66,521.57,451.41,93.04,225.85,0.1904,-1,-1,-1
124,75,438.83,475.42,38.13,93.16,0.2328,-1,-1,-1
124,77,1853.54,391.50,65.92,260.96,0.1893,-1,-1,-1
124,86,493.02,464.58,36.70,108.46,0.3366,-1,-1,-1
124,87,920.41,501.34,54.66,86.14,0.1531,-1,-1,-1
125,2,684.84,437.45,92.38,327.30,0.8170,-1,-1,-1
125,3,527.39,441.85,176.58,391.20,0.7677,-1,-1,-1
125,9,1233.21,454.63,36.49,94.21,0.5475,-1,-1,-1
125,11,942.60,437.10,37.87,83.25,0.2830,-1,-1,-1
125,12,1082.07,455.28,50.81,139.24,0.3691,-1,-1,-1
125,19,780.23,460.62,107.19,243.37,0.7425,-1,-1,-1
125,26,1673.85,429.74,110.95,158.04,0.1938,-1,-1,-1
125,75,437.35,476.11,41.25,93.09,0.2188,-1,-1,-1
125,86,492.61,461.61,35.52,112.92,0.2510,-1,-1,-1
125,87,921.21,491.04,52.04,95.09,0.2231,-1,-1,-1
125,88,833.13,448.98,60.96,119.89,0.1509,-1,-1,-1
126,2,685.09,437.80,95.46,326.86,0.8111,-1,-1,-1
126,3,554.66,441.95,144.11,390.58,0.6423,-1,-1,-1
126,9,1229.63,452.47,39.08,96.85,0.5450,-1,-1,-1
126,11,943.68,437.64,37.61,86.71,0.1598,-1,-1,-1
126,12,1081.88,457.46,48.86,137.01,0.3073,-1,-1,-1
126,19,780.71,456.74,103.19,247.24,0.7282,-1,-1,-1
126,26,1675.04,434.17,101.20,157.91,0.1627,-1,-1,-1
126,75,433.22,475.51,44.60,93.26,0.1759,-1,-1,-1
126,77,1852.85,392.36,66.68,259.38,0.1570,-1,-1,-1
126,86,490.65,463.29,37.45,109.08,0.2660,-1,-1,-1
126,87,918.28,490.26,57.03,96.68,0.2800,-1,-1,-1
127,2,683.96,438.22,98.04,327.95,0.8122,-1,-1,-1
127,3,550.75,440.15,150.39,392.26,0.6704,-1,-1,-1
127,9,1226.84,451.73,41.85,98.64,0.5223,-1,-1,-1
127,11,947.62,436.19,33.84,87.21,0.1640,-1,-1,-1
127,12,1080.77,458.64,50.37,135.96,0.3095,-1,-1,-1
127,19,782.72,456.42,100.76,248.89,0.7183,-1,-1,-1
127,75,435.18,475.72,45.22,93.29,0.2466,-1,-1,-1
127,77,1849.39,390.30,69.89,261.58,0.1849,-1,-1,-1
127,86,488.63,461.85,39.06,108.52,0.2582,-1,-1,-1
127,88,838.18,445.36,63.24,133.02,0.2216,-1,-1,-1
128,2,684.27,437.67,103.38,328.80,0.8132,-1,-1,-1
128,3,559.74,440.54,145.57,391.49,0.6721,-1,-1,-1
128,9,1224.99,454.88,43.07,98.46,0.5056,-1,-1,-1
128,11,950.98,435.76,33.36,89.31,0.1837,-1,-1,-1
128,12,1079.16,459.25,53.72,135.58,0.3465,-1,-1,-1
128,19,783.13,463.43,99.81,241.16,0.6857,-1,-1,-1
128,26,1672.11,430.58,55.92,157.37,0.1531,-1,-1,-1
128,86,490.04,462.06,39.00,109.36,0.3045,-1,-1,-1
128,88,840.11,442.25,63.04,138.87,0.2139,-1,-1,-1
129,2,682.25,437.81,104.47,328.13,0.8329,-1,-1,-1
129,3,557.65,441.77,150.76,390.19,0.6805,-1,-1,-1
129,9,1222.41,464.32,45.47,91.26,0.4230,-1,-1,-1
129,11,951.90,436.14,34.28,88.80,0.1989,-1,-1,-1
129,12,1084.47,458.09,50.72,137.31,0.3197,-1,-1,-1
129,19,785.80,459.12,101.73,244.41,0.6778,-1,-1,-1
129,20,1833.52,456.82,84.29,192.74,0.2043,-1,-1,-1
129,75,433.43,472.68,40.66,95.22,0.2039,-1,-1,-1
129,86,492.23,462.67,37.99,106.77,0.3018,-1,-1,-1
130,2,681.36,437.49,105.70,328.50,0.8316,-1,-1,-1
130,3,548.05,442.18,162.28,389.40,0.6633,-1,-1,-1
130,9,1223.73,454.30,41.80,99.09,0.4340,-1,-1,-1
130,11,953.10,436.31,35.06,89.03,0.2376,-1,-1,-1
130,12,1080.36,461.01,53.03,134.35,0.3687,-1,-1,-1
130,19,787.11,458.96,100.53,245.30,0.7440,-1,-1,-1
130,20,1832.50,455.66,86.00,194.44,0.1885,-1,-1,-1
130,75,432.21,474.38,45.01,93.82,0.2110,-1,-1,-1
130,86,490.91,463.81,38.33,107.43,0.3345,-1,-1,-1
131,2,681.63,436.93,104.31,330.59,0.8231,-1,-1,-1
131,3,572.88,440.17,137.71,391.02,0.5515,-1,-1,-1
131,9,1222.60,464.10,45.76,91.91,0.3967,-1,-1,-1
131,11,954.33,434.94,34.53,89.58,0.2567,-1,-1,-1
131,12,1085.87,457.90,50.40,137.05,0.3088,-1,-1,-1
131,19,790.53,458.73,100.09,247.49,0.7644,-1,-1,-1
131,20,1832.91,457.79,86.05,192.65,0.1631,-1,-1,-1
131,66,538.10,447.73,100.88,236.79,0.2232,-1,-1,-1
131,86,490.24,459.09,41.45,105.89,0.3132,-1,-1,-1
132,2,683.99,435.85,101.66,331.48,0.8129,-1,-1,-1
132,3,571.62,440.14,144.99,389.77,0.5694,-1,-1,-1
132,9,1223.51,465.64,43.91,89.00,0.2669,-1,-1,-1
132,11,956.51,434.18,32.93,88.47,0.2475,-1,-1,-1
132,12,1085.08,457.14,53.30,138.10,0.2262,-1,-1,-1
132,19,792.37,456.26,100.47,249.80,0.7880,-1,-1,-1
132,20,1832.56,455.25,86.51,195.15,0.1609,-1,-1,-1
132,66,538.88,446.93,101.08,236.67,0.2578,-1,-1,-1
132,86,491.30,462.46,39.91,107.73,0.2797,-1,-1,-1
133,2,684.26,435.58,101.79,331.52,0.8010,-1,-1,-1
133,3,589.24,438.19,127.51,391.52,0.6248,-1,-1,-1
133,9,1222.44,464.95,44.52,90.01,0.2900,-1,-1,-1
133,11,956.59,434.32,32.21,87.65,0.2363,-1,-1,-1
133,12,1082.24,459.40,50.52,136.24,0.2497,-1,-1,-1
133,19,793.29,458.25,99.31,248.31,0.7891,-1,-1,-1
133,20,1829.22,465.07,69.92,185.50,0.2268,-1,-1,-1
133,26,1673.78,433.34,96.42,159.93,0.1586,-1,-1,-1
133,66,537.87,445.92,100.44,236.26,0.3554,-1,-1,-1
133,86,491.15,461.20,41.15,109.05,0.3529,-1,-1,-1
134,2,685.54,434.06,103.13,333.10,0.7910,-1,-1,-1
134,3,582.75,439.86,137.15,390.15,0.6258,-1,-1,-1
134,9,1220.15,460.91,45.48,93.70,0.3002,-1,-1,-1
134,11,956.44,433.98,33.36,89.54,0.2438,-1,-1,-1
134,12,1081.55,454.85,53.89,140.10,0.2157,-1,-1,-1
134,19,795.12,453.34,101.50,252.04,0.7736,-1,-1,-1
134,20,1830.98,465.56,74.99,184.49,0.1893,-1,-1,-1
134,26,1672.91,434.77,92.89,159.59,0.1540,-1,-1,-1
134,66,539.55,446.49,101.29,236.29,0.2765,-1,-1,-1
134,75,426.08,474.72,48.33,91.56,0.1633,-1,-1,-1
134,86,491.28,456.98,41.56,112.88,0.3044,-1,-1,-1
134,87,921.01,490.30,53.98,98.90,0.1641,-1,-1,-1
135,2,685.22,432.54,104.73,332.91,0.7845,-1,-1,-1
135,3,577.73,440.20,143.47,391.39,0.6394,-1,-1,-1
135,11,955.41,434.30,34.20,90.37,0.2615,-1,-1,-1
135,12,1080.44,452.68,54.70,142.96,0.2055,-1,-1,-1
135,19,791.95,450.60,104.27,255.97,0.7166,-1,-1,-1
135,20,1827.11,466.00,77.89,184.16,0.2327,-1,-1,-1
135,26,1668.69,432.67,58.24,157.05,0.1524,-1,-1,-1
135,66,531.58,455.24,108.46,317.11,0.2119,-1,-1,-1
135,75,425.64,476.44,43.68,88.03,0.1607,-1,-1,-1
135,86,488.38,461.15,42.65,109.55,0.3709,-1,-1,-1
136,2,685.61,433.25,105.12,331.71,0.7736,-1,-1,-1
136,3,572.54,439.43,149.16,397.02,0.6531,-1,-1,-1
136,11,955.25,434.50,35.42,91.42,0.2886,-1,-1,-1
136,12,1092.20,447.36,52.66,146.98,0.2685,-1,-1,-1
136,19,794.42,450.76,99.87,256.56,0.7076,-1,-1,-1
136,20,1828.09,466.64,76.95,183.94,0.2533,-1,-1,-1
136,26,1668.64,431.45,60.82,157.61,0.1784,-1,-1,-1
136,86,490.34,456.97,40.35,113.21,0.3798,-1,-1,-1
136,87,920.36,501.15,53.46,88.28,0.1721,-1,-1,-1
137,2,694.50,434.05,101.84,328.45,0.7812,-1,-1,-1
137,3,590.49,436.84,129.74,413.38,0.6708,-1,-1,-1
137,11,955.16,434.43,35.96,90.13,0.2797,-1,-1,-1
137,12,1080.13,452.31,54.24,143.65,0.2128,-1,-1,-1
137,19,797.16,453.40,96.91,254.93,0.7601,-1,-1,-1
137,20,1827.52,466.37,73.83,184.20,0.2203,-1,-1,-1
137,26,1671.76,435.06,87.43,157.67,0.1995,-1,-1,-1
137,66,551.47,435.63,96.54,255.12,0.1855,-1,-1,-1
137,86,490.23,460.33,40.30,109.91,0.3790,-1,-1,-1
137,87,920.21,503.10,53.16,85.36,0.2027,-1,-1,-1
138,2,690.33,434.27,107.60,330.66,0.7634,-1,-1,-1
138,3,588.27,437.09,134.05,421.01,0.6509,-1,-1,-1
138,9,1220.42,467.73,33.41,85.29,0.1565,-1,-1,-1
138,11,956.34,434.56,36.22,89.69,0.2589,-1,-1,-1
138,12,1076.68,457.30,53.77,139.37,0.1933,-1,-1,-1
138,19,802.69,450.90,93.40,259.64,0.7548,-1,-1,-1
138,20,1828.82,471.01,65.12,177.74,0.2491,-1,-1,-1
138,26,1673.67,433.60,95.91,160.06,0.1635,-1,-1,-1
138,86,490.07,459.94,40.49,109.94,0.3530,-1,-1,-1
139,2,693.85,433.49,106.95,332.39,0.7558,-1,-1,-1
139,3,568.46,439.17,155.30,417.02,0.6134,-1,-1,-1
139,9,1219.73,452.37,33.76,97.68,0.1809,-1,-1,-1
139,11,956.50,434.45,36.15,89.08,0.2698,-1,-1,-1
139,12,1081.31,456.85,48.55,137.99,0.2186,-1,-1,-1
139,19,807.55,449.70,91.37,262.02,0.7271,-1,-1,-1
139,20,1829.23,475.37,74.88,174.73,0.1726,-1,-1,-1
139,26,1674.28,432.04,101.43,162.24,0.2032,-1,-1,-1
139,75,423.81,476.06,41.41,88.71,0.1572,-1,-1,-1
139,77,1853.36,391.92,66.10,259.76,0.1886,-1,-1,-1
139,86,492.50,459.72,38.95,111.15,0.4722,-1,-1,-1
139,88,866.79,438.31,46.47,129.58,0.1673,-1,-1,-1
140,2,692.10,434.29,113.22,331.49,0.7594,-1,-1,-1
140,3,565.88,438.31,158.44,416.71,0.5618,-1,-1,-1
140,9,1217.03,450.13,33.92,102.21,0.3417,-1,-1,-1
140,11,958.30,434.45,34.99,89.55,0.2312,-1,-1,-1
140,12,1083.02,456.72,46.76,138.26,0.2338,-1,-1,-1
140,19,813.06,452.67,78.63,263.04,0.6994,-1,-1,-1
140,20,1830.89,467.56,84.41,181.84,0.1991,-1,-1,-1
140,26,1674.57,432.17,99.21,161.83,0.1910,-1,-1,-1
140,86,492.10,460.43,38.63,111.59,0.4331,-1,-1,-1
140,88,865.39,458.29,54.36,217.99,0.2302,-1,-1,-1
140,92,461.70,457.62,28.97,102.60,0.1649,-1,-1,-1
141,2,691.96,432.86,115.99,334.84,0.7575,-1,-1,-1
141,3,560.18,438.44,163.23,418.55,0.5603,-1,-1,-1
141,9,1213.56,448.34,37.12,104.99,0.4119,-1,-1,-1
141,11,959.56,434.95,35.15,89.98,0.2081,-1,-1,-1
141,12,1083.79,453.94,48.87,140.38,0.2522,-1,-1,-1
141,19,815.96,451.69,83.02,261.76,0.6511,-1,-1,-1
141,20,1829.54,469.99,83.88,179.68,0.2173,-1,-1,-1
141,26,1673.90,431.62,103.92,161.82,0.1708,-1,-1,-1
141,86,491.57,459.21,40.05,112.35,0.3644,-1,-1,-1
141,87,922.45,504.51,52.99,82.30,0.1754,-1,-1,-1
142,2,692.90,433.54,126.16,331.56,0.7614,-1,-1,-1
142,3,554.61,438.53,168.99,413.60,0.5183,-1,-1,-1
142,9,1210.83,447.82,37.47,104.86,0.4058,-1,-1,-1
142,11,961.99,434.94,36.69,90.46,0.2797,-1,-1,-1
142,12,1081.53,456.58,48.79,138.76,0.2694,-1,-1,-1
142,19,815.97,447.07,88.32,269.36,0.6417,-1,-1,-1
142,20,1827.00,475.20,72.34,174.41,0.1673,-1,-1,-1
142,26,1674.74,432.76,101.54,160.75,0.1702,-1,-1,-1
142,86,490.66,460.83,39.45,111.06,0.3089,-1,-1,-1
142,87,923.77,503.79,51.95,83.50,0.1728,-1,-1,-1
143,2,695.04,436.36,129.25,329.73,0.7707,-1,-1,-1
143,3,579.89,434.84,140.55,430.08,0.5327,-1,-1,-1
143,9,1210.32,445.00,36.18,107.25,0.3844,-1,-1,-1
143,11,961.62,439.81,49.37,111.49,0.2379,-1,-1,-1
143,12,1080.56,454.05,50.57,140.72,0.3188,-1,-1,-1
143,19,817.83,447.33,86.05,267.72,0.6267,-1,-1,-1
143,20,1826.59,466.47,73.89,181.43,0.2295,-1,-1,-1
143,86,482.21,464.79,43.87,106.67,0.2274,-1,-1,-1
144,2,693.46,436.73,138.44,331.72,0.7510,-1,-1,-1
144,3,541.56,437.76,183.30,434.90,0.5175,-1,-1,-1
144,9,1207.77,443.89,34.85,109.68,0.3247,-1,-1,-1
144,11,959.87,433.83,35.19,96.59,0.2236,-1,-1,-1
144,12,1080.17,462.14,50.44,133.99,0.3109,-1,-1,-1
144,19,820.70,448.71,85.03,264.38,0.5448,-1,-1,-1
144,20,1830.21,463.39,87.47,185.61,0.2112,-1,-1,-1
144,26,1673.87,435.40,99.42,156.93,0.1612,-1,-1,-1
144,75,419.83,473.68,41.19,86.81,0.1633,-1,-1,-1
144,86,475.22,463.54,48.88,110.41,0.3225,-1,-1,-1
144,93,874.32,439.57,84.27,245.71,0.3073,-1,-1,-1
145,2,693.58,438.60,143.20,330.22,0.7511,-1,-1,-1
145,3,540.63,437.35,182.19,440.84,0.6339,-1,-1,-1
145,9,1206.72,443.06,34.18,110.31,0.3647,-1,-1,-1
145,11,960.36,436.87,33.88,90.24,0.2052,-1,-1,-1
145,12,1080.71,461.07,48.65,133.95,0.2607,-1,-1,-1
145,19,823.47,455.32,82.62,256.05,0.5678,-1,-1,-1
145,20,1829.79,460.65,87.08,188.74,0.2182,-1,-1,-1
145,26,1675.01,435.35,97.14,156.35,0.1519,-1,-1,-1
145,75,419.12,474.85,41.92,87.82,0.1738,-1,-1,-1
145,86,476.25,470.14,49.32,104.93,0.3476,-1,-1,-1
145,93,879.46,439.06,79.20,243.01,0.3471,-1,-1,-1
145,94,497.21,458.06,38.28,113.53,0.1584,-1,-1,-1
146,2,697.21,438.40,141.20,331.23,0.7430,-1,-1,-1
146,3,540.45,439.16,181.78,444.81,0.7284,-1,-1,-1
146,9,1206.94,443.50,33.59,107.36,0.4385,-1,-1,-1
146,11,963.09,437.94,35.39,89.35,0.2458,-1,-1,-1
146,12,1079.64,463.63,49.59,132.18,0.3145,-1,-1,-1
146,19,826.14,454.80,81.78,255.27,0.6558,-1,-1,-1
146,20,1828.71,463.51,86.72,186.94,0.1892,-1,-1,-1
146,26,1673.63,436.07,96.10,156.28,0.1654,-1,-1,-1
146,75,416.18,473.29,44.82,86.95,0.1801,-1,-1,-1
146,86,476.24,472.70,47.71,101.50,0.3686,-1,-1,-1
146,93,877.56,433.50,79.39,247.14,0.3552,-1,-1,-1
146,94,495.98,458.64,39.61,111.27,0.2303,-1,-1,-1
147,2,701.32,437.64,136.80,334.68,0.7977,-1,-1,-1
147,3,541.19,440.67,179.68,448.24,0.7202,-1,-1,-1
147,9,1203.10,447.66,36.24,101.63,0.4762,-1,-1,-1
147,11,965.10,440.36,42.13,95.68,0.2860,-1,-1,-1
147,12,1081.55,460.41,49.31,134.10,0.3542,-1,-1,-1
147,19,827.25,457.90,81.90,252.28,0.6119,-1,-1,-1
147,20,1829.73,463.60,86.52,186.58,0.1961,-1,-1,-1
147,26,1673.13,435.87,97.29,156.59,0.1698,-1,-1,-1
147,75,417.21,474.53,42.74,89.34,0.1533,-1,-1,-1
147,86,475.38,468.93,47.21,103.67,0.3377,-1,-1,-1
147,93,879.51,432.42,80.98,248.37,0.4328,-1,-1,-1
147,94,494.70,459.23,40.27,109.03,0.2441,-1,-1,-1
147,96,785.66,453.31,51.68,146.18,0.2225,-1,-1,-1
148,2,702.59,437.41,135.74,333.38,0.7744,-1,-1,-1
148,3,539.93,440.78,181.39,451.73,0.7250,-1,-1,-1
148,9,1203.40,446.89,35.16,104.33,0.4493,-1,-1,-1
148,11,962.92,439.08,45.12,98.68,0.2480,-1,-1,-1
148,12,1082.41,457.99,49.36,136.27,0.3643,-1,-1,-1
148,19,827.77,456.84,84.48,254.36,0.6526,-1,-1,-1
148,20,1829.49,468.03,78.91,184.58,0.2044,-1,-1,-1
148,26,1673.24,434.71,99.12,157.58,0.1656,-1,-1,-1
148,75,416.45,473.47,43.77,90.88,0.1636,-1,-1,-1
148,86,475.22,470.78,46.67,102.86,0.3711,-1,-1,-1
148,93,882.56,431.84,80.81,247.34,0.3675,-1,-1,-1
148,94,494.67,457.59,41.86,111.14,0.2030,-1,-1,-1
149,2,707.22,437.40,131.57,337.14,0.8076,-1,-1,-1
149,3,544.33,438.61,171.83,455.24,0.7301,-1,-1,-1
149,9,1199.72,448.09,39.16,101.37,0.4544,-1,-1,-1
149,11,962.86,439.05,48.23,101.31,0.2189,-1,-1,-1
149,12,1079.23,459.71,49.17,135.56,0.3016,-1,-1,-1
149,19,830.30,455.99,83.92,253.30,0.6589,-1,-1,-1
149,20,1832.59,468.82,79.70,182.36,0.2790,-1,-1,-1
149,26,1672.84,433.84,98.89,158.33,0.1543,-1,-1,-1
149,75,416.69,473.01,44.04,90.43,0.1927,-1,-1,-1
149,86,474.72,469.19,46.15,103.31,0.2920,-1,-1,-1
149,93,885.35,439.66,85.91,240.20,0.5616,-1,-1,-1
149,94,501.38,459.61,36.51,108.66,0.2815,-1,-1,-1
150,2,710.51,435.98,127.82,338.89,0.8110,-1,-1,-1
150,3,546.07,436.65,172.54,458.16,0.7688,-1,-1,-1
150,6,960.54,439.19,51.16,127.15,0.2250,-1,-1,-1
150,9,1196.75,450.38,41.74,98.60,0.4432,-1,-1,-1
150,12,1079.90,458.70,49.87,135.45,0.3430,-1,-1,-1
150,19,831.43,451.19,85.69,258.62,0.6492,-1,-1,-1
150,20,1828.88,464.18,80.75,185.75,0.2667,-1,-1,-1
150,26,1668.36,431.29,69.39,156.39,0.1686,-1,-1,-1
150,75,418.65,474.30,44.35,89.54,0.1859,-1,-1,-1
150,86,472.03,470.83,43.11,102.09,0.3354,-1,-1,-1
150,93,889.24,440.31,78.34,238.80,0.6119,-1,-1,-1
150,94,501.95,456.11,37.40,110.68,0.3043,-1,-1,-1
150,98,1129.96,462.05,29.64,83.27,0.2187,-1,-1,-1
151,2,714.30,436.56,126.71,340.10,0.8001,-1,-1,-1
151,3,544.14,438.46,170.17,456.22,0.7591,-1,-1,-1
151,9,1197.31,451.28,40.17,98.20,0.4640,-1,-1,-1
151,11,960.67,440.05,50.96,109.93,0.2314,-1,-1,-1
151,12,1079.92,456.24,51.10,137.29,0.3181,-1,-1,-1
151,19,830.02,448.62,89.69,263.47,0.6711,-1,-1,-1
151,20,1828.16,467.08,81.42,183.63,0.2755,-1,-1,-1
151,26,1668.37,431.65,69.49,157.40,0.1699,-1,-1,-1
151,86,471.01,472.24,43.42,100.99,0.3664,-1,-1,-1
151,93,890.41,438.13,84.07,239.48,0.6622,-1,-1,-1
151,94,501.23,455.31,39.11,111.10,0.2643,-1,-1,-1
151,98,1130.05,460.12,29.45,85.88,0.2735,-1,-1,-1
152,2,714.92,435.93,117.70,339.41,0.8059,-1,-1,-1
152,3,544.35,438.36,175.41,457.82,0.7525,-1,-1,-1
152,6,959.45,439.64,51.96,128.29,0.2407,-1,-1,-1
152,9,1195.65,451.13,40.91,98.25,0.4819,-1,-1,-1
152,12,1080.14,456.34,51.27,137.27,0.2943,-1,-1,-1
152,19,830.00,444.86,89.40,273.61,0.7111,-1,-1,-1
152,20,1833.08,466.06,71.65,179.62,0.2177,-1,-1,-1
152,86,470.94,472.92,44.39,99.03,0.1859,-1,-1,-1
152,93,890.64,438.05,81.05,240.83,0.4460,-1,-1,-1
152,94,500.33,456.13,38.26,108.84,0.2470,-1,-1,-1
152,98,1128.60,459.52,30.74,85.60,0.3567,-1,-1,-1
153,2,715.09,435.03,123.64,341.67,0.8437,-1,-1,-1
153,3,538.75,437.38,163.87,456.59,0.7399,-1,-1,-1
153,6,959.87,439.16,51.81,136.69,0.2630,-1,-1,-1
153,9,1194.26,451.29,39.42,96.55,0.4862,-1,-1,-1
153,12,1079.04,452.22,51.45,141.17,0.3176,-1,-1,-1
153,19,830.90,445.31,89.20,271.50,0.7249,-1,-1,-1
153,20,1829.53,467.83,70.72,180.88,0.2692,-1,-1,-1
153,26,1671.49,434.16,100.86,156.06,0.1625,-1,-1,-1
153,75,417.84,474.69,43.36,89.11,0.1603,-1,-1,-1
153,86,469.25,472.83,45.14,98.05,0.1947,-1,-1,-1
153,93,884.47,426.73,96.05,169.15,0.2313,-1,-1,-1
153,94,502.16,461.93,36.61,101.92,0.2465,-1,-1,-1
153,98,1130.20,458.38,29.78,86.48,0.2720,-1,-1,-1
153,99,1141.58,462.46,26.12,80.59,0.1864,-1,-1,-1
153,100,1153.62,460.59,24.56,82.26,0.1913,-1,-1,-1
154,2,717.42,435.56,122.44,340.57,0.8570,-1,-1,-1
154,3,537.33,431.85,163.18,462.30,0.7486,-1,-1,-1
154,6,961.16,440.07,49.83,139.85,0.2364,-1,-1,-1
154,9,1193.97,451.51,37.84,96.08,0.5308,-1,-1,-1
154,12,1076.37,453.70,52.88,139.84,0.2058,-1,-1,-1
154,19,832.41,450.68,86.40,274.94,0.6949,-1,-1,-1
154,20,1829.53,464.40,75.39,184.53,0.1901,-1,-1,-1
154,26,1670.12,433.26,100.65,159.27,0.1651,-1,-1,-1
154,86,466.95,476.13,45.51,94.68,0.1716,-1,-1,-1
154,93,895.11,438.34,72.86,235.22,0.5447,-1,-1,-1
154,94,500.10,466.86,37.87,96.30,0.1850,-1,-1,-1
154,98,1131.45,458.45,30.86,86.58,0.3171,-1,-1,-1
154,100,1152.32,460.34,24.98,83.26,0.2250,-1,-1,-1
155,2,719.45,436.62,123.55,340.06,0.8591,-1,-1,-1
155,3,531.61,433.64,169.38,462.11,0.7408,-1,-1,-1
155,6,961.47,437.47,49.56,135.20,0.3256,-1,-1,-1
155,9,1192.63,452.18,37.84,96.28,0.5442,-1,-1,-1
155,12,1076.39,456.79,52.19,137.00,0.2677,-1,-1,-1
155,19,833.35,448.36,86.88,279.03,0.6800,-1,-1,-1
155,20,1831.56,465.47,69.02,179.82,0.1943,-1,-1,-1
155,26,1667.52,432.09,106.77,159.90,0.1986,-1,-1,-1
155,77,1877.37,387.07,42.00,246.28,0.1578,-1,-1,-1
155,86,466.32,477.19,44.13,94.38,0.2755,-1,-1,-1
155,93,897.22,436.64,74.12,244.26,0.6243,-1,-1,-1
155,94,498.23,466.67,38.20,95.63,0.1644,-1,-1,-1
155,98,1132.19,458.44,32.27,87.43,0.2665,-1,-1,-1
155,100,1146.80,458.04,27.21,86.83,0.1968,-1,-1,-1
156,2,722.35,433.50,120.95,342.22,0.8377,-1,-1,-1
156,3,531.65,434.58,164.68,461.11,0.7565,-1,-1,-1
156,6,962.54,438.50,47.57,133.02,0.3095,-1,-1,-1
156,9,1191.71,449.37,36.50,97.40,0.5351,-1,-1,-1
156,12,1077.53,457.54,50.98,135.88,0.2942,-1,-1,-1
156,19,834.15,444.72,89.07,283.54,0.6884,-1,-1,-1
156,20,1828.99,466.44,71.39,178.32,0.1642,-1,-1,-1
156,26,1668.07,431.64,115.05,154.96,0.1836,-1,-1,-1
156,75,419.41,477.55,40.83,86.32,0.1659,-1,-1,-1
156,77,1877.89,387.05,41.41,245.51,0.2258,-1,-1,-1
156,86,465.60,476.01,42.92,94.07,0.2780,-1,-1,-1
156,93,899.47,437.03,70.43,248.85,0.5882,-1,-1,-1
156,101,660.97,440.65,86.06,337.98,0.3808,-1,-1,-1
157,2,722.62,433.40,127.30,342.00,0.8118,-1,-1,-1
157,3,529.31,434.81,166.22,461.96,0.7262,-1,-1,-1
157,6,960.52,438.61,49.46,140.68,0.4030,-1,-1,-1
157,9,1190.92,453.29,33.88,94.62,0.4867,-1,-1,-1
157,12,1076.73,458.57,52.16,135.10,0.2781,-1,-1,-1
157,19,838.01,444.52,87.72,282.09,0.6966,-1,-1,-1
157,20,1828.80,469.36,72.32,176.80,0.2173,-1,-1,-1
157,26,1668.28,431.93,112.97,153.56,0.2098,-1,-1,-1
157,75,419.93,477.12,40.64,83.28,0.1766,-1,-1,-1
157,77,1877.86,388.25,41.38,247.14,0.2026,-1,-1,-1
157,86,466.28,474.32,41.41,96.07,0.2346,-1,-1,-1
157,93,902.81,437.17,71.56,251.24,0.4400,-1,-1,-1
157,101,660.55,439.22,85.30,341.16,0.4326,-1,-1,-1
158,2,726.23,433.11,129.96,341.01,0.7642,-1,-1,-1
158,3,530.65,431.77,169.00,464.83,0.7492,-1,-1,-1
158,6,963.88,438.11,47.42,141.15,0.2687,-1,-1,-1
158,9,1191.49,458.15,30.66,89.69,0.3838,-1,-1,-1
158,12,1077.12,458.74,52.91,135.36,0.2945,-1,-1,-1
158,19,842.14,444.86,91.25,283.94,0.7171,-1,-1,-1
158,20,1829.18,465.58,73.64,183.47,0.2166,-1,-1,-1
158,26,1669.31,433.82,99.80,157.91,0.1839,-1,-1,-1
158,75,419.99,476.78,40.67,82.81,0.1704,-1,-1,-1
158,77,1877.62,387.32,41.55,252.19,0.1607,-1,-1,-1
158,86,465.51,474.10,41.23,94.31,0.2609,-1,-1,-1
158,93,897.02,443.15,87.42,245.28,0.2368,-1,-1,-1
158,101,664.98,438.16,81.54,343.84,0.5344,-1,-1,-1
159,2,732.20,435.45,128.95,338.46,0.7617,-1,-1,-1
159,3,522.45,431.44,177.67,464.10,0.7795,-1,-1,-1
159,6,966.93,438.59,43.61,141.57,0.2144,-1,-1,-1
159,9,1191.08,456.49,30.30,89.57,0.2551,-1,-1,-1
159,12,1078.96,458.30,49.56,135.29,0.3050,-1,-1,-1
159,19,844.16,445.17,86.24,285.23,0.7386,-1,-1,-1
159,20,1829.12,468.13,71.63,182.11,0.2412,-1,-1,-1
159,26,1668.32,433.08,97.63,160.74,0.2031,-1,-1,-1
159,86,465.48,471.07,40.26,95.61,0.2073,-1,-1,-1
159,93,899.31,441.89,90.84,244.60,0.4174,-1,-1,-1
159,94,497.98,457.45,42.59,103.13,0.2318,-1,-1,-1
159,98,1137.24,463.03,35.20,81.36,0.1727,-1,-1,-1
159,101,667.38,437.28,82.84,345.40,0.5173,-1,-1,-1
159,102,910.77,440.10,68.51,140.29,0.2305,-1,-1,-1
159,103,1092.28,457.09,37.69,95.44,0.2178,-1,-1,-1
160,2,738.70,430.63,118.19,344.39,0.7588,-1,-1,-1
160,3,527.49,432.65,169.85,461.12,0.7844,-1,-1,-1
160,6,967.58,437.69,41.21,138.30,0.2256,-1,-1,-1
160,9,1190.75,455.83,30.76,89.56,0.1514,-1,-1,-1
160,12,1077.73,458.54,50.04,135.26,0.2990,-1,-1,-1
160,19,845.48,447.69,85.45,280.89,0.7413,-1,-1,-1
160,20,1828.22,464.82,76.25,185.09,0.2054,-1,-1,-1
160,26,1667.77,433.28,101.39,160.19,0.1796,-1,-1,-1
160,86,465.31,471.75,40.03,97.14,0.2205,-1,-1,-1
160,93,901.69,442.03,92.63,254.54,0.1978,-1,-1,-1
160,94,496.14,459.45,46.87,101.98,0.2187,-1,-1,-1
160,98,1137.74,452.16,37.33,91.47,0.2272,-1,-1,-1
160,101,668.70,437.69,81.85,345.81,0.5323,-1,-1,-1
160,102,913.52,439.19,68.96,142.34,0.3848,-1,-1,-1
160,103,1093.50,457.59,36.39,95.12,0.1956,-1,-1,-1
161,2,741.36,429.85,117.42,345.53,0.7790,-1,-1,-1
161,3,528.05,434.83,169.99,457.20,0.7808,-1,-1,-1
161,9,1189.57,456.37,31.48,88.36,0.1524,-1,-1,-1
161,12,1077.85,459.17,49.88,134.05,0.3061,-1,-1,-1
161,19,847.40,448.03,87.02,280.72,0.7504,-1,-1,-1
161,20,1827.83,463.70,76.97,186.94,0.2042,-1,-1,-1
161,86,465.23,470.43,37.56,96.62,0.1985,-1,-1,-1
161,94,494.91,458.72,45.63,102.36,0.2152,-1,-1,-1
161,98,1137.36,442.23,41.87,101.37,0.2704,-1,-1,-1
161,101,668.38,440.21,83.36,347.29,0.6252,-1,-1,-1
161,102,917.91,440.08,69.28,143.86,0.4000,-1,-1,-1
161,103,1094.00,457.98,35.44,96.51,0.1821,-1,-1,-1
162,2,744.17,429.65,116.08,348.71,0.7779,-1,-1,-1
162,3,525.74,432.94,179.05,459.83,0.7730,-1,-1,-1
162,9,1189.61,454.60,29.81,88.76,0.2638,-1,-1,-1
162,12,1077.98,459.72,49.10,133.64,0.2252,-1,-1,-1
162,19,848.68,449.33,89.30,281.66,0.7437,-1,-1,-1
162,20,1832.99,465.00,70.56,180.89,0.1726,-1,-1,-1
162,26,1667.67,433.83,106.79,158.97,0.1567,-1,-1,-1
162,86,463.98,472.98,37.28,92.74,0.1572,-1,-1,-1
162,93,914.68,444.97,91.89,250.13,0.1990,-1,-1,-1
162,94,495.17,457.60,45.79,102.47,0.2395,-1,-1,-1
162,98,1138.18,440.45,41.57,103.13,0.3197,-1,-1,-1
162,101,669.71,440.81,82.25,350.42,0.6213,-1,-1,-1
162,102,917.34,441.29,80.11,142.51,0.3191,-1,-1,-1
163,2,745.80,431.88,115.88,347.31,0.7899,-1,-1,-1
163,3,528.17,432.63,179.48,462.20,0.8000,-1,-1,-1
163,9,1189.33,444.95,29.83,99.87,0.4379,-1,-1,-1
163,12,1079.03,460.28,47.98,132.85,0.2134,-1,-1,-1
163,19,851.45,449.86,92.68,281.74,0.7396,-1,-1,-1
163,20,1828.35,465.87,80.20,184.44,0.1987,-1,-1,-1
163,26,1668.08,431.25,113.24,156.71,0.1991,-1,-1,-1
163,93,921.35,439.82,80.99,257.33,0.5735,-1,-1,-1
163,98,1138.14,438.05,45.91,105.79,0.3611,-1,-1,-1
163,101,670.83,440.85,80.89,360.08,0.5952,-1,-1,-1
163,103,1095.13,457.95,33.90,95.14,0.1572,-1,-1,-1
164,2,748.70,431.89,116.16,351.13,0.7863,-1,-1,-1
164,3,527.53,431.36,184.90,466.88,0.7893,-1,-1,-1
164,9,1187.05,443.31,31.61,101.59,0.5076,-1,-1,-1
164,12,1080.14,461.39,47.61,131.48,0.2829,-1,-1,-1
164,19,852.29,449.98,101.55,283.18,0.7081,-1,-1,-1
164,20,1828.92,466.82,75.48,184.55,0.2445,-1,-1,-1
164,26,1668.14,431.74,114.00,156.26,0.1738,-1,-1,-1
164,93,921.92,439.56,83.35,256.10,0.5582,-1,-1,-1
164,98,1137.87,438.06,45.89,108.53,0.3954,-1,-1,-1
164,101,671.36,438.83,84.32,362.79,0.5993,-1,-1,-1
165,2,748.82,430.59,116.53,352.79,0.7890,-1,-1,-1
165,3,528.84,431.26,188.61,469.04,0.8058,-1,-1,-1
165,9,1186.21,454.61,31.69,92.38,0.3335,-1,-1,-1
165,12,1079.53,461.08,48.98,131.95,0.2434,-1,-1,-1
165,19,854.94,450.87,112.46,282.15,0.6614,-1,-1,-1
165,20,1829.65,467.07,79.53,184.28,0.3081,-1,-1,-1
165,26,1669.88,434.22,99.83,157.77,0.1745,-1,-1,-1
165,93,920.58,438.65,86.72,259.98,0.5198,-1,-1,-1
165,98,1144.26,442.55,39.23,103.44,0.2557,-1,-1,-1
165,101,672.10,441.02,90.25,347.74,0.6939,-1,-1,-1
166,2,750.54,430.84,116.30,356.61,0.7908,-1,-1,-1
166,3,528.79,431.69,190.98,470.99,0.7935,-1,-1,-1
166,9,1186.45,456.84,31.70,89.35,0.2960,-1,-1,-1
166,12,1079.64,457.78,49.43,135.25,0.2463,-1,-1,-1
166,19,856.36,454.02,108.27,284.06,0.6399,-1,-1,-1
166,20,1832.67,463.20,80.00,186.82,0.2042,-1,-1,-1
166,26,1667.22,430.17,62.35,158.13,0.1706,-1,-1,-1
166,93,926.67,434.96,80.80,256.79,0.5078,-1,-1,-1
166,98,1144.76,442.74,40.97,102.72,0.2402,-1,-1,-1
166,101,673.08,442.04,91.93,350.38,0.7229,-1,-1,-1
167,2,750.48,431.35,116.55,356.25,0.7970,-1,-1,-1
167,3,530.64,432.74,195.77,471.09,0.8015,-1,-1,-1
167,9,1186.59,458.67,32.02,88.69,0.2283,-1,-1,-1
167,12,1079.22,456.99,50.24,136.87,0.2493,-1,-1,-1
167,19,859.86,450.00,126.26,283.16,0.7054,-1,-1,-1
167,20,1832.26,463.12,82.59,186.75,0.2117,-1,-1,-1
167,26,1670.44,433.57,92.69,158.05,0.1545,-1,-1,-1
167,93,931.89,435.72,76.22,250.35,0.5910,-1,-1,-1
167,98,1145.64,442.94,40.38,103.36,0.2483,-1,-1,-1
167,101,674.11,441.87,91.00,351.46,0.7096,-1,-1,-1
167,105,1000.45,444.22,32.23,84.68,0.1766,-1,-1,-1
168,2,752.27,432.79,116.38,356.57,0.7932,-1,-1,-1
168,3,531.62,434.46,210.72,467.57,0.8078,-1,-1,-1
168,9,1187.26,455.57,28.40,89.80,0.1908,-1,-1,-1
168,12,1078.68,457.71,50.25,135.96,0.2529,-1,-1,-1
168,19,862.08,446.73,128.43,286.66,0.7508,-1,-1,-1
168,20,1832.05,468.01,73.63,183.38,0.2503,-1,-1,-1
168,26,1705.17,435.92,79.70,152.55,0.1991,-1,-1,-1
168,93,937.65,434.14,72.87,245.17,0.5948,-1,-1,-1
168,98,1145.47,441.00,45.91,104.02,0.3479,-1,-1,-1
168,101,674.26,442.51,90.61,353.97,0.7276,-1,-1,-1
168,105,1000.95,441.69,30.33,84.34,0.1905,-1,-1,-1
169,2,753.10,434.74,114.97,355.26,0.8001,-1,-1,-1
169,3,532.31,428.69,223.63,471.64,0.8084,-1,-1,-1
169,9,1187.31,457.99,28.25,88.21,0.1689,-1,-1,-1
169,12,1079.00,456.30,49.68,137.68,0.2566,-1,-1,-1
169,19,864.52,446.54,120.71,288.98,0.7801,-1,-1,-1
169,20,1830.83,466.24,65.24,182.64,0.2302,-1,-1,-1
169,86,467.91,469.52,41.99,105.29,0.2499,-1,-1,-1
169,93,942.42,433.91,68.87,239.53,0.5910,-1,-1,-1
169,98,1147.14,440.69,44.41,104.39,0.3555,-1,-1,-1
169,101,675.96,442.54,89.97,355.00,0.7356,-1,-1,-1
169,105,1000.14,440.95,30.12,84.82,0.2232,-1,-1,-1
170,2,755.96,435.24,114.30,355.52,0.7810,-1,-1,-1
170,3,532.17,429.49,234.06,470.92,0.8299,-1,-1,-1
170,9,1187.07,454.61,30.27,90.48,0.1744,-1,-1,-1
170,12,1078.34,456.15,50.57,137.63,0.2526,-1,-1,-1
170,19,869.11,446.28,117.66,290.30,0.7985,-1,-1,-1
170,20,1831.77,465.49,61.69,184.19,0.2414,-1,-1,-1
170,86,468.65,468.22,38.05,108.30,0.2703,-1,-1,-1
170,93,943.65,433.97,70.06,235.26,0.6173,-1,-1,-1
170,98,1147.17,442.29,44.77,103.18,0.4363,-1,-1,-1
170,101,677.85,442.23,87.69,356.26,0.7284,-1,-1,-1
171,2,757.49,435.47,112.67,348.01,0.7896,-1,-1,-1
171,3,534.87,430.36,239.86,470.52,0.8574,-1,-1,-1
171,9,1187.71,455.01,29.77,90.22,0.1928,-1,-1,-1
171,12,1079.71,454.32,49.37,138.73,0.2227,-1,-1,-1
171,19,870.78,446.75,116.38,291.37,0.7918,-1,-1,-1
171,20,1832.53,466.58,62.92,183.69,0.2577,-1,-1,-1
171,86,468.09,466.95,37.20,109.71,0.2758,-1,-1,-1
171,93,946.22,436.40,71.67,246.63,0.6678,-1,-1,-1
171,98,1145.94,444.54,46.92,101.07,0.4404,-1,-1,-1
171,101,677.95,442.27,89.84,360.71,0.7301,-1,-1,-1
172,2,760.17,436.48,117.18,345.93,0.8126,-1,-1,-1
172,3,536.87,433.68,239.33,469.85,0.8476,-1,-1,-1
172,9,1188.49,460.05,29.93,86.38,0.1650,-1,-1,-1
172,12,1080.02,454.44,49.38,139.67,0.2847,-1,-1,-1
172,19,870.37,447.44,117.48,290.96,0.7947,-1,-1,-1
172,20,1831.12,464.59,67.65,184.79,0.2710,-1,-1,-1
172,26,1670.83,434.75,100.72,158.30,0.1662,-1,-1,-1
172,86,470.27,466.33,37.14,110.78,0.3009,-1,-1,-1
172,93,950.68,435.57,74.55,251.30,0.6841,-1,-1,-1
172,98,1146.91,445.60,43.20,100.67,0.4060,-1,-1,-1
172,101,680.17,444.96,84.72,357.09,0.7007,-1,-1,-1
173,2,761.79,437.51,117.94,344.50,0.8189,-1,-1,-1
173,3,538.68,432.50,231.61,469.71,0.8566,-1,-1,-1
173,9,1165.96,453.40,37.47,92.33,0.2020,-1,-1,-1
173,12,1085.96,455.04,44.76,140.25,0.3410,-1,-1,-1
173,19,872.81,444.98,116.59,293.77,0.7873,-1,-1,-1
173,20,1831.48,467.00,61.34,182.46,0.2308,-1,-1,-1
173,26,1670.37,432.19,98.84,160.25,0.2161,-1,-1,-1
173,86,469.97,468.75,36.80,108.74,0.2837,-1,-1,-1
173,93,951.64,434.72,76.31,258.11,0.6615,-1,-1,-1
173,98,1147.32,446.37,40.94,100.40,0.3464,-1,-1,-1
173,101,681.28,446.52,89.31,350.21,0.6240,-1,-1,-1
174,2,762.01,439.41,121.08,348.88,0.8228,-1,-1,-1
174,3,543.50,432.73,229.25,472.07,0.8522,-1,-1,-1
174,9,1169.55,454.09,36.80,92.84,0.2588,-1,-1,-1
174,12,1084.64,455.48,46.59,140.28,0.4153,-1,-1,-1
174,19,874.68,444.83,118.10,293.78,0.7876,-1,-1,-1
174,20,1830.57,465.96,66.73,184.10,0.2765,-1,-1,-1
174,26,1668.82,430.20,112.82,156.84,0.2213,-1,-1,-1
174,86,468.56,467.73,36.19,106.22,0.2818,-1,-1,-1
174,93,953.82,435.65,74.66,258.93,0.6312,-1,-1,-1
174,98,1148.53,448.60,40.39,98.77,0.2839,-1,-1,-1
174,101,687.00,450.67,84.12,348.42,0.4749,-1,-1,-1
174,109,492.64,469.59,36.56,90.76,0.1970,-1,-1,-1
175,2,767.33,439.86,116.92,350.67,0.8434,-1,-1,-1
175,3,551.56,433.90,223.33,471.26,0.8355,-1,-1,-1
175,9,1151.26,453.32,54.62,94.22,0.4228,-1,-1,-1
175,12,1084.65,456.16,45.81,139.77,0.3226,-1,-1,-1
175,19,876.17,444.10,116.33,294.34,0.7924,-1,-1,-1
175,20,1830.34,468.62,62.45,181.28,0.2904,-1,-1,-1
175,26,1669.57,429.97,112.34,155.70,0.2094,-1,-1,-1
175,86,467.24,463.37,36.79,109.77,0.3294,-1,-1,-1
175,93,957.20,435.21,76.16,260.50,0.6014,-1,-1,-1
175,101,695.69,466.89,79.35,337.31,0.2060,-1,-1,-1
175,109,492.07,469.03,36.92,92.06,0.1852,-1,-1,-1
176,2,767.96,441.65,115.15,356.36,0.8305,-1,-1,-1
176,3,560.25,432.89,213.71,475.04,0.7968,-1,-1,-1
176,9,1153.74,455.65,53.04,90.77,0.4384,-1,-1,-1
176,12,1081.48,455.39,48.85,139.89,0.3475,-1,-1,-1
176,19,877.81,443.79,114.32,294.27,0.7983,-1,-1,-1
176,20,1829.57,466.53,67.04,182.63,0.2433,-1,-1,-1
176,26,1669.63,429.09,111.95,157.38,0.1996,-1,-1,-1
176,86,469.27,466.27,37.83,110.65,0.3225,-1,-1,-1
176,93,960.30,434.36,81.64,259.00,0.5874,-1,-1,-1
177,2,767.68,440.98,118.34,355.48,0.8228,-1,-1,-1
177,3,558.86,436.82,214.16,472.24,0.7982,-1,-1,-1
177,9,1156.20,450.53,49.50,97.23,0.3973,-1,-1,-1
177,12,1083.88,454.61,46.42,140.31,0.2484,-1,-1,-1
177,19,880.50,446.38,114.57,291.87,0.7898,-1,-1,-1
177,20,1829.24,466.91,69.66,181.88,0.2490,-1,-1,-1
177,86,467.38,468.49,37.46,109.36,0.3347,-1,-1,-1
177,93,962.18,434.35,84.78,260.98,0.5190,-1,-1,-1
177,103,1101.77,455.25,29.21,100.68,0.1609,-1,-1,-1
178,2,773.76,440.35,111.34,356.15,0.8096,-1,-1,-1
178,3,562.08,433.34,212.89,474.91,0.8392,-1,-1,-1
178,9,1154.92,446.62,45.32,99.70,0.4758,-1,-1,-1
178,12,1079.69,451.87,50.39,142.83,0.2769,-1,-1,-1
178,19,887.72,447.63,108.39,289.55,0.7653,-1,-1,-1
178,20,1830.20,468.83,62.97,177.07,0.1983,-1,-1,-1
178,26,1670.41,430.11,112.20,156.53,0.1520,-1,-1,-1
178,77,1879.11,392.37,40.17,239.33,0.2105,-1,-1,-1
178,86,464.69,463.47,40.81,112.27,0.3350,-1,-1,-1
178,93,962.88,433.08,92.98,265.04,0.4584,-1,-1,-1
178,109,495.50,452.75,45.07,110.65,0.2040,-1,-1,-1
178,111,574.09,436.27,53.87,104.93,0.2528,-1,-1,-1
179,2,774.64,439.08,113.66,355.15,0.7901,-1,-1,-1
179,3,571.73,432.52,203.80,477.87,0.8621,-1,-1,-1
179,9,1157.38,451.35,44.92,96.84,0.4627,-1,-1,-1
179,12,1077.08,454.21,51.01,140.63,0.2659,-1,-1,-1
179,19,891.57,445.67,104.94,292.22,0.7734,-1,-1,-1
179,20,1826.85,467.38,68.69,181.83,0.1615,-1,-1,-1
179,26,1671.38,431.81,111.07,153.57,0.1805,-1,-1,-1
179,77,1880.87,398.44,38.55,238.40,0.1587,-1,-1,-1
179,86,464.34,460.62,40.45,115.66,0.3514,-1,-1,-1
179,93,964.09,434.77,94.87,263.96,0.5232,-1,-1,-1
179,109,495.29,451.41,47.72,112.34,0.2165,-1,-1,-1
179,111,571.37,442.42,57.69,102.63,0.2529,-1,-1,-1
179,112,962.37,435.64,46.84,266.62,0.2544,-1,-1,-1
180,2,777.36,437.89,118.81,357.74,0.7649,-1,-1,-1
180,3,577.93,430.04,197.87,479.57,0.8399,-1,-1,-1
180,9,1157.70,449.91,40.03,98.10,0.4494,-1,-1,-1
180,12,1078.85,452.97,50.21,141.42,0.3249,-1,-1,-1
180,19,896.68,445.05,99.09,293.08,0.7770,-1,-1,-1
180,77,1877.19,392.08,41.81,239.18,0.2175,-1,-1,-1
180,86,465.35,464.56,38.67,111.48,0.4746,-1,-1,-1
180,93,969.25,434.01,105.42,261.88,0.4865,-1,-1,-1
180,109,498.15,453.75,44.24,110.57,0.1986,-1,-1,-1
180,111,572.34,443.69,56.65,112.06,0.3414,-1,-1,-1
180,112,964.38,442.31,42.99,269.78,0.1817,-1,-1,-1
181,2,778.75,436.22,115.82,358.47,0.7561,-1,-1,-1
181,3,582.75,423.96,195.67,486.95,0.8645,-1,-1,-1
181,9,1156.20,444.91,40.61,101.21,0.4800,-1,-1,-1
181,12,1078.96,446.16,51.24,149.84,0.3509,-1,-1,-1
181,19,902.90,443.53,95.87,295.89,0.7278,-1,-1,-1
181,77,1877.11,391.78,42.13,237.22,0.1902,-1,-1,-1
181,86,466.67,467.24,37.31,107.74,0.3696,-1,-1,-1
181,93,971.42,437.08,89.64,263.30,0.6196,-1,-1,-1
181,109,496.81,455.99,42.65,107.40,0.1641,-1,-1,-1
181,111,570.86,449.95,59.90,111.34,0.4076,-1,-1,-1
182,2,780.95,435.31,116.37,364.19,0.7532,-1,-1,-1
182,3,583.34,423.97,198.58,486.40,0.8653,-1,-1,-1
182,9,1157.25,446.44,37.94,100.39,0.5447,-1,-1,-1
182,12,1081.64,444.90,49.66,152.40,0.3727,-1,-1,-1
182,19,912.56,445.95,89.23,296.70,0.7130,-1,-1,-1
182,75,415.15,475.95,39.58,85.32,0.2009,-1,-1,-1
182,77,1877.29,391.76,42.01,234.02,0.1759,-1,-1,-1
182,86,466.90,471.10,37.71,103.81,0.4221,-1,-1,-1
182,93,977.29,435.08,88.14,268.40,0.6124,-1,-1,-1
182,111,571.16,444.67,58.66,121.04,0.4496,-1,-1,-1
183,2,783.14,434.42,118.15,367.40,0.7695,-1,-1,-1
183,3,587.16,424.77,194.93,485.91,0.8583,-1,-1,-1
183,9,1158.08,449.07,35.98,97.92,0.5412,-1,-1,-1
183,12,1082.57,444.80,48.78,152.53,0.3258,-1,-1,-1
183,19,916.83,442.96,90.22,298.20,0.7463,-1,-1,-1
183,75,413.79,475.67,40.96,86.76,0.1879,-1,-1,-1
183,77,1876.91,391.91,42.32,234.61,0.2090,-1,-1,-1
183,86,466.45,472.20,39.00,103.26,0.3812,-1,-1,-1
183,93,980.22,436.68,86.60,261.20,0.6249,-1,-1,-1
183,111,570.61,448.57,59.98,130.66,0.4806,-1,-1,-1
184,2,783.87,433.77,118.70,367.97,0.7829,-1,-1,-1
184,3,591.33,425.94,191.72,484.13,0.8523,-1,-1,-1
184,9,1154.89,451.05,40.55,97.98,0.6062,-1,-1,-1
184,12,1082.61,442.17,50.25,154.54,0.3371,-1,-1,-1
184,19,924.00,441.23,86.70,299.63,0.7691,-1,-1,-1
184,75,413.36,475.29,41.93,87.65,0.2010,-1,-1,-1
184,77,1877.00,391.69,42.24,236.06,0.1977,-1,-1,-1
184,86,466.07,472.20,38.80,102.82,0.4025,-1,-1,-1
184,93,982.72,439.95,85.88,245.95,0.6323,-1,-1,-1
184,111,571.98,444.83,58.59,146.71,0.4361,-1,-1,-1
185,2,785.94,434.52,118.24,369.02,0.7814,-1,-1,-1
185,3,599.40,427.96,185.50,482.05,0.8411,-1,-1,-1
185,9,1155.64,451.60,40.00,95.35,0.5556,-1,-1,-1
185,12,1082.09,438.29,50.67,158.50,0.3222,-1,-1,-1
185,19,925.73,441.56,86.42,303.05,0.7595,-1,-1,-1
185,75,414.60,476.36,41.98,86.98,0.2151,-1,-1,-1
185,77,1877.30,392.39,41.98,237.09,0.1887,-1,-1,-1
185,86,466.42,474.72,40.62,101.23,0.4629,-1,-1,-1
185,93,986.29,441.30,84.41,252.39,0.6331,-1,-1,-1
185,111,571.12,445.23,61.45,157.08,0.4478,-1,-1,-1
186,2,786.57,435.04,115.14,367.45,0.8028,-1,-1,-1
186,3,603.50,426.14,184.04,483.87,0.8440,-1,-1,-1
186,9,1153.64,447.89,45.36,98.48,0.5952,-1,-1,-1
186,12,1077.40,443.21,52.25,153.40,0.2450,-1,-1,-1
186,19,928.40,445.33,85.66,305.61,0.7452,-1,-1,-1
186,75,412.48,476.47,42.83,84.12,0.1909,-1,-1,-1
186,77,1877.44,392.55,41.80,238.07,0.1883,-1,-1,-1
186,86,467.19,477.50,41.37,98.45,0.4710,-1,-1,-1
186,93,988.64,442.18,84.43,243.88,0.5728,-1,-1,-1
186,111,571.84,438.15,56.34,174.15,0.4861,-1,-1,-1
187,2,790.22,435.30,113.82,367.75,0.8032,-1,-1,-1
187,3,609.24,428.43,177.94,483.68,0.8413,-1,-1,-1
187,9,1155.12,450.32,44.90,96.02,0.5453,-1,-1,-1
187,12,1076.37,442.56,53.21,153.65,0.2557,-1,-1,-1
187,19,928.64,445.32,90.78,307.64,0.7313,-1,-1,-1
187,75,414.75,477.26,40.41,83.73,0.1755,-1,-1,-1
187,77,1877.09,390.33,42.09,235.55,0.1575,-1,-1,-1
187,86,467.07,477.22,41.21,98.38,0.4649,-1,-1,-1
187,93,995.51,442.81,81.73,251.06,0.6250,-1,-1,-1
187,94,511.73,452.89,36.41,110.38,0.2022,-1,-1,-1
187,111,572.15,433.29,56.94,176.25,0.4801,-1,-1,-1
188,2,792.39,434.54,114.22,364.36,0.8122,-1,-1,-1
188,3,609.50,426.62,180.61,495.39,0.8356,-1,-1,-1
188,9,1156.24,452.13,42.65,95.95,0.5013,-1,-1,-1
188,12,1091.83,441.31,41.14,154.27,0.2251,-1,-1,-1
188,19,931.79,441.88,93.31,310.30,0.6870,-1,-1,-1
188,75,413.70,476.87,41.58,83.49,0.1558,-1,-1,-1
188,77,1877.70,391.64,41.52,238.81,0.1511,-1,-1,-1
188,86,467.40,477.78,37.72,97.28,0.3660,-1,-1,-1
188,93,997.85,444.19,79.09,250.20,0.5058,-1,-1,-1
188,94,511.39,449.54,37.81,113.08,0.2851,-1,-1,-1
188,111,570.71,434.09,60.99,180.74,0.4445,-1,-1,-1
189,2,794.66,433.12,112.03,367.81,0.8100,-1,-1,-1
189,3,611.62,426.11,178.91,505.07,0.7960,-1,-1,-1
189,9,1156.56,446.76,42.28,100.47,0.4804,-1,-1,-1
189,12,1092.72,442.03,40.18,153.86,0.2084,-1,-1,-1
189,19,932.82,441.82,106.93,311.75,0.7793,-1,-1,-1
189,75,414.16,476.76,39.01,86.35,0.1667,-1,-1,-1
189,86,466.32,476.79,39.82,99.17,0.4110,-1,-1,-1
189,93,1005.61,438.76,81.78,264.91,0.5323,-1,-1,-1
189,94,512.02,449.88,37.02,112.52,0.2175,-1,-1,-1
189,111,569.38,433.01,59.66,180.01,0.5280,-1,-1,-1
190,2,796.88,432.43,118.47,372.59,0.8022,-1,-1,-1
190,3,616.17,426.36,182.56,511.69,0.7025,-1,-1,-1
190,9,1152.28,449.00,46.24,99.54,0.4187,-1,-1,-1
190,12,1081.31,443.21,48.24,154.00,0.2759,-1,-1,-1
190,19,936.41,442.83,110.18,309.72,0.7576,-1,-1,-1
190,86,467.87,476.69,37.48,98.84,0.3897,-1,-1,-1
190,93,1009.76,440.48,79.31,267.56,0.4651,-1,-1,-1
190,94,513.15,454.17,36.48,108.04,0.2455,-1,-1,-1
190,111,569.27,438.59,63.18,172.83,0.5402,-1,-1,-1
191,2,799.05,432.53,115.72,371.35,0.7813,-1,-1,-1
191,3,620.45,425.96,178.98,516.87,0.7482,-1,-1,-1
191,9,1152.47,445.85,48.87,102.11,0.4997,-1,-1,-1
191,12,1083.52,441.88,46.99,155.92,0.2233,-1,-1,-1
191,19,941.09,443.55,115.61,310.47,0.7603,-1,-1,-1
191,26,1670.48,432.79,109.46,154.10,0.1512,-1,-1,-1
191,86,465.52,477.04,36.17,98.25,0.3553,-1,-1,-1
191,93,1011.83,436.35,77.31,272.97,0.3265,-1,-1,-1
191,94,513.14,453.04,35.74,107.09,0.2043,-1,-1,-1
191,111,568.52,446.93,60.89,168.59,0.5801,-1,-1,-1
191,114,1101.79,439.81,32.05,100.72,0.2406,-1,-1,-1
192,2,800.85,429.25,115.17,380.12,0.7872,-1,-1,-1
192,3,625.14,426.51,176.57,526.06,0.7261,-1,-1,-1
192,9,1150.26,447.30,50.31,101.81,0.4782,-1,-1,-1
192,12,1087.71,442.17,43.01,156.39,0.2346,-1,-1,-1
192,19,943.23,449.22,114.24,304.16,0.7593,-1,-1,-1
192,86,464.76,476.75,36.43,97.47,0.3430,-1,-1,-1
192,93,1010.81,435.99,84.45,277.40,0.2938,-1,-1,-1
192,94,516.27,448.08,32.60,111.07,0.1764,-1,-1,-1
192,111,568.29,442.92,64.54,171.65,0.5892,-1,-1,-1
192,114,1101.21,440.68,32.76,98.76,0.2042,-1,-1,-1
193,2,803.05,426.04,112.33,380.87,0.7858,-1,-1,-1
193,3,631.29,427.07,167.91,527.55,0.7649,-1,-1,-1
193,9,1149.29,442.57,49.63,105.92,0.4476,-1,-1,-1
193,19,944.55,442.74,115.00,311.15,0.7560,-1,-1,-1
193,20,1826.94,467.23,67.37,183.06,0.1647,-1,-1,-1
193,86,463.55,477.79,39.13,97.75,0.3081,-1,-1,-1
193,93,1014.60,437.02,92.95,264.78,0.5388,-1,-1,-1
193,94,514.06,444.49,35.57,114.69,0.2454,-1,-1,-1
193,111,570.21,442.58,62.54,172.27,0.6286,-1,-1,-1
193,114,1103.01,438.98,31.59,99.34,0.1712,-1,-1,-1
194,2,804.44,424.82,119.08,383.73,0.7888,-1,-1,-1
194,3,632.21,425.51,180.98,538.85,0.7598,-1,-1,-1
194,9,1147.26,447.87,46.09,101.23,0.3701,-1,-1,-1
194,12,1090.61,438.83,40.04,158.96,0.1581,-1,-1,-1
194,19,946.37,443.48,108.23,310.63,0.7482,-1,-1,-1
194,20,1826.29,464.25,73.82,186.68,0.1586,-1,-1,-1
194,86,460.78,475.79,36.74,99.94,0.3317,-1,-1,-1
194,93,1015.85,434.24,96.03,276.44,0.6466,-1,-1,-1
194,94,517.05,444.87,33.37,114.81,0.2165,-1,-1,-1
194,111,570.42,442.41,62.66,173.98,0.6697,-1,-1,-1
195,2,805.09,424.12,126.73,382.61,0.7892,-1,-1,-1
195,3,636.35,422.38,178.57,540.82,0.7844,-1,-1,-1
195,9,1147.31,444.49,41.07,103.51,0.4054,-1,-1,-1
195,19,945.15,448.30,116.45,308.62,0.7594,-1,-1,-1
195,77,1877.82,392.57,41.46,249.62,0.1641,-1,-1,-1
195,86,458.43,473.56,46.26,100.95,0.2971,-1,-1,-1
195,93,1020.81,433.20,95.68,278.42,0.6926,-1,-1,-1
195,94,512.21,440.56,37.87,120.24,0.3772,-1,-1,-1
195,98,1162.65,444.13,40.47,104.49,0.1822,-1,-1,-1
195,111,569.59,441.43,64.19,174.80,0.6821,-1,-1,-1
195,114,1100.34,440.30,30.70,106.91,0.1682,-1,-1,-1
196,2,807.18,426.48,136.24,379.78,0.8252,-1,-1,-1
196,3,643.66,424.35,171.97,536.42,0.8010,-1,-1,-1
196,9,1146.40,440.80,42.61,106.79,0.4139,-1,-1,-1
196,19,946.55,449.20,115.24,308.10,0.7276,-1,-1,-1
196,20,1825.94,462.87,71.13,187.73,0.1755,-1,-1,-1
196,26,1666.58,432.23,58.69,155.18,0.1557,-1,-1,-1
196,86,456.16,473.17,45.71,102.04,0.3466,-1,-1,-1
196,93,1025.76,432.25,96.26,280.25,0.6812,-1,-1,-1
196,94,512.71,439.73,38.73,121.72,0.4384,-1,-1,-1
196,111,569.77,442.76,65.41,173.82,0.6701,-1,-1,-1
197,2,809.91,428.01,148.89,378.72,0.8145,-1,-1,-1
197,3,646.22,421.95,164.17,551.23,0.8226,-1,-1,-1
197,9,1145.87,443.88,43.13,104.35,0.3621,-1,-1,-1
197,19,951.45,447.07,110.60,310.13,0.7515,-1,-1,-1
197,20,1826.08,465.23,71.44,186.02,0.2480,-1,-1,-1
197,86,455.68,470.99,43.85,104.02,0.3352,-1,-1,-1
197,93,1030.42,431.55,95.42,281.48,0.4672,-1,-1,-1
197,94,512.78,439.67,38.69,121.47,0.4483,-1,-1,-1
197,109,488.64,467.95,31.57,98.02,0.1609,-1,-1,-1
197,111,569.46,440.91,66.91,174.56,0.6701,-1,-1,-1
198,2,813.87,433.19,151.84,374.21,0.8300,-1,-1,-1
198,3,649.09,423.08,164.58,540.56,0.8328,-1,-1,-1
198,9,1146.61,441.08,42.56,106.57,0.3869,-1,-1,-1
198,19,958.68,447.36,104.45,311.39,0.7685,-1,-1,-1
198,20,1827.40,463.83,67.00,186.44,0.2304,-1,-1,-1
198,86,458.82,471.45,37.24,103.43,0.3185,-1,-1,-1
198,93,1036.81,433.55,91.57,280.19,0.6462,-1,-1,-1
198,94,515.59,444.08,36.82,118.97,0.3382,-1,-1,-1
198,111,570.43,441.95,66.61,174.17,0.6822,-1,-1,-1
199,2,816.54,433.63,158.50,374.95,0.8462,-1,-1,-1
199,3,647.60,423.67,173.27,538.41,0.8391,-1,-1,-1
199,9,1144.62,443.93,40.34,105.10,0.3757,-1,-1,-1
199,19,965.91,447.96,103.51,313.01,0.7579,-1,-1,-1
199,20,1828.10,462.00,64.92,187.75,0.1777,-1,-1,-1
199,77,1877.84,391.66,41.49,250.38,0.1813,-1,-1,-1
199,86,457.13,472.31,38.21,103.26,0.2785,-1,-1,-1
199,93,1040.49,437.45,92.48,279.11,0.6358,-1,-1,-1
199,94,514.31,447.34,37.64,115.99,0.3016,-1,-1,-1
199,98,1182.64,441.73,35.96,101.58,0.2065,-1,-1,-1
199,111,572.05,444.04,64.05,171.38,0.6885,-1,-1,-1
200,2,817.29,436.00,158.83,374.05,0.8426,-1,-1,-1
200,3,651.34,422.48,172.99,539.69,0.8591,-1,-1,-1
200,9,1145.67,442.35,35.76,106.57,0.3230,-1,-1,-1
200,19,970.72,448.71,102.80,311.59,0.7219,-1,-1,-1
200,20,1826.62,465.18,66.08,185.47,0.1974,-1,-1,-1
200,26,1669.90,436.03,111.82,198.45,0.2071,-1,-1,-1
200,77,1877.47,391.68,41.76,251.32,0.1503,-1,-1,-1
200,86,456.37,467.92,36.54,100.48,0.2894,-1,-1,-1
200,93,1042.32,434.05,93.39,284.70,0.6057,-1,-1,-1
200,94,511.94,444.05,38.39,117.48,0.3385,-1,-1,-1
200,111,572.10,446.66,64.58,169.97,0.6769,-1,-1,-1
200,115,658.97,459.98,32.75,75.42,0.2793,-1,-1,-1
201,2,820.60,437.63,157.51,373.34,0.8389,-1,-1,-1
201,3,657.83,423.17,174.14,537.56,0.8445,-1,-1,-1
201,9,1142.73,440.41,36.44,108.67,0.3228,-1,-1,-1
201,19,979.68,451.68,91.02,309.20,0.7077,-1,-1,-1
201,20,1828.28,466.61,60.31,183.36,0.1757,-1,-1,-1
201,86,454.63,468.39,37.45,105.92,0.2766,-1,-1,-1
201,93,1047.82,436.08,91.97,287.96,0.6135,-1,-1,-1
201,94,510.41,440.30,39.72,120.89,0.2783,-1,-1,-1
201,111,574.02,444.26,63.41,169.60,0.6632,-1,-1,-1
201,115,661.46,461.31,38.55,77.14,0.2080,-1,-1,-1
202,2,822.32,437.69,153.83,375.03,0.8450,-1,-1,-1
202,3,657.80,421.37,179.67,542.17,0.8548,-1,-1,-1
202,9,1141.99,438.26,35.07,109.66,0.3481,-1,-1,-1
202,19,986.82,449.30,88.97,313.18,0.7740,-1,-1,-1
202,86,453.77,472.12,36.33,100.36,0.2488,-1,-1,-1
202,93,1049.94,436.12,95.59,282.02,0.6830,-1,-1,-1
202,94,512.67,438.60,38.09,122.27,0.2162,-1,-1,-1
202,98,1184.62,438.47,34.99,106.83,0.2088,-1,-1,-1
202,111,573.22,447.08,66.57,167.35,0.6782,-1,-1,-1
202,115,660.47,466.51,28.28,72.59,0.2112,-1,-1,-1
203,2,823.86,437.71,150.65,375.96,0.8434,-1,-1,-1
203,3,667.87,426.35,174.67,548.85,0.8228,-1,-1,-1
203,9,1143.77,436.92,32.44,110.33,0.2445,-1,-1,-1
203,19,988.28,449.42,93.22,314.24,0.7718,-1,-1,-1
203,20,1828.08,466.19,63.99,178.20,0.1976,-1,-1,-1
203,77,1878.98,395.98,40.43,235.87,0.1726,-1,-1,-1
203,86,451.37,474.64,42.52,99.77,0.2245,-1,-1,-1
203,93,1053.88,434.35,95.00,282.88,0.6935,-1,-1,-1
203,94,508.82,439.59,41.11,122.84,0.3393,-1,-1,-1
203,98,1185.01,436.97,37.41,110.29,0.2038,-1,-1,-1
203,111,573.80,443.58,68.13,171.06,0.7086,-1,-1,-1
204,2,824.40,437.14,150.43,376.10,0.8423,-1,-1,-1
204,3,662.82,423.96,181.58,558.46,0.8435,-1,-1,-1
204,9,1146.07,439.14,30.83,107.50,0.1526,-1,-1,-1
204,19,991.65,449.25,92.60,316.47,0.7722,-1,-1,-1
204,20,1825.96,469.04,63.68,180.50,0.2674,-1,-1,-1
204,26,1681.86,432.56,102.04,157.18,0.1587,-1,-1,-1
204,77,1880.16,399.72,39.23,232.92,0.1629,-1,-1,-1
204,86,451.95,473.22,42.39,101.85,0.2984,-1,-1,-1
204,93,1060.70,434.69,88.24,283.00,0.6989,-1,-1,-1
204,94,510.14,447.48,39.05,116.18,0.1521,-1,-1,-1
204,98,1185.43,443.18,39.37,106.11,0.2176,-1,-1,-1
204,111,576.81,449.83,65.21,165.61,0.7258,-1,-1,-1
205,2,825.30,433.63,150.51,379.32,0.8316,-1,-1,-1
205,3,669.19,424.07,175.38,568.22,0.8479,-1,-1,-1
205,19,994.45,447.38,94.07,317.23,0.7864,-1,-1,-1
205,20,1828.29,467.56,65.10,179.11,0.1826,-1,-1,-1
205,26,1682.17,434.69,99.20,153.25,0.2147,-1,-1,-1
205,77,1876.64,395.10,42.25,239.92,0.1814,-1,-1,-1
205,86,450.87,474.39,42.89,101.14,0.3193,-1,-1,-1
205,93,1063.57,439.52,87.41,276.67,0.7152,-1,-1,-1
205,94,509.86,444.02,38.92,118.02,0.2065,-1,-1,-1
205,98,1185.14,466.08,42.32,87.21,0.1841,-1,-1,-1
205,111,575.38,446.35,66.05,169.97,0.7469,-1,-1,-1
206,2,830.35,435.52,148.18,377.08,0.8325,-1,-1,-1
206,3,674.18,422.84,172.50,570.27,0.8388,-1,-1,-1
206,19,999.91,447.58,92.80,317.37,0.7752,-1,-1,-1
206,20,1828.99,466.99,66.24,178.81,0.2189,-1,-1,-1
206,26,1685.42,436.32,96.22,150.56,0.1831,-1,-1,-1
206,77,1879.78,398.00,39.79,233.43,0.1797,-1,-1,-1
206,86,450.77,474.91,42.62,98.13,0.2302,-1,-1,-1
206,93,1065.69,436.40,86.42,281.85,0.6802,-1,-1,-1
206,94,510.61,441.70,39.09,120.56,0.2851,-1,-1,-1
206,98,1186.66,454.76,39.58,94.79,0.3292,-1,-1,-1
206,111,575.74,446.94,66.93,170.51,0.7255,-1,-1,-1
207,2,830.92,435.51,148.91,376.70,0.8277,-1,-1,-1
207,3,675.85,419.49,173.20,573.83,0.8416,-1,-1,-1
207,9,1136.37,440.20,32.81,102.05,0.1549,-1,-1,-1
207,19,1005.96,448.83,95.36,313.83,0.7192,-1,-1,-1
207,20,1830.72,465.15,69.95,181.39,0.1732,-1,-1,-1
207,77,1877.16,396.77,41.79,242.97,0.1611,-1,-1,-1
207,86,450.60,472.27,39.35,97.17,0.2644,-1,-1,-1
207,93,1074.23,435.09,78.51,285.15,0.6520,-1,-1,-1
207,94,509.87,448.88,40.21,113.58,0.2334,-1,-1,-1
207,98,1187.41,450.79,40.53,99.05,0.3588,-1,-1,-1
207,111,580.22,455.65,63.64,161.50,0.7391,-1,-1,-1
208,2,833.20,434.55,147.61,379.81,0.8236,-1,-1,-1
208,3,679.07,420.28,172.17,572.29,0.8346,-1,-1,-1
208,19,1008.81,450.80,92.53,310.27,0.6928,-1,-1,-1
208,20,1830.90,466.73,69.73,180.82,0.1530,-1,-1,-1
208,86,448.37,470.49,39.99,101.91,0.2034,-1,-1,-1
208,93,1076.91,434.15,75.47,302.37,0.5922,-1,-1,-1
208,94,510.54,444.99,40.12,116.22,0.3968,-1,-1,-1
208,98,1187.49,447.61,39.91,102.56,0.4098,-1,-1,-1
208,111,581.50,454.69,63.05,162.69,0.7305,-1,-1,-1
209,2,836.11,434.44,145.43,380.61,0.8075,-1,-1,-1
209,3,683.61,415.60,170.89,577.73,0.8193,-1,-1,-1
209,19,1011.33,445.38,137.60,317.12,0.5993,-1,-1,-1
209,86,447.70,471.49,41.04,102.06,0.1572,-1,-1,-1
209,93,1083.14,432.78,78.10,284.13,0.6136,-1,-1,-1
209,94,511.01,444.06,40.58,117.63,0.4144,-1,-1,-1
209,98,1189.00,448.68,40.21,103.07,0.4842,-1,-1,-1
209,111,582.47,457.49,66.42,159.98,0.7433,-1,-1,-1
210,2,840.62,427.62,147.97,386.26,0.8139,-1,-1,-1
210,3,685.83,415.57,171.92,577.50,0.7953,-1,-1,-1
210,19,1016.65,443.68,151.11,319.53,0.8152,-1,-1,-1
210,20,1828.44,471.19,68.72,176.65,0.2342,-1,-1,-1
210,77,1878.32,395.09,40.99,239.37,0.1561,-1,-1,-1
210,86,444.62,474.67,41.88,99.15,0.1795,-1,-1,-1
210,93,1086.44,431.21,82.09,267.66,0.2469,-1,-1,-1
210,94,511.01,442.28,40.30,118.45,0.4126,-1,-1,-1
210,98,1190.27,445.50,39.75,106.44,0.4825,-1,-1,-1
210,111,584.71,457.03,67.12,159.74,0.7272,-1,-1,-1
210,119,970.21,443.28,45.20,96.80,0.1689,-1,-1,-1
211,2,847.41,430.53,149.12,386.08,0.7886,-1,-1,-1
211,3,684.74,420.28,175.59,573.72,0.8112,-1,-1,-1
211,19,1018.80,443.45,157.59,319.97,0.8007,-1,-1,-1
211,20,1828.99,471.68,67.97,175.43,0.2314,-1,-1,-1
211,26,1687.18,435.96,94.71,149.66,0.1512,-1,-1,-1
211,77,1877.37,393.55,41.78,240.51,0.1658,-1,-1,-1
211,93,1089.22,432.49,85.08,259.00,0.3126,-1,-1,-1
211,94,510.76,441.24,39.99,119.77,0.4344,-1,-1,-1
211,98,1192.12,445.16,38.56,107.48,0.4640,-1,-1,-1
211,111,584.82,451.41,71.01,165.14,0.7423,-1,-1,-1
211,119,970.62,444.06,42.87,96.74,0.1805,-1,-1,-1
212,2,853.22,430.85,146.57,385.69,0.7878,-1,-1,-1
212,3,687.58,415.62,173.36,577.98,0.8253,-1,-1,-1
212,19,1019.61,445.43,162.87,319.25,0.7905,-1,-1,-1
212,20,1829.42,471.79,68.71,175.54,0.1937,-1,-1,-1
212,77,1877.20,393.07,42.04,242.47,0.1632,-1,-1,-1
212,93,1096.35,429.36,81.16,251.96,0.3555,-1,-1,-1
212,94,511.01,440.17,40.81,120.30,0.4645,-1,-1,-1
212,98,1193.15,447.07,38.83,105.29,0.5083,-1,-1,-1
212,111,587.84,450.85,67.68,164.96,0.7129,-1,-1,-1
212,119,971.60,444.86,41.83,104.25,0.2063,-1,-1,-1
213,2,863.43,430.81,138.21,386.56,0.8084,-1,-1,-1
213,3,687.55,413.92,177.77,579.10,0.8220,-1,-1,-1
213,19,1019.44,448.25,163.71,318.44,0.8067,-1,-1,-1
213,20,1829.15,471.04,66.81,175.05,0.1707,-1,-1,-1
213,86,438.29,475.10,46.00,99.47,0.1900,-1,-1,-1
213,93,1100.11,435.02,78.76,269.65,0.5038,-1,-1,-1
213,94,510.81,439.10,41.55,121.38,0.4532,-1,-1,-1
213,98,1194.37,446.83,38.17,103.62,0.3673,-1,-1,-1
213,111,588.08,452.32,67.92,164.58,0.7383,-1,-1,-1
214,2,871.49,429.31,136.26,385.13,0.8162,-1,-1,-1
214,3,689.51,413.59,175.71,578.95,0.8243,-1,-1,-1
214,19,1019.00,448.49,164.25,319.13,0.7728,-1,-1,-1
214,20,1829.34,468.19,68.46,176.72,0.1548,-1,-1,-1
214,86,439.55,474.51,43.90,99.39,0.2506,-1,-1,-1
214,93,1105.45,431.53,78.12,277.87,0.5416,-1,-1,-1
214,94,510.38,439.05,42.76,120.99,0.4716,-1,-1,-1
214,98,1195.10,445.10,40.90,103.98,0.3776,-1,-1,-1
214,111,589.30,450.88,67.07,167.12,0.7260,-1,-1,-1
215,2,879.29,429.10,127.34,387.30,0.8101,-1,-1,-1
215,3,693.04,411.70,176.13,581.98,0.8178,-1,-1,-1
215,19,1019.61,446.66,160.18,321.65,0.8160,-1,-1,-1
215,20,1829.84,470.18,65.31,174.35,0.2366,-1,-1,-1
215,77,1879.51,393.53,39.86,236.52,0.1712,-1,-1,-1
215,86,439.34,475.72,42.97,98.27,0.2233,-1,-1,-1
215,93,1112.93,426.69,76.52,290.60,0.5558,-1,-1,-1
215,94,510.31,438.35,42.90,121.48,0.4793,-1,-1,-1
215,98,1197.71,441.17,40.87,109.23,0.3530,-1,-1,-1
215,111,591.25,455.00,66.68,162.43,0.6824,-1,-1,-1
216,2,882.17,427.28,125.50,388.96,0.8191,-1,-1,-1
216,3,695.04,415.33,176.55,578.00,0.7933,-1,-1,-1
216,19,1020.45,445.99,166.42,324.22,0.8255,-1,-1,-1
216,20,1831.22,468.68,64.17,176.36,0.1926,-1,-1,-1
216,77,1880.17,394.92,39.18,231.86,0.1672,-1,-1,-1
216,86,430.82,478.32,50.36,94.56,0.1683,-1,-1,-1
216,93,1121.75,430.22,68.78,289.46,0.4628,-1,-1,-1
216,94,509.99,438.06,43.25,121.17,0.4926,-1,-1,-1
216,98,1198.99,440.02,41.09,111.85,0.4075,-1,-1,-1
216,111,594.69,456.31,64.72,166.21,0.6857,-1,-1,-1
217,2,883.47,428.97,125.39,391.55,0.8152,-1,-1,-1
217,3,693.60,413.50,182.75,579.25,0.7479,-1,-1,-1
217,19,1023.29,446.54,163.99,322.85,0.7896,-1,-1,-1
217,20,1830.07,468.79,64.31,175.33,0.1799,-1,-1,-1
217,77,1880.42,395.48,38.77,234.09,0.1593,-1,-1,-1
217,86,429.30,477.38,51.09,95.81,0.2389,-1,-1,-1
217,93,1123.77,423.76,68.09,216.69,0.3340,-1,-1,-1
217,94,509.71,438.22,43.32,120.83,0.4861,-1,-1,-1
217,98,1199.42,437.32,42.28,114.15,0.4761,-1,-1,-1
217,111,595.19,457.61,65.72,165.56,0.7145,-1,-1,-1
217,122,679.79,472.11,49.95,130.81,0.1823,-1,-1,-1
217,123,1036.19,430.85,48.40,95.53,0.1795,-1,-1,-1
218,2,887.09,427.26,125.35,396.94,0.8202,-1,-1,-1
218,3,698.25,410.63,185.81,583.15,0.7671,-1,-1,-1
218,19,1028.06,440.93,160.15,329.03,0.7870,-1,-1,-1
218,77,1879.97,396.62,39.24,235.46,0.1753,-1,-1,-1
218,86,425.49,475.99,54.48,96.49,0.2297,-1,-1,-1
218,93,1134.96,436.56,68.11,279.37,0.2300,-1,-1,-1
218,94,509.10,439.49,42.42,120.02,0.5038,-1,-1,-1
218,98,1201.34,441.26,43.63,111.15,0.4354,-1,-1,-1
218,109,472.72,448.12,39.35,107.82,0.1889,-1,-1,-1
218,111,598.09,457.78,64.41,165.10,0.6982,-1,-1,-1
218,123,1037.76,432.64,51.06,91.35,0.2192,-1,-1,-1
219,2,889.44,425.56,128.22,401.92,0.8411,-1,-1,-1
219,3,701.84,411.32,187.35,582.07,0.7602,-1,-1,-1
219,19,1038.11,437.08,149.64,332.31,0.7945,-1,-1,-1
219,20,1831.35,469.96,67.44,174.59,0.1573,-1,-1,-1
219,86,424.79,470.20,55.08,102.33,0.2632,-1,-1,-1
219,93,1138.40,429.97,70.25,301.62,0.2696,-1,-1,-1
219,94,509.06,439.22,42.79,119.81,0.5114,-1,-1,-1
219,98,1201.81,439.51,43.57,112.01,0.4275,-1,-1,-1
219,111,595.20,461.24,65.90,165.34,0.6769,-1,-1,-1
219,123,1038.93,431.62,49.56,87.22,0.1846,-1,-1,-1
220,2,891.78,426.12,127.77,406.86,0.8422,-1,-1,-1
220,3,711.50,409.80,192.96,582.75,0.8118,-1,-1,-1
220,19,1047.06,439.05,142.47,330.16,0.8068,-1,-1,-1
220,20,1832.06,470.53,66.59,174.47,0.1699,-1,-1,-1
220,86,434.61,476.16,45.67,100.01,0.2755,-1,-1,-1
220,94,508.70,438.60,43.14,120.26,0.5422,-1,-1,-1
220,98,1207.12,445.83,40.46,105.99,0.3048,-1,-1,-1
220,111,596.60,461.46,65.40,164.85,0.7001,-1,-1,-1
220,122,683.08,495.47,45.82,112.25,0.1505,-1,-1,-1
220,123,1039.94,433.12,50.64,86.64,0.1784,-1,-1,-1
220,125,1034.94,432.79,61.78,158.42,0.3823,-1,-1,-1
221,2,895.39,424.78,129.20,408.35,0.8386,-1,-1,-1
221,3,716.02,410.83,212.62,583.34,0.8604,-1,-1,-1
221,19,1054.92,438.73,135.89,330.60,0.8092,-1,-1,-1
221,20,1829.33,469.37,63.98,174.16,0.2092,-1,-1,-1
221,26,1692.69,435.53,88.24,149.68,0.1562,-1,-1,-1
221,86,432.59,473.42,46.34,101.58,0.2237,-1,-1,-1
221,93,1149.68,437.14,68.68,295.32,0.5497,-1,-1,-1
221,94,509.10,439.58,42.52,120.36,0.5023,-1,-1,-1
221,98,1206.71,453.29,43.74,98.65,0.1571,-1,-1,-1
221,109,470.93,446.75,38.82,107.25,0.1728,-1,-1,-1
221,111,598.36,460.27,61.90,163.42,0.7230,-1,-1,-1
221,122,682.04,483.59,45.17,125.47,0.1849,-1,-1,-1
221,123,1039.98,434.88,48.04,70.78,0.1714,-1,-1,-1
221,125,1035.77,436.88,59.28,151.83,0.3133,-1,-1,-1
222,2,896.00,425.06,131.34,408.94,0.8379,-1,-1,-1
222,3,716.47,410.87,225.60,583.49,0.8614,-1,-1,-1
222,19,1068.25,440.12,122.90,329.42,0.8168,-1,-1,-1
222,20,1829.21,468.59,67.08,176.63,0.2384,-1,-1,-1
222,77,1877.81,390.71,41.42,241.69,0.2279,-1,-1,-1
222,86,434.82,474.89,44.32,99.40,0.1605,-1,-1,-1
222,93,1155.18,433.22,79.38,295.73,0.5986,-1,-1,-1
222,94,508.99,439.19,42.27,121.01,0.4928,-1,-1,-1
222,111,600.80,461.02,58.87,163.19,0.7403,-1,-1,-1
222,122,682.47,496.89,49.15,115.58,0.2083,-1,-1,-1
222,123,1041.77,435.60,47.02,67.84,0.1591,-1,-1,-1
222,125,1040.28,435.33,55.54,147.80,0.2662,-1,-1,-1
223,2,899.53,427.44,130.19,410.81,0.8240,-1,-1,-1
223,3,716.18,406.37,248.83,588.40,0.8502,-1,-1,-1
223,19,1081.05,439.53,110.43,330.92,0.7982,-1,-1,-1
223,20,1832.60,468.71,68.17,177.71,0.1773,-1,-1,-1
223,77,1876.33,388.63,42.80,245.79,0.1980,-1,-1,-1
223,86,432.70,473.18,49.15,99.32,0.2101,-1,-1,-1
223,93,1169.65,429.90,66.62,300.48,0.2279,-1,-1,-1
223,94,507.07,439.70,45.60,121.04,0.4910,-1,-1,-1
223,98,1216.09,445.23,37.76,105.36,0.1865,-1,-1,-1
223,111,601.37,457.97,58.27,168.34,0.6914,-1,-1,-1
223,122,681.69,497.51,50.81,114.66,0.1943,-1,-1,-1
223,123,1043.41,436.37,47.96,65.98,0.1590,-1,-1,-1
223,125,1041.70,436.92,53.22,141.04,0.2724,-1,-1,-1
224,2,900.74,427.92,128.03,412.68,0.8212,-1,-1,-1
224,3,721.54,406.75,263.08,586.27,0.8502,-1,-1,-1
224,19,1096.86,441.52,106.52,333.54,0.7632,-1,-1,-1
224,20,1830.11,466.43,67.89,179.14,0.2421,-1,-1,-1
224,77,1878.62,390.02,40.96,239.18,0.1861,-1,-1,-1
224,86,432.98,467.64,48.66,103.68,0.2110,-1,-1,-1
224,93,1175.57,437.58,61.53,293.38,0.1628,-1,-1,-1
224,94,506.94,440.20,46.50,120.69,0.5185,-1,-1,-1
224,98,1218.13,441.25,36.17,110.55,0.1908,-1,-1,-1
224,111,603.59,459.31,56.66,165.06,0.6905,-1,-1,-1
224,122,680.37,501.90,53.97,109.83,0.1927,-1,-1,-1
224,125,1043.55,440.11,53.37,144.79,0.3281,-1,-1,-1
224,127,576.09,454.99,27.40,65.74,0.1526,-1,-1,-1
225,2,902.73,428.42,129.19,414.13,0.8180,-1,-1,-1
225,3,724.98,409.95,270.48,585.99,0.8309,-1,-1,-1
225,19,1103.48,439.96,95.89,336.48,0.7244,-1,-1,-1
225,20,1830.07,469.35,69.58,178.26,0.2086,-1,-1,-1
225,77,1877.74,390.59,41.44,243.83,0.1748,-1,-1,-1
225,86,429.74,473.28,47.02,102.93,0.2737,-1,-1,-1
225,93,1169.14,428.24,62.93,306.73,0.3152,-1,-1,-1
225,94,508.44,440.17,44.98,120.60,0.4953,-1,-1,-1
225,98,1219.74,453.44,37.16,101.23,0.1515,-1,-1,-1
225,109,472.40,449.83,36.11,105.32,0.1710,-1,-1,-1
225,111,603.42,461.06,59.10,166.72,0.6750,-1,-1,-1
225,122,682.41,502.18,53.62,111.38,0.2553,-1,-1,-1
225,125,1045.32,442.02,50.67,144.23,0.2193,-1,-1,-1
226,2,904.31,428.81,134.29,415.05,0.8178,-1,-1,-1
226,3,727.76,403.89,283.23,592.28,0.8566,-1,-1,-1
226,19,1108.70,437.15,95.07,341.87,0.6919,-1,-1,-1
226,20,1828.53,469.08,70.38,177.25,0.2126,-1,-1,-1
226,26,1670.31,433.87,103.64,153.43,0.1547,-1,-1,-1
226,77,1879.01,394.36,40.40,242.25,0.1596,-1,-1,-1
226,86,430.64,473.79,45.09,101.14,0.2322,-1,-1,-1
226,93,1174.34,431.47,63.74,304.48,0.5215,-1,-1,-1
226,94,507.49,439.70,45.76,121.01,0.5070,-1,-1,-1
226,98,1219.69,447.40,37.14,103.59,0.1798,-1,-1,-1
226,111,604.49,462.36,57.53,167.39,0.6738,-1,-1,-1
227,2,905.80,428.38,137.35,416.31,0.8113,-1,-1,-1
227,3,729.81,405.10,291.76,589.64,0.8732,-1,-1,-1
227,19,1114.01,438.41,99.30,342.63,0.7436,-1,-1,-1
227,20,1825.83,469.87,70.52,174.03,0.2001,-1,-1,-1
227,77,1876.88,389.71,42.28,241.73,0.2227,-1,-1,-1
227,86,427.82,477.09,46.00,97.11,0.2399,-1,-1,-1
227,93,1178.70,428.15,68.80,310.05,0.5511,-1,-1,-1
227,94,506.84,438.48,45.89,122.16,0.4668,-1,-1,-1
227,111,607.10,458.83,55.07,168.34,0.6644,-1,-1,-1
228,2,906.55,425.19,139.49,418.60,0.7917,-1,-1,-1
228,3,735.06,408.13,291.03,586.83,0.8740,-1,-1,-1
228,19,1116.34,439.03,101.83,350.26,0.7538,-1,-1,-1
228,20,1825.15,469.19,73.17,174.89,0.1831,-1,-1,-1
228,77,1878.36,387.98,41.04,242.11,0.2344,-1,-1,-1
228,86,426.37,478.53,45.30,97.91,0.2775,-1,-1,-1
228,93,1184.97,428.59,69.61,307.47,0.4416,-1,-1,-1
228,94,505.94,439.07,46.15,122.27,0.4947,-1,-1,-1
228,111,607.54,460.63,54.08,166.60,0.6634,-1,-1,-1
228,129,722.70,455.90,51.25,111.27,0.2523,-1,-1,-1
229,2,906.09,426.68,140.24,417.67,0.7790,-1,-1,-1
229,3,739.29,408.61,296.29,586.98,0.8633,-1,-1,-1
229,19,1116.58,441.64,103.06,347.69,0.7591,-1,-1,-1
229,77,1877.08,388.48,42.16,243.31,0.2633,-1,-1,-1
229,86,425.80,477.71,43.90,100.43,0.3821,-1,-1,-1
229,93,1187.50,415.17,79.93,203.15,0.5812,-1,-1,-1
229,94,506.61,438.70,46.18,122.87,0.4472,-1,-1,-1
229,109,470.07,448.17,38.00,107.79,0.1600,-1,-1,-1
229,111,608.37,456.09,55.92,175.32,0.6667,-1,-1,-1
229,125,1047.67,434.87,50.29,137.71,0.1864,-1,-1,-1
229,129,722.53,452.21,56.73,118.83,0.1871,-1,-1,-1
230,2,907.36,425.78,144.98,416.83,0.7787,-1,-1,-1
230,3,745.73,412.16,290.03,582.60,0.8321,-1,-1,-1
230,19,1118.43,442.75,111.23,348.50,0.7168,-1,-1,-1
230,77,1877.85,387.84,41.42,246.86,0.1526,-1,-1,-1
230,86,425.85,478.30,46.42,99.48,0.4626,-1,-1,-1
230,93,1193.97,417.55,73.99,191.57,0.5678,-1,-1,-1
230,94,506.53,440.42,45.22,120.86,0.4376,-1,-1,-1
230,111,611.14,457.65,56.84,175.15,0.6641,-1,-1,-1
230,125,1051.69,437.43,59.16,145.71,0.3250,-1,-1,-1
230,129,722.70,450.02,61.15,107.42,0.1883,-1,-1,-1
231,2,910.95,425.40,135.64,416.81,0.7764,-1,-1,-1
231,3,752.03,411.40,283.85,585.41,0.8498,-1,-1,-1
231,19,1125.85,439.99,127.62,350.50,0.7973,-1,-1,-1
231,77,1878.06,388.77,41.24,247.24,0.1604,-1,-1,-1
231,86,425.71,477.26,45.09,100.71,0.4684,-1,-1,-1
231,93,1199.26,418.75,72.27,187.56,0.5553,-1,-1,-1
231,94,508.09,439.89,43.98,121.26,0.4875,-1,-1,-1
231,111,610.18,463.10,60.68,168.56,0.6846,-1,-1,-1
231,125,1056.21,439.47,55.91,149.51,0.2604,-1,-1,-1
231,129,746.01,450.92,47.43,137.08,0.1733,-1,-1,-1
232,2,913.43,425.01,131.42,419.13,0.7990,-1,-1,-1
232,3,761.86,409.64,276.09,586.54,0.8219,-1,-1,-1
232,19,1132.61,440.22,131.48,351.09,0.7951,-1,-1,-1
232,20,1827.98,468.93,71.61,177.53,0.1771,-1,-1,-1
232,86,425.77,477.68,46.09,100.12,0.4858,-1,-1,-1
232,93,1204.19,418.88,69.25,183.83,0.4756,-1,-1,-1
232,94,508.06,440.78,43.48,120.76,0.5419,-1,-1,-1
232,111,611.06,454.95,60.55,175.74,0.6764,-1,-1,-1
232,122,678.48,463.02,52.33,143.04,0.1596,-1,-1,-1
232,125,1058.52,440.15,53.98,150.66,0.1856,-1,-1,-1
232,129,750.31,437.39,81.16,182.76,0.2996,-1,-1,-1
232,131,704.94,453.51,103.39,185.89,0.2163,-1,-1,-1
233,2,920.51,424.89,126.46,422.74,0.7580,-1,-1,-1
233,3,768.02,412.26,271.55,584.40,0.8234,-1,-1,-1
233,19,1132.32,442.93,134.00,350.81,0.8316,-1,-1,-1
233,20,1828.53,467.08,71.99,177.93,0.1514,-1,-1,-1
233,77,1878.33,388.79,41.05,244.19,0.1661,-1,-1,-1
233,86,425.91,477.65,42.57,99.31,0.4406,-1,-1,-1
233,93,1208.56,427.25,68.16,177.66,0.3829,-1,-1,-1
233,94,508.85,440.45,41.24,120.55,0.5223,-1,-1,-1
233,111,611.09,453.63,63.75,177.19,0.6711,-1,-1,-1
233,122,676.92,460.76,54.00,144.45,0.1569,-1,-1,-1
233,125,1061.20,437.74,61.44,154.24,0.3268,-1,-1,-1
233,129,709.40,454.03,77.18,188.29,0.1897,-1,-1,-1
233,131,749.59,432.09,89.63,194.38,0.2858,-1,-1,-1
234,2,923.65,424.58,125.02,425.73,0.7377,-1,-1,-1
234,3,777.14,417.43,265.21,580.35,0.7897,-1,-1,-1
234,19,1132.84,445.13,133.85,352.94,0.8436,-1,-1,-1
234,20,1828.47,466.33,72.58,180.06,0.1796,-1,-1,-1
234,86,425.10,476.62,41.23,99.96,0.4593,-1,-1,-1
234,93,1212.62,424.68,67.89,180.72,0.3032,-1,-1,-1
234,94,508.53,440.18,42.02,120.85,0.5272,-1,-1,-1
234,111,612.54,456.69,64.64,172.07,0.6641,-1,-1,-1
234,122,670.59,477.34,55.57,132.47,0.1799,-1,-1,-1
234,125,1062.39,436.62,63.32,154.82,0.3789,-1,-1,-1
234,129,712.06,458.94,64.51,181.25,0.1640,-1,-1,-1
234,131,749.94,431.94,97.38,193.40,0.3089,-1,-1,-1
234,132,570.53,470.63,22.25,49.69,0.1807,-1,-1,-1
235,2,924.49,423.81,125.27,432.40,0.6978,-1,-1,-1
235,3,789.47,418.75,252.58,578.30,0.8166,-1,-1,-1
235,19,1132.64,445.01,137.77,356.25,0.8149,-1,-1,-1
235,20,1830.03,464.59,71.39,181.57,0.1627,-1,-1,-1
235,86,424.98,476.43,40.23,99.09,0.4737,-1,-1,-1
235,93,1215.92,429.73,68.09,176.65,0.4326,-1,-1,-1
235,94,508.75,440.58,40.50,120.41,0.5102,-1,-1,-1
235,111,616.68,454.36,59.51,175.85,0.6713,-1,-1,-1
235,122,671.95,483.20,53.47,126.33,0.1552,-1,-1,-1
235,131,751.82,434.26,102.47,194.75,0.2197,-1,-1,-1
235,132,568.61,464.90,22.92,54.48,0.1778,-1,-1,-1
235,133,737.07,427.43,156.02,435.51,0.5507,-1,-1,-1
236,2,934.80,423.16,114.79,429.22,0.6907,-1,-1,-1
236,3,789.57,410.62,252.53,586.66,0.8125,-1,-1,-1
236,19,1133.47,444.13,138.45,358.39,0.8209,-1,-1,-1
236,86,425.08,474.51,38.60,100.32,0.4677,-1,-1,-1
236,93,1221.60,431.03,66.00,177.60,0.4839,-1,-1,-1
236,94,508.41,440.17,40.14,120.31,0.4780,-1,-1,-1
236,111,620.89,457.37,55.74,173.13,0.6884,-1,-1,-1
236,122,676.32,464.94,52.92,140.51,0.1796,-1,-1,-1
236,125,1065.03,439.14,62.12,150.11,0.2525,-1,-1,-1
236,131,756.05,434.38,104.72,196.14,0.1963,-1,-1,-1
236,132,567.36,463.75,24.89,56.71,0.1762,-1,-1,-1
236,133,745.28,431.40,139.35,433.70,0.5302,-1,-1,-1
237,2,939.83,422.63,116.59,419.49,0.5452,-1,-1,-1
237,3,791.24,416.67,249.45,580.98,0.8147,-1,-1,-1
237,9,1114.84,439.30,35.20,105.55,0.2487,-1,-1,-1
237,19,1136.30,441.74,138.80,361.27,0.8085,-1,-1,-1
237,77,1878.18,388.22,41.10,256.90,0.1779,-1,-1,-1
237,86,424.21,471.61,39.48,100.70,0.2571,-1,-1,-1
237,93,1231.33,430.12,63.81,181.08,0.4660,-1,-1,-1
237,94,509.32,439.86,39.99,119.45,0.4445,-1,-1,-1
237,109,467.41,448.63,37.25,107.89,0.1627,-1,-1,-1
237,111,621.76,454.71,54.98,175.34,0.6499,-1,-1,-1
237,125,1067.44,438.61,60.99,149.95,0.2830,-1,-1,-1
237,132,567.53,464.31,25.80,56.11,0.1732,-1,-1,-1
237,133,755.65,433.15,129.40,430.62,0.5870,-1,-1,-1
237,134,1109.72,444.49,26.43,99.20,0.1505,-1,-1,-1
238,2,943.17,421.29,117.40,407.29,0.5794,-1,-1,-1
238,3,788.49,409.89,252.54,587.42,0.8136,-1,-1,-1
238,9,1116.63,441.05,34.49,104.96,0.2672,-1,-1,-1
238,19,1140.32,437.06,136.45,366.17,0.7699,-1,-1,-1
238,77,1878.18,387.50,41.17,257.82,0.1937,-1,-1,-1
238,86,424.12,473.40,39.55,100.21,0.2825,-1,-1,-1
238,93,1233.15,429.47,73.70,182.43,0.4721,-1,-1,-1
238,94,509.58,441.55,39.65,116.68,0.3341,-1,-1,-1
238,111,624.33,459.56,50.53,175.04,0.6747,-1,-1,-1
238,122,669.74,468.26,56.88,146.73,0.2432,-1,-1,-1
238,125,1067.84,440.73,61.50,149.00,0.2078,-1,-1,-1
238,131,760.68,439.21,105.76,191.40,0.1782,-1,-1,-1
238,133,758.49,436.77,125.59,428.64,0.4338,-1,-1,-1
239,2,948.26,421.20,115.80,366.65,0.4359,-1,-1,-1
239,3,791.82,407.64,247.81,590.56,0.8386,-1,-1,-1
239,9,1119.05,443.37,32.70,102.36,0.2054,-1,-1,-1
239,19,1148.35,437.52,128.63,366.76,0.7496,-1,-1,-1
239,77,1877.56,387.25,41.71,260.17,0.1729,-1,-1,-1
239,86,423.77,475.10,38.43,98.51,0.2397,-1,-1,-1
239,93,1240.25,430.08,67.62,185.17,0.3096,-1,-1,-1
239,94,509.43,441.66,39.66,116.57,0.3981,-1,-1,-1
239,111,625.96,461.11,53.09,173.64,0.6684,-1,-1,-1
239,122,670.55,483.19,57.07,127.04,0.2000,-1,-1,-1
239,131,764.91,440.20,108.52,191.71,0.1669,-1,-1,-1
239,133,715.82,438.69,159.92,427.64,0.5458,-1,-1,-1
240,2,955.45,426.15,114.60,412.46,0.6240,-1,-1,-1
240,3,795.99,411.96,244.21,586.74,0.8480,-1,-1,-1
240,9,1120.98,445.90,32.17,100.37,0.1737,-1,-1,-1
240,19,1162.01,437.51,116.57,371.22,0.7143,-1,-1,-1
240,77,1877.02,387.18,42.35,256.99,0.2346,-1,-1,-1
240,86,421.51,475.14,37.74,98.06,0.1996,-1,-1,-1
240,94,509.09,441.28,39.81,117.49,0.4040,-1,-1,-1
240,111,627.56,460.54,51.60,172.39,0.5954,-1,-1,-1
240,122,673.60,496.30,52.29,121.16,0.2053,-1,-1,-1
240,125,1068.21,443.00,56.30,151.88,0.2169,-1,-1,-1
240,133,717.04,438.04,163.48,430.42,0.6310,-1,-1,-1
240,135,1244.37,431.83,70.76,323.51,0.5407,-1,-1,-1
241,2,960.40,425.67,109.12,416.97,0.6740,-1,-1,-1
241,3,810.72,416.28,231.47,583.69,0.8196,-1,-1,-1
241,9,1119.19,445.93,34.55,100.66,0.2013,-1,-1,-1
241,19,1172.70,438.09,109.14,370.65,0.7354,-1,-1,-1
241,77,1878.44,388.93,41.05,256.71,0.1754,-1,-1,-1
241,94,508.82,441.97,39.82,116.95,0.4083,-1,-1,-1
241,111,628.78,457.01,56.82,174.72,0.5834,-1,-1,-1
241,122,674.90,489.17,50.38,118.14,0.1898,-1,-1,-1
241,125,1068.99,448.67,54.47,146.10,0.2554,-1,-1,-1
241,133,722.18,437.13,161.37,429.43,0.6225,-1,-1,-1
241,135,1251.60,429.89,64.77,325.74,0.5438,-1,-1,-1
242,2,957.46,425.62,115.12,412.61,0.5606,-1,-1,-1
242,3,823.83,423.58,216.48,579.79,0.8240,-1,-1,-1
242,9,1119.96,445.35,34.27,101.67,0.1897,-1,-1,-1
242,19,1181.06,437.29,110.28,366.83,0.6818,-1,-1,-1
242,77,1878.00,388.68,41.39,252.17,0.1971,-1,-1,-1
242,93,1256.14,434.87,56.88,176.62,0.1841,-1,-1,-1
242,94,508.27,444.51,39.85,114.90,0.3896,-1,-1,-1
242,111,628.20,459.24,58.26,170.85,0.5867,-1,-1,-1
242,122,677.86,460.41,52.94,136.21,0.1961,-1,-1,-1
242,125,1068.55,448.25,57.04,143.62,0.2413,-1,-1,-1
242,133,756.71,437.35,127.94,434.46,0.6463,-1,-1,-1
242,135,1254.73,429.35,63.47,336.69,0.2629,-1,-1,-1
243,2,976.32,427.32,96.81,408.96,0.4631,-1,-1,-1
243,3,829.50,403.25,212.52,601.71,0.8007,-1,-1,-1
243,9,1121.70,446.62,31.40,102.49,0.2026,-1,-1,-1
243,19,1188.91,435.38,107.58,368.14,0.6389,-1,-1,-1
243,77,1878.85,394.36,40.63,246.44,0.1643,-1,-1,-1
243,93,1260.22,427.05,54.97,189.83,0.1578,-1,-1,-1
243,94,507.73,449.69,40.63,109.93,0.3382,-1,-1,-1
243,109,457.56,449.27,46.34,111.21,0.1841,-1,-1,-1
243,111,630.02,461.42,61.03,168.07,0.5670,-1,-1,-1
243,122,677.44,457.46,55.11,142.05,0.2105,-1,-1,-1
243,125,1069.27,449.00,56.21,143.03,0.2464,-1,-1,-1
243,133,735.67,436.95,152.80,432.74,0.6695,-1,-1,-1
243,135,1255.54,426.51,64.10,350.81,0.1966,-1,-1,-1
243,137,722.47,453.79,53.25,189.69,0.1895,-1,-1,-1
244,2,981.08,423.12,95.73,416.42,0.4868,-1,-1,-1
244,3,840.91,395.27,203.42,613.37,0.7915,-1,-1,-1
244,9,1120.80,450.02,32.54,99.90,0.2082,-1,-1,-1
244,19,1199.16,433.36,114.22,369.93,0.7684,-1,-1,-1
244,77,1877.90,393.66,41.36,245.12,0.1875,-1,-1,-1
244,93,1267.03,424.42,58.66,204.23,0.1555,-1,-1,-1
244,94,507.63,447.67,40.68,111.42,0.3742,-1,-1,-1
244,109,455.93,449.03,48.19,111.08,0.1558,-1,-1,-1
244,111,631.14,462.36,65.84,168.84,0.5952,-1,-1,-1
244,122,679.55,459.16,52.67,138.24,0.2057,-1,-1,-1
244,125,1070.39,449.78,55.81,142.58,0.2628,-1,-1,-1
244,133,734.33,436.03,154.05,432.91,0.6903,-1,-1,-1
244,137,721.88,453.53,49.05,134.04,0.1630,-1,-1,-1
245,2,984.06,420.65,94.98,419.53,0.2528,-1,-1,-1
245,3,848.11,400.74,202.14,615.19,0.7382,-1,-1,-1
245,9,1120.33,453.78,33.02,96.76,0.1955,-1,-1,-1
245,19,1204.64,431.75,117.34,372.26,0.7983,-1,-1,-1
245,20,1829.24,465.99,69.61,180.40,0.1680,-1,-1,-1
245,77,1879.07,394.51,40.34,244.03,0.2038,-1,-1,-1
245,93,1271.24,419.09,62.40,218.09,0.2650,-1,-1,-1
245,94,507.04,446.48,41.48,112.12,0.3848,-1,-1,-1
245,109,455.20,447.64,48.45,110.74,0.1605,-1,-1,-1
245,111,631.19,463.04,65.80,168.69,0.5915,-1,-1,-1
245,122,681.72,459.05,51.02,139.42,0.2106,-1,-1,-1
245,125,1069.09,450.57,56.16,141.72,0.2624,-1,-1,-1
245,133,735.45,437.65,158.00,434.59,0.6435,-1,-1,-1
246,2,984.96,423.01,104.14,421.12,0.2652,-1,-1,-1
246,3,856.35,412.26,197.81,615.38,0.7832,-1,-1,-1
246,9,1123.00,453.07,30.08,96.46,0.2059,-1,-1,-1
246,19,1208.06,431.41,112.65,370.76,0.7652,-1,-1,-1
246,20,1829.97,463.50,69.70,182.89,0.2001,-1,-1,-1
246,77,1879.29,394.41,40.04,244.60,0.2031,-1,-1,-1
246,93,1278.16,420.65,60.54,217.09,0.4107,-1,-1,-1
246,94,507.82,441.76,41.02,116.74,0.3772,-1,-1,-1
246,109,458.43,446.10,45.84,113.00,0.1813,-1,-1,-1
246,111,632.41,461.06,64.13,169.54,0.5923,-1,-1,-1
246,122,683.79,459.17,47.58,140.72,0.2727,-1,-1,-1
246,125,1071.44,449.25,55.31,144.46,0.3268,-1,-1,-1
246,133,735.45,439.26,164.70,433.81,0.5698,-1,-1,-1
247,2,990.10,428.17,110.86,419.41,0.2769,-1,-1,-1
247,3,867.08,421.03,188.63,614.02,0.7729,-1,-1,-1
247,9,1120.65,449.36,30.01,98.94,0.1848,-1,-1,-1
247,19,1211.13,430.63,120.57,369.59,0.7320,-1,-1,-1
247,20,1824.52,466.03,75.74,186.60,0.1834,-1,-1,-1
247,77,1877.88,390.42,41.34,244.24,0.2572,-1,-1,-1
247,86,415.27,472.16,41.44,99.90,0.1595,-1,-1,-1
247,93,1283.71,426.29,54.98,205.27,0.2143,-1,-1,-1
247,94,504.56,441.31,44.37,117.84,0.4357,-1,-1,-1
247,109,459.23,446.53,44.70,113.45,0.2789,-1,-1,-1
247,111,632.12,458.22,68.97,173.16,0.5075,-1,-1,-1
247,122,682.31,457.28,49.99,142.10,0.2845,-1,-1,-1
247,125,1072.35,447.31,51.72,148.18,0.2383,-1,-1,-1
247,132,569.54,463.22,24.72,56.38,0.1572,-1,-1,-1
247,133,771.07,436.62,135.55,439.84,0.5569,-1,-1,-1
247,139,722.18,471.86,42.86,119.14,0.1876,-1,-1,-1
248,2,992.08,440.42,122.64,410.34,0.2499,-1,-1,-1
248,3,877.58,420.18,186.25,619.28,0.7379,-1,-1,-1
248,19,1215.04,431.51,136.32,371.12,0.8024,-1,-1,-1
248,20,1824.74,461.85,75.92,190.42,0.1804,-1,-1,-1
248,26,1668.20,433.39,108.45,155.57,0.1856,-1,-1,-1
248,77,1877.64,390.70,41.58,250.05,0.2778,-1,-1,-1
248,86,414.16,474.04,42.78,98.59,0.1860,-1,-1,-1
248,93,1290.36,428.32,52.52,214.05,0.1559,-1,-1,-1
248,94,503.86,440.37,45.02,118.79,0.3943,-1,-1,-1
248,109,459.70,446.47,44.34,114.82,0.2568,-1,-1,-1
248,111,637.96,461.14,59.14,171.21,0.5894,-1,-1,-1
248,122,689.29,460.33,42.74,139.76,0.2321,-1,-1,-1
248,125,1071.23,438.65,64.99,153.06,0.3615,-1,-1,-1
248,133,771.78,434.30,136.66,443.00,0.5747,-1,-1,-1
248,139,723.17,484.04,44.87,108.24,0.2143,-1,-1,-1
249,2,994.47,433.71,114.59,415.25,0.2453,-1,-1,-1
249,3,884.75,422.89,182.71,620.69,0.7133,-1,-1,-1
249,19,1217.38,431.38,154.10,371.56,0.6993,-1,-1,-1
249,86,415.45,474.61,41.63,98.54,0.2168,-1,-1,-1
249,93,1296.18,423.24,52.15,224.40,0.2646,-1,-1,-1
249,94,505.02,443.30,44.50,116.65,0.4016,-1,-1,-1
249,109,459.68,447.40,44.02,111.22,0.2049,-1,-1,-1
249,111,637.16,452.95,61.18,179.70,0.5774,-1,-1,-1
249,122,690.56,458.59,41.12,141.73,0.2118,-1,-1,-1
249,125,1069.08,441.90,60.04,153.27,0.2689,-1,-1,-1
249,133,779.76,431.03,142.01,446.49,0.7505,-1,-1,-1
249,139,724.22,481.35,41.37,107.32,0.1620,-1,-1,-1
250,2,991.46,430.55,120.08,418.68,0.2053,-1,-1,-1
250,3,889.98,423.07,222.63,615.55,0.7204,-1,-1,-1
250,19,1218.45,432.39,175.07,372.30,0.7418,-1,-1,-1
250,86,410.20,472.47,47.37,99.15,0.1871,-1,-1,-1
250,93,1302.53,433.75,51.82,215.07,0.1670,-1,-1,-1
250,94,507.82,444.27,41.92,115.43,0.3396,-1,-1,-1
250,109,462.11,449.95,43.06,109.00,0.1812,-1,-1,-1
250,111,643.22,450.01,65.69,183.62,0.6447,-1,-1,-1
250,122,695.16,455.93,37.37,145.35,0.1723,-1,-1,-1
250,125,1092.75,436.38,55.01,156.14,0.3144,-1,-1,-1
250,133,779.71,427.58,147.64,450.19,0.7529,-1,-1,-1
250,139,726.74,487.39,41.43,104.36,0.2138,-1,-1,-1
250,142,600.38,462.69,27.76,55.27,0.2097,-1,-1,-1
251,3,902.04,409.78,216.98,634.04,0.7894,-1,-1,-1
251,19,1216.43,430.02,192.15,374.85,0.8487,-1,-1,-1
251,86,410.73,472.31,44.79,99.19,0.2612,-1,-1,-1
251,94,507.57,445.86,42.81,114.40,0.3449,-1,-1,-1
251,109,468.38,450.34,37.46,104.61,0.1600,-1,-1,-1
251,111,647.96,449.70,67.61,182.08,0.6700,-1,-1,-1
251,122,695.18,452.82,37.76,145.68,0.1625,-1,-1,-1
251,125,1074.67,443.85,55.18,152.51,0.2218,-1,-1,-1
251,133,784.29,428.76,140.91,449.50,0.7635,-1,-1,-1
251,139,727.35,480.11,44.26,108.86,0.1884,-1,-1,-1
251,142,599.46,463.24,26.84,55.42,0.2068,-1,-1,-1
251,145,1849.34,471.73,69.85,311.40,0.3460,-1,-1,-1
252,3,909.19,403.30,217.76,636.25,0.8474,-1,-1,-1
252,19,1216.83,427.12,201.83,378.92,0.8414,-1,-1,-1
252,86,410.65,472.34,44.13,99.84,0.3845,-1,-1,-1
252,94,507.49,443.24,43.68,116.86,0.3642,-1,-1,-1
252,109,463.45,455.45,42.30,104.66,0.1898,-1,-1,-1
252,111,649.86,447.83,67.37,183.89,0.7185,-1,-1,-1
252,122,695.60,454.63,37.30,145.47,0.1688,-1,-1,-1
252,125,1076.72,445.61,51.84,150.02,0.2331,-1,-1,-1
252,133,784.46,429.66,143.37,450.04,0.7428,-1,-1,-1
252,139,729.76,487.34,45.07,109.72,0.2965,-1,-1,-1
252,145,1847.47,528.34,72.09,253.43,0.4945,-1,-1,-1
252,146,1097.26,441.54,41.17,123.38,0.2259,-1,-1,-1
252,147,1115.91,443.64,39.19,108.39,0.1709,-1,-1,-1
253,3,917.48,404.33,210.93,636.26,0.8429,-1,-1,-1
253,19,1217.74,427.35,204.26,380.15,0.8539,-1,-1,-1
253,86,410.61,471.05,44.66,100.66,0.3768,-1,-1,-1
253,94,508.42,444.13,43.31,116.80,0.3318,-1,-1,-1
253,109,463.67,455.17,43.21,103.28,0.2086,-1,-1,-1
253,111,652.04,446.89,65.62,185.48,0.6938,-1,-1,-1
253,122,697.45,453.50,35.89,147.49,0.1680,-1,-1,-1
253,125,1078.19,445.71,52.80,149.55,0.1989,-1,-1,-1
253,133,789.08,432.24,136.38,444.77,0.7412,-1,-1,-1
253,139,729.00,482.26,48.24,111.68,0.3698,-1,-1,-1
253,145,1848.16,481.27,70.93,296.03,0.5930,-1,-1,-1
253,146,1099.83,441.89,43.40,121.14,0.2823,-1,-1,-1
254,3,921.38,409.29,203.75,631.23,0.8355,-1,-1,-1
254,19,1217.27,424.15,201.62,385.39,0.8595,-1,-1,-1
254,86,411.57,468.08,40.74,103.70,0.3536,-1,-1,-1
254,94,508.68,446.41,42.78,114.96,0.3833,-1,-1,-1
254,109,464.00,457.87,42.77,100.75,0.2098,-1,-1,-1
254,111,655.37,448.34,62.46,183.72,0.7196,-1,-1,-1
254,125,1079.17,449.02,54.10,146.88,0.2007,-1,-1,-1
254,133,786.71,433.19,139.21,444.25,0.7462,-1,-1,-1
254,139,731.46,485.53,44.89,112.25,0.3836,-1,-1,-1
254,145,1840.55,398.77,77.89,377.45,0.5196,-1,-1,-1
254,146,1100.94,444.23,46.04,142.76,0.2917,-1,-1,-1
254,148,600.16,472.42,20.32,46.37,0.1745,-1,-1,-1
255,3,925.16,405.15,191.39,637.61,0.8328,-1,-1,-1
255,19,1217.81,427.62,209.16,384.23,0.8621,-1,-1,-1
255,86,410.39,470.99,40.58,102.87,0.3801,-1,-1,-1
255,94,511.99,446.09,39.93,114.66,0.3656,-1,-1,-1
255,109,467.71,463.66,38.72,97.98,0.2098,-1,-1,-1
255,111,656.89,449.43,64.03,183.33,0.6826,-1,-1,-1
255,122,700.54,457.62,32.17,138.52,0.1667,-1,-1,-1
255,125,1073.72,459.09,45.59,139.38,0.1877,-1,-1,-1
255,132,571.40,461.34,20.69,57.48,0.1531,-1,-1,-1
255,133,799.60,430.75,133.85,446.07,0.7032,-1,-1,-1
255,139,731.09,483.74,45.94,113.58,0.3561,-1,-1,-1
255,145,1813.59,388.62,105.71,391.24,0.7462,-1,-1,-1
255,146,1101.69,435.05,49.70,124.04,0.3306,-1,-1,-1
255,148,600.36,472.72,23.09,45.56,0.1700,-1,-1,-1
255,149,1022.69,446.34,61.45,141.21,0.2152,-1,-1,-1
256,3,928.28,408.31,195.83,631.05,0.8421,-1,-1,-1
256,19,1223.20,428.29,207.47,385.61,0.8679,-1,-1,-1
256,26,1683.20,436.77,98.93,150.91,0.1520,-1,-1,-1
256,86,408.25,474.71,41.93,100.15,0.3763,-1,-1,-1
256,94,510.62,440.90,42.12,119.98,0.4503,-1,-1,-1
256,109,465.59,462.00,39.05,99.94,0.2165,-1,-1,-1
256,111,657.84,450.44,68.87,183.49,0.7103,-1,-1,-1
256,132,570.13,461.45,21.96,57.68,0.1507,-1,-1,-1
256,133,806.83,432.38,128.99,449.40,0.7444,-1,-1,-1
256,139,730.43,483.67,44.82,114.83,0.3395,-1,-1,-1
256,145,1805.54,393.87,114.03,386.63,0.7645,-1,-1,-1
256,146,1099.81,435.76,51.07,121.32,0.3241,-1,-1,-1
256,148,600.41,467.60,24.77,49.52,0.1882,-1,-1,-1
257,3,930.01,407.77,189.13,633.54,0.8272,-1,-1,-1
257,19,1228.19,428.93,206.32,385.40,0.8663,-1,-1,-1
257,26,1668.66,431.82,113.86,152.01,0.1651,-1,-1,-1
257,86,407.56,474.67,42.34,100.74,0.3681,-1,-1,-1
257,94,509.98,440.23,42.51,120.70,0.4334,-1,-1,-1
257,109,463.76,462.98,40.20,99.54,0.2191,-1,-1,-1
257,111,657.72,452.53,71.54,182.42,0.7086,-1,-1,-1
257,132,568.74,461.04,23.41,58.43,0.1748,-1,-1,-1
257,133,810.17,433.87,128.08,460.19,0.7060,-1,-1,-1
257,139,730.57,484.11,44.51,113.82,0.3060,-1,-1,-1
257,142,600.29,464.42,27.40,53.43,0.1881,-1,-1,-1
257,145,1811.61,394.18,108.04,386.94,0.7880,-1,-1,-1
257,146,1101.46,435.47,49.79,121.10,0.3593,-1,-1,-1
257,149,1038.02,472.71,56.68,120.72,0.1787,-1,-1,-1
257,150,553.06,452.67,31.67,65.23,0.1768,-1,-1,-1
258,3,935.10,398.10,185.16,642.59,0.8026,-1,-1,-1
258,19,1240.72,427.54,194.92,385.44,0.8651,-1,-1,-1
258,26,1668.07,428.45,114.61,154.94,0.1853,-1,-1,-1
258,86,406.60,472.70,43.57,99.41,0.2303,-1,-1,-1
258,94,509.84,446.37,43.58,114.72,0.2753,-1,-1,-1
258,109,466.75,465.10,37.44,95.97,0.1565,-1,-1,-1
258,111,659.31,448.21,72.07,191.45,0.7454,-1,-1,-1
258,132,571.53,460.24,21.02,59.40,0.1674,-1,-1,-1
258,133,794.00,433.48,144.94,472.30,0.6284,-1,-1,-1
258,139,733.71,486.33,42.70,114.83,0.2514,-1,-1,-1
258,145,1806.12,396.63,112.72,383.18,0.7381,-1,-1,-1
258,146,1101.21,434.16,52.34,122.02,0.3991,-1,-1,-1
258,149,1043.10,458.05,66.53,140.88,0.2975,-1,-1,-1
258,150,553.92,452.44,31.27,65.48,0.1696,-1,-1,-1
259,3,934.45,394.89,182.74,647.27,0.7606,-1,-1,-1
259,19,1251.10,427.35,184.61,385.38,0.8004,-1,-1,-1
259,26,1668.14,426.92,113.95,156.30,0.1571,-1,-1,-1
259,86,405.86,474.40,43.98,98.90,0.2677,-1,-1,-1
259,94,509.04,442.89,43.16,116.94,0.2403,-1,-1,-1
259,109,465.34,459.25,37.88,100.77,0.2054,-1,-1,-1
259,111,659.47,450.30,73.50,188.01,0.7307,-1,-1,-1
259,132,568.44,456.87,25.37,61.28,0.1798,-1,-1,-1
259,133,809.93,432.09,127.72,474.02,0.6528,-1,-1,-1
259,139,733.56,487.31,44.89,111.72,0.2252,-1,-1,-1
259,145,1781.52,400.37,137.16,376.18,0.7976,-1,-1,-1
259,146,1101.72,432.58,52.79,123.33,0.4000,-1,-1,-1
259,149,1044.15,457.69,68.58,146.75,0.3077,-1,-1,-1
259,150,554.51,452.32,32.39,65.51,0.1582,-1,-1,-1
260,3,937.19,395.98,177.23,644.18,0.7713,-1,-1,-1
260,19,1262.21,426.06,175.42,386.82,0.7872,-1,-1,-1
260,77,1880.04,398.21,39.36,258.70,0.2134,-1,-1,-1
260,86,404.76,473.02,44.42,102.01,0.3154,-1,-1,-1
260,94,506.88,447.09,44.94,113.65,0.2537,-1,-1,-1
260,111,662.70,452.21,70.44,185.06,0.7028,-1,-1,-1
260,133,812.86,432.56,127.98,477.66,0.5791,-1,-1,-1
260,139,735.41,489.66,43.30,109.10,0.2701,-1,-1,-1
260,145,1748.23,402.07,171.10,374.95,0.7756,-1,-1,-1
260,146,1101.48,433.64,55.86,120.82,0.2856,-1,-1,-1
260,149,1046.67,460.33,72.13,138.21,0.2810,-1,-1,-1
261,3,939.36,400.00,176.68,641.01,0.7815,-1,-1,-1
261,19,1278.23,426.32,159.15,386.86,0.7394,-1,-1,-1
261,77,1875.49,395.15,43.59,261.95,0.3075,-1,-1,-1
261,86,403.21,470.11,46.20,102.77,0.2713,-1,-1,-1
261,94,505.87,443.93,45.62,116.31,0.3154,-1,-1,-1
261,109,462.18,451.28,40.96,110.53,0.2223,-1,-1,-1
261,111,663.55,450.97,70.24,188.73,0.7249,-1,-1,-1
261,133,779.91,441.90,155.92,473.76,0.5593,-1,-1,-1
261,139,734.89,492.48,44.70,107.49,0.2654,-1,-1,-1
261,145,1709.11,398.47,210.33,380.27,0.7868,-1,-1,-1
261,146,1104.62,436.53,55.48,117.73,0.2110,-1,-1,-1
261,149,1049.89,461.62,68.34,134.73,0.2954,-1,-1,-1
262,3,939.44,396.23,175.76,645.36,0.7996,-1,-1,-1
262,19,1306.42,424.34,135.15,391.42,0.7774,-1,-1,-1
262,77,1857.88,400.00,60.43,259.33,0.2646,-1,-1,-1
262,86,400.74,470.13,49.22,98.81,0.3281,-1,-1,-1
262,94,505.41,439.37,46.00,120.64,0.4139,-1,-1,-1
262,109,459.31,449.24,43.53,113.24,0.2133,-1,-1,-1
262,111,663.99,450.57,70.17,189.58,0.6880,-1,-1,-1
262,133,819.20,434.13,126.96,480.45,0.6393,-1,-1,-1
262,139,732.21,489.03,47.26,111.97,0.2441,-1,-1,-1
262,145,1681.25,413.46,236.73,366.21,0.8118,-1,-1,-1
262,146,1104.11,435.73,56.16,120.16,0.3308,-1,-1,-1
262,149,1052.53,446.32,63.74,154.21,0.2236,-1,-1,-1
262,153,1291.87,429.00,49.10,121.57,0.2484,-1,-1,-1
263,3,942.71,396.22,176.15,645.22,0.8203,-1,-1,-1
263,19,1315.30,424.50,136.62,391.60,0.7907,-1,-1,-1
263,77,1851.30,415.74,68.41,244.60,0.2313,-1,-1,-1
263,86,401.01,470.48,49.06,96.94,0.3306,-1,-1,-1
263,94,503.14,438.87,47.81,121.76,0.4045,-1,-1,-1
263,109,457.96,453.39,44.38,110.04,0.1794,-1,-1,-1
263,111,664.04,452.76,72.60,186.30,0.6493,-1,-1,-1
263,133,821.18,433.74,125.45,481.86,0.6634,-1,-1,-1
263,139,728.65,486.83,50.10,115.16,0.2525,-1,-1,-1
263,145,1668.76,424.23,249.81,354.24,0.8338,-1,-1,-1
263,146,1106.61,437.56,53.76,118.23,0.3363,-1,-1,-1
263,149,1054.02,440.79,68.69,159.52,0.1681,-1,-1,-1
263,153,1294.35,429.54,46.12,120.99,0.4681,-1,-1,-1
264,3,944.74,399.47,181.63,641.36,0.8215,-1,-1,-1
264,19,1331.29,420.51,127.18,397.52,0.8137,-1,-1,-1
264,77,1849.20,397.99,69.74,257.47,0.2546,-1,-1,-1
264,86,402.73,468.73,44.38,99.14,0.3457,-1,-1,-1
264,94,504.54,439.60,47.43,121.07,0.4164,-1,-1,-1
264,109,458.47,454.14,42.78,108.25,0.1687,-1,-1,-1
264,111,666.02,452.64,73.53,186.64,0.6317,-1,-1,-1
264,133,823.71,433.37,119.79,481.66,0.6325,-1,-1,-1
264,139,728.17,490.95,51.14,112.80,0.2550,-1,-1,-1
264,145,1663.19,425.92,252.86,352.63,0.8500,-1,-1,-1
264,146,1107.87,438.60,52.69,113.82,0.2284,-1,-1,-1
264,149,1051.79,447.02,75.93,152.61,0.1579,-1,-1,-1
264,153,1297.63,432.26,42.23,118.47,0.3474,-1,-1,-1
265,3,946.07,402.10,183.55,639.86,0.8286,-1,-1,-1
265,19,1340.60,421.98,120.53,398.47,0.8056,-1,-1,-1
265,20,1832.97,470.23,67.43,177.94,0.1638,-1,-1,-1
265,86,401.19,468.27,48.32,102.04,0.3569,-1,-1,-1
265,94,504.86,438.83,47.43,121.62,0.4094,-1,-1,-1
265,109,456.02,459.12,42.86,101.72,0.2131,-1,-1,-1
265,111,669.39,452.12,73.05,187.02,0.6308,-1,-1,-1
265,133,824.84,433.02,120.48,483.36,0.5963,-1,-1,-1
265,139,732.85,496.51,46.68,105.70,0.1981,-1,-1,-1
265,145,1660.47,427.46,245.50,349.98,0.8360,-1,-1,-1
265,146,1110.71,438.42,50.30,118.20,0.3257,-1,-1,-1
265,149,1061.31,471.70,72.47,131.15,0.1705,-1,-1,-1
265,153,1298.57,434.48,46.53,114.14,0.3183,-1,-1,-1
266,3,948.51,403.00,176.88,638.77,0.8176,-1,-1,-1
266,19,1346.34,422.29,123.21,404.82,0.8193,-1,-1,-1
266,20,1830.81,471.92,69.56,175.99,0.2101,-1,-1,-1
266,86,402.12,467.79,47.19,105.67,0.3041,-1,-1,-1
266,94,505.24,438.68,47.43,121.86,0.4104,-1,-1,-1
266,109,456.69,456.93,43.19,104.16,0.2044,-1,-1,-1
266,111,674.54,453.97,70.44,184.83,0.5930,-1,-1,-1
266,133,825.18,431.76,120.47,485.27,0.6313,-1,-1,-1
266,139,735.83,501.98,42.62,98.99,0.1506,-1,-1,-1
266,145,1658.49,413.68,233.61,360.83,0.8503,-1,-1,-1
266,146,1110.70,438.01,51.81,120.36,0.4104,-1,-1,-1
266,149,1069.90,478.57,65.52,118.73,0.2007,-1,-1,-1
267,3,950.05,402.51,175.64,639.02,0.8105,-1,-1,-1
267,19,1351.53,418.84,122.56,414.50,0.8201,-1,-1,-1
267,20,1829.58,465.20,64.59,185.92,0.2807,-1,-1,-1
267,86,400.49,464.55,49.72,109.02,0.3753,-1,-1,-1
267,94,505.14,438.95,47.55,121.44,0.4299,-1,-1,-1
267,109,457.14,463.38,40.95,97.60,0.2264,-1,-1,-1
267,111,675.07,454.00,70.87,183.33,0.6218,-1,-1,-1
267,133,824.85,428.28,120.14,490.78,0.7041,-1,-1,-1
267,145,1656.87,418.52,218.31,347.80,0.8300,-1,-1,-1
267,146,1115.19,438.45,47.72,119.13,0.3499,-1,-1,-1
267,149,1057.38,436.96,71.37,165.85,0.1592,-1,-1,-1
267,155,775.43,484.63,64.41,169.22,0.1747,-1,-1,-1
268,3,950.61,403.87,171.85,638.28,0.8181,-1,-1,-1
268,19,1353.77,423.93,141.16,408.38,0.8309,-1,-1,-1
268,20,1823.80,470.31,74.20,183.97,0.2289,-1,-1,-1
268,86,397.00,463.46,52.51,110.92,0.3047,-1,-1,-1
268,94,506.31,437.86,46.34,123.35,0.4164,-1,-1,-1
268,109,457.65,461.79,37.85,97.06,0.1948,-1,-1,-1
268,111,677.29,454.10,68.44,182.88,0.6810,-1,-1,-1
268,133,824.07,429.66,126.11,488.57,0.5945,-1,-1,-1
268,145,1658.62,415.92,187.86,340.44,0.8203,-1,-1,-1
268,146,1124.74,447.76,36.60,110.61,0.2918,-1,-1,-1
268,149,1056.00,446.41,96.18,196.11,0.3103,-1,-1,-1
269,3,950.80,403.58,178.13,639.01,0.8197,-1,-1,-1
269,19,1358.46,424.24,163.17,413.09,0.8576,-1,-1,-1
269,20,1823.51,470.55,75.41,183.30,0.2225,-1,-1,-1
269,86,393.50,461.87,54.23,110.43,0.3000,-1,-1,-1
269,94,505.33,436.10,47.14,124.86,0.4431,-1,-1,-1
269,109,458.38,454.91,35.90,101.85,0.1988,-1,-1,-1
269,111,678.94,453.28,67.04,183.00,0.6683,-1,-1,-1
269,133,822.32,428.75,126.56,491.61,0.5654,-1,-1,-1
269,139,734.98,497.96,45.77,101.47,0.1635,-1,-1,-1
269,145,1657.15,417.70,167.65,338.44,0.8101,-1,-1,-1
269,146,1121.92,444.07,39.96,111.71,0.3672,-1,-1,-1
269,149,1051.98,438.93,102.57,210.26,0.3068,-1,-1,-1
270,3,952.51,404.56,172.83,638.53,0.8080,-1,-1,-1
270,19,1361.09,424.24,178.62,414.57,0.8497,-1,-1,-1
270,20,1826.30,468.96,66.81,182.39,0.2627,-1,-1,-1
270,86,390.37,460.83,57.72,111.09,0.1937,-1,-1,-1
270,94,505.77,436.07,46.83,125.10,0.4103,-1,-1,-1
270,111,681.77,452.27,65.70,186.51,0.6998,-1,-1,-1
270,133,825.84,426.77,135.04,494.03,0.5995,-1,-1,-1
270,139,740.09,491.93,41.03,105.48,0.1951,-1,-1,-1
270,145,1657.57,410.53,136.80,343.34,0.8015,-1,-1,-1
270,146,1120.49,440.61,41.45,113.32,0.2592,-1,-1,-1
270,149,1050.98,429.81,105.55,218.17,0.3154,-1,-1,-1
271,3,955.52,405.21,166.08,638.32,0.7717,-1,-1,-1
271,19,1360.18,423.55,196.66,414.40,0.8316,-1,-1,-1
271,20,1826.20,470.86,64.25,179.62,0.2518,-1,-1,-1
271,86,391.96,459.41,55.90,113.68,0.2412,-1,-1,-1
271,94,507.28,437.56,47.03,123.63,0.3776,-1,-1,-1
271,111,685.64,448.07,64.80,192.71,0.6160,-1,-1,-1
271,133,826.18,426.23,137.31,495.14,0.6076,-1,-1,-1
271,139,740.64,480.61,39.95,115.74,0.2386,-1,-1,-1
271,145,1656.76,415.59,109.86,338.38,0.7669,-1,-1,-1
271,146,1122.85,439.23,37.75,114.96,0.1957,-1,-1,-1
271,149,1058.80,427.34,100.94,218.63,0.3347,-1,-1,-1
272,3,959.99,403.95,158.76,639.12,0.8078,-1,-1,-1
272,19,1360.30,426.00,200.00,415.09,0.8649,-1,-1,-1
272,20,1825.17,465.45,74.94,184.78,0.2433,-1,-1,-1
272,77,1879.87,388.92,39.66,244.32,0.1533,-1,-1,-1
272,86,393.95,461.82,56.08,113.24,0.3113,-1,-1,-1
272,94,507.08,440.75,48.20,120.65,0.3849,-1,-1,-1
272,109,455.42,455.07,39.41,102.74,0.2155,-1,-1,-1
272,111,687.65,445.79,66.98,197.76,0.6513,-1,-1,-1
272,132,573.07,459.60,21.99,59.22,0.1523,-1,-1,-1
272,133,829.32,426.70,133.44,494.05,0.6614,-1,-1,-1
272,139,741.16,476.94,40.35,119.53,0.2287,-1,-1,-1
272,145,1642.67,416.40,96.70,335.68,0.7026,-1,-1,-1
272,149,1061.65,421.21,101.37,221.42,0.2968,-1,-1,-1
273,3,963.31,403.10,158.61,640.02,0.8123,-1,-1,-1
273,19,1361.80,427.71,201.19,419.56,0.8805,-1,-1,-1
273,20,1825.01,470.88,73.79,183.00,0.2030,-1,-1,-1
273,86,393.12,463.74,53.82,110.12,0.3625,-1,-1,-1
273,94,507.90,449.64,47.23,112.23,0.2800,-1,-1,-1
273,109,454.65,460.37,40.14,98.32,0.2246,-1,-1,-1
273,111,688.12,443.53,67.66,201.46,0.6531,-1,-1,-1
273,132,574.29,460.57,19.90,57.75,0.1661,-1,-1,-1
273,133,830.73,424.22,132.86,495.70,0.6601,-1,-1,-1
273,139,742.33,473.33,39.07,120.39,0.2764,-1,-1,-1
273,145,1637.41,430.18,85.53,323.50,0.7103,-1,-1,-1
273,149,1061.07,423.54,100.04,185.54,0.2501,-1,-1,-1
273,158,791.04,452.89,37.77,78.79,0.1630,-1,-1,-1
273,159,803.45,472.58,33.97,73.28,0.2281,-1,-1,-1
273,160,1305.63,427.76,51.83,122.89,0.2250,-1,-1,-1
274,3,964.44,403.21,155.48,640.19,0.8158,-1,-1,-1
274,19,1364.28,425.49,204.53,428.06,0.8754,-1,-1,-1
274,20,1825.02,465.53,70.45,184.32,0.1718,-1,-1,-1
274,86,393.86,467.20,52.54,106.36,0.3265,-1,-1,-1
274,94,508.60,447.87,46.01,112.26,0.2925,-1,-1,-1
274,109,455.12,459.91,39.81,97.74,0.2106,-1,-1,-1
274,111,688.07,449.47,68.13,191.93,0.5838,-1,-1,-1
274,132,573.87,460.70,18.64,57.48,0.1653,-1,-1,-1
274,133,831.96,424.65,133.86,494.71,0.6800,-1,-1,-1
274,139,742.96,471.38,37.77,122.48,0.2988,-1,-1,-1
274,145,1622.79,438.81,96.99,311.89,0.7957,-1,-1,-1
274,149,1070.27,428.05,99.06,217.81,0.3287,-1,-1,-1
274,158,789.32,452.46,35.93,79.58,0.2121,-1,-1,-1
274,159,802.93,472.78,34.22,70.21,0.2049,-1,-1,-1
274,160,1305.60,424.65,55.14,125.62,0.1993,-1,-1,-1
275,3,965.81,404.73,153.69,639.12,0.7983,-1,-1,-1
275,19,1369.17,424.11,202.45,430.25,0.8780,-1,-1,-1
275,20,1825.24,467.55,74.84,183.16,0.2109,-1,-1,-1
275,86,392.83,465.15,55.49,107.98,0.3167,-1,-1,-1
275,94,509.72,449.16,45.72,111.66,0.2948,-1,-1,-1
275,109,455.37,457.59,40.10,98.55,0.1772,-1,-1,-1
275,111,692.19,449.37,73.70,193.46,0.5685,-1,-1,-1
275,133,832.11,422.57,134.33,495.95,0.7002,-1,-1,-1
275,139,743.09,464.36,36.50,136.43,0.1542,-1,-1,-1
275,145,1588.25,438.91,131.59,313.01,0.7846,-1,-1,-1
275,149,1067.69,425.55,104.20,224.99,0.4189,-1,-1,-1
275,158,788.06,452.47,34.95,80.33,0.1704,-1,-1,-1
275,159,804.80,468.99,35.26,86.44,0.1638,-1,-1,-1
275,160,1305.15,424.82,55.44,125.94,0.2667,-1,-1,-1
276,3,967.34,401.22,155.62,642.21,0.8142,-1,-1,-1
276,19,1375.23,425.26,195.03,429.15,0.8333,-1,-1,-1
276,20,1826.07,464.63,74.59,184.94,0.1550,-1,-1,-1
276,86,391.41,464.83,58.72,108.53,0.2716,-1,-1,-1
276,94,508.11,453.36,46.46,106.93,0.2126,-1,-1,-1
276,111,698.35,449.22,66.74,192.34,0.5449,-1,-1,-1
276,133,830.01,423.64,131.38,495.03,0.7021,-1,-1,-1
276,139,731.77,463.65,49.48,168.63,0.2002,-1,-1,-1
276,145,1567.42,437.82,149.95,316.34,0.8035,-1,-1,-1
276,149,1071.39,422.56,102.01,230.07,0.4046,-1,-1,-1
276,158,792.21,453.64,32.13,79.71,0.2476,-1,-1,-1
276,160,1304.53,427.53,57.25,123.65,0.4031,-1,-1,-1
277,3,971.02,403.67,156.64,640.50,0.8281,-1,-1,-1
277,19,1378.87,425.50,192.52,429.30,0.8147,-1,-1,-1
277,20,1828.26,463.96,72.41,183.32,0.1523,-1,-1,-1
277,86,389.28,468.71,61.27,105.17,0.1764,-1,-1,-1
277,94,508.10,453.49,45.72,105.97,0.1938,-1,-1,-1
277,111,694.73,453.08,65.26,191.82,0.4532,-1,-1,-1
277,133,827.12,423.66,131.17,495.49,0.6845,-1,-1,-1
277,139,745.12,457.31,38.58,175.67,0.2337,-1,-1,-1
277,145,1551.52,417.93,165.22,335.76,0.8513,-1,-1,-1
277,149,1077.00,425.54,97.73,228.27,0.3676,-1,-1,-1
277,158,793.12,452.52,31.71,80.59,0.3154,-1,-1,-1
277,159,802.17,463.77,38.01,80.82,0.1811,-1,-1,-1
277,160,1304.29,429.93,59.98,120.55,0.2548,-1,-1,-1
278,3,970.15,401.49,160.40,643.33,0.8239,-1,-1,-1
278,19,1388.24,425.79,208.40,425.87,0.8073,-1,-1,-1
278,86,389.78,468.00,60.31,105.50,0.1963,-1,-1,-1
278,94,506.19,456.58,45.38,102.43,0.2726,-1,-1,-1
278,111,705.58,451.74,69.09,193.36,0.4961,-1,-1,-1
278,133,830.37,423.21,129.95,495.60,0.7099,-1,-1,-1
278,145,1536.52,459.41,180.25,291.16,0.8507,-1,-1,-1
278,149,1091.73,439.47,84.85,218.94,0.2768,-1,-1,-1
278,158,792.17,453.22,35.70,81.33,0.1768,-1,-1,-1
279,3,974.16,401.01,158.97,644.73,0.8244,-1,-1,-1
279,19,1445.48,430.67,140.59,419.35,0.5474,-1,-1,-1
279,86,388.73,461.40,58.79,111.52,0.3212,-1,-1,-1
279,94,503.82,457.43,43.96,101.51,0.3372,-1,-1,-1
279,111,708.57,452.24,76.56,192.70,0.4307,-1,-1,-1
279,122,679.95,471.32,52.06,163.31,0.1786,-1,-1,-1
279,133,828.33,420.75,132.69,498.52,0.7356,-1,-1,-1
279,139,750.00,473.50,38.16,169.73,0.1801,-1,-1,-1
279,145,1535.70,421.21,177.83,327.78,0.8376,-1,-1,-1
279,149,1090.08,444.35,87.06,216.34,0.2678,-1,-1,-1
279,158,791.65,448.68,36.49,85.79,0.1888,-1,-1,-1
280,3,975.25,401.18,164.77,643.23,0.8128,-1,-1,-1
280,19,1452.12,428.51,137.22,422.04,0.7809,-1,-1,-1
280,26,1689.28,437.96,91.58,148.59,0.1848,-1,-1,-1
280,86,387.43,461.50,56.62,113.60,0.3620,-1,-1,-1
280,94,503.13,457.63,45.25,101.11,0.3202,-1,-1,-1
280,111,712.88,452.12,75.78,193.29,0.5381,-1,-1,-1
280,122,678.89,473.56,46.92,151.36,0.1759,-1,-1,-1
280,133,825.19,419.47,136.79,499.70,0.7231,-1,-1,-1
280,145,1557.04,450.36,149.44,294.65,0.7798,-1,-1,-1
280,149,1098.43,460.25,78.65,201.32,0.2537,-1,-1,-1
280,158,791.82,448.02,38.81,88.09,0.2406,-1,-1,-1
280,164,702.25,454.96,47.36,187.74,0.1993,-1,-1,-1
281,3,977.49,398.31,167.01,645.50,0.8157,-1,-1,-1
281,19,1458.22,428.30,123.05,421.16,0.7883,-1,-1,-1
281,26,1687.64,435.62,95.73,148.63,0.2276,-1,-1,-1
281,77,1877.17,388.49,42.12,238.02,0.1516,-1,-1,-1
281,86,387.02,460.73,60.44,113.00,0.3627,-1,-1,-1
281,94,503.45,455.98,45.22,101.99,0.3043,-1,-1,-1
281,109,453.17,458.54,35.08,95.78,0.1887,-1,-1,-1
281,111,714.72,456.16,76.86,190.78,0.6095,-1,-1,-1
281,122,681.07,467.03,43.15,132.55,0.2399,-1,-1,-1
281,133,826.66,420.14,144.65,498.97,0.7255,-1,-1,-1
281,145,1554.91,416.76,138.06,331.24,0.6383,-1,-1,-1
281,149,1100.76,457.75,73.90,202.54,0.2408,-1,-1,-1
281,158,793.02,449.59,35.83,87.15,0.3179,-1,-1,-1
281,166,1342.50,442.11,30.62,103.76,0.1862,-1,-1,-1
282,3,978.74,400.35,169.88,643.40,0.7954,-1,-1,-1
282,19,1466.36,434.81,122.07,416.50,0.7364,-1,-1,-1
282,26,1691.78,438.58,89.47,148.04,0.1963,-1,-1,-1
282,86,385.60,463.60,52.22,111.46,0.3588,-1,-1,-1
282,94,504.70,454.96,43.53,103.77,0.3270,-1,-1,-1
282,111,713.09,459.26,82.12,185.70,0.5087,-1,-1,-1
282,122,677.93,497.65,45.97,107.09,0.2312,-1,-1,-1
282,133,825.98,419.44,153.78,497.32,0.7456,-1,-1,-1
282,145,1546.35,418.35,128.66,323.72,0.5455,-1,-1,-1
282,149,1098.27,456.49,77.36,205.07,0.1943,-1,-1,-1
282,158,794.98,450.64,34.19,85.04,0.2557,-1,-1,-1
282,166,1341.83,440.81,32.59,105.40,0.2873,-1,-1,-1
283,3,983.28,399.46,168.67,644.29,0.7813,-1,-1,-1
283,19,1470.31,431.56,143.55,421.86,0.7704,-1,-1,-1
283,26,1693.48,439.40,87.21,147.46,0.1882,-1,-1,-1
283,86,385.67,463.50,51.92,111.93,0.4533,-1,-1,-1
283,94,504.15,455.61,43.35,103.62,0.3480,-1,-1,-1
283,109,452.92,461.30,35.66,94.50,0.1773,-1,-1,-1
283,111,716.06,458.63,79.83,185.35,0.6083,-1,-1,-1
283,122,681.99,495.15,42.97,105.29,0.2748,-1,-1,-1
283,133,825.16,420.97,168.98,496.87,0.7567,-1,-1,-1
283,149,1103.80,470.34,113.38,311.74,0.2318,-1,-1,-1
283,158,795.68,452.40,32.25,85.43,0.1841,-1,-1,-1
283,166,1342.72,442.68,33.91,103.33,0.2891,-1,-1,-1
283,171,707.31,478.97,48.49,162.06,0.1739,-1,-1,-1
284,3,991.60,401.34,156.61,641.30,0.7639,-1,-1,-1
284,19,1478.14,427.96,147.70,423.30,0.7981,-1,-1,-1
284,26,1687.28,438.61,94.91,148.78,0.1939,-1,-1,-1
284,77,1875.55,388.77,43.76,237.76,0.1623,-1,-1,-1
284,86,383.63,466.33,57.57,109.21,0.4321,-1,-1,-1
284,94,505.35,456.64,41.60,103.38,0.3518,-1,-1,-1
284,109,453.05,461.38,34.80,95.01,0.1971,-1,-1,-1
284,111,717.17,457.30,80.08,187.41,0.6897,-1,-1,-1
284,122,680.09,494.35,45.46,103.77,0.2975,-1,-1,-1
284,132,553.10,460.17,27.90,55.88,0.1532,-1,-1,-1
284,133,824.88,421.03,179.95,498.48,0.7645,-1,-1,-1
284,158,797.20,453.00,31.69,87.27,0.1817,-1,-1,-1
284,166,1345.32,443.84,34.38,102.23,0.3799,-1,-1,-1
284,173,959.04,442.31,54.30,146.33,0.2852,-1,-1,-1
285,3,992.87,404.56,155.02,638.41,0.7923,-1,-1,-1
285,19,1486.95,435.80,142.21,416.38,0.7758,-1,-1,-1
285,26,1685.76,436.15,96.39,150.27,0.1957,-1,-1,-1
285,77,1874.49,388.23,44.74,241.27,0.1511,-1,-1,-1
285,86,381.53,467.25,56.65,107.87,0.4211,-1,-1,-1
285,94,504.57,456.47,42.33,103.61,0.3971,-1,-1,-1
285,109,453.73,460.23,35.13,96.11,0.1605,-1,-1,-1
285,111,715.46,455.31,83.56,189.19,0.7342,-1,-1,-1
285,122,676.76,497.84,50.21,103.05,0.2944,-1,-1,-1
285,132,552.22,457.71,29.81,57.77,0.1770,-1,-1,-1
285,133,825.89,428.20,185.61,495.70,0.7774,-1,-1,-1
285,149,1093.74,414.00,85.01,257.12,0.1603,-1,-1,-1
285,166,1346.26,444.40,36.54,102.08,0.4819,-1,-1,-1
285,173,962.31,444.38,49.61,139.91,0.3331,-1,-1,-1
286,3,995.10,406.61,154.06,636.81,0.7906,-1,-1,-1
286,19,1494.91,434.46,157.86,417.26,0.8168,-1,-1,-1
286,26,1686.99,436.13,94.25,150.75,0.2275,-1,-1,-1
286,77,1876.25,386.93,43.21,243.81,0.1741,-1,-1,-1
286,86,380.44,468.56,54.58,106.36,0.3749,-1,-1,-1
286,94,504.47,457.16,42.24,102.94,0.3725,-1,-1,-1
286,111,715.69,453.83,87.28,190.76,0.7743,-1,-1,-1
286,122,676.36,499.01,52.01,102.83,0.2537,-1,-1,-1
286,132,552.45,458.22,29.92,57.32,0.1767,-1,-1,-1
286,133,825.79,425.24,190.50,498.91,0.7843,-1,-1,-1
286,149,1100.72,430.50,75.74,228.67,0.2234,-1,-1,-1
286,159,803.04,462.92,31.20,81.08,0.1615,-1,-1,-1
286,166,1349.57,442.83,35.79,102.99,0.4343,-1,-1,-1
286,173,966.47,446.41,45.96,134.20,0.2282,-1,-1,-1
287,3,994.48,406.67,156.49,636.91,0.7841,-1,-1,-1
287,19,1496.48,429.76,186.79,422.56,0.8299,-1,-1,-1
287,26,1686.31,435.36,96.38,151.00,0.1587,-1,-1,-1
287,77,1874.60,386.30,44.54,251.86,0.1853,-1,-1,-1
287,86,380.52,469.71,50.39,104.43,0.3052,-1,-1,-1
287,94,504.60,457.24,41.81,103.22,0.3371,-1,-1,-1
287,111,718.35,454.91,84.64,188.91,0.7627,-1,-1,-1
287,122,679.84,491.45,46.80,106.71,0.1659,-1,-1,-1
287,132,553.73,461.75,27.03,54.25,0.1557,-1,-1,-1
287,133,829.65,420.91,191.31,500.50,0.8053,-1,-1,-1
287,166,1351.02,444.22,34.79,104.31,0.4865,-1,-1,-1
287,173,965.13,448.25,47.57,135.01,0.2820,-1,-1,-1
287,175,1477.93,441.99,59.62,193.67,0.5657,-1,-1,-1
288,3,996.77,406.53,154.16,637.77,0.7845,-1,-1,-1
288,19,1500.42,429.18,213.19,428.24,0.8567,-1,-1,-1
288,26,1687.13,436.47,95.00,150.03,0.1593,-1,-1,-1
288,77,1873.54,385.15,45.76,253.70,0.1687,-1,-1,-1
288,86,381.40,470.81,47.54,103.84,0.3560,-1,-1,-1
288,94,504.88,456.23,41.26,104.46,0.3750,-1,-1,-1
288,109,451.63,464.87,33.57,93.44,0.1537,-1,-1,-1
288,111,721.92,446.81,81.22,195.61,0.7396,-1,-1,-1
288,122,678.36,489.98,49.09,108.32,0.1561,-1,-1,-1
288,132,554.34,461.78,26.20,53.73,0.1602,-1,-1,-1
288,133,830.82,421.05,191.52,500.49,0.8140,-1,-1,-1
288,149,1104.83,435.57,68.77,214.12,0.1747,-1,-1,-1
288,166,1350.91,443.64,40.09,103.16,0.2486,-1,-1,-1
288,173,965.31,449.07,46.76,133.67,0.1996,-1,-1,-1
288,175,1485.57,437.13,59.99,209.76,0.2328,-1,-1,-1
289,3,998.89,408.19,152.70,635.34,0.7846,-1,-1,-1
289,19,1501.95,438.06,228.54,421.44,0.8817,-1,-1,-1
289,77,1875.11,384.10,44.47,248.71,0.1709,-1,-1,-1
289,86,380.96,472.00,47.80,102.28,0.2899,-1,-1,-1
289,94,506.41,456.03,39.92,104.58,0.3565,-1,-1,-1
289,111,726.35,446.43,79.89,197.48,0.6597,-1,-1,-1
289,122,677.98,490.04,51.60,109.98,0.1873,-1,-1,-1
289,133,836.21,423.74,186.27,496.38,0.8089,-1,-1,-1
289,146,1153.04,439.75,42.65,99.69,0.1826,-1,-1,-1
289,149,1102.82,431.86,68.89,186.89,0.1694,-1,-1,-1
289,166,1353.68,442.37,41.88,105.07,0.3069,-1,-1,-1
289,175,1482.70,435.26,68.39,228.51,0.1549,-1,-1,-1
290,3,1002.44,404.81,151.14,639.00,0.8122,-1,-1,-1
290,19,1500.78,436.33,242.05,429.81,0.8746,-1,-1,-1
290,26,1715.24,437.12,67.84,148.63,0.1576,-1,-1,-1
290,86,378.54,474.02,46.95,98.29,0.2483,-1,-1,-1
290,94,506.25,456.20,38.91,102.54,0.3480,-1,-1,-1
290,109,450.17,463.39,35.06,94.67,0.1544,-1,-1,-1
290,111,730.65,448.87,79.54,195.13,0.6345,-1,-1,-1
290,122,675.55,496.47,52.97,107.73,0.3406,-1,-1,-1
290,133,841.07,417.42,180.86,503.45,0.8087,-1,-1,-1
290,166,1356.76,440.00,42.87,106.90,0.2755,-1,-1,-1
290,177,1432.83,415.40,140.33,309.34,0.4380,-1,-1,-1
291,3,1003.18,403.02,154.62,639.76,0.7856,-1,-1,-1
291,19,1498.56,433.79,254.33,435.46,0.8359,-1,-1,-1
291,26,1693.64,436.11,88.58,150.81,0.1537,-1,-1,-1
291,86,381.10,473.98,47.00,98.76,0.1507,-1,-1,-1
291,94,505.74,457.05,39.54,101.87,0.2589,-1,-1,-1
291,111,733.76,454.88,78.07,191.13,0.6253,-1,-1,-1
291,122,678.86,481.74,51.12,120.86,0.3435,-1,-1,-1
291,132,555.91,462.44,25.00,52.55,0.1506,-1,-1,-1
291,133,832.46,421.38,190.72,500.45,0.8189,-1,-1,-1
291,166,1357.62,442.08,45.84,105.71,0.3009,-1,-1,-1
291,177,1414.21,424.80,154.25,293.30,0.6329,-1,-1,-1
292,3,1002.13,403.58,156.23,638.69,0.7559,-1,-1,-1
292,19,1497.51,435.55,255.34,438.00,0.8560,-1,-1,-1
292,86,381.01,473.16,49.43,99.54,0.1511,-1,-1,-1
292,94,505.59,456.44,40.04,103.23,0.2615,-1,-1,-1
292,111,743.98,452.48,66.89,193.21,0.6021,-1,-1,-1
292,122,680.68,482.51,50.72,122.54,0.2976,-1,-1,-1
292,133,834.64,422.88,189.19,496.96,0.8121,-1,-1,-1
292,145,1401.43,429.11,158.54,315.28,0.3366,-1,-1,-1
292,166,1358.25,442.50,44.80,103.86,0.1929,-1,-1,-1
292,173,963.91,444.43,53.60,136.05,0.1933,-1,-1,-1
292,177,1485.64,434.67,82.46,343.95,0.2406,-1,-1,-1
293,3,1006.77,404.66,155.29,637.62,0.8020,-1,-1,-1
293,19,1498.46,437.01,260.55,442.39,0.8686,-1,-1,-1
293,20,1824.11,470.43,73.56,176.57,0.1920,-1,-1,-1
293,86,379.22,471.78,48.74,100.70,0.1783,-1,-1,-1
293,94,505.00,454.47,40.28,104.73,0.3594,-1,-1,-1
293,111,745.07,449.36,68.21,197.54,0.6662,-1,-1,-1
293,122,681.07,487.67,48.84,118.69,0.2648,-1,-1,-1
293,133,841.05,417.15,181.84,503.99,0.8220,-1,-1,-1
293,145,1401.29,429.43,130.94,280.36,0.7028,-1,-1,-1
293,149,1106.74,432.01,63.42,185.69,0.1512,-1,-1,-1
293,173,966.02,442.61,51.19,111.53,0.1617,-1,-1,-1
293,177,1494.39,429.60,104.09,332.07,0.2131,-1,-1,-1
294,3,1007.71,402.49,154.86,641.41,0.8147,-1,-1,-1
294,19,1499.48,435.23,265.14,445.78,0.8660,-1,-1,-1
294,20,1825.73,472.61,70.82,174.81,0.2062,-1,-1,-1
294,86,378.43,470.68,48.56,102.40,0.1836,-1,-1,-1
294,94,504.52,457.58,40.77,101.41,0.3396,-1,-1,-1
294,111,747.06,452.13,63.41,194.44,0.6552,-1,-1,-1
294,122,681.44,484.44,50.22,121.33,0.3562,-1,-1,-1
294,132,555.70,462.36,26.48,54.67,0.1591,-1,-1,-1
294,133,843.12,414.26,180.72,506.95,0.8318,-1,-1,-1
294,145,1399.26,429.67,137.84,280.54,0.7576,-1,-1,-1
294,178,1530.16,437.59,70.02,218.81,0.4481,-1,-1,-1
294,179,1156.76,436.01,42.70,115.05,0.3384,-1,-1,-1
295,3,1009.24,402.95,151.14,640.55,0.8107,-1,-1,-1
295,19,1499.20,430.08,265.67,448.32,0.8549,-1,-1,-1
295,20,1826.39,470.93,70.62,175.18,0.1701,-1,-1,-1
295,77,1878.86,391.87,40.49,243.10,0.1806,-1,-1,-1
295,86,378.63,470.47,49.14,103.51,0.1870,-1,-1,-1
295,94,504.12,458.56,40.13,99.70,0.2810,-1,-1,-1
295,111,746.75,451.92,71.38,196.42,0.6376,-1,-1,-1
295,122,683.28,486.86,47.41,119.00,0.2559,-1,-1,-1
295,132,555.94,463.55,25.70,53.96,0.1553,-1,-1,-1
295,133,845.91,412.73,178.52,507.72,0.8263,-1,-1,-1
295,145,1393.96,429.00,152.05,281.41,0.7587,-1,-1,-1
295,178,1538.14,431.63,69.54,219.85,0.4276,-1,-1,-1
295,179,1156.81,437.26,45.31,113.97,0.3221,-1,-1,-1
296,3,1008.24,403.96,156.08,638.69,0.8181,-1,-1,-1
296,19,1513.44,429.09,249.27,450.24,0.8341,-1,-1,-1
296,20,1827.03,470.46,70.61,175.80,0.2376,-1,-1,-1
296,77,1879.25,389.69,40.09,242.73,0.2081,-1,-1,-1
296,86,377.90,468.66,48.97,105.42,0.2046,-1,-1,-1
296,94,504.80,460.04,39.59,98.06,0.2660,-1,-1,-1
296,111,750.55,449.16,76.67,196.82,0.6583,-1,-1,-1
296,122,680.35,491.30,52.30,115.98,0.2991,-1,-1,-1
296,132,555.71,463.29,25.76,53.87,0.1505,-1,-1,-1
296,133,849.61,412.83,175.31,508.45,0.8370,-1,-1,-1
296,145,1398.00,427.40,141.72,282.87,0.7694,-1,-1,-1
296,173,970.83,446.81,45.39,113.18,0.1724,-1,-1,-1
296,178,1544.54,430.86,78.27,220.85,0.3584,-1,-1,-1
296,179,1156.44,436.69,46.56,114.51,0.3720,-1,-1,-1
297,3,1010.95,405.11,155.13,636.86,0.8149,-1,-1,-1
297,19,1532.64,429.96,228.04,448.76,0.7895,-1,-1,-1
297,20,1826.57,471.16,72.52,175.66,0.2085,-1,-1,-1
297,77,1878.53,388.51,40.76,240.61,0.2116,-1,-1,-1
297,86,378.37,469.49,47.19,105.43,0.2289,-1,-1,-1
297,94,506.31,458.04,38.42,100.38,0.2769,-1,-1,-1
297,111,759.14,447.87,70.03,200.06,0.7291,-1,-1,-1
297,122,679.55,491.88,51.38,114.69,0.3195,-1,-1,-1
297,133,853.96,408.91,170.85,512.42,0.8351,-1,-1,-1
297,145,1401.82,434.13,133.45,276.80,0.7833,-1,-1,-1
297,178,1553.81,440.65,78.44,214.06,0.4018,-1,-1,-1
297,179,1157.45,437.03,46.75,115.68,0.3653,-1,-1,-1
298,3,1009.63,406.05,158.55,635.59,0.8085,-1,-1,-1
298,19,1544.25,431.25,219.24,445.31,0.7482,-1,-1,-1
298,20,1826.59,471.49,71.14,175.38,0.2311,-1,-1,-1
298,77,1878.71,388.73,40.66,236.85,0.2624,-1,-1,-1
298,86,378.71,467.50,46.97,107.23,0.2850,-1,-1,-1
298,94,506.71,455.60,39.12,103.66,0.3013,-1,-1,-1
298,111,756.35,447.31,72.16,200.06,0.7156,-1,-1,-1
298,122,679.32,493.05,52.41,112.75,0.2634,-1,-1,-1
298,133,855.47,410.67,169.64,512.52,0.8060,-1,-1,-1
298,145,1399.06,440.96,121.53,267.32,0.7831,-1,-1,-1
298,178,1564.32,430.33,76.84,216.09,0.3779,-1,-1,-1
298,179,1157.34,436.59,48.33,116.90,0.4044,-1,-1,-1
299,3,1009.83,404.97,161.94,635.10,0.8110,-1,-1,-1
299,19,1558.15,423.63,215.50,456.42,0.7704,-1,-1,-1
299,20,1827.81,470.27,69.71,176.04,0.1682,-1,-1,-1
299,86,378.80,469.84,45.02,104.50,0.2907,-1,-1,-1
299,94,506.94,457.02,37.80,103.02,0.2108,-1,-1,-1
299,111,762.72,452.10,70.65,198.43,0.7053,-1,-1,-1
299,122,682.58,488.02,45.63,115.91,0.3248,-1,-1,-1
299,133,869.50,415.63,155.78,512.22,0.7731,-1,-1,-1
299,139,735.24,483.62,33.41,113.73,0.1788,-1,-1,-1
299,145,1396.78,450.58,106.81,257.18,0.7392,-1,-1,-1
299,178,1572.83,422.25,89.15,225.43,0.3315,-1,-1,-1
299,179,1156.82,437.31,49.92,116.01,0.2430,-1,-1,-1
300,3,1011.83,405.31,162.62,630.90,0.8217,-1,-1,-1
300,19,1580.19,422.35,184.61,457.57,0.6959,-1,-1,-1
300,20,1831.12,465.85,69.13,180.38,0.1713,-1,-1,-1
300,86,379.02,469.73,44.51,104.00,0.3174,-1,-1,-1
300,94,505.55,456.71,39.29,102.85,0.3015,-1,-1,-1
300,111,765.05,451.09,70.57,198.66,0.7139,-1,-1,-1
300,122,683.05,495.42,46.69,110.55,0.3332,-1,-1,-1
300,133,878.65,419.68,144.30,513.33,0.7726,-1,-1,-1
300,139,734.14,474.42,39.20,122.08,0.1860,-1,-1,-1
300,145,1385.16,421.98,99.22,284.77,0.7877,-1,-1,-1
300,178,1579.92,425.54,81.59,223.55,0.4268,-1,-1,-1
300,179,1161.07,439.77,47.01,113.73,0.2246,-1,-1,-1
300,181,830.30,458.54,46.06,84.67,0.2033,-1,-1,-1
300,182,-0.17,726.19,104.54,132.59,0.5760,-1,-1,-1
301,3,1009.74,404.78,160.76,628.75,0.8169,-1,-1,-1
301,19,1613.66,421.81,176.11,456.61,0.7294,-1,-1,-1
301,86,379.06,468.09,44.49,105.60,0.3902,-1,-1,-1
301,94,506.16,458.19,37.38,101.46,0.3099,-1,-1,-1
301,111,769.95,449.56,67.16,199.93,0.7476,-1,-1,-1
301,122,681.49,491.24,50.73,115.31,0.2726,-1,-1,-1
301,133,886.30,419.47,135.80,523.10,0.7650,-1,-1,-1
301,139,736.69,478.31,39.16,119.02,0.2422,-1,-1,-1
301,145,1381.77,448.68,84.76,258.35,0.8124,-1,-1,-1
301,149,1114.91,434.12,55.42,158.69,0.1957,-1,-1,-1
301,178,1582.76,425.99,88.33,222.28,0.3789,-1,-1,-1
301,179,1159.75,440.39,50.69,112.01,0.2098,-1,-1,-1
301,182,4.60,623.94,100.46,224.37,0.3010,-1,-1,-1
302,3,1006.82,406.28,165.67,623.80,0.8146,-1,-1,-1
302,19,1632.98,415.18,158.68,465.08,0.7632,-1,-1,-1
302,20,1829.58,466.66,71.73,181.18,0.1503,-1,-1,-1
302,77,1878.66,393.36,40.62,246.14,0.1502,-1,-1,-1
302,86,379.74,468.68,44.00,104.57,0.4012,-1,-1,-1
302,94,506.80,459.97,36.09,99.08,0.3998,-1,-1,-1
302,111,770.15,456.25,72.90,195.06,0.7885,-1,-1,-1
302,122,681.53,492.34,50.42,114.56,0.2408,-1,-1,-1
302,133,889.46,419.35,133.70,529.58,0.7534,-1,-1,-1
302,139,737.78,479.35,39.60,118.33,0.2601,-1,-1,-1
302,145,1371.12,454.29,86.34,253.61,0.8322,-1,-1,-1
302,178,1588.47,422.09,95.68,227.87,0.3662,-1,-1,-1
302,179,1161.22,438.02,55.19,116.82,0.2748,-1,-1,-1
302,182,-4.61,674.40,124.03,190.25,0.5671,-1,-1,-1
303,3,1011.99,404.69,162.29,621.43,0.8100,-1,-1,-1
303,19,1648.56,408.93,149.61,480.31,0.7716,-1,-1,-1
303,20,1829.72,465.23,71.86,182.35,0.1528,-1,-1,-1
303,77,1878.90,391.59,40.49,245.68,0.1777,-1,-1,-1
303,86,378.96,466.00,44.48,107.23,0.4224,-1,-1,-1
303,94,506.24,459.49,36.48,100.20,0.4127,-1,-1,-1
303,111,771.00,454.07,72.26,198.02,0.7770,-1,-1,-1
303,122,681.77,492.07,50.54,114.62,0.2345,-1,-1,-1
303,133,873.17,421.08,150.86,528.25,0.7567,-1,-1,-1
303,139,739.98,477.19,39.09,118.34,0.2840,-1,-1,-1
303,145,1358.01,420.60,90.75,284.92,0.7919,-1,-1,-1
303,149,1112.51,434.62,57.81,156.82,0.1958,-1,-1,-1
303,160,1299.72,415.99,46.74,131.73,0.1797,-1,-1,-1
303,178,1594.36,418.76,93.01,229.77,0.3900,-1,-1,-1
303,179,1163.57,437.93,53.77,114.31,0.2622,-1,-1,-1
303,182,0.23,648.55,117.33,210.11,0.6844,-1,-1,-1
304,3,1012.65,403.86,171.08,623.24,0.8100,-1,-1,-1
304,19,1660.33,410.45,156.41,489.73,0.7762,-1,-1,-1
304,20,1830.13,465.72,70.58,180.51,0.1511,-1,-1,-1
304,77,1878.78,392.04,40.60,242.76,0.1624,-1,-1,-1
304,86,378.48,466.54,44.84,106.98,0.3868,-1,-1,-1
304,94,505.37,459.01,38.22,101.71,0.4884,-1,-1,-1
304,111,773.53,453.78,75.94,199.04,0.7692,-1,-1,-1
304,122,682.02,489.08,51.16,117.68,0.2549,-1,-1,-1
304,133,866.33,420.00,159.00,530.91,0.7953,-1,-1,-1
304,139,738.93,477.29,41.42,119.04,0.3331,-1,-1,-1
304,145,1343.39,420.41,99.98,285.72,0.7747,-1,-1,-1
304,149,1113.03,434.88,56.87,153.14,0.2298,-1,-1,-1
304,160,1298.22,414.61,48.50,132.42,0.2512,-1,-1,-1
304,178,1603.65,419.50,91.74,230.28,0.3350,-1,-1,-1
304,179,1178.13,438.72,40.93,111.87,0.3284,-1,-1,-1
304,182,1.37,554.83,117.38,301.04,0.7201,-1,-1,-1
304,184,416.83,480.97,50.73,88.99,0.1903,-1,-1,-1
305,3,1012.25,404.25,184.83,620.24,0.7974,-1,-1,-1
305,19,1668.07,414.82,152.03,492.45,0.7422,-1,-1,-1
305,86,377.65,466.39,45.77,107.31,0.3849,-1,-1,-1
305,94,505.72,457.43,37.29,103.02,0.4554,-1,-1,-1
305,111,774.24,450.12,76.53,204.92,0.7745,-1,-1,-1
305,122,688.37,473.63,45.75,128.31,0.2186,-1,-1,-1
305,133,873.75,420.87,151.14,530.18,0.7790,-1,-1,-1
305,139,739.33,479.15,40.77,118.55,0.3207,-1,-1,-1
305,145,1336.26,425.23,104.05,280.78,0.7662,-1,-1,-1
305,149,1112.10,435.39,57.04,152.14,0.2370,-1,-1,-1
305,160,1301.14,416.12,46.39,134.31,0.2534,-1,-1,-1
305,178,1612.72,410.06,92.09,240.10,0.3236,-1,-1,-1
305,179,1183.79,439.41,37.77,109.91,0.3835,-1,-1,-1
305,182,2.73,494.12,116.23,362.55,0.6235,-1,-1,-1
306,3,1014.67,405.04,197.47,615.81,0.8195,-1,-1,-1
306,19,1669.83,417.87,176.77,494.71,0.8635,-1,-1,-1
306,86,377.31,466.10,46.49,107.97,0.3833,-1,-1,-1
306,94,504.00,457.44,40.02,103.52,0.4757,-1,-1,-1
306,111,776.15,447.05,76.08,208.11,0.7658,-1,-1,-1
306,122,682.99,481.10,50.14,123.82,0.2343,-1,-1,-1
306,133,874.91,420.03,151.14,531.48,0.7988,-1,-1,-1
306,139,737.78,480.86,42.97,117.06,0.3089,-1,-1,-1
306,145,1318.89,439.81,121.33,263.23,0.8031,-1,-1,-1
306,149,1109.12,434.41,62.13,153.69,0.2076,-1,-1,-1
306,160,1305.22,418.14,43.42,150.32,0.3347,-1,-1,-1
306,178,1617.57,421.81,99.82,339.01,0.3464,-1,-1,-1
306,179,1183.34,441.77,41.21,107.57,0.5475,-1,-1,-1
306,182,0.46,470.18,123.23,390.54,0.7374,-1,-1,-1
307,3,1016.61,401.94,204.43,617.83,0.8297,-1,-1,-1
307,19,1675.04,413.64,217.31,502.28,0.8523,-1,-1,-1
307,86,378.80,466.74,45.06,107.26,0.3605,-1,-1,-1
307,94,503.73,461.16,38.79,100.23,0.4179,-1,-1,-1
307,111,779.47,451.95,73.04,202.05,0.7219,-1,-1,-1
307,122,683.72,488.81,49.76,118.58,0.2355,-1,-1,-1
307,133,872.11,419.61,154.37,531.64,0.8147,-1,-1,-1
307,139,732.44,481.39,44.88,113.70,0.3359,-1,-1,-1
307,145,1310.30,450.55,130.13,250.20,0.8039,-1,-1,-1
307,160,1301.07,418.37,47.31,152.64,0.2868,-1,-1,-1
307,178,1613.71,411.64,117.37,393.92,0.5688,-1,-1,-1
307,179,1184.74,442.63,41.04,105.85,0.5622,-1,-1,-1
307,182,1.55,414.85,122.42,446.18,0.7493,-1,-1,-1
308,3,1016.17,401.33,214.80,616.21,0.8433,-1,-1,-1
308,19,1674.33,418.54,238.34,497.75,0.8351,-1,-1,-1
308,86,377.75,466.97,47.18,107.04,0.3478,-1,-1,-1
308,94,502.18,462.35,40.87,98.95,0.4128,-1,-1,-1
308,111,782.19,449.41,71.41,203.66,0.7512,-1,-1,-1
308,122,686.13,491.37,47.21,115.08,0.2544,-1,-1,-1
308,133,874.18,420.39,152.80,531.11,0.8196,-1,-1,-1
308,139,731.75,478.96,46.50,116.37,0.3389,-1,-1,-1
308,145,1301.35,432.32,136.19,267.70,0.8114,-1,-1,-1
308,160,1299.26,411.06,44.65,150.15,0.1517,-1,-1,-1
308,178,1605.05,402.38,132.89,404.51,0.6368,-1,-1,-1
308,179,1186.36,442.43,43.71,105.78,0.4958,-1,-1,-1
308,182,1.30,405.17,123.71,456.00,0.7872,-1,-1,-1
309,3,1016.56,399.24,223.59,616.79,0.8482,-1,-1,-1
309,19,1673.56,418.08,240.01,502.49,0.8586,-1,-1,-1
309,86,378.35,465.34,45.86,108.06,0.3292,-1,-1,-1
309,94,500.86,461.25,42.11,99.59,0.4336,-1,-1,-1
309,111,790.76,446.77,66.72,207.90,0.7213,-1,-1,-1
309,122,682.90,492.11,49.49,112.41,0.2231,-1,-1,-1
309,133,872.42,421.36,154.01,529.24,0.8313,-1,-1,-1
309,139,732.16,477.95,49.56,118.52,0.3718,-1,-1,-1
309,145,1295.27,431.40,139.35,269.85,0.8018,-1,-1,-1
309,178,1609.16,405.35,137.76,403.92,0.5926,-1,-1,-1
309,179,1189.43,443.53,39.92,104.12,0.4223,-1,-1,-1
309,182,1.25,398.85,123.83,462.52,0.8111,-1,-1,-1
310,3,1017.43,400.03,229.65,615.18,0.8572,-1,-1,-1
310,19,1670.64,418.23,248.04,510.74,0.8810,-1,-1,-1
310,86,376.78,464.19,45.29,108.41,0.2798,-1,-1,-1
310,94,499.30,460.04,43.25,100.92,0.4624,-1,-1,-1
310,111,795.14,444.68,63.92,210.30,0.7222,-1,-1,-1
310,122,692.45,475.88,42.70,124.38,0.1684,-1,-1,-1
310,133,874.57,421.82,151.31,529.16,0.8078,-1,-1,-1
310,139,732.72,480.40,49.72,117.72,0.3745,-1,-1,-1
310,145,1290.62,429.03,138.39,270.92,0.7629,-1,-1,-1
310,178,1616.51,408.11,140.53,403.09,0.5079,-1,-1,-1
310,179,1190.45,445.41,41.60,102.90,0.4922,-1,-1,-1
310,182,1.16,397.21,123.97,463.89,0.8050,-1,-1,-1
311,3,1016.08,402.62,231.71,612.66,0.8585,-1,-1,-1
311,19,1668.68,419.68,250.80,514.69,0.8750,-1,-1,-1
311,86,375.74,466.16,46.34,107.19,0.2415,-1,-1,-1
311,94,499.32,455.98,45.00,104.36,0.4798,-1,-1,-1
311,111,798.74,444.56,63.92,211.25,0.7320,-1,-1,-1
311,122,692.94,475.04,42.30,126.61,0.1900,-1,-1,-1
311,133,873.22,420.62,153.23,530.34,0.8185,-1,-1,-1
311,139,732.68,479.58,51.21,118.96,0.4493,-1,-1,-1
311,145,1289.46,432.10,126.47,263.21,0.7591,-1,-1,-1
311,178,1647.05,408.49,116.15,408.47,0.4775,-1,-1,-1
311,179,1190.08,446.57,41.65,100.99,0.5117,-1,-1,-1
311,182,1.67,394.02,120.36,463.52,0.8183,-1,-1,-1
312,3,1020.15,403.92,227.15,611.30,0.8613,-1,-1,-1
312,19,1671.11,420.23,248.53,514.68,0.8619,-1,-1,-1
312,86,375.69,462.19,47.24,109.81,0.2190,-1,-1,-1
312,94,498.81,455.23,45.27,105.86,0.4224,-1,-1,-1
312,111,799.37,448.10,67.41,208.30,0.7321,-1,-1,-1
312,122,691.80,472.68,43.06,128.62,0.1675,-1,-1,-1
312,133,870.95,420.20,156.22,531.46,0.8328,-1,-1,-1
312,139,732.24,479.91,52.61,118.65,0.4648,-1,-1,-1
312,145,1279.87,430.03,117.24,260.12,0.7647,-1,-1,-1
312,178,1619.60,410.71,151.96,407.47,0.5090,-1,-1,-1
312,179,1191.62,442.94,40.34,106.05,0.4683,-1,-1,-1
312,182,-0.41,391.86,127.38,468.26,0.8304,-1,-1,-1
313,3,1020.04,402.68,228.10,612.60,0.8614,-1,-1,-1
313,19,1677.77,422.23,241.18,514.51,0.8693,-1,-1,-1
313,77,1873.67,385.24,45.71,242.57,0.2044,-1,-1,-1
313,86,375.87,460.15,46.35,113.04,0.2313,-1,-1,-1
313,94,498.30,457.92,45.14,104.05,0.3888,-1,-1,-1
313,111,799.75,445.38,76.61,211.56,0.7278,-1,-1,-1
313,122,692.86,472.82,42.36,126.89,0.1740,-1,-1,-1
313,133,869.93,419.53,157.43,532.42,0.8133,-1,-1,-1
313,139,732.61,478.67,51.74,118.84,0.4908,-1,-1,-1
313,145,1274.61,432.58,108.24,256.54,0.7861,-1,-1,-1
313,178,1617.77,412.14,168.03,402.19,0.4769,-1,-1,-1
313,179,1191.25,440.62,43.49,110.01,0.4890,-1,-1,-1
313,182,-1.23,392.64,141.32,468.10,0.8574,-1,-1,-1
314,3,1022.31,402.37,224.81,611.93,0.8651,-1,-1,-1
314,19,1688.47,419.06,230.27,518.10,0.8702,-1,-1,-1
314,77,1871.52,381.91,48.25,223.25,0.1500,-1,-1,-1
314,86,375.48,465.08,47.62,109.26,0.2101,-1,-1,-1
314,94,496.88,456.02,46.38,105.77,0.4152,-1,-1,-1
314,111,801.59,445.58,76.45,211.54,0.7230,-1,-1,-1
314,122,690.89,478.96,45.12,123.60,0.1739,-1,-1,-1
314,133,868.95,419.00,159.48,533.23,0.8200,-1,-1,-1
314,139,733.28,482.20,49.80,115.84,0.4094,-1,-1,-1
314,145,1277.41,427.15,90.50,261.48,0.8066,-1,-1,-1
314,178,1623.59,414.05,169.19,398.64,0.3581,-1,-1,-1
314,179,1191.87,438.93,44.80,112.46,0.5536,-1,-1,-1
314,182,2.92,394.22,154.95,463.53,0.8540,-1,-1,-1
315,3,1029.19,399.47,218.26,616.15,0.8600,-1,-1,-1
315,19,1776.16,422.05,142.88,516.23,0.7127,-1,-1,-1
315,86,377.43,463.13,44.77,110.71,0.3025,-1,-1,-1
315,94,497.58,454.08,44.68,106.74,0.4378,-1,-1,-1
315,111,805.05,443.40,77.70,214.31,0.7223,-1,-1,-1
315,122,681.52,494.17,48.89,112.57,0.1671,-1,-1,-1
315,133,867.80,417.09,162.15,534.89,0.8149,-1,-1,-1
315,139,731.73,480.83,50.34,116.82,0.3637,-1,-1,-1
315,145,1274.43,426.86,82.36,260.57,0.7805,-1,-1,-1
315,178,1631.27,421.52,214.16,457.05,0.4210,-1,-1,-1
315,179,1193.53,434.55,42.69,116.14,0.5376,-1,-1,-1
315,182,9.80,398.09,185.44,463.49,0.8670,-1,-1,-1
316,3,1034.58,401.63,211.05,612.04,0.8604,-1,-1,-1
316,19,1788.67,416.64,130.54,518.66,0.7920,-1,-1,-1
316,86,377.99,462.96,44.27,110.65,0.2968,-1,-1,-1
316,94,498.06,453.14,43.89,108.05,0.4586,-1,-1,-1
316,111,804.97,444.37,79.68,214.93,0.6920,-1,-1,-1
316,122,691.86,482.27,42.48,117.77,0.1610,-1,-1,-1
316,133,866.81,415.69,161.12,536.26,0.8044,-1,-1,-1
316,139,730.72,481.12,51.37,116.04,0.3195,-1,-1,-1
316,145,1272.97,428.36,73.23,261.80,0.7537,-1,-1,-1
316,178,1640.48,414.48,214.55,475.08,0.6290,-1,-1,-1
316,179,1194.97,436.06,45.41,115.00,0.6062,-1,-1,-1
316,182,14.38,405.89,222.04,456.85,0.8803,-1,-1,-1
316,184,415.89,479.48,41.23,86.91,0.1664,-1,-1,-1
317,3,1036.65,399.88,209.56,614.67,0.8568,-1,-1,-1
317,19,1799.82,415.73,119.97,517.68,0.7080,-1,-1,-1
317,86,378.24,463.90,44.90,111.19,0.3883,-1,-1,-1
317,94,498.10,451.45,42.72,109.93,0.4665,-1,-1,-1
317,111,806.95,443.79,68.30,216.86,0.6833,-1,-1,-1
317,122,694.33,481.90,40.61,116.90,0.1649,-1,-1,-1
317,133,865.32,417.64,166.39,533.67,0.8188,-1,-1,-1
317,139,731.67,481.90,50.51,115.56,0.3408,-1,-1,-1
317,145,1265.38,421.83,75.79,264.73,0.7733,-1,-1,-1
317,178,1648.47,408.65,199.54,473.98,0.5928,-1,-1,-1
317,179,1196.18,437.52,43.86,113.65,0.5818,-1,-1,-1
317,182,16.23,403.01,250.39,459.34,0.8819,-1,-1,-1
317,184,416.24,478.33,42.83,90.37,0.1814,-1,-1,-1
318,3,1039.56,400.04,207.81,613.37,0.8527,-1,-1,-1
318,19,1783.84,421.55,134.49,525.27,0.6348,-1,-1,-1
318,86,377.16,463.04,45.95,110.95,0.3310,-1,-1,-1
318,94,497.16,453.23,42.39,108.13,0.4918,-1,-1,-1
318,111,807.88,443.77,69.30,216.46,0.6695,-1,-1,-1
318,122,695.20,480.80,39.53,117.43,0.1519,-1,-1,-1
318,133,868.06,417.12,164.84,534.71,0.8160,-1,-1,-1
318,139,730.61,481.52,51.12,115.62,0.3319,-1,-1,-1
318,145,1257.41,429.45,80.71,257.34,0.7974,-1,-1,-1
318,178,1683.23,405.95,160.76,441.63,0.3689,-1,-1,-1
318,179,1199.02,437.52,45.06,111.99,0.5601,-1,-1,-1
318,182,16.32,402.64,274.33,460.89,0.9010,-1,-1,-1
318,184,415.37,480.32,43.30,87.42,0.1816,-1,-1,-1
318,185,1437.45,439.28,32.88,107.81,0.1651,-1,-1,-1
319,3,1041.43,400.53,206.03,611.80,0.8538,-1,-1,-1
319,19,1813.35,415.68,105.72,525.27,0.6739,-1,-1,-1
319,86,377.27,462.82,46.27,111.40,0.3382,-1,-1,-1
319,94,496.60,454.07,41.37,107.44,0.4819,-1,-1,-1
319,111,814.42,444.74,70.66,214.11,0.6716,-1,-1,-1
319,133,866.38,416.19,166.71,535.60,0.8182,-1,-1,-1
319,139,729.74,481.96,51.55,114.71,0.2258,-1,-1,-1
319,145,1244.00,427.90,93.55,259.47,0.7733,-1,-1,-1
319,178,1717.95,401.42,132.37,445.18,0.4389,-1,-1,-1
319,179,1201.06,439.42,44.77,109.37,0.5848,-1,-1,-1
319,182,17.57,401.03,282.62,462.75,0.8975,-1,-1,-1
319,184,415.75,480.61,43.77,86.76,0.1949,-1,-1,-1
319,185,1435.24,437.81,38.80,109.39,0.2702,-1,-1,-1
320,3,1045.55,401.66,201.20,610.65,0.8578,-1,-1,-1
320,19,1830.58,417.88,88.82,522.22,0.7309,-1,-1,-1
320,86,377.03,464.20,46.82,109.84,0.2706,-1,-1,-1
320,94,496.58,450.42,40.74,110.38,0.4495,-1,-1,-1
320,111,816.17,445.38,73.01,213.91,0.6271,-1,-1,-1
320,122,693.52,480.94,42.22,118.38,0.1575,-1,-1,-1
320,133,865.61,416.59,169.52,534.40,0.8259,-1,-1,-1
320,139,737.20,486.66,42.87,110.37,0.2580,-1,-1,-1
320,145,1230.82,436.59,107.66,252.39,0.7425,-1,-1,-1
320,178,1705.88,397.80,150.06,458.03,0.5097,-1,-1,-1
320,179,1203.08,441.03,44.15,107.68,0.4242,-1,-1,-1
320,182,20.40,403.86,287.94,458.05,0.8933,-1,-1,-1
320,184,415.65,479.82,43.58,87.55,0.1767,-1,-1,-1
320,185,1437.77,434.86,40.93,114.10,0.4442,-1,-1,-1
321,3,1047.71,400.67,199.10,611.72,0.8622,-1,-1,-1
321,19,1844.87,428.89,74.55,512.17,0.7349,-1,-1,-1
321,86,377.87,464.06,45.18,109.83,0.2798,-1,-1,-1
321,94,495.30,448.20,40.16,112.59,0.4154,-1,-1,-1
321,111,818.65,448.28,68.84,210.62,0.6440,-1,-1,-1
321,122,693.19,481.81,42.07,117.97,0.1832,-1,-1,-1
321,133,868.25,417.40,164.79,533.91,0.8209,-1,-1,-1
321,139,734.82,486.82,45.57,110.01,0.2860,-1,-1,-1
321,145,1234.74,435.35,104.05,251.78,0.7710,-1,-1,-1
321,178,1715.95,400.14,147.26,443.91,0.5447,-1,-1,-1
321,179,1206.25,441.96,42.48,97.87,0.3217,-1,-1,-1
321,182,22.31,403.58,289.68,457.57,0.8874,-1,-1,-1
321,184,415.62,478.40,43.28,88.95,0.1664,-1,-1,-1
321,185,1437.85,435.32,43.75,114.42,0.5423,-1,-1,-1
322,3,1048.77,404.29,197.52,609.06,0.8587,-1,-1,-1
322,19,1855.97,428.16,63.38,511.88,0.6971,-1,-1,-1
322,86,376.62,462.70,46.63,111.33,0.3777,-1,-1,-1
322,94,493.21,446.21,42.24,115.01,0.4478,-1,-1,-1
322,111,819.70,448.97,71.46,210.41,0.6701,-1,-1,-1
322,122,692.69,482.89,43.11,115.95,0.1503,-1,-1,-1
322,133,868.64,416.69,163.01,534.67,0.8248,-1,-1,-1
322,139,735.75,486.46,44.52,110.30,0.2854,-1,-1,-1
322,145,1231.82,443.28,106.46,242.65,0.7587,-1,-1,-1
322,178,1731.65,394.38,141.63,450.00,0.5505,-1,-1,-1
322,182,24.92,405.04,295.55,447.55,0.8864,-1,-1,-1
322,184,415.32,479.05,44.04,87.71,0.2153,-1,-1,-1
322,185,1436.82,434.57,46.22,114.86,0.5468,-1,-1,-1
322,187,1666.38,419.85,99.23,166.37,0.2293,-1,-1,-1
323,3,1051.20,402.19,194.59,610.04,0.8646,-1,-1,-1
323,19,1859.91,464.07,59.40,478.89,0.6176,-1,-1,-1
323,86,376.55,463.03,46.60,111.45,0.4024,-1,-1,-1
323,94,492.78,446.11,43.05,114.93,0.4654,-1,-1,-1
323,111,820.36,453.02,74.48,206.16,0.6409,-1,-1,-1
323,133,870.71,415.51,165.15,535.84,0.8173,-1,-1,-1
323,139,735.93,487.59,44.78,108.77,0.1842,-1,-1,-1
323,145,1231.85,441.02,101.05,243.55,0.7668,-1,-1,-1
323,178,1738.36,392.72,142.66,450.08,0.6868,-1,-1,-1
323,182,25.91,407.50,299.14,443.91,0.8896,-1,-1,-1
323,184,415.05,479.27,46.93,87.34,0.2483,-1,-1,-1
323,185,1436.78,438.16,51.59,110.97,0.4974,-1,-1,-1
324,3,1054.99,399.46,191.14,613.10,0.8562,-1,-1,-1
324,19,1858.72,435.34,60.28,506.36,0.5789,-1,-1,-1
324,86,376.53,464.11,46.17,110.59,0.4084,-1,-1,-1
324,94,491.81,446.73,43.19,114.48,0.4749,-1,-1,-1
324,111,820.61,457.08,74.79,201.55,0.6238,-1,-1,-1
324,133,872.52,416.07,164.28,535.44,0.8081,-1,-1,-1
324,139,736.87,486.92,43.38,108.48,0.2606,-1,-1,-1
324,145,1222.80,437.73,103.67,247.46,0.7489,-1,-1,-1
324,178,1749.69,392.72,141.28,453.50,0.6027,-1,-1,-1
324,182,32.86,408.00,293.22,439.04,0.8971,-1,-1,-1
324,184,414.83,477.77,44.14,89.54,0.1999,-1,-1,-1
324,185,1440.15,440.83,51.99,108.16,0.5523,-1,-1,-1
325,3,1056.42,398.05,190.87,614.48,0.8535,-1,-1,-1
325,19,1863.25,402.29,56.02,537.76,0.5327,-1,-1,-1
325,86,375.99,464.32,47.64,110.52,0.4271,-1,-1,-1
325,94,491.91,447.05,42.10,115.42,0.4747,-1,-1,-1
325,111,826.91,444.66,75.66,215.97,0.4446,-1,-1,-1
325,122,683.86,494.46,46.88,107.26,0.1524,-1,-1,-1
325,133,874.52,415.40,162.46,535.98,0.8057,-1,-1,-1
325,139,734.21,487.68,45.99,109.04,0.2410,-1,-1,-1
325,145,1218.40,444.13,102.10,240.60,0.6803,-1,-1,-1
325,149,1150.97,407.94,75.37,188.30,0.1707,-1,-1,-1
325,178,1759.23,392.23,157.18,469.87,0.5504,-1,-1,-1
325,182,43.07,406.36,283.91,441.12,0.9014,-1,-1,-1
325,184,414.46,477.14,45.03,90.64,0.2163,-1,-1,-1
325,185,1445.13,439.47,50.71,108.53,0.5733,-1,-1,-1
325,188,841.99,448.57,59.40,122.69,0.1642,-1,-1,-1
325,189,1669.67,429.12,102.01,159.23,0.1910,-1,-1,-1
326,3,1057.21,398.47,191.08,614.49,0.8586,-1,-1,-1
326,19,1861.48,405.97,57.04,537.13,0.3076,-1,-1,-1
326,86,376.74,465.84,46.94,109.62,0.4041,-1,-1,-1
326,94,490.31,445.57,44.20,116.27,0.4507,-1,-1,-1
326,111,828.82,440.62,81.12,222.32,0.3749,-1,-1,-1
326,133,875.84,415.81,161.75,535.89,0.7933,-1,-1,-1
326,139,731.53,486.29,50.82,111.07,0.2553,-1,-1,-1
326,145,1212.33,454.71,97.32,226.52,0.5428,-1,-1,-1
326,178,1764.79,395.02,154.29,502.03,0.6152,-1,-1,-1
326,182,60.12,406.50,266.65,437.08,0.8902,-1,-1,-1
326,184,414.62,478.38,49.77,90.46,0.2428,-1,-1,-1
326,185,1447.12,441.54,49.79,107.18,0.5908,-1,-1,-1
326,188,842.87,443.93,63.97,133.53,0.3374,-1,-1,-1
327,3,1057.60,395.69,190.71,617.98,0.8637,-1,-1,-1
327,19,1860.87,399.10,57.78,540.95,0.1844,-1,-1,-1
327,86,376.22,466.67,48.17,108.40,0.4017,-1,-1,-1
327,94,489.69,445.38,43.51,116.14,0.5024,-1,-1,-1
327,111,835.81,441.92,76.85,226.06,0.1937,-1,-1,-1
327,133,879.98,417.18,157.24,534.33,0.7847,-1,-1,-1
327,139,733.83,485.42,48.72,111.68,0.2871,-1,-1,-1
327,145,1206.38,431.13,65.01,197.76,0.4026,-1,-1,-1
327,178,1768.98,392.61,150.32,537.36,0.7191,-1,-1,-1
327,182,86.00,403.69,240.06,435.67,0.8740,-1,-1,-1
327,184,414.20,478.10,45.74,90.89,0.2486,-1,-1,-1
327,185,1448.15,441.48,53.23,106.85,0.5938,-1,-1,-1
327,188,847.17,443.49,60.85,136.34,0.3476,-1,-1,-1
328,3,1057.31,396.00,192.67,617.93,0.8601,-1,-1,-1
328,86,377.45,467.20,47.37,108.55,0.4554,-1,-1,-1
328,94,489.71,450.40,41.68,111.92,0.3987,-1,-1,-1
328,111,842.62,440.13,74.60,224.37,0.1705,-1,-1,-1
328,122,684.89,485.98,48.95,110.05,0.1556,-1,-1,-1
328,133,879.88,415.71,157.39,536.18,0.7551,-1,-1,-1
328,139,733.81,484.97,48.80,112.21,0.3384,-1,-1,-1
328,145,1203.85,446.48,78.43,220.73,0.3381,-1,-1,-1
328,178,1768.57,388.02,150.90,551.14,0.7892,-1,-1,-1
328,182,105.35,392.42,221.85,438.36,0.8826,-1,-1,-1
328,184,415.46,477.50,44.13,90.48,0.2348,-1,-1,-1
328,185,1453.62,442.44,45.42,105.39,0.6210,-1,-1,-1
328,188,855.34,444.37,56.31,131.23,0.3225,-1,-1,-1
329,3,1057.46,399.46,192.44,615.07,0.8602,-1,-1,-1
329,86,377.34,467.05,47.46,107.88,0.4088,-1,-1,-1
329,94,489.77,453.49,42.43,108.81,0.3901,-1,-1,-1
329,133,873.78,418.22,164.38,535.77,0.7763,-1,-1,-1
329,139,733.59,484.52,49.15,113.44,0.3478,-1,-1,-1
329,178,1765.60,396.05,153.99,542.09,0.8197,-1,-1,-1
329,182,127.15,393.38,198.51,431.97,0.8312,-1,-1,-1
329,184,415.26,477.44,45.06,90.09,0.2337,-1,-1,-1
329,185,1457.91,441.28,40.32,104.23,0.5395,-1,-1,-1
329,188,858.93,445.63,55.52,127.51,0.2291,-1,-1,-1
329,189,1691.12,435.25,88.14,151.85,0.1550,-1,-1,-1
330,3,1057.58,396.38,191.97,618.24,0.8641,-1,-1,-1
330,86,377.71,466.47,46.74,107.54,0.4273,-1,-1,-1
330,94,488.93,452.72,42.72,109.14,0.4431,-1,-1,-1
330,133,867.94,419.76,172.31,533.27,0.8044,-1,-1,-1
330,139,735.28,484.87,47.15,112.52,0.3622,-1,-1,-1
330,178,1766.18,397.16,153.54,533.46,0.7416,-1,-1,-1
330,182,151.02,401.37,172.98,422.82,0.8069,-1,-1,-1
330,184,415.06,476.10,44.58,90.84,0.2214,-1,-1,-1
330,185,1460.67,441.04,38.52,103.56,0.4592,-1,-1,-1
330,188,862.99,448.69,53.44,122.09,0.1909,-1,-1,-1
331,3,1057.90,395.44,194.04,618.95,0.8650,-1,-1,-1
331,86,377.19,465.40,47.32,108.57,0.4202,-1,-1,-1
331,94,487.87,453.17,43.10,108.93,0.3922,-1,-1,-1
331,133,868.80,420.35,172.41,532.31,0.8023,-1,-1,-1
331,139,734.73,483.65,47.04,114.15,0.3463,-1,-1,-1
331,178,1766.29,390.68,153.82,463.11,0.7398,-1,-1,-1
331,182,177.46,394.66,148.64,429.26,0.7993,-1,-1,-1
331,184,414.71,475.04,44.24,92.93,0.2073,-1,-1,-1
331,185,1464.51,440.53,37.24,105.20,0.5808,-1,-1,-1
331,188,865.15,440.01,59.89,130.36,0.1552,-1,-1,-1
331,189,1693.94,434.29,82.44,153.07,0.1673,-1,-1,-1
331,190,1176.11,424.03,80.76,199.04,0.2370,-1,-1,-1
332,3,1058.77,396.86,194.13,618.75,0.8638,-1,-1,-1
332,86,377.88,462.87,46.84,112.79,0.4429,-1,-1,-1
332,94,489.20,450.83,41.00,111.18,0.4044,-1,-1,-1
332,122,684.26,480.96,51.11,115.56,0.1551,-1,-1,-1
332,133,871.70,420.25,174.68,532.32,0.8234,-1,-1,-1
332,139,736.57,484.29,46.45,113.67,0.3066,-1,-1,-1
332,149,1180.74,418.17,88.20,266.64,0.1661,-1,-1,-1
332,178,1768.19,394.47,151.59,458.47,0.7844,-1,-1,-1
332,182,203.14,393.58,134.03,430.84,0.7744,-1,-1,-1
332,184,415.54,469.26,42.01,98.15,0.1643,-1,-1,-1
332,185,1467.15,439.88,40.40,106.83,0.5811,-1,-1,-1
332,188,867.11,439.05,53.92,133.43,0.2261,-1,-1,-1
332,193,-12.82,597.49,86.37,195.18,0.4903,-1,-1,-1
333,3,1059.56,397.46,195.48,617.63,0.8717,-1,-1,-1
333,86,371.29,468.27,56.25,106.08,0.2870,-1,-1,-1
333,94,490.95,452.88,39.92,109.10,0.3879,-1,-1,-1
333,122,684.56,479.03,50.22,119.04,0.1815,-1,-1,-1
333,133,871.98,419.42,176.09,533.28,0.8293,-1,-1,-1
333,139,738.88,481.83,44.88,116.33,0.3101,-1,-1,-1
333,149,1188.47,447.51,85.54,195.11,0.2106,-1,-1,-1
333,178,1768.15,394.27,151.54,460.83,0.7827,-1,-1,-1
333,182,217.45,391.17,135.14,433.13,0.7502,-1,-1,-1
333,185,1471.41,440.12,38.68,104.35,0.5665,-1,-1,-1
333,188,869.42,438.60,59.19,123.22,0.1605,-1,-1,-1
333,193,-17.44,591.35,114.62,197.49,0.3759,-1,-1,-1
333,195,832.03,451.59,40.25,101.58,0.1602,-1,-1,-1
333,196,804.58,467.34,32.33,81.48,0.1761,-1,-1,-1
334,3,1060.88,396.64,193.12,618.61,0.8760,-1,-1,-1
334,86,371.63,470.86,55.08,103.14,0.2700,-1,-1,-1
334,94,491.18,453.30,39.15,108.48,0.3500,-1,-1,-1
334,122,684.36,480.29,50.14,119.53,0.1688,-1,-1,-1
334,133,872.67,420.20,176.74,532.42,0.8306,-1,-1,-1
334,139,739.03,482.36,45.85,116.38,0.3443,-1,-1,-1
334,178,1776.10,392.14,143.53,462.28,0.6609,-1,-1,-1
334,182,222.34,404.13,148.46,419.40,0.7156,-1,-1,-1
334,184,415.67,471.79,43.79,94.92,0.1833,-1,-1,-1
334,185,1472.37,440.43,37.19,106.12,0.4882,-1,-1,-1
334,188,870.62,436.74,59.74,116.20,0.1910,-1,-1,-1
334,193,-6.34,455.51,131.01,333.47,0.6668,-1,-1,-1
334,196,804.69,466.05,30.60,82.46,0.2004,-1,-1,-1
335,3,1061.28,396.90,191.34,617.06,0.8785,-1,-1,-1
335,86,375.17,471.10,51.98,103.27,0.2309,-1,-1,-1
335,94,490.47,448.81,40.10,113.40,0.4439,-1,-1,-1
335,122,686.13,479.96,46.66,118.92,0.1752,-1,-1,-1
335,133,872.93,419.19,177.31,533.23,0.8365,-1,-1,-1
335,139,738.91,481.37,45.45,118.13,0.3814,-1,-1,-1
335,149,1208.42,453.50,62.18,167.46,0.2286,-1,-1,-1
335,178,1781.46,407.26,138.55,450.53,0.6193,-1,-1,-1
335,182,192.99,422.68,197.70,400.24,0.7263,-1,-1,-1
335,185,1473.85,438.36,38.78,107.03,0.5401,-1,-1,-1
335,193,-4.44,456.29,144.88,329.49,0.6938,-1,-1,-1
335,196,803.13,466.92,32.94,82.29,0.1865,-1,-1,-1
336,3,1060.08,396.74,192.79,617.43,0.8792,-1,-1,-1
336,86,378.43,468.15,46.94,105.68,0.1559,-1,-1,-1
336,94,488.84,446.98,40.40,113.72,0.4382,-1,-1,-1
336,122,681.67,494.40,49.25,111.13,0.2535,-1,-1,-1
336,133,873.65,420.84,174.02,531.73,0.8423,-1,-1,-1
336,139,736.55,483.01,47.47,116.04,0.3294,-1,-1,-1
336,149,1204.73,456.48,81.61,213.71,0.1809,-1,-1,-1
336,178,1790.66,437.99,129.88,422.44,0.5101,-1,-1,-1
336,182,205.17,415.51,195.33,403.62,0.6272,-1,-1,-1
336,185,1475.27,437.81,37.24,106.83,0.5231,-1,-1,-1
336,193,0.47,442.55,146.86,346.33,0.8054,-1,-1,-1
336,196,800.63,466.69,34.06,82.15,0.1551,-1,-1,-1
336,198,1828.86,468.56,56.00,176.64,0.3441,-1,-1,-1
337,3,1060.62,397.38,195.26,617.52,0.8804,-1,-1,-1
337,86,375.46,468.72,49.18,104.85,0.1635,-1,-1,-1
337,94,488.43,449.67,39.14,111.67,0.2599,-1,-1,-1
337,122,679.76,495.34,50.06,109.38,0.2856,-1,-1,-1
337,133,874.55,419.26,173.43,533.34,0.8339,-1,-1,-1
337,139,735.12,483.26,47.45,117.04,0.3868,-1,-1,-1
337,149,1202.83,462.25,99.55,306.56,0.1860,-1,-1,-1
337,178,1807.56,438.67,111.98,419.91,0.3927,-1,-1,-1
337,182,223.98,428.87,196.81,395.97,0.7155,-1,-1,-1
337,185,1475.66,436.26,39.92,109.79,0.5354,-1,-1,-1
337,188,877.06,443.01,53.89,112.28,0.1514,-1,-1,-1
337,193,1.74,441.90,150.42,344.97,0.8231,-1,-1,-1
337,195,833.14,455.62,48.76,94.01,0.2366,-1,-1,-1
338,3,1061.01,397.37,196.39,617.01,0.8736,-1,-1,-1
338,94,488.47,453.33,39.63,108.40,0.1862,-1,-1,-1
338,122,681.95,484.26,49.04,114.44,0.2385,-1,-1,-1
338,133,875.23,418.19,176.06,535.02,0.8205,-1,-1,-1
338,139,734.84,483.56,47.76,116.72,0.3662,-1,-1,-1
338,149,1199.22,440.80,103.78,261.35,0.2085,-1,-1,-1
338,178,1823.72,458.36,96.82,397.87,0.1835,-1,-1,-1
338,182,227.93,440.13,216.80,383.73,0.7957,-1,-1,-1
338,185,1479.26,436.05,41.46,109.72,0.5945,-1,-1,-1
338,193,2.67,448.79,149.26,337.18,0.8322,-1,-1,-1
338,200,1825.78,701.17,93.82,153.21,0.3539,-1,-1,-1
339,3,1062.52,396.47,192.55,617.63,0.8826,-1,-1,-1
339,94,488.25,457.12,39.14,104.84,0.1854,-1,-1,-1
339,122,679.83,491.79,49.51,112.35,0.3504,-1,-1,-1
339,133,875.66,418.27,172.25,535.08,0.8224,-1,-1,-1
339,139,736.92,485.16,45.60,114.39,0.4451,-1,-1,-1
339,149,1206.15,443.74,90.66,241.05,0.3043,-1,-1,-1
339,178,1819.75,457.26,88.28,229.19,0.2050,-1,-1,-1
339,182,236.42,405.41,215.64,417.24,0.8189,-1,-1,-1
339,185,1481.72,437.38,42.26,108.64,0.5214,-1,-1,-1
339,193,2.45,445.47,150.43,339.91,0.8344,-1,-1,-1
339,195,834.62,450.63,46.39,100.39,0.1804,-1,-1,-1
339,200,1844.60,710.72,74.94,147.37,0.2587,-1,-1,-1
340,3,1062.63,398.95,194.79,614.81,0.8842,-1,-1,-1
340,77,1875.02,387.10,44.30,255.77,0.1536,-1,-1,-1
340,94,488.05,455.75,37.94,106.48,0.1895,-1,-1,-1
340,122,679.78,491.67,49.27,112.55,0.3510,-1,-1,-1
340,133,877.50,418.18,169.15,534.89,0.8207,-1,-1,-1
340,139,736.92,485.00,44.91,114.03,0.4510,-1,-1,-1
340,149,1207.85,435.65,89.06,242.81,0.2645,-1,-1,-1
340,178,1829.56,470.05,68.73,177.35,0.1870,-1,-1,-1
340,182,232.80,405.68,227.37,417.95,0.8486,-1,-1,-1
340,185,1484.33,436.98,40.76,109.39,0.4274,-1,-1,-1
340,193,2.63,442.16,148.58,344.56,0.8388,-1,-1,-1
340,195,834.05,456.67,47.28,96.08,0.1642,-1,-1,-1
341,3,1063.89,403.14,194.16,610.81,0.8853,-1,-1,-1
341,94,490.08,454.95,37.73,106.54,0.1885,-1,-1,-1
341,122,679.02,491.98,49.45,111.69,0.3512,-1,-1,-1
341,133,878.44,417.92,168.48,534.64,0.8211,-1,-1,-1
341,139,736.34,483.51,44.94,115.43,0.4481,-1,-1,-1
341,149,1210.66,426.89,86.48,244.06,0.2138,-1,-1,-1
341,178,1832.81,469.49,67.90,170.13,0.1987,-1,-1,-1
341,182,239.40,430.62,220.31,391.91,0.8178,-1,-1,-1
341,185,1484.84,434.30,45.09,111.90,0.2683,-1,-1,-1
341,193,1.72,436.04,150.65,349.11,0.8458,-1,-1,-1
341,195,829.95,461.17,55.25,89.11,0.1604,-1,-1,-1
342,3,1065.59,400.24,196.99,613.19,0.8777,-1,-1,-1
342,94,491.63,455.68,38.81,106.66,0.2254,-1,-1,-1
342,122,679.24,489.74,50.16,114.12,0.3736,-1,-1,-1
342,133,882.60,423.29,172.47,529.24,0.8177,-1,-1,-1
342,139,738.27,483.45,43.46,115.06,0.4751,-1,-1,-1
342,149,1220.41,429.24,76.60,244.52,0.2108,-1,-1,-1
342,178,1833.99,472.21,61.21,167.83,0.1511,-1,-1,-1
342,182,240.08,433.67,222.97,387.39,0.8159,-1,-1,-1
342,185,1484.44,434.65,55.56,112.81,0.2312,-1,-1,-1
342,193,2.17,441.23,151.70,343.73,0.8342,-1,-1,-1
342,196,800.18,472.97,32.56,75.31,0.1596,-1,-1,-1
343,3,1065.30,400.90,193.64,612.67,0.8819,-1,-1,-1
343,94,493.54,455.82,37.67,104.73,0.2119,-1,-1,-1
343,122,676.75,489.00,54.11,113.61,0.3016,-1,-1,-1
343,133,885.03,423.36,168.56,529.24,0.8164,-1,-1,-1
343,139,738.17,485.12,45.26,113.68,0.4102,-1,-1,-1
343,149,1205.08,424.04,92.57,249.20,0.2446,-1,-1,-1
343,178,1833.29,472.20,58.72,168.06,0.2181,-1,-1,-1
343,182,242.73,431.45,218.69,388.56,0.8163,-1,-1,-1
343,185,1487.43,434.18,57.44,113.54,0.2276,-1,-1,-1
343,193,2.68,433.37,151.19,356.72,0.7921,-1,-1,-1
343,196,801.58,473.15,30.52,74.65,0.1521,-1,-1,-1
344,3,1066.08,399.57,195.03,614.29,0.8784,-1,-1,-1
344,94,493.11,457.15,38.25,101.89,0.2277,-1,-1,-1
344,122,676.60,488.32,54.74,115.48,0.3688,-1,-1,-1
344,133,887.03,424.41,167.60,527.97,0.8186,-1,-1,-1
344,139,736.79,485.13,46.62,114.45,0.4690,-1,-1,-1
344,149,1198.11,421.66,101.07,256.66,0.2911,-1,-1,-1
344,178,1834.70,472.09,63.21,169.50,0.2116,-1,-1,-1
344,182,245.82,412.93,214.92,404.88,0.8107,-1,-1,-1
344,193,10.20,435.82,141.81,351.05,0.7776,-1,-1,-1
344,196,802.13,473.87,30.08,73.77,0.1625,-1,-1,-1
345,3,1066.18,401.14,198.91,611.87,0.8807,-1,-1,-1
345,94,493.90,451.66,37.71,107.55,0.2123,-1,-1,-1
345,122,678.61,489.89,53.17,114.57,0.3220,-1,-1,-1
345,133,889.52,424.19,164.31,527.68,0.8060,-1,-1,-1
345,139,734.18,483.77,49.68,114.79,0.3778,-1,-1,-1
345,149,1195.79,411.55,112.15,270.62,0.3104,-1,-1,-1
345,178,1831.46,468.96,68.80,173.49,0.2132,-1,-1,-1
345,182,249.22,407.31,210.50,409.90,0.8543,-1,-1,-1
345,193,13.56,433.69,140.31,354.60,0.8136,-1,-1,-1
346,3,1066.75,400.32,196.54,613.57,0.8778,-1,-1,-1
346,94,490.90,447.42,40.93,112.31,0.2665,-1,-1,-1
346,122,676.06,492.57,54.90,112.99,0.3181,-1,-1,-1
346,133,890.05,424.10,168.37,527.33,0.8131,-1,-1,-1
346,139,733.52,483.00,50.76,115.77,0.4084,-1,-1,-1
346,149,1195.09,408.68,114.62,268.37,0.2805,-1,-1,-1
346,178,1832.46,466.63,69.28,176.34,0.2014,-1,-1,-1
346,182,261.80,401.95,197.68,413.58,0.8381,-1,-1,-1
346,193,34.87,437.13,121.83,348.55,0.8019,-1,-1,-1
346,196,803.47,471.06,27.14,75.20,0.1517,-1,-1,-1
347,3,1067.60,403.01,198.76,611.16,0.8741,-1,-1,-1
347,94,489.61,447.46,42.13,112.71,0.2490,-1,-1,-1
347,122,672.16,488.99,57.92,118.32,0.3347,-1,-1,-1
347,133,891.61,424.21,168.90,526.99,0.8082,-1,-1,-1
347,139,733.50,484.22,50.39,114.99,0.3356,-1,-1,-1
347,149,1195.66,408.93,114.52,266.13,0.2750,-1,-1,-1
347,178,1833.56,467.12,69.28,175.76,0.2429,-1,-1,-1
347,182,273.50,402.68,187.70,414.68,0.8133,-1,-1,-1
347,193,50.20,439.53,120.76,342.73,0.8050,-1,-1,-1
347,202,468.48,440.15,39.93,121.00,0.1784,-1,-1,-1
348,3,1067.12,399.30,200.73,614.40,0.8733,-1,-1,-1
348,94,480.93,447.34,48.29,114.31,0.3001,-1,-1,-1
348,122,670.91,492.48,60.09,116.41,0.2442,-1,-1,-1
348,133,896.34,423.14,158.89,527.69,0.8009,-1,-1,-1
348,139,730.90,481.53,53.89,116.28,0.3806,-1,-1,-1
348,149,1197.22,406.31,114.61,261.85,0.2796,-1,-1,-1
348,178,1832.39,465.59,70.46,179.73,0.2346,-1,-1,-1
348,182,291.75,407.90,172.31,406.89,0.7898,-1,-1,-1
348,185,1501.00,434.52,45.41,112.62,0.2111,-1,-1,-1
348,193,52.51,434.71,131.17,348.48,0.6841,-1,-1,-1
348,196,805.79,471.75,26.03,75.75,0.1975,-1,-1,-1
349,3,1067.28,402.33,201.49,611.81,0.8727,-1,-1,-1
349,94,473.49,442.65,52.54,119.63,0.2747,-1,-1,-1
349,122,672.10,493.62,57.97,115.19,0.2263,-1,-1,-1
349,133,899.12,422.02,158.69,529.28,0.8063,-1,-1,-1
349,139,734.57,483.03,48.33,115.80,0.2584,-1,-1,-1
349,149,1195.35,405.43,117.19,245.60,0.1682,-1,-1,-1
349,178,1830.82,467.16,69.93,179.07,0.2479,-1,-1,-1
349,182,299.75,400.61,157.95,403.52,0.8059,-1,-1,-1
349,193,45.00,433.12,151.82,350.85,0.5192,-1,-1,-1
349,196,805.85,472.15,25.91,75.56,0.1673,-1,-1,-1
349,203,554.67,456.86,27.71,54.62,0.1785,-1,-1,-1
350,3,1066.61,399.66,201.25,613.97,0.8741,-1,-1,-1
350,77,1877.48,389.02,41.86,253.47,0.1651,-1,-1,-1
350,94,474.54,443.80,53.88,118.37,0.4960,-1,-1,-1
350,122,672.78,492.99,54.50,115.10,0.2052,-1,-1,-1
350,133,898.88,421.41,163.61,529.87,0.8087,-1,-1,-1
350,139,735.20,486.96,46.84,112.38,0.2047,-1,-1,-1
350,178,1830.47,466.07,70.43,180.52,0.2510,-1,-1,-1
350,182,316.88,397.63,142.26,406.47,0.8006,-1,-1,-1
350,193,72.35,436.75,139.49,347.08,0.7810,-1,-1,-1
350,196,805.24,473.17,27.31,74.65,0.1861,-1,-1,-1
350,203,552.96,455.53,31.12,56.16,0.2040,-1,-1,-1
351,3,1066.72,399.68,198.80,614.23,0.8754,-1,-1,-1
351,94,476.53,446.50,51.26,115.63,0.4336,-1,-1,-1
351,122,673.10,491.82,52.67,115.78,0.2871,-1,-1,-1
351,133,898.88,421.72,164.06,528.87,0.8005,-1,-1,-1
351,139,735.86,485.86,46.70,112.78,0.2935,-1,-1,-1
351,178,1831.04,465.64,67.95,180.73,0.2607,-1,-1,-1
351,182,343.33,390.08,117.86,408.43,0.7794,-1,-1,-1
351,193,67.65,438.20,177.92,345.29,0.8100,-1,-1,-1
351,195,834.84,467.28,36.54,82.85,0.1554,-1,-1,-1
351,196,805.94,470.43,30.40,77.88,0.1883,-1,-1,-1
351,203,553.65,456.26,29.73,55.86,0.1842,-1,-1,-1
351,205,-0.83,495.67,53.12,358.36,0.5297,-1,-1,-1
352,3,1066.02,400.72,201.79,613.44,0.8788,-1,-1,-1
352,94,477.02,445.48,50.67,115.89,0.4016,-1,-1,-1
352,122,672.48,489.20,54.92,117.52,0.2822,-1,-1,-1
352,133,900.06,422.59,163.53,527.39,0.7984,-1,-1,-1
352,139,732.37,484.47,51.21,113.53,0.2776,-1,-1,-1
352,178,1830.70,465.37,64.85,179.65,0.2357,-1,-1,-1
352,182,358.84,396.43,111.08,401.69,0.7256,-1,-1,-1
352,193,71.03,436.09,193.83,345.75,0.8394,-1,-1,-1
352,196,804.02,472.11,27.91,75.76,0.1523,-1,-1,-1
352,203,553.62,457.57,27.40,54.35,0.1757,-1,-1,-1
352,205,-3.52,505.68,61.47,350.55,0.5708,-1,-1,-1
353,3,1065.36,400.16,200.87,614.22,0.8772,-1,-1,-1
353,94,472.40,445.95,49.08,116.56,0.2848,-1,-1,-1
353,122,671.03,490.15,53.67,116.72,0.2881,-1,-1,-1
353,133,900.46,421.24,161.55,527.67,0.8015,-1,-1,-1
353,139,737.50,486.09,43.77,113.00,0.3161,-1,-1,-1
353,178,1831.94,462.77,66.34,184.36,0.2637,-1,-1,-1
353,182,369.09,414.64,111.80,385.84,0.5818,-1,-1,-1
353,189,1699.15,434.15,83.17,154.91,0.1732,-1,-1,-1
353,193,78.67,434.88,203.83,347.95,0.8505,-1,-1,-1
353,205,-4.45,507.03,72.64,349.48,0.6886,-1,-1,-1
354,3,1065.46,399.05,201.51,615.37,0.8736,-1,-1,-1
354,77,1878.39,388.22,40.94,249.85,0.2288,-1,-1,-1
354,94,472.79,450.73,50.69,111.84,0.2014,-1,-1,-1
354,122,680.21,481.22,54.18,120.92,0.2658,-1,-1,-1
354,133,901.21,421.93,164.99,527.70,0.7946,-1,-1,-1
354,139,734.64,485.43,48.00,112.58,0.3231,-1,-1,-1
354,178,1831.11,464.80,68.54,182.73,0.2645,-1,-1,-1
354,182,365.98,400.32,125.35,400.28,0.5872,-1,-1,-1
354,185,1517.33,427.74,48.73,117.15,0.1932,-1,-1,-1
354,193,83.77,435.86,208.25,346.68,0.8236,-1,-1,-1
354,203,553.03,457.56,28.30,54.22,0.1630,-1,-1,-1
354,205,-3.66,499.03,81.46,354.31,0.6864,-1,-1,-1
355,3,1066.19,400.60,198.75,613.38,0.8756,-1,-1,-1
355,77,1877.01,389.06,42.09,255.06,0.1892,-1,-1,-1
355,94,472.49,450.71,49.02,110.26,0.1580,-1,-1,-1
355,122,679.83,481.99,54.77,120.53,0.2347,-1,-1,-1
355,133,901.47,421.89,165.40,526.16,0.7722,-1,-1,-1
355,139,736.32,484.91,45.06,113.00,0.3868,-1,-1,-1
355,178,1830.47,462.94,68.09,182.93,0.2739,-1,-1,-1
355,182,346.48,392.62,159.51,404.04,0.5678,-1,-1,-1
355,193,86.26,439.50,209.09,337.22,0.8582,-1,-1,-1
355,203,553.55,456.49,28.15,54.92,0.1672,-1,-1,-1
355,205,-7.73,467.91,110.41,384.38,0.7159,-1,-1,-1
356,3,1066.07,401.58,198.46,613.48,0.8681,-1,-1,-1
356,94,473.44,450.74,47.76,109.74,0.1981,-1,-1,-1
356,122,681.11,480.93,54.14,120.46,0.2594,-1,-1,-1
356,133,903.67,421.94,159.99,524.14,0.7563,-1,-1,-1
356,139,739.23,486.75,41.79,112.21,0.4018,-1,-1,-1
356,145,1058.62,435.63,61.60,212.51,0.5826,-1,-1,-1
356,178,1829.42,464.07,70.76,182.42,0.2872,-1,-1,-1
356,182,350.85,401.95,167.45,396.60,0.6160,-1,-1,-1
356,193,100.41,438.99,195.96,332.63,0.8341,-1,-1,-1
356,203,553.38,456.70,28.53,54.87,0.1673,-1,-1,-1
356,205,-9.60,450.62,152.60,402.07,0.8013,-1,-1,-1
357,3,1066.19,399.42,204.48,615.51,0.8534,-1,-1,-1
357,77,1873.60,389.75,45.56,255.28,0.2110,-1,-1,-1
357,94,469.96,444.26,50.86,116.16,0.2183,-1,-1,-1
357,122,679.97,479.28,55.52,121.64,0.3066,-1,-1,-1
357,133,904.54,421.68,157.48,522.69,0.7651,-1,-1,-1
357,139,738.00,490.63,42.21,108.44,0.2812,-1,-1,-1
357,145,1055.17,431.36,65.07,212.78,0.2987,-1,-1,-1
357,178,1829.43,465.20,69.24,180.83,0.2589,-1,-1,-1
357,182,358.53,405.31,189.35,395.30,0.6806,-1,-1,-1
357,193,114.07,437.24,183.35,330.40,0.8121,-1,-1,-1
357,196,803.02,475.07,30.12,71.44,0.1628,-1,-1,-1
357,205,-5.08,451.10,180.89,407.16,0.8446,-1,-1,-1
358,3,1066.89,400.40,204.16,614.41,0.8522,-1,-1,-1
358,77,1874.46,388.82,44.90,256.39,0.2038,-1,-1,-1
358,94,476.42,443.99,50.93,116.90,0.1816,-1,-1,-1
358,122,680.04,478.19,55.74,118.87,0.2449,-1,-1,-1
358,133,904.12,418.98,158.26,524.76,0.7857,-1,-1,-1
358,139,736.20,484.76,45.05,114.32,0.3777,-1,-1,-1
358,145,1053.72,435.63,62.30,209.05,0.5519,-1,-1,-1
358,178,1831.14,463.20,72.18,182.70,0.2567,-1,-1,-1
358,182,391.67,400.85,173.82,395.95,0.6522,-1,-1,-1
358,193,128.18,437.50,168.71,330.00,0.8110,-1,-1,-1
358,203,552.20,453.47,26.99,58.11,0.1567,-1,-1,-1
358,205,-2.41,452.82,205.75,403.18,0.8562,-1,-1,-1
359,3,1067.22,399.16,205.26,615.36,0.8521,-1,-1,-1
359,77,1846.77,402.44,70.77,250.07,0.1512,-1,-1,-1
359,94,478.76,443.16,50.80,115.64,0.2384,-1,-1,-1
359,122,677.60,479.50,58.52,113.65,0.2702,-1,-1,-1
359,133,907.53,419.52,154.94,524.01,0.7900,-1,-1,-1
359,139,735.79,483.39,46.29,116.26,0.3854,-1,-1,-1
359,145,1044.03,428.97,66.06,213.59,0.4369,-1,-1,-1
359,178,1831.08,466.52,70.36,180.43,0.2687,-1,-1,-1
359,182,394.95,407.23,185.30,392.43,0.8124,-1,-1,-1
359,185,1532.90,427.94,44.71,113.27,0.2027,-1,-1,-1
359,193,135.05,435.14,162.49,332.61,0.8211,-1,-1,-1
359,196,807.60,474.24,27.34,72.46,0.1644,-1,-1,-1
359,203,552.30,454.13,27.40,58.36,0.1796,-1,-1,-1
359,205,0.85,445.80,208.29,408.64,0.8451,-1,-1,-1
360,3,1066.94,401.06,207.67,613.84,0.8503,-1,-1,-1
360,77,1869.97,390.85,50.01,253.06,0.1567,-1,-1,-1
360,122,677.53,482.41,57.21,117.34,0.2071,-1,-1,-1
360,133,908.79,420.13,158.86,522.78,0.7899,-1,-1,-1
360,139,737.50,487.04,44.63,113.34,0.3582,-1,-1,-1
360,145,1035.49,430.54,69.74,213.12,0.2363,-1,-1,-1
360,178,1830.54,464.73,69.21,181.40,0.2267,-1,-1,-1
360,182,398.35,411.15,191.21,387.35,0.8068,-1,-1,-1
360,185,1536.80,429.08,41.07,115.13,0.2227,-1,-1,-1
360,193,145.65,436.23,153.79,327.09,0.7774,-1,-1,-1
360,203,552.30,455.10,27.32,57.32,0.1928,-1,-1,-1
360,205,0.77,446.82,215.82,407.15,0.8747,-1,-1,-1
360,211,580.35,460.77,24.59,50.94,0.1621,-1,-1,-1
361,3,1066.96,402.37,209.31,612.29,0.8538,-1,-1,-1
361,122,692.47,459.88,44.82,119.37,0.1789,-1,-1,-1
361,133,908.98,419.16,158.73,519.65,0.7993,-1,-1,-1
361,139,736.18,483.90,45.73,115.28,0.2948,-1,-1,-1
361,178,1831.59,465.02,70.21,179.38,0.2224,-1,-1,-1
361,182,395.61,405.29,203.08,393.06,0.8433,-1,-1,-1
361,193,170.37,435.40,129.15,328.41,0.7516,-1,-1,-1
361,196,802.24,475.57,30.32,71.88,0.1670,-1,-1,-1
361,203,552.23,453.72,26.54,58.17,0.1720,-1,-1,-1
361,205,0.78,443.91,221.10,408.93,0.8764,-1,-1,-1
362,3,1068.37,402.30,209.03,612.63,0.8602,-1,-1,-1
362,77,1876.72,387.65,42.93,246.81,0.2351,-1,-1,-1
362,122,672.74,479.37,60.71,121.03,0.1848,-1,-1,-1
362,133,909.24,416.65,161.25,519.92,0.8060,-1,-1,-1
362,139,732.10,483.80,49.08,114.91,0.2726,-1,-1,-1
362,145,1034.56,432.15,60.59,210.84,0.2984,-1,-1,-1
362,182,394.81,406.53,204.29,392.74,0.8476,-1,-1,-1
362,193,175.28,440.02,123.37,325.22,0.6718,-1,-1,-1
362,196,804.97,475.47,29.30,71.08,0.1567,-1,-1,-1
362,203,550.44,454.61,27.57,57.82,0.1522,-1,-1,-1
362,205,0.34,445.55,232.43,409.57,0.8542,-1,-1,-1
363,3,1068.13,401.58,209.04,613.00,0.8536,-1,-1,-1
363,77,1878.59,386.81,40.96,245.14,0.2023,-1,-1,-1
363,122,676.21,478.53,58.00,119.47,0.1693,-1,-1,-1
363,133,913.53,419.70,161.78,516.78,0.8019,-1,-1,-1
363,139,732.38,482.33,48.21,115.99,0.3875,-1,-1,-1
363,182,390.62,411.42,209.57,386.99,0.8394,-1,-1,-1
363,185,1541.08,426.19,40.75,118.33,0.3506,-1,-1,-1
363,193,183.18,438.12,114.56,327.96,0.7533,-1,-1,-1
363,196,802.87,475.12,30.57,71.56,0.1863,-1,-1,-1
363,203,552.31,453.58,26.93,58.25,0.1738,-1,-1,-1
363,205,1.46,446.80,230.38,406.29,0.8442,-1,-1,-1
364,3,1068.15,401.39,211.04,613.34,0.8541,-1,-1,-1
364,77,1878.21,387.55,41.12,246.00,0.1852,-1,-1,-1
364,122,677.51,478.10,57.78,116.78,0.1883,-1,-1,-1
364,133,914.96,412.66,160.34,521.75,0.8269,-1,-1,-1
364,139,732.82,482.90,48.14,116.11,0.4328,-1,-1,-1
364,182,394.06,415.64,204.84,383.13,0.8503,-1,-1,-1
364,185,1543.08,426.31,40.62,118.42,0.3538,-1,-1,-1
364,193,196.91,442.58,101.53,322.13,0.7325,-1,-1,-1
364,196,801.71,474.85,31.56,71.85,0.1735,-1,-1,-1
364,203,552.53,452.87,27.61,59.44,0.1925,-1,-1,-1
364,205,1.35,440.17,229.53,409.34,0.8533,-1,-1,-1
364,213,578.64,458.30,23.45,52.81,0.1679,-1,-1,-1
364,214,530.13,444.29,22.37,70.08,0.1639,-1,-1,-1
365,3,1068.08,402.88,209.97,611.20,0.8522,-1,-1,-1
365,77,1877.19,387.96,42.04,249.03,0.1731,-1,-1,-1
365,122,677.49,477.13,59.00,114.67,0.1574,-1,-1,-1
365,133,916.78,412.69,160.04,521.86,0.8190,-1,-1,-1
365,139,733.76,481.53,47.67,117.92,0.4254,-1,-1,-1
365,178,1828.29,466.63,73.09,177.38,0.1530,-1,-1,-1
365,182,393.29,412.41,205.24,385.55,0.8574,-1,-1,-1
365,185,1545.91,422.72,38.20,113.67,0.1693,-1,-1,-1
365,193,202.45,437.53,103.17,327.55,0.7411,-1,-1,-1
365,203,551.23,451.02,27.56,60.75,0.1965,-1,-1,-1
365,205,2.50,441.95,233.30,410.39,0.8605,-1,-1,-1
365,213,578.58,457.22,23.37,53.84,0.1968,-1,-1,-1
366,3,1068.21,399.55,209.06,615.40,0.8472,-1,-1,-1
366,77,1876.46,390.29,42.95,243.06,0.1612,-1,-1,-1
366,122,664.14,492.80,55.18,113.34,0.2219,-1,-1,-1
366,133,919.47,412.02,159.92,523.49,0.8291,-1,-1,-1
366,139,733.14,482.07,46.39,116.82,0.4094,-1,-1,-1
366,182,396.60,410.97,202.47,381.95,0.8220,-1,-1,-1
366,185,1545.77,425.90,38.52,113.23,0.1579,-1,-1,-1
366,193,207.67,435.28,104.58,329.23,0.7747,-1,-1,-1
366,205,4.58,442.75,232.11,406.27,0.8590,-1,-1,-1
366,213,578.70,457.92,22.61,53.81,0.1679,-1,-1,-1
367,3,1068.54,401.19,212.47,613.86,0.8218,-1,-1,-1
367,77,1877.45,391.03,41.96,243.08,0.1526,-1,-1,-1
367,122,663.55,490.81,52.60,115.44,0.2650,-1,-1,-1
367,133,922.78,410.42,157.03,525.42,0.8253,-1,-1,-1
367,139,731.96,481.51,46.50,117.15,0.4554,-1,-1,-1
367,178,1827.50,467.85,71.47,175.26,0.1930,-1,-1,-1
367,182,399.22,404.35,195.01,386.90,0.8418,-1,-1,-1
367,193,218.17,436.52,108.32,327.73,0.7566,-1,-1,-1
367,205,28.71,441.68,204.69,394.61,0.7861,-1,-1,-1
368,3,1068.19,398.79,220.22,616.23,0.7877,-1,-1,-1
368,77,1876.84,389.65,42.40,244.91,0.1573,-1,-1,-1
368,122,662.87,492.25,53.65,115.10,0.2040,-1,-1,-1
368,133,924.95,409.63,155.62,525.67,0.8198,-1,-1,-1
368,139,731.14,481.81,47.53,116.75,0.4662,-1,-1,-1
368,178,1828.30,469.64,68.46,174.77,0.1953,-1,-1,-1
368,182,401.69,394.73,190.49,393.55,0.8463,-1,-1,-1
368,189,1717.58,436.64,64.00,147.58,0.1503,-1,-1,-1
368,193,226.84,438.36,122.91,326.72,0.7359,-1,-1,-1
368,205,54.26,435.98,175.42,391.00,0.7830,-1,-1,-1
368,217,688.22,478.91,47.21,99.21,0.2106,-1,-1,-1
369,3,1069.23,400.45,223.27,614.66,0.7462,-1,-1,-1
369,77,1876.57,389.42,42.83,237.68,0.1750,-1,-1,-1
369,133,926.00,415.67,155.43,517.34,0.8220,-1,-1,-1
369,139,731.45,482.50,47.61,116.10,0.4196,-1,-1,-1
369,178,1829.10,471.14,66.60,174.08,0.2406,-1,-1,-1
369,182,408.51,395.90,182.58,393.09,0.8536,-1,-1,-1
369,193,233.51,434.15,139.93,330.35,0.8104,-1,-1,-1
369,205,85.23,432.94,145.38,392.12,0.7696,-1,-1,-1
369,213,579.56,458.09,21.04,52.51,0.1566,-1,-1,-1
369,217,685.04,478.23,50.34,101.81,0.1893,-1,-1,-1
369,218,1068.25,459.86,50.98,132.20,0.1864,-1,-1,-1
370,3,1068.91,397.17,220.02,617.70,0.7952,-1,-1,-1
370,77,1877.63,389.44,41.71,241.16,0.1664,-1,-1,-1
370,122,662.99,492.46,53.52,116.13,0.1510,-1,-1,-1
370,133,929.44,416.75,157.48,519.83,0.8016,-1,-1,-1
370,139,730.92,480.81,47.42,117.53,0.4005,-1,-1,-1
370,178,1831.02,468.29,67.41,177.34,0.1962,-1,-1,-1
370,182,415.65,408.63,175.44,382.19,0.8351,-1,-1,-1
370,189,1710.90,435.92,70.47,148.18,0.1660,-1,-1,-1
370,193,239.62,431.73,155.14,331.63,0.8301,-1,-1,-1
370,205,113.29,436.01,121.48,386.16,0.8105,-1,-1,-1
370,213,582.50,459.92,18.37,50.56,0.1835,-1,-1,-1
370,217,684.83,478.51,50.05,105.46,0.1936,-1,-1,-1
370,218,1065.45,455.10,52.32,135.23,0.2146,-1,-1,-1
370,219,576.52,464.07,14.92,47.50,0.1724,-1,-1,-1
371,3,1069.82,397.97,211.33,616.53,0.7178,-1,-1,-1
371,77,1877.72,389.59,41.57,245.37,0.2750,-1,-1,-1
371,133,933.34,415.72,155.40,521.10,0.7965,-1,-1,-1
371,139,729.98,481.51,48.53,117.97,0.3850,-1,-1,-1
371,178,1829.26,466.25,68.44,178.89,0.1557,-1,-1,-1
371,182,430.28,401.36,163.91,387.67,0.8320,-1,-1,-1
371,193,241.09,432.21,166.08,330.63,0.8392,-1,-1,-1
371,196,803.45,476.11,30.93,71.87,0.1548,-1,-1,-1
371,205,130.71,441.43,119.80,379.24,0.7981,-1,-1,-1
371,213,580.78,460.39,18.87,49.75,0.1702,-1,-1,-1
371,217,686.15,478.05,47.82,111.38,0.1727,-1,-1,-1
371,218,1063.23,451.63,61.31,138.48,0.1615,-1,-1,-1
371,220,-1.22,536.77,43.90,267.85,0.2773,-1,-1,-1
372,3,1070.57,397.35,215.99,616.62,0.8190,-1,-1,-1
372,77,1877.52,388.37,41.77,251.69,0.2845,-1,-1,-1
372,133,935.72,415.64,154.71,520.85,0.7960,-1,-1,-1
372,139,730.95,482.20,46.41,116.53,0.3729,-1,-1,-1
372,182,442.08,425.81,150.92,353.56,0.7975,-1,-1,-1
372,193,240.80,435.60,171.14,325.96,0.8179,-1,-1,-1
372,196,803.07,475.91,30.14,72.04,0.1613,-1,-1,-1
372,205,136.33,438.20,122.35,382.52,0.7601,-1,-1,-1
372,217,684.32,475.91,49.96,110.83,0.1764,-1,-1,-1
372,218,1061.04,452.25,69.50,141.34,0.1530,-1,-1,-1
372,220,-0.91,500.55,45.51,305.88,0.5007,-1,-1,-1
372,222,-0.45,596.96,24.34,210.55,0.1666,-1,-1,-1
373,3,1070.69,397.23,219.27,617.31,0.8387,-1,-1,-1
373,77,1877.22,388.38,42.12,252.12,0.2325,-1,-1,-1
373,122,659.06,501.36,52.69,108.58,0.1854,-1,-1,-1
373,133,938.02,416.53,154.57,521.27,0.7950,-1,-1,-1
373,139,731.85,482.63,47.18,114.84,0.3945,-1,-1,-1
373,178,1829.01,465.00,73.05,180.86,0.1982,-1,-1,-1
373,182,462.01,400.26,142.01,374.51,0.8000,-1,-1,-1
373,193,253.17,435.93,160.63,318.91,0.8034,-1,-1,-1
373,195,833.57,470.68,40.26,75.22,0.1647,-1,-1,-1
373,205,144.74,434.61,147.62,384.44,0.8089,-1,-1,-1
373,217,687.33,478.43,47.97,106.90,0.1545,-1,-1,-1
373,218,1058.01,454.33,70.45,140.72,0.1772,-1,-1,-1
373,220,-0.22,489.09,46.68,319.64,0.6281,-1,-1,-1
374,3,1071.53,398.20,217.99,616.10,0.8098,-1,-1,-1
374,77,1848.98,391.99,68.18,259.40,0.2247,-1,-1,-1
374,133,943.75,417.01,150.99,519.44,0.7884,-1,-1,-1
374,139,732.98,480.19,47.37,117.80,0.3961,-1,-1,-1
374,178,1833.52,461.84,70.73,183.82,0.1972,-1,-1,-1
374,182,473.22,400.46,138.96,371.17,0.7724,-1,-1,-1
374,193,266.51,442.77,152.85,301.25,0.7789,-1,-1,-1
374,195,837.92,469.87,37.98,73.77,0.1561,-1,-1,-1
374,205,154.83,431.19,148.16,386.53,0.7264,-1,-1,-1
374,218,1062.45,450.05,57.06,112.52,0.1706,-1,-1,-1
374,220,-0.48,490.35,51.08,318.99,0.7026,-1,-1,-1
374,224,1256.61,427.24,42.57,115.49,0.2894,-1,-1,-1
375,3,1071.23,400.14,219.25,613.45,0.7954,-1,-1,-1
375,77,1842.58,388.96,76.50,261.89,0.1758,-1,-1,-1
375,133,941.58,412.95,153.30,521.90,0.7756,-1,-1,-1
375,139,733.43,480.10,47.44,118.73,0.3846,-1,-1,-1
375,178,1830.04,461.46,72.85,183.70,0.2815,-1,-1,-1
375,182,482.31,408.81,142.92,362.66,0.7128,-1,-1,-1
375,193,279.42,453.16,140.49,294.48,0.7425,-1,-1,-1
375,196,800.92,472.96,31.03,73.66,0.1530,-1,-1,-1
375,205,156.79,434.42,178.47,382.73,0.8168,-1,-1,-1
375,217,691.17,476.48,44.90,107.46,0.2133,-1,-1,-1
375,218,1064.60,455.05,58.27,134.12,0.1959,-1,-1,-1
375,220,-2.34,485.40,59.94,327.69,0.6592,-1,-1,-1
375,224,1256.91,434.82,39.73,110.07,0.2451,-1,-1,-1
376,3,1071.33,399.83,221.68,613.15,0.8087,-1,-1,-1
376,77,1848.44,391.71,71.18,261.75,0.2425,-1,-1,-1
376,133,944.40,418.03,148.88,521.26,0.7739,-1,-1,-1
376,139,730.72,479.13,48.96,119.96,0.3214,-1,-1,-1
376,182,487.77,403.70,142.49,364.64,0.6939,-1,-1,-1
376,189,1668.72,432.23,106.51,154.81,0.1509,-1,-1,-1
376,193,275.68,435.24,146.36,312.69,0.7423,-1,-1,-1
376,195,832.27,470.31,38.52,74.19,0.1566,-1,-1,-1
376,205,154.13,438.29,195.94,378.53,0.7681,-1,-1,-1
376,217,683.68,476.03,51.67,107.68,0.2287,-1,-1,-1
376,218,1063.82,453.37,52.46,134.75,0.1899,-1,-1,-1
376,220,-3.37,479.79,73.27,332.49,0.7803,-1,-1,-1
376,224,1256.54,439.58,40.33,104.90,0.2052,-1,-1,-1
376,227,413.66,482.03,44.72,85.94,0.1953,-1,-1,-1
377,3,1071.02,400.88,225.64,613.94,0.8123,-1,-1,-1
377,133,946.16,417.61,153.19,521.18,0.7970,-1,-1,-1
377,139,731.34,481.50,47.59,118.49,0.3284,-1,-1,-1
377,178,1828.09,461.45,73.49,183.78,0.1954,-1,-1,-1
377,182,487.75,399.12,146.24,369.62,0.7358,-1,-1,-1
377,193,282.98,442.06,143.22,306.54,0.7057,-1,-1,-1
377,205,152.59,441.06,211.75,376.31,0.7974,-1,-1,-1
377,217,688.70,475.72,46.10,108.29,0.1901,-1,-1,-1
377,218,1062.51,449.45,51.59,134.60,0.1917,-1,-1,-1
377,220,-9.18,441.39,105.81,367.21,0.7789,-1,-1,-1
377,224,1257.08,439.94,40.48,102.02,0.1884,-1,-1,-1
377,227,414.33,481.70,46.37,88.73,0.2240,-1,-1,-1
378,3,1071.74,398.74,222.29,616.32,0.7752,-1,-1,-1
378,133,945.53,411.38,157.56,523.52,0.7802,-1,-1,-1
378,139,731.55,482.31,46.37,115.43,0.3457,-1,-1,-1
378,178,1828.52,462.25,72.87,182.88,0.1791,-1,-1,-1
378,182,493.25,394.79,149.93,376.45,0.7880,-1,-1,-1
378,193,293.51,440.44,131.81,311.03,0.6757,-1,-1,-1
378,205,155.03,440.89,212.86,376.32,0.8198,-1,-1,-1
378,217,690.23,479.06,44.38,105.55,0.2455,-1,-1,-1
378,218,1065.08,450.34,48.96,137.40,0.1570,-1,-1,-1
378,220,-10.27,433.66,141.21,375.98,0.8289,-1,-1,-1
378,224,1257.40,439.22,40.95,102.77,0.1604,-1,-1,-1
378,227,414.10,482.11,46.70,87.88,0.2366,-1,-1,-1
379,3,1070.94,396.31,221.09,617.75,0.8307,-1,-1,-1
379,133,945.28,410.44,157.23,524.25,0.8144,-1,-1,-1
379,139,731.94,482.09,44.77,115.99,0.3895,-1,-1,-1
379,178,1830.84,463.33,70.46,181.03,0.1644,-1,-1,-1
379,182,499.77,397.36,163.75,374.35,0.7933,-1,-1,-1
379,193,314.06,438.88,110.94,310.06,0.6841,-1,-1,-1
379,205,154.93,442.20,215.34,374.63,0.8247,-1,-1,-1
379,217,691.30,479.68,42.20,106.49,0.3110,-1,-1,-1
379,218,1064.39,451.89,48.71,136.99,0.2024,-1,-1,-1
379,220,-2.19,433.08,139.64,374.54,0.8210,-1,-1,-1
379,227,414.68,480.97,49.76,89.75,0.2153,-1,-1,-1
380,3,1071.74,394.92,220.23,619.11,0.8255,-1,-1,-1
380,133,946.24,406.14,160.25,527.57,0.8113,-1,-1,-1
380,139,731.17,480.08,43.29,116.93,0.3587,-1,-1,-1
380,178,1829.28,466.36,72.29,178.07,0.1642,-1,-1,-1
380,182,504.69,399.91,166.58,371.57,0.6394,-1,-1,-1
380,193,323.77,446.72,97.51,305.87,0.6351,-1,-1,-1
380,205,157.63,444.02,220.99,370.64,0.8376,-1,-1,-1
380,217,691.64,471.82,41.26,116.13,0.2482,-1,-1,-1
380,220,-4.45,431.74,162.93,375.15,0.7753,-1,-1,-1
380,224,1257.21,439.34,41.88,102.03,0.2208,-1,-1,-1
380,227,415.22,480.09,50.06,91.19,0.2190,-1,-1,-1
381,3,1072.35,393.35,215.21,621.12,0.7992,-1,-1,-1
381,133,955.21,413.32,153.10,525.93,0.7699,-1,-1,-1
381,139,730.64,479.64,47.43,119.00,0.3083,-1,-1,-1
381,182,517.99,408.72,142.79,363.37,0.5864,-1,-1,-1
381,193,322.95,441.22,98.30,311.45,0.7057,-1,-1,-1
381,205,153.82,444.75,226.12,365.74,0.8610,-1,-1,-1
381,217,692.47,471.60,41.77,119.52,0.2775,-1,-1,-1
381,220,-2.05,440.92,173.04,366.06,0.7523,-1,-1,-1
381,224,1258.13,439.09,42.46,100.07,0.1864,-1,-1,-1
381,227,414.38,480.40,50.80,93.63,0.1714,-1,-1,-1
381,230,662.64,464.38,43.49,133.55,0.1587,-1,-1,-1
382,3,1073.63,398.43,221.27,616.40,0.8144,-1,-1,-1
382,94,471.68,445.94,44.98,116.47,0.2429,-1,-1,-1
382,133,951.49,416.14,159.64,518.79,0.7518,-1,-1,-1
382,139,730.71,479.32,49.70,120.85,0.3573,-1,-1,-1
382,178,1835.53,465.07,68.73,180.81,0.2309,-1,-1,-1
382,182,537.02,405.83,135.87,364.05,0.6057,-1,-1,-1
382,193,334.81,441.86,96.10,306.95,0.6878,-1,-1,-1
382,196,802.18,473.44,30.59,74.25,0.1687,-1,-1,-1
382,205,164.03,442.28,214.36,368.12,0.8295,-1,-1,-1
382,217,691.05,471.14,44.74,118.67,0.3278,-1,-1,-1
382,220,0.31,440.15,177.73,365.56,0.8045,-1,-1,-1
382,224,1257.79,441.91,39.01,99.06,0.1993,-1,-1,-1
383,3,1073.42,397.64,220.39,617.33,0.8288,-1,-1,-1
383,94,469.41,446.38,47.17,117.10,0.1867,-1,-1,-1
383,133,954.13,417.34,156.13,521.83,0.6962,-1,-1,-1
383,139,730.33,477.47,52.09,122.29,0.3670,-1,-1,-1
383,178,1832.23,465.91,70.59,181.03,0.2843,-1,-1,-1
383,182,525.15,413.91,156.07,356.65,0.6916,-1,-1,-1
383,193,345.40,444.23,99.48,300.38,0.5557,-1,-1,-1
383,205,187.52,442.09,191.47,367.62,0.7935,-1,-1,-1
383,217,690.94,464.32,44.15,124.61,0.3417,-1,-1,-1
383,220,-0.24,439.26,190.83,365.78,0.8582,-1,-1,-1
383,224,1258.92,442.25,41.52,95.65,0.2028,-1,-1,-1
383,232,919.75,444.33,52.38,142.23,0.2691,-1,-1,-1
384,3,1073.87,397.08,220.02,617.91,0.8328,-1,-1,-1
384,94,473.91,449.91,46.28,113.33,0.1828,-1,-1,-1
384,133,955.76,416.58,151.94,523.26,0.7106,-1,-1,-1
384,139,730.12,475.26,50.26,125.58,0.4519,-1,-1,-1
384,178,1832.65,464.59,69.35,181.70,0.2180,-1,-1,-1
384,182,528.75,407.09,156.82,363.02,0.7506,-1,-1,-1
384,193,364.23,456.68,91.89,287.53,0.6045,-1,-1,-1
384,196,801.81,472.13,30.27,75.15,0.1651,-1,-1,-1
384,205,198.09,434.98,181.38,374.57,0.7938,-1,-1,-1
384,217,686.96,466.40,47.86,125.57,0.3557,-1,-1,-1
384,220,0.47,434.24,198.64,372.42,0.8756,-1,-1,-1
384,224,1258.76,443.47,40.36,91.85,0.1598,-1,-1,-1
384,232,920.42,446.94,46.79,141.05,0.2166,-1,-1,-1
384,234,957.59,439.08,50.22,132.63,0.1579,-1,-1,-1
385,3,1074.13,397.18,218.66,617.82,0.7877,-1,-1,-1
385,94,466.57,443.41,41.89,84.60,0.1723,-1,-1,-1
385,133,958.21,416.45,149.23,524.15,0.7201,-1,-1,-1
385,139,730.62,472.18,49.43,128.65,0.5479,-1,-1,-1
385,145,943.36,435.65,75.44,233.67,0.1510,-1,-1,-1
385,178,1831.80,465.41,69.14,182.21,0.2595,-1,-1,-1
385,182,534.46,407.88,154.30,362.59,0.7874,-1,-1,-1
385,193,363.37,439.10,98.54,304.01,0.7056,-1,-1,-1
385,196,801.10,473.20,31.25,73.78,0.1808,-1,-1,-1
385,205,214.60,432.85,165.92,369.28,0.8060,-1,-1,-1
385,217,686.83,468.39,47.49,126.76,0.3845,-1,-1,-1
385,220,0.17,437.59,210.16,369.02,0.8629,-1,-1,-1
385,232,922.30,449.69,43.52,137.01,0.2356,-1,-1,-1
386,3,1073.71,397.51,220.64,617.05,0.7060,-1,-1,-1
386,94,467.70,449.14,40.55,103.01,0.2168,-1,-1,-1
386,133,960.77,414.26,149.15,527.56,0.7416,-1,-1,-1
386,139,731.07,470.29,48.58,130.11,0.5290,-1,-1,-1
386,178,1831.58,465.39,70.94,181.38,0.2132,-1,-1,-1
386,182,539.55,405.41,154.05,364.21,0.8329,-1,-1,-1
386,193,366.48,437.91,118.44,307.62,0.7071,-1,-1,-1
386,196,800.81,473.65,32.28,73.15,0.2082,-1,-1,-1
386,205,234.90,435.94,143.67,364.61,0.7921,-1,-1,-1
386,217,690.72,468.36,42.79,126.52,0.3452,-1,-1,-1
386,220,1.18,434.38,208.67,373.89,0.8359,-1,-1,-1
387,3,1073.37,397.72,220.46,616.50,0.7757,-1,-1,-1
387,77,1877.30,386.50,42.17,251.29,0.1506,-1,-1,-1
387,94,467.90,449.72,47.68,107.52,0.3289,-1,-1,-1
387,133,959.51,416.87,148.28,523.57,0.7225,-1,-1,-1
387,139,731.31,471.06,48.41,129.53,0.5301,-1,-1,-1
387,145,924.90,429.57,70.59,163.41,0.3176,-1,-1,-1
387,178,1828.01,467.11,75.00,177.77,0.2540,-1,-1,-1
387,182,541.39,407.38,150.32,359.98,0.8455,-1,-1,-1
387,193,365.72,438.26,148.17,309.14,0.8056,-1,-1,-1
387,196,800.56,472.87,32.37,73.67,0.2023,-1,-1,-1
387,205,258.40,430.55,119.81,367.93,0.5758,-1,-1,-1
387,217,690.87,473.15,43.37,119.01,0.3117,-1,-1,-1
387,220,3.44,434.52,204.95,371.06,0.8367,-1,-1,-1
388,3,1055.66,397.03,255.06,618.30,0.7372,-1,-1,-1
388,94,464.23,448.07,54.72,106.31,0.2562,-1,-1,-1
388,133,960.44,417.88,144.18,522.44,0.7216,-1,-1,-1
388,139,730.63,469.01,48.44,133.40,0.4964,-1,-1,-1
388,145,937.41,432.16,54.25,145.85,0.1692,-1,-1,-1
388,178,1828.41,466.27,74.51,178.04,0.2285,-1,-1,-1
388,182,545.44,405.22,146.63,358.25,0.8252,-1,-1,-1
388,193,366.80,440.58,159.43,308.26,0.7892,-1,-1,-1
388,196,800.46,472.12,32.91,74.75,0.2079,-1,-1,-1
388,205,278.63,434.18,100.45,362.69,0.6753,-1,-1,-1
388,214,526.25,441.51,28.62,79.23,0.1924,-1,-1,-1
388,217,691.91,473.41,42.23,120.35,0.3500,-1,-1,-1
388,220,14.46,433.20,192.12,370.23,0.8071,-1,-1,-1
389,3,1054.11,397.50,312.03,617.41,0.7262,-1,-1,-1
389,94,467.53,447.79,46.51,109.56,0.2408,-1,-1,-1
389,133,963.13,418.19,138.08,522.00,0.7017,-1,-1,-1
389,139,730.33,472.18,48.91,130.15,0.5033,-1,-1,-1
389,145,922.41,444.52,61.10,143.91,0.2613,-1,-1,-1
389,178,1832.69,467.51,70.46,176.50,0.2033,-1,-1,-1
389,182,548.15,408.88,145.08,354.52,0.8064,-1,-1,-1
389,193,362.32,441.90,172.29,302.81,0.8016,-1,-1,-1
389,196,800.41,471.79,32.26,75.62,0.2188,-1,-1,-1
389,205,285.23,428.45,101.55,370.80,0.6786,-1,-1,-1
389,214,528.04,443.57,27.43,77.96,0.2005,-1,-1,-1
389,217,692.01,475.05,40.96,117.16,0.3357,-1,-1,-1
389,220,25.08,423.40,182.53,374.83,0.7874,-1,-1,-1
390,3,1058.54,397.14,308.47,618.70,0.7742,-1,-1,-1
390,133,966.10,418.00,134.42,523.64,0.6751,-1,-1,-1
390,139,729.70,474.12,50.35,130.06,0.4865,-1,-1,-1
390,145,920.25,437.23,67.14,151.01,0.4018,-1,-1,-1
390,178,1832.67,467.77,67.54,175.62,0.1898,-1,-1,-1
390,182,555.18,410.04,139.08,351.52,0.8007,-1,-1,-1
390,193,368.14,441.00,172.12,302.77,0.8139,-1,-1,-1
390,196,801.14,470.69,33.00,76.53,0.2008,-1,-1,-1
390,205,281.51,435.22,114.75,363.93,0.5260,-1,-1,-1
390,214,527.44,440.66,26.46,79.70,0.2118,-1,-1,-1
390,217,690.10,477.71,40.53,113.15,0.2993,-1,-1,-1
390,220,36.47,429.17,174.78,368.28,0.7948,-1,-1,-1
391,3,1053.04,397.05,315.41,618.43,0.7778,-1,-1,-1
391,133,974.40,416.35,125.43,529.33,0.6590,-1,-1,-1
391,139,728.47,471.24,51.22,131.94,0.4435,-1,-1,-1
391,145,917.67,435.53,67.24,152.98,0.3720,-1,-1,-1
391,178,1831.91,467.78,65.98,175.58,0.2013,-1,-1,-1
391,182,561.05,412.42,133.32,352.18,0.8018,-1,-1,-1
391,193,377.70,441.21,163.82,299.02,0.7847,-1,-1,-1
391,196,800.60,471.38,33.43,75.76,0.1926,-1,-1,-1
391,205,300.35,438.69,103.18,361.12,0.5330,-1,-1,-1
391,214,522.64,437.58,26.15,84.01,0.2695,-1,-1,-1
391,217,689.93,477.60,41.32,111.30,0.3291,-1,-1,-1
391,220,43.39,429.97,169.26,368.12,0.7605,-1,-1,-1
392,3,1052.37,398.20,310.56,618.01,0.7845,-1,-1,-1
392,77,1848.47,392.04,70.62,259.53,0.2200,-1,-1,-1
392,133,980.34,411.11,122.21,528.12,0.6500,-1,-1,-1
392,139,727.90,467.70,51.88,134.60,0.4473,-1,-1,-1
392,145,926.16,435.08,55.62,155.74,0.5648,-1,-1,-1
392,178,1832.56,466.62,66.76,177.67,0.1750,-1,-1,-1
392,182,569.57,407.63,126.26,358.89,0.7869,-1,-1,-1
392,193,392.20,439.08,149.85,298.88,0.7245,-1,-1,-1
392,196,800.69,470.42,34.58,77.03,0.2286,-1,-1,-1
392,205,306.92,437.88,124.81,362.18,0.6567,-1,-1,-1
392,214,526.35,439.67,26.66,83.64,0.3059,-1,-1,-1
392,217,686.98,470.86,43.32,119.53,0.2548,-1,-1,-1
392,220,55.32,434.49,159.02,361.09,0.7637,-1,-1,-1
393,3,1049.09,398.44,313.73,618.23,0.8134,-1,-1,-1
393,77,1847.95,392.99,71.55,258.72,0.1978,-1,-1,-1
393,133,966.62,418.52,134.68,524.29,0.6501,-1,-1,-1
393,139,727.83,467.19,52.38,134.98,0.5302,-1,-1,-1
393,145,924.75,438.15,54.71,163.39,0.6499,-1,-1,-1
393,178,1833.00,467.89,66.63,176.20,0.2088,-1,-1,-1
393,182,577.10,414.89,119.39,339.07,0.7914,-1,-1,-1
393,193,400.98,439.73,141.40,296.38,0.7274,-1,-1,-1
393,196,800.19,469.91,33.72,77.23,0.2162,-1,-1,-1
393,205,308.83,441.45,151.10,358.82,0.7908,-1,-1,-1
393,214,522.74,444.17,25.80,80.18,0.2154,-1,-1,-1
393,217,684.40,470.85,43.66,120.58,0.3081,-1,-1,-1
393,220,81.98,429.53,132.61,365.73,0.6330,-1,-1,-1
393,237,1071.69,434.41,62.51,113.52,0.1922,-1,-1,-1
394,3,1056.48,398.14,266.71,617.16,0.6771,-1,-1,-1
394,77,1847.25,396.31,72.33,255.63,0.2389,-1,-1,-1
394,133,983.40,412.44,116.45,525.63,0.6298,-1,-1,-1
394,139,725.92,476.39,53.19,127.62,0.5980,-1,-1,-1
394,145,921.64,438.65,56.16,164.95,0.6389,-1,-1,-1
394,178,1834.64,465.06,65.98,179.40,0.2087,-1,-1,-1
394,182,583.05,411.95,113.30,340.27,0.7606,-1,-1,-1
394,193,413.14,444.17,132.02,291.36,0.7292,-1,-1,-1
394,196,802.16,467.83,31.95,79.72,0.2048,-1,-1,-1
394,205,310.11,444.46,153.84,356.77,0.7241,-1,-1,-1
394,214,521.80,440.46,27.75,82.37,0.2721,-1,-1,-1
394,217,686.40,480.74,41.55,114.53,0.1888,-1,-1,-1
394,220,66.55,429.29,165.43,367.01,0.7570,-1,-1,-1
394,237,1074.56,433.81,64.39,112.09,0.2270,-1,-1,-1
395,3,1056.51,396.70,263.28,618.69,0.7000,-1,-1,-1
395,77,1848.19,391.12,71.13,260.24,0.2920,-1,-1,-1
395,133,986.68,412.88,112.05,524.12,0.6579,-1,-1,-1
395,139,724.72,470.44,53.46,135.44,0.6130,-1,-1,-1
395,145,919.42,439.65,54.79,162.90,0.5962,-1,-1,-1
395,178,1834.13,463.12,67.00,181.88,0.2005,-1,-1,-1
395,182,587.63,413.76,111.62,335.34,0.7668,-1,-1,-1
395,193,423.18,440.58,121.38,294.88,0.7396,-1,-1,-1
395,196,801.95,467.62,33.42,80.57,0.1871,-1,-1,-1
395,205,309.78,444.12,160.12,357.42,0.7475,-1,-1,-1
395,214,521.21,449.79,28.37,74.98,0.2080,-1,-1,-1
395,220,70.59,431.68,165.09,365.12,0.7789,-1,-1,-1
395,237,1085.05,428.72,61.94,102.74,0.2392,-1,-1,-1
396,3,1058.17,399.03,301.77,617.84,0.7612,-1,-1,-1
396,77,1847.85,392.42,71.62,259.67,0.2115,-1,-1,-1
396,133,983.68,413.81,114.80,523.36,0.6218,-1,-1,-1
396,139,721.82,464.32,57.08,145.44,0.5792,-1,-1,-1
396,145,917.66,442.78,54.44,167.92,0.6768,-1,-1,-1
396,178,1830.88,466.33,68.23,180.38,0.2640,-1,-1,-1
396,182,590.98,427.12,114.53,317.12,0.7561,-1,-1,-1
396,193,436.14,444.07,109.04,287.86,0.6563,-1,-1,-1
396,196,800.18,469.96,33.61,77.76,0.1736,-1,-1,-1
396,205,307.71,442.17,176.72,356.64,0.7601,-1,-1,-1
396,217,679.51,461.86,47.77,139.59,0.2597,-1,-1,-1
396,220,103.89,446.11,129.56,349.81,0.5854,-1,-1,-1
396,237,1087.36,430.72,62.80,97.13,0.2536,-1,-1,-1
397,3,1063.08,398.58,242.99,618.92,0.7906,-1,-1,-1
397,77,1849.09,388.15,70.26,263.66,0.2723,-1,-1,-1
397,133,984.55,413.82,113.85,524.36,0.6774,-1,-1,-1
397,139,719.75,463.69,58.44,145.67,0.5765,-1,-1,-1
397,145,914.90,442.66,56.06,166.77,0.6400,-1,-1,-1
397,178,1832.76,465.31,67.09,180.41,0.2214,-1,-1,-1
397,182,595.52,417.54,114.25,327.29,0.7488,-1,-1,-1
397,193,449.29,474.59,94.74,256.63,0.5730,-1,-1,-1
397,196,800.54,470.65,33.46,76.83,0.1926,-1,-1,-1
397,205,308.83,430.35,174.52,367.96,0.7633,-1,-1,-1
397,217,678.28,455.32,49.70,142.03,0.2284,-1,-1,-1
397,220,130.47,434.82,116.38,361.85,0.6219,-1,-1,-1
397,237,1091.57,431.27,61.54,95.96,0.2028,-1,-1,-1
398,3,1065.34,399.26,239.73,619.23,0.8380,-1,-1,-1
398,77,1844.45,384.36,74.76,266.53,0.1818,-1,-1,-1
398,133,969.80,416.04,129.39,524.75,0.6354,-1,-1,-1
398,139,720.33,460.93,56.79,147.91,0.5430,-1,-1,-1
398,145,916.08,443.91,55.98,162.11,0.4854,-1,-1,-1
398,178,1832.59,467.21,67.14,177.88,0.2406,-1,-1,-1
398,182,598.63,424.33,120.35,318.68,0.7559,-1,-1,-1
398,193,445.52,433.98,99.73,297.19,0.7328,-1,-1,-1
398,196,801.19,470.50,33.84,76.61,0.2135,-1,-1,-1
398,205,310.82,437.70,180.31,358.46,0.8204,-1,-1,-1
398,220,136.10,436.34,127.19,360.18,0.7496,-1,-1,-1
398,237,1089.16,431.08,57.27,95.82,0.2112,-1,-1,-1
398,238,1249.44,443.61,44.08,87.72,0.2486,-1,-1,-1
399,3,1066.29,400.80,239.31,617.31,0.8375,-1,-1,-1
399,133,967.80,415.53,132.84,525.24,0.6614,-1,-1,-1
399,139,719.90,464.25,54.98,144.96,0.5361,-1,-1,-1
399,145,913.92,436.91,57.19,173.33,0.5827,-1,-1,-1
399,178,1832.12,468.23,63.99,177.01,0.2415,-1,-1,-1
399,182,604.93,429.07,126.66,311.03,0.7882,-1,-1,-1
399,193,466.67,440.84,81.33,291.71,0.6275,-1,-1,-1
399,196,800.41,471.94,34.50,75.57,0.2198,-1,-1,-1
399,205,315.23,438.51,173.23,358.56,0.8309,-1,-1,-1
399,220,132.22,432.43,164.31,362.24,0.7641,-1,-1,-1
399,238,1247.45,444.63,43.78,90.63,0.2958,-1,-1,-1
400,3,1068.52,400.30,236.31,618.62,0.8528,-1,-1,-1
400,133,967.92,413.69,131.48,527.18,0.6565,-1,-1,-1
400,139,717.62,470.10,50.94,138.18,0.4776,-1,-1,-1
400,145,910.55,438.03,56.34,170.25,0.5659,-1,-1,-1
400,178,1832.23,465.93,64.15,178.65,0.1987,-1,-1,-1
400,182,605.98,421.48,136.26,319.30,0.7794,-1,-1,-1
400,193,470.91,438.78,82.33,290.86,0.7307,-1,-1,-1
400,196,801.34,472.02,33.54,74.98,0.1611,-1,-1,-1
400,205,313.46,434.84,176.24,360.88,0.8428,-1,-1,-1
400,220,136.76,433.16,179.50,360.57,0.7803,-1,-1,-1
400,238,1244.61,444.73,45.32,90.06,0.3265,-1,-1,-1
401,3,1069.60,399.44,235.11,619.69,0.8464,-1,-1,-1
401,133,984.85,410.39,112.01,527.25,0.6369,-1,-1,-1
401,139,715.45,465.88,52.64,146.09,0.4253,-1,-1,-1
401,145,908.32,437.71,60.96,166.22,0.5768,-1,-1,-1
401,178,1831.90,467.27,65.47,178.24,0.1930,-1,-1,-1
401,182,608.22,423.48,151.09,316.89,0.7721,-1,-1,-1
401,193,480.27,445.58,81.84,286.75,0.7209,-1,-1,-1
401,196,800.27,471.58,33.23,75.08,0.1628,-1,-1,-1
401,205,323.12,437.14,167.46,355.31,0.8149,-1,-1,-1
401,220,138.70,433.52,175.18,360.90,0.8140,-1,-1,-1
401,238,1243.72,445.49,45.69,89.04,0.3022,-1,-1,-1
402,3,1071.95,399.18,230.61,620.19,0.8370,-1,-1,-1
402,77,1847.23,392.27,72.32,260.43,0.2054,-1,-1,-1
402,133,985.67,410.56,111.25,527.21,0.6261,-1,-1,-1
402,139,715.71,462.55,54.18,147.47,0.4926,-1,-1,-1
402,145,903.45,438.61,69.61,170.27,0.5297,-1,-1,-1
402,178,1829.95,465.14,67.74,180.77,0.1900,-1,-1,-1
402,182,616.13,413.51,154.47,327.03,0.8021,-1,-1,-1
402,193,482.28,451.90,90.81,277.02,0.7226,-1,-1,-1
402,196,800.22,470.57,31.38,75.55,0.1689,-1,-1,-1
402,205,338.74,445.42,151.85,345.19,0.8264,-1,-1,-1
402,220,141.89,436.80,172.78,355.94,0.8097,-1,-1,-1
402,238,1243.68,446.37,40.03,87.29,0.2869,-1,-1,-1
403,3,1075.66,399.70,226.38,619.31,0.8374,-1,-1,-1
403,77,1869.26,387.06,50.81,258.05,0.2021,-1,-1,-1
403,133,964.85,417.06,134.99,523.91,0.6182,-1,-1,-1
403,139,715.95,464.83,53.96,145.65,0.4663,-1,-1,-1
403,145,901.10,442.05,76.34,168.76,0.3596,-1,-1,-1
403,178,1830.53,464.35,66.03,181.97,0.2004,-1,-1,-1
403,182,618.66,408.12,160.75,334.65,0.8362,-1,-1,-1
403,193,487.31,444.72,101.12,284.32,0.6044,-1,-1,-1
403,196,802.04,472.41,30.11,74.67,0.1705,-1,-1,-1
403,205,349.53,451.32,143.14,330.71,0.7465,-1,-1,-1
403,220,140.37,440.55,187.22,352.73,0.8039,-1,-1,-1
403,238,1245.24,445.30,34.41,89.40,0.2285,-1,-1,-1
404,3,1076.83,399.83,226.06,620.60,0.8293,-1,-1,-1
404,77,1873.32,386.33,46.22,260.26,0.1638,-1,-1,-1
404,133,963.40,417.68,135.54,524.60,0.6687,-1,-1,-1
404,139,715.69,463.11,51.94,148.10,0.4497,-1,-1,-1
404,145,897.38,448.93,52.45,161.97,0.5255,-1,-1,-1
404,178,1829.23,464.30,70.38,182.89,0.2496,-1,-1,-1
404,182,623.73,406.68,165.32,337.11,0.8022,-1,-1,-1
404,193,488.17,438.92,126.21,288.21,0.6404,-1,-1,-1
404,196,802.25,472.09,29.07,74.16,0.1579,-1,-1,-1
404,205,359.36,441.42,136.51,342.01,0.7213,-1,-1,-1
404,220,150.28,438.48,181.46,350.59,0.8273,-1,-1,-1
404,238,1243.26,444.36,35.11,90.28,0.3165,-1,-1,-1
405,3,1078.48,400.55,209.65,618.50,0.8328,-1,-1,-1
405,133,963.61,416.40,135.48,525.48,0.6856,-1,-1,-1
405,139,716.62,468.33,51.39,144.13,0.3763,-1,-1,-1
405,145,894.96,454.23,52.10,156.45,0.4055,-1,-1,-1
405,178,1830.85,467.62,71.13,177.89,0.2318,-1,-1,-1
405,182,627.23,417.81,166.71,326.93,0.7875,-1,-1,-1
405,193,494.40,445.76,127.35,282.53,0.6790,-1,-1,-1
405,196,802.47,472.08,29.13,75.12,0.1699,-1,-1,-1
405,205,383.43,435.12,110.60,341.26,0.7012,-1,-1,-1
405,220,154.67,436.28,174.19,351.27,0.8182,-1,-1,-1
405,238,1243.16,445.30,35.35,89.93,0.2982,-1,-1,-1
406,3,1076.10,398.75,209.03,621.25,0.8325,-1,-1,-1
406,77,1876.87,386.47,42.57,254.95,0.1883,-1,-1,-1
406,133,961.00,415.72,137.63,525.95,0.6971,-1,-1,-1
406,139,719.83,466.93,46.84,145.47,0.2251,-1,-1,-1
406,145,892.17,454.94,54.17,153.16,0.3649,-1,-1,-1
406,178,1829.91,465.10,70.68,179.00,0.2365,-1,-1,-1
406,182,632.16,423.99,165.35,319.59,0.7930,-1,-1,-1
406,193,498.65,449.38,123.04,278.21,0.6744,-1,-1,-1
406,195,837.44,466.58,32.75,82.03,0.1578,-1,-1,-1
406,196,802.05,470.56,29.79,77.06,0.1774,-1,-1,-1
406,205,399.25,433.32,98.64,337.83,0.7057,-1,-1,-1
406,220,159.46,435.66,168.50,353.32,0.8076,-1,-1,-1
406,238,1242.95,445.68,34.20,91.08,0.2226,-1,-1,-1
407,3,1075.69,396.02,203.08,622.82,0.8346,-1,-1,-1
407,133,957.54,418.27,139.68,522.93,0.7252,-1,-1,-1
407,145,887.84,458.70,56.29,149.48,0.3129,-1,-1,-1
407,178,1828.80,468.08,71.83,177.86,0.2954,-1,-1,-1
407,182,635.78,414.35,160.18,329.70,0.8541,-1,-1,-1
407,193,491.99,445.82,139.77,286.07,0.7084,-1,-1,-1
407,196,803.41,470.00,28.64,77.24,0.1605,-1,-1,-1
407,205,411.92,434.66,91.99,335.72,0.6730,-1,-1,-1
407,220,174.61,432.56,158.52,356.71,0.8026,-1,-1,-1
407,238,1243.58,444.67,33.84,94.36,0.3275,-1,-1,-1
407,241,376.90,463.48,39.36,53.77,0.2177,-1,-1,-1
408,3,1072.18,397.97,202.99,622.33,0.8385,-1,-1,-1
408,133,960.01,417.14,137.95,523.79,0.7100,-1,-1,-1
408,145,877.72,454.65,63.48,155.04,0.4983,-1,-1,-1
408,178,1828.17,463.84,76.60,184.93,0.3109,-1,-1,-1
408,182,641.39,419.71,156.06,325.43,0.8466,-1,-1,-1
408,193,499.82,437.97,139.93,291.89,0.7524,-1,-1,-1
408,196,802.34,467.87,29.20,79.15,0.1581,-1,-1,-1
408,205,404.40,433.72,105.61,336.92,0.6180,-1,-1,-1
408,220,188.81,433.44,146.87,350.79,0.7955,-1,-1,-1
408,238,1243.82,445.82,33.54,93.04,0.2568,-1,-1,-1
408,241,378.96,461.91,39.09,56.88,0.2400,-1,-1,-1
409,3,1073.43,399.55,198.97,619.42,0.8396,-1,-1,-1
409,133,959.62,416.78,140.44,523.49,0.7043,-1,-1,-1
409,145,874.91,444.11,64.88,166.14,0.6134,-1,-1,-1
409,178,1827.23,463.74,80.80,186.94,0.3068,-1,-1,-1
409,182,642.83,417.67,155.44,326.92,0.8314,-1,-1,-1
409,193,496.92,435.16,144.07,295.18,0.7531,-1,-1,-1
409,195,827.93,466.79,30.95,82.51,0.1530,-1,-1,-1
409,205,393.69,438.83,125.19,330.98,0.6158,-1,-1,-1
409,220,205.49,436.80,132.04,333.81,0.7232,-1,-1,-1
409,238,1242.07,446.26,34.33,95.60,0.3696,-1,-1,-1
409,241,381.62,460.77,37.61,59.87,0.1982,-1,-1,-1
409,242,927.09,448.97,55.02,161.91,0.2822,-1,-1,-1
410,3,1072.94,397.89,190.89,621.09,0.8459,-1,-1,-1
410,133,960.03,419.61,138.04,520.16,0.7095,-1,-1,-1
410,145,875.84,445.43,61.31,165.73,0.5701,-1,-1,-1
410,178,1831.70,462.82,73.81,187.38,0.2364,-1,-1,-1
410,182,644.36,410.15,155.43,334.56,0.8197,-1,-1,-1
410,193,513.98,440.04,127.00,281.38,0.7308,-1,-1,-1
410,195,826.83,466.74,32.26,82.45,0.1654,-1,-1,-1
410,205,420.70,439.46,115.41,331.37,0.5810,-1,-1,-1
410,220,226.64,435.52,117.86,335.94,0.6605,-1,-1,-1
410,238,1242.15,444.51,32.95,95.62,0.3120,-1,-1,-1
410,241,383.15,458.21,37.64,61.05,0.1977,-1,-1,-1
410,242,925.87,448.27,54.41,162.28,0.3888,-1,-1,-1
411,3,1071.54,398.29,185.22,620.63,0.8467,-1,-1,-1
411,133,958.33,421.60,140.35,517.64,0.7181,-1,-1,-1
411,145,875.82,441.00,61.67,169.80,0.5405,-1,-1,-1
411,178,1830.65,460.51,74.29,190.20,0.2020,-1,-1,-1
411,182,644.05,418.67,155.16,323.18,0.8265,-1,-1,-1
411,193,523.44,441.61,116.47,281.71,0.6931,-1,-1,-1
411,195,827.47,465.51,35.23,83.25,0.1634,-1,-1,-1
411,205,423.55,435.73,140.35,331.55,0.6693,-1,-1,-1
411,220,251.86,425.87,99.95,343.21,0.5464,-1,-1,-1
411,238,1239.81,443.65,35.55,90.02,0.3015,-1,-1,-1
411,241,382.56,459.09,38.55,60.80,0.1851,-1,-1,-1
411,242,924.63,447.25,56.86,162.50,0.2911,-1,-1,-1
412,3,1070.47,400.49,187.14,617.68,0.8433,-1,-1,-1
412,133,963.04,421.87,135.61,518.27,0.6861,-1,-1,-1
412,145,875.09,441.06,57.21,167.24,0.5160,-1,-1,-1
412,178,1830.25,462.60,74.17,188.08,0.2068,-1,-1,-1
412,182,644.24,402.40,155.41,340.75,0.8270,-1,-1,-1
412,193,529.81,436.87,112.84,283.85,0.7386,-1,-1,-1
412,195,825.63,466.90,30.93,81.76,0.1517,-1,-1,-1
412,196,800.23,467.73,33.88,79.90,0.1639,-1,-1,-1
412,205,415.38,436.10,156.03,331.92,0.6617,-1,-1,-1
412,220,265.17,426.61,99.31,343.67,0.7140,-1,-1,-1
412,238,1239.47,445.59,33.60,86.68,0.3086,-1,-1,-1
412,241,381.87,456.97,39.29,62.15,0.2089,-1,-1,-1
412,242,924.01,448.67,59.90,154.39,0.1729,-1,-1,-1
413,3,1070.89,402.10,186.86,616.59,0.8518,-1,-1,-1
413,133,958.56,421.44,141.55,518.51,0.7356,-1,-1,-1
413,145,876.49,439.98,54.28,167.39,0.4901,-1,-1,-1
413,178,1829.70,462.76,74.22,187.77,0.2474,-1,-1,-1
413,182,647.21,409.45,152.82,331.62,0.8040,-1,-1,-1
413,193,553.33,436.18,95.00,283.24,0.6168,-1,-1,-1
413,205,434.57,434.72,156.57,331.88,0.7118,-1,-1,-1
413,220,267.11,426.33,108.90,345.54,0.7255,-1,-1,-1
413,238,1239.76,445.50,30.70,86.85,0.1816,-1,-1,-1
413,241,380.59,457.32,40.43,60.92,0.1657,-1,-1,-1
413,242,924.29,446.96,47.14,136.41,0.2106,-1,-1,-1
414,3,1064.71,405.27,192.01,613.91,0.8609,-1,-1,-1
414,133,962.58,421.28,136.31,516.54,0.6944,-1,-1,-1
414,145,872.01,440.30,53.11,167.74,0.5951,-1,-1,-1
414,178,1831.22,461.75,76.40,188.92,0.2241,-1,-1,-1
414,182,654.14,425.88,145.06,314.95,0.8022,-1,-1,-1
414,193,559.92,438.17,93.13,282.17,0.6543,-1,-1,-1
414,196,800.29,466.27,32.94,80.86,0.1629,-1,-1,-1
414,205,435.71,437.94,159.79,328.60,0.7424,-1,-1,-1
414,220,269.85,424.44,113.90,348.32,0.6973,-1,-1,-1
414,238,1237.71,447.50,32.55,85.34,0.1540,-1,-1,-1
414,241,381.26,455.95,41.47,61.61,0.1573,-1,-1,-1
414,242,924.39,447.69,44.50,135.73,0.1896,-1,-1,-1
415,3,1063.17,409.01,193.85,610.37,0.8578,-1,-1,-1
415,133,964.84,419.04,131.25,519.47,0.7134,-1,-1,-1
415,145,872.23,441.42,49.78,166.60,0.7087,-1,-1,-1
415,178,1830.54,460.95,74.65,189.89,0.2728,-1,-1,-1
415,182,658.25,426.61,141.62,314.70,0.8065,-1,-1,-1
415,193,561.06,433.46,91.40,288.19,0.6031,-1,-1,-1
415,205,432.53,439.43,163.30,327.38,0.7651,-1,-1,-1
415,220,276.29,434.18,121.58,338.34,0.6670,-1,-1,-1
415,247,1170.12,408.49,120.34,246.84,0.2131,-1,-1,-1
415,248,1002.74,416.92,93.45,218.22,0.2408,-1,-1,-1
416,3,1060.48,412.14,198.31,607.63,0.8636,-1,-1,-1
416,133,964.63,418.89,130.81,519.73,0.7053,-1,-1,-1
416,145,869.73,440.33,51.64,165.95,0.6147,-1,-1,-1
416,178,1830.45,458.95,72.27,191.47,0.2519,-1,-1,-1
416,182,669.46,432.92,130.94,304.96,0.7948,-1,-1,-1
416,193,570.96,433.92,86.16,286.49,0.7329,-1,-1,-1
416,205,432.22,442.05,162.17,325.10,0.8113,-1,-1,-1
416,220,286.72,437.86,115.79,332.59,0.7308,-1,-1,-1
416,247,1168.03,408.27,117.86,255.83,0.2277,-1,-1,-1
416,248,1002.65,417.96,92.32,219.92,0.2068,-1,-1,-1
417,3,1062.24,408.33,198.51,612.31,0.8532,-1,-1,-1
417,133,970.04,416.46,126.64,518.20,0.6690,-1,-1,-1
417,145,868.48,438.71,50.86,167.14,0.6314,-1,-1,-1
417,178,1831.86,458.89,66.14,191.60,0.2815,-1,-1,-1
417,182,678.23,421.31,122.64,312.27,0.8033,-1,-1,-1
417,193,566.10,436.68,101.94,282.80,0.6753,-1,-1,-1
417,205,433.45,453.77,163.04,313.75,0.7914,-1,-1,-1
417,220,285.39,439.01,135.65,329.54,0.5965,-1,-1,-1
417,247,1171.98,424.75,134.39,359.89,0.1654,-1,-1,-1
417,248,1001.62,417.07,91.99,222.38,0.2041,-1,-1,-1
417,250,381.93,450.70,67.91,124.85,0.2009,-1,-1,-1
418,3,1059.14,403.63,201.73,616.82,0.8571,-1,-1,-1
418,133,968.44,418.35,126.46,520.07,0.6730,-1,-1,-1
418,145,867.98,439.87,48.40,164.65,0.5207,-1,-1,-1
418,178,1832.00,460.73,72.17,189.94,0.2814,-1,-1,-1
418,182,682.84,408.19,120.98,322.81,0.7850,-1,-1,-1
418,193,584.44,436.61,93.71,281.83,0.7152,-1,-1,-1
418,195,832.86,464.14,39.99,88.92,0.1691,-1,-1,-1
418,205,436.87,444.34,154.17,321.42,0.8079,-1,-1,-1
418,220,285.78,435.03,150.17,333.89,0.6845,-1,-1,-1
418,242,925.18,444.41,47.27,136.61,0.1688,-1,-1,-1
418,247,1192.81,420.15,120.88,289.00,0.3124,-1,-1,-1
418,250,410.68,459.16,43.17,114.75,0.1847,-1,-1,-1
419,3,1056.00,408.26,207.47,612.11,0.8490,-1,-1,-1
419,133,970.56,420.15,125.54,516.26,0.6840,-1,-1,-1
419,145,865.60,441.25,45.32,163.63,0.5460,-1,-1,-1
419,178,1831.89,459.03,71.42,190.22,0.2532,-1,-1,-1
419,182,688.86,404.16,120.85,327.08,0.8005,-1,-1,-1
419,193,588.62,437.55,90.27,279.62,0.7164,-1,-1,-1
419,205,440.31,435.66,158.63,327.80,0.8021,-1,-1,-1
419,220,287.34,439.07,162.39,330.50,0.7582,-1,-1,-1
419,242,923.04,444.68,49.87,136.62,0.2264,-1,-1,-1
419,247,1166.51,413.82,141.97,275.97,0.2143,-1,-1,-1
419,250,410.17,449.03,43.58,121.17,0.1832,-1,-1,-1
420,3,1053.27,409.70,216.78,611.12,0.8393,-1,-1,-1
420,133,970.92,414.07,123.28,523.32,0.5912,-1,-1,-1
420,145,860.88,444.48,46.38,161.79,0.2577,-1,-1,-1
420,178,1830.73,463.37,69.06,186.17,0.3119,-1,-1,-1
420,182,695.63,407.93,116.33,322.74,0.7801,-1,-1,-1
420,193,583.09,437.00,100.66,277.47,0.7143,-1,-1,-1
420,205,449.46,434.01,148.37,329.15,0.7692,-1,-1,-1
420,220,290.77,443.76,162.90,325.72,0.7818,-1,-1,-1
420,242,921.89,444.93,49.35,139.11,0.3275,-1,-1,-1
420,247,1165.25,430.09,137.64,446.25,0.2031,-1,-1,-1
420,250,408.09,449.65,46.22,122.95,0.2198,-1,-1,-1
421,3,1050.36,408.92,216.82,611.83,0.8238,-1,-1,-1
421,133,968.57,411.00,124.25,526.86,0.5960,-1,-1,-1
421,145,858.17,434.82,48.56,170.15,0.4989,-1,-1,-1
421,178,1832.91,465.27,73.66,184.47,0.2966,-1,-1,-1
421,182,696.54,424.19,110.35,307.25,0.7099,-1,-1,-1
421,193,587.46,440.10,114.68,277.04,0.7297,-1,-1,-1
421,205,446.28,433.83,149.44,327.00,0.7421,-1,-1,-1
421,220,288.55,438.12,168.55,330.46,0.7781,-1,-1,-1
421,242,921.51,444.74,50.31,140.33,0.2976,-1,-1,-1
421,247,1160.78,416.86,160.93,483.38,0.3378,-1,-1,-1
421,248,992.20,419.93,95.35,210.30,0.1730,-1,-1,-1
421,250,408.42,449.19,46.42,125.66,0.2228,-1,-1,-1
422,3,1046.19,405.82,215.57,615.82,0.8181,-1,-1,-1
422,133,968.29,412.74,124.91,525.11,0.5194,-1,-1,-1
422,145,860.37,440.14,47.64,159.00,0.4726,-1,-1,-1
422,178,1833.45,466.16,73.15,183.62,0.2930,-1,-1,-1
422,182,701.24,437.12,108.93,290.45,0.6475,-1,-1,-1
422,193,595.73,441.24,116.74,276.19,0.7147,-1,-1,-1
422,195,824.65,465.92,39.55,89.26,0.2400,-1,-1,-1
422,205,463.06,435.75,127.74,325.36,0.6973,-1,-1,-1
422,220,289.38,439.34,190.09,327.72,0.8232,-1,-1,-1
422,242,923.27,444.42,48.45,142.02,0.3061,-1,-1,-1
422,247,1157.17,410.00,165.55,500.28,0.5068,-1,-1,-1
422,250,408.05,448.20,48.31,123.37,0.1713,-1,-1,-1
423,3,1046.48,402.41,218.95,620.11,0.8158,-1,-1,-1
423,133,968.92,417.58,123.44,519.47,0.4224,-1,-1,-1
423,145,856.15,438.95,51.86,161.46,0.5986,-1,-1,-1
423,178,1833.28,466.40,70.99,183.65,0.3241,-1,-1,-1
423,182,707.39,437.55,105.78,290.79,0.6213,-1,-1,-1
423,193,602.19,444.18,125.54,271.86,0.7249,-1,-1,-1
423,205,473.11,438.32,118.11,318.26,0.7150,-1,-1,-1
423,220,289.25,435.51,186.98,330.85,0.7820,-1,-1,-1
423,242,923.20,444.70,49.77,142.24,0.4132,-1,-1,-1
423,247,1153.75,411.39,171.10,497.97,0.6562,-1,-1,-1
423,252,965.80,440.08,52.10,136.12,0.2069,-1,-1,-1
424,3,1049.14,397.98,216.39,627.11,0.7840,-1,-1,-1
424,133,967.58,475.10,123.65,461.84,0.4158,-1,-1,-1
424,145,850.22,439.03,53.41,163.72,0.5306,-1,-1,-1
424,178,1834.27,467.55,72.35,182.71,0.2764,-1,-1,-1
424,182,711.20,428.77,104.84,301.17,0.6344,-1,-1,-1
424,193,607.86,443.13,133.98,272.37,0.7741,-1,-1,-1
424,205,477.38,437.43,120.60,320.94,0.7190,-1,-1,-1
424,220,301.87,436.75,172.76,327.49,0.7752,-1,-1,-1
424,242,923.31,444.11,48.96,142.01,0.3048,-1,-1,-1
424,247,1149.75,411.00,176.64,506.08,0.5138,-1,-1,-1
424,252,963.27,437.46,58.17,136.58,0.1821,-1,-1,-1
425,3,1049.87,397.05,203.59,636.46,0.7193,-1,-1,-1
425,133,971.18,488.48,119.43,445.03,0.5232,-1,-1,-1
425,145,850.48,440.13,48.13,158.36,0.5430,-1,-1,-1
425,178,1833.83,463.77,78.46,186.32,0.2612,-1,-1,-1
425,182,713.34,416.82,118.04,309.06,0.7297,-1,-1,-1
425,193,609.31,451.24,129.40,264.81,0.7356,-1,-1,-1
425,205,490.11,439.50,110.43,318.73,0.6390,-1,-1,-1
425,220,312.59,438.46,163.44,325.15,0.7789,-1,-1,-1
425,242,921.86,447.35,50.44,140.09,0.2820,-1,-1,-1
425,247,1162.78,411.83,162.83,514.75,0.6051,-1,-1,-1
426,3,1051.48,397.55,198.50,640.01,0.7136,-1,-1,-1
426,133,971.01,490.56,118.87,440.54,0.5296,-1,-1,-1
426,145,848.27,438.81,47.02,159.03,0.5964,-1,-1,-1
426,178,1844.62,439.36,74.00,203.42,0.2888,-1,-1,-1
426,182,714.05,409.43,117.34,316.25,0.7550,-1,-1,-1
426,193,609.50,448.77,133.05,268.86,0.7206,-1,-1,-1
426,205,522.36,438.11,91.63,315.16,0.6455,-1,-1,-1
426,220,324.33,432.74,150.41,331.67,0.7909,-1,-1,-1
426,242,920.29,445.79,51.56,142.10,0.3918,-1,-1,-1
426,247,1163.58,410.39,163.80,520.93,0.5898,-1,-1,-1
426,254,1235.28,434.48,83.19,159.19,0.1662,-1,-1,-1
427,3,1055.99,401.31,181.41,637.70,0.6815,-1,-1,-1
427,133,973.01,440.58,118.31,487.98,0.4410,-1,-1,-1
427,145,843.79,436.91,49.44,162.68,0.4927,-1,-1,-1
427,182,720.96,410.36,109.70,316.70,0.7452,-1,-1,-1
427,193,608.61,450.11,131.06,268.06,0.7150,-1,-1,-1
427,205,519.45,438.79,94.80,315.06,0.6316,-1,-1,-1
427,220,332.14,433.56,147.46,325.02,0.7857,-1,-1,-1
427,242,919.72,449.01,52.74,139.39,0.2646,-1,-1,-1
427,247,1157.03,407.86,175.85,527.16,0.4893,-1,-1,-1
427,252,963.16,437.14,64.31,137.11,0.1710,-1,-1,-1
427,254,1240.61,430.31,75.07,159.83,0.2078,-1,-1,-1
427,255,1737.74,342.66,180.84,578.67,0.5297,-1,-1,-1
428,3,1060.34,407.96,162.94,615.55,0.6651,-1,-1,-1
428,133,973.16,433.71,121.50,491.32,0.5751,-1,-1,-1
428,145,841.15,442.67,50.64,156.77,0.5171,-1,-1,-1
428,182,723.58,421.11,116.92,307.53,0.7234,-1,-1,-1
428,193,606.07,446.15,132.78,269.04,0.6943,-1,-1,-1
428,205,500.23,437.55,117.19,318.58,0.6649,-1,-1,-1
428,220,351.29,437.66,129.07,314.80,0.7381,-1,-1,-1
428,242,921.32,450.34,52.13,138.25,0.1847,-1,-1,-1
428,247,1146.77,414.29,179.33,614.30,0.4302,-1,-1,-1
428,252,963.32,441.64,58.15,146.33,0.2162,-1,-1,-1
428,254,1248.80,428.93,77.50,160.41,0.2947,-1,-1,-1
428,255,1681.28,325.72,238.67,629.79,0.6095,-1,-1,-1
429,3,1060.41,401.85,164.06,617.52,0.6599,-1,-1,-1
429,133,974.24,455.74,119.14,476.77,0.5119,-1,-1,-1
429,145,835.44,454.42,52.57,145.95,0.1558,-1,-1,-1
429,182,726.92,437.27,117.90,290.67,0.7136,-1,-1,-1
429,193,620.96,439.92,116.59,273.42,0.7093,-1,-1,-1
429,205,497.47,438.80,132.27,316.48,0.6045,-1,-1,-1
429,220,371.27,438.74,112.85,313.21,0.7167,-1,-1,-1
429,242,913.70,485.84,64.06,107.18,0.2490,-1,-1,-1
429,247,1144.27,414.79,184.08,638.44,0.3503,-1,-1,-1
429,254,1250.98,430.40,83.41,162.22,0.2332,-1,-1,-1
429,255,1630.68,317.07,292.52,629.32,0.4651,-1,-1,-1
430,3,1063.53,403.37,164.38,625.54,0.6894,-1,-1,-1
430,133,975.31,443.77,119.27,484.23,0.5744,-1,-1,-1
430,145,840.48,439.51,44.90,153.27,0.3815,-1,-1,-1
430,182,728.50,432.00,121.56,295.21,0.6789,-1,-1,-1
430,193,638.57,441.48,101.91,271.41,0.6002,-1,-1,-1
430,205,512.15,438.06,142.45,317.87,0.5809,-1,-1,-1
430,220,378.15,437.66,107.49,309.32,0.7391,-1,-1,-1
430,242,914.75,493.84,61.52,96.54,0.2385,-1,-1,-1
430,247,1147.26,415.61,184.03,644.21,0.3089,-1,-1,-1
430,254,1255.14,431.22,86.12,227.67,0.3141,-1,-1,-1
430,255,1579.21,314.25,342.84,632.60,0.4808,-1,-1,-1
430,256,1282.23,322.94,638.31,750.42,0.2193,-1,-1,-1
431,3,1066.84,404.82,163.35,632.15,0.6785,-1,-1,-1
431,77,1876.44,377.90,42.94,224.31,0.1517,-1,-1,-1
431,133,976.30,437.70,121.04,488.91,0.5674,-1,-1,-1
431,145,840.21,440.89,42.51,153.34,0.5894,-1,-1,-1
431,182,725.74,429.31,124.53,298.50,0.6862,-1,-1,-1
431,193,643.21,441.61,96.57,265.05,0.5390,-1,-1,-1
431,205,540.53,442.48,129.22,312.70,0.6325,-1,-1,-1
431,220,383.87,438.11,106.83,306.44,0.7315,-1,-1,-1
431,242,915.78,495.78,59.39,93.48,0.1624,-1,-1,-1
431,247,1143.06,416.16,182.23,654.31,0.3020,-1,-1,-1
431,254,1256.53,424.91,92.97,253.27,0.3473,-1,-1,-1
431,255,1536.96,304.07,382.03,711.73,0.7127,-1,-1,-1
431,257,1182.49,414.88,139.80,386.67,0.2197,-1,-1,-1
432,3,1070.48,408.19,172.45,630.72,0.7298,-1,-1,-1
432,77,1852.54,395.68,64.67,248.20,0.1856,-1,-1,-1
432,133,977.09,444.79,121.60,484.66,0.5618,-1,-1,-1
432,145,836.55,442.86,46.07,150.66,0.6309,-1,-1,-1
432,182,727.02,421.88,124.70,304.14,0.6500,-1,-1,-1
432,193,658.61,448.02,79.26,255.56,0.4656,-1,-1,-1
432,205,546.30,441.47,135.84,314.27,0.6603,-1,-1,-1
432,220,386.90,440.51,109.10,309.37,0.7039,-1,-1,-1
432,254,1262.11,419.59,95.21,259.13,0.4260,-1,-1,-1
432,255,1491.95,300.89,428.24,718.83,0.8262,-1,-1,-1
432,257,1178.87,410.09,146.47,385.24,0.5699,-1,-1,-1
433,3,1074.99,409.56,166.38,610.52,0.7190,-1,-1,-1
433,133,979.59,424.80,127.75,503.10,0.5648,-1,-1,-1
433,145,834.78,438.52,47.45,155.86,0.6025,-1,-1,-1
433,182,733.09,428.13,120.67,296.82,0.6890,-1,-1,-1
433,193,666.66,446.59,82.55,256.67,0.4254,-1,-1,-1
433,205,541.91,443.04,146.43,314.15,0.6804,-1,-1,-1
433,220,395.04,441.34,110.06,306.37,0.6749,-1,-1,-1
433,254,1266.69,415.73,94.90,263.61,0.3078,-1,-1,-1
433,255,1442.95,305.11,477.60,713.85,0.7812,-1,-1,-1
433,257,1184.65,412.98,149.95,386.23,0.6475,-1,-1,-1
434,3,1074.80,400.47,159.88,543.40,0.4757,-1,-1,-1
434,133,982.36,422.81,136.10,518.36,0.6454,-1,-1,-1
434,145,833.09,437.61,46.50,152.04,0.2681,-1,-1,-1
434,178,1832.05,462.78,75.10,187.41,0.2091,-1,-1,-1
434,182,738.93,416.84,115.70,308.86,0.6974,-1,-1,-1
434,193,668.30,449.45,86.95,253.79,0.4118,-1,-1,-1
434,205,546.45,446.28,141.23,310.44,0.7808,-1,-1,-1
434,220,402.86,440.76,108.14,306.48,0.6780,-1,-1,-1
434,254,1272.12,419.99,93.03,294.43,0.3890,-1,-1,-1
434,255,1399.03,303.63,496.13,709.49,0.7402,-1,-1,-1
434,257,1188.92,403.32,129.00,333.25,0.4598,-1,-1,-1
435,3,1081.56,403.37,167.38,401.73,0.6218,-1,-1,-1
435,133,984.61,417.43,138.38,487.82,0.7034,-1,-1,-1
435,145,832.15,443.83,46.82,149.29,0.1972,-1,-1,-1
435,178,1832.13,467.05,74.75,183.02,0.2775,-1,-1,-1
435,182,744.67,423.44,110.11,300.81,0.6921,-1,-1,-1
435,193,687.32,433.58,76.11,270.18,0.5281,-1,-1,-1
435,205,546.29,444.62,145.82,311.89,0.7973,-1,-1,-1
435,220,414.45,436.43,106.62,312.32,0.7632,-1,-1,-1
435,254,1277.88,418.50,93.84,300.17,0.5583,-1,-1,-1
435,255,1360.26,304.56,459.18,707.52,0.4196,-1,-1,-1
435,257,1193.66,403.90,127.45,304.02,0.6141,-1,-1,-1
436,3,1089.15,412.32,163.97,411.72,0.6527,-1,-1,-1
436,133,997.38,417.60,134.62,393.57,0.6308,-1,-1,-1
436,145,830.00,437.66,45.57,152.23,0.2431,-1,-1,-1
436,178,1833.97,464.58,72.03,183.23,0.2236,-1,-1,-1
436,182,753.05,425.32,102.83,295.34,0.6587,-1,-1,-1
436,193,697.94,437.02,75.99,272.63,0.4706,-1,-1,-1
436,205,544.10,440.72,148.99,315.54,0.7819,-1,-1,-1
436,220,415.04,436.86,112.14,311.84,0.7577,-1,-1,-1
436,254,1276.78,412.44,84.73,289.56,0.1856,-1,-1,-1
436,255,1303.52,312.88,448.00,697.45,0.8391,-1,-1,-1
436,257,1190.31,412.88,134.60,384.23,0.5846,-1,-1,-1
436,260,539.27,448.50,57.66,174.34,0.2470,-1,-1,-1
437,3,1096.29,402.65,156.70,438.38,0.6934,-1,-1,-1
437,133,999.19,421.29,135.17,397.94,0.6794,-1,-1,-1
437,178,1833.12,464.38,73.98,182.52,0.2828,-1,-1,-1
437,182,758.53,414.04,97.66,304.44,0.5656,-1,-1,-1
437,193,707.69,431.10,75.51,278.45,0.4958,-1,-1,-1
437,205,546.32,439.63,147.94,318.08,0.7817,-1,-1,-1
437,220,414.96,439.23,119.63,312.61,0.7785,-1,-1,-1
437,255,1198.97,321.49,484.28,697.81,0.8074,-1,-1,-1
437,257,1198.24,401.40,138.75,319.33,0.5317,-1,-1,-1
437,260,541.91,446.23,58.90,179.18,0.1824,-1,-1,-1
438,3,1100.11,393.54,157.43,458.93,0.8134,-1,-1,-1
438,133,1001.61,424.43,134.81,408.91,0.6851,-1,-1,-1
438,178,1834.32,464.43,73.00,181.51,0.2914,-1,-1,-1
438,182,771.09,414.45,87.88,304.41,0.5399,-1,-1,-1
438,193,708.09,429.81,85.73,280.44,0.5464,-1,-1,-1
438,205,547.29,442.25,148.85,310.73,0.7833,-1,-1,-1
438,220,419.20,432.44,121.49,318.34,0.8063,-1,-1,-1
438,255,1198.95,329.94,411.48,697.22,0.7261,-1,-1,-1
439,3,1100.75,426.98,154.79,431.46,0.5200,-1,-1,-1
439,133,998.77,422.51,141.05,428.27,0.7031,-1,-1,-1
439,178,1832.51,465.86,68.68,181.20,0.3627,-1,-1,-1
439,182,771.36,436.04,90.34,282.94,0.5399,-1,-1,-1
439,193,708.35,437.04,89.01,275.28,0.4631,-1,-1,-1
439,205,550.27,439.06,146.95,315.02,0.7897,-1,-1,-1
439,220,422.32,440.34,126.48,306.76,0.7597,-1,-1,-1
439,255,1156.35,336.07,391.63,698.88,0.7738,-1,-1,-1
440,3,1098.87,474.33,130.54,299.32,0.2855,-1,-1,-1
440,77,1876.06,457.02,43.50,190.79,0.1545,-1,-1,-1
440,133,997.82,424.85,148.60,444.37,0.7794,-1,-1,-1
440,178,1832.80,466.13,64.33,179.68,0.4016,-1,-1,-1
440,182,772.21,442.63,89.25,274.35,0.5876,-1,-1,-1
440,193,709.40,438.99,86.19,272.37,0.5185,-1,-1,-1
440,205,550.72,441.30,147.13,313.25,0.7787,-1,-1,-1
440,220,427.88,438.40,124.55,305.09,0.7012,-1,-1,-1
440,255,1098.20,355.03,383.86,676.88,0.7385,-1,-1,-1
441,133,997.90,432.53,139.24,404.88,0.4463,-1,-1,-1
441,178,1833.79,466.61,69.59,181.88,0.3999,-1,-1,-1
441,182,776.12,434.50,86.62,276.62,0.5722,-1,-1,-1
441,193,710.33,448.02,101.15,263.99,0.5608,-1,-1,-1
441,205,551.78,441.18,145.82,312.51,0.7495,-1,-1,-1
441,220,437.06,438.92,115.25,301.69,0.6945,-1,-1,-1
441,242,918.34,482.81,54.17,105.82,0.1639,-1,-1,-1
441,255,1045.34,359.65,366.39,669.23,0.7502,-1,-1,-1
442,133,996.98,439.56,130.01,320.27,0.2675,-1,-1,-1
442,178,1834.30,465.91,66.36,182.05,0.3562,-1,-1,-1
442,182,777.71,428.29,88.95,280.93,0.5486,-1,-1,-1
442,193,710.55,449.02,117.63,263.29,0.5509,-1,-1,-1
442,205,562.48,439.13,136.36,309.73,0.7671,-1,-1,-1
442,220,443.75,437.12,106.97,309.92,0.6985,-1,-1,-1
442,242,918.38,482.23,54.85,106.10,0.1897,-1,-1,-1
442,255,1002.68,366.02,352.57,653.22,0.7934,-1,-1,-1
442,263,1304.59,432.42,154.32,325.07,0.7323,-1,-1,-1
442,264,359.03,468.26,68.99,154.98,0.2717,-1,-1,-1
442,265,531.35,447.34,55.27,166.43,0.1908,-1,-1,-1
443,178,1834.82,465.92,67.58,181.37,0.2923,-1,-1,-1
443,182,784.90,427.24,81.01,283.74,0.6363,-1,-1,-1
443,193,709.64,443.00,116.27,267.96,0.5487,-1,-1,-1
443,205,568.62,437.83,131.56,311.35,0.7965,-1,-1,-1
443,220,450.78,441.05,104.60,301.52,0.7198,-1,-1,-1
443,255,960.09,362.61,344.45,651.57,0.8090,-1,-1,-1
443,263,1311.98,431.95,148.35,326.74,0.6962,-1,-1,-1
443,264,347.80,471.44,76.88,170.75,0.4138,-1,-1,-1
443,265,537.68,450.21,49.85,159.40,0.2998,-1,-1,-1
444,3,1174.38,438.19,109.37,246.42,0.2363,-1,-1,-1
444,178,1834.77,466.89,68.64,181.41,0.3260,-1,-1,-1
444,182,786.89,431.57,86.23,279.80,0.5137,-1,-1,-1
444,193,709.08,443.10,133.45,267.80,0.5969,-1,-1,-1
444,195,847.11,462.94,35.74,88.70,0.1775,-1,-1,-1
444,205,582.33,436.70,117.89,307.75,0.7457,-1,-1,-1
444,220,463.41,434.89,97.32,305.17,0.7627,-1,-1,-1
444,242,916.40,483.26,71.92,105.30,0.1598,-1,-1,-1
444,255,918.05,361.23,332.05,650.67,0.8144,-1,-1,-1
444,260,580.64,447.55,57.65,184.08,0.2728,-1,-1,-1
444,263,1314.71,432.82,144.25,330.03,0.6649,-1,-1,-1
444,264,322.86,498.26,96.97,142.88,0.2431,-1,-1,-1
444,265,540.52,448.53,47.80,159.93,0.2258,-1,-1,-1
444,267,1236.11,431.71,120.78,414.36,0.5230,-1,-1,-1
444,268,413.68,469.81,39.94,99.81,0.3499,-1,-1,-1
445,3,1147.08,420.93,148.24,259.36,0.1904,-1,-1,-1
445,178,1832.81,468.09,72.48,179.93,0.2896,-1,-1,-1
445,182,783.00,438.61,93.26,275.21,0.5027,-1,-1,-1
445,193,710.12,445.95,94.09,262.70,0.4187,-1,-1,-1
445,195,847.42,462.13,33.39,88.85,0.2067,-1,-1,-1
445,205,589.04,438.29,111.55,306.28,0.7545,-1,-1,-1
445,220,469.20,433.66,100.66,300.07,0.7620,-1,-1,-1
445,255,877.07,348.73,339.03,660.64,0.7808,-1,-1,-1
445,263,1327.05,432.84,132.15,327.90,0.7329,-1,-1,-1
445,264,326.03,506.63,77.90,131.83,0.1845,-1,-1,-1
445,267,1236.31,428.73,131.62,374.07,0.4094,-1,-1,-1
445,268,416.15,469.53,39.63,101.11,0.2939,-1,-1,-1
445,269,801.76,433.94,49.46,112.80,0.1645,-1,-1,-1
445,270,1142.18,410.16,209.12,508.02,0.5939,-1,-1,-1
445,271,1668.72,431.24,63.59,157.62,0.1614,-1,-1,-1
446,178,1832.00,469.62,70.86,178.68,0.3498,-1,-1,-1
446,182,791.49,427.15,87.61,284.05,0.5665,-1,-1,-1
446,193,711.50,452.53,109.86,256.82,0.4560,-1,-1,-1
446,205,607.76,439.37,94.02,302.71,0.6878,-1,-1,-1
446,220,469.20,434.82,106.61,292.26,0.7215,-1,-1,-1
446,255,846.93,341.03,325.67,654.17,0.7818,-1,-1,-1
446,260,588.70,455.08,53.65,198.73,0.4854,-1,-1,-1
446,263,1335.44,432.05,123.12,328.84,0.7050,-1,-1,-1
446,264,273.71,515.36,128.76,152.33,0.2178,-1,-1,-1
446,267,1241.28,429.89,125.83,404.27,0.4972,-1,-1,-1
446,268,417.15,475.08,41.08,96.43,0.3099,-1,-1,-1
446,270,1135.43,429.24,196.29,634.66,0.7608,-1,-1,-1
446,272,378.24,470.29,51.92,102.97,0.1877,-1,-1,-1
446,273,734.68,455.64,46.24,113.47,0.1518,-1,-1,-1
447,178,1832.29,469.94,67.90,177.87,0.2773,-1,-1,-1
447,182,791.45,430.54,81.37,273.27,0.2874,-1,-1,-1
447,193,716.33,451.66,104.14,255.76,0.3903,-1,-1,-1
447,205,611.04,431.75,95.96,310.17,0.6748,-1,-1,-1
447,220,473.26,430.04,107.24,296.34,0.6842,-1,-1,-1
447,248,1068.75,420.51,115.15,355.14,0.4470,-1,-1,-1
447,255,801.36,332.06,335.73,654.13,0.7791,-1,-1,-1
447,260,587.54,459.09,60.09,194.98,0.3191,-1,-1,-1
447,263,1341.69,430.74,118.86,329.46,0.6710,-1,-1,-1
447,264,298.43,508.02,92.36,148.48,0.3334,-1,-1,-1
447,267,1236.36,422.95,126.93,416.87,0.3010,-1,-1,-1
447,268,415.76,474.82,37.82,97.88,0.2302,-1,-1,-1
447,270,1133.47,414.57,193.70,656.20,0.7876,-1,-1,-1
447,272,380.25,467.95,48.10,105.21,0.2504,-1,-1,-1
448,178,1831.66,469.28,72.87,178.78,0.2747,-1,-1,-1
448,182,789.13,455.72,73.99,230.66,0.1515,-1,-1,-1
448,193,726.15,443.76,129.04,264.53,0.4134,-1,-1,-1
448,205,602.46,435.13,109.25,309.33,0.6110,-1,-1,-1
448,220,483.66,435.09,102.65,282.33,0.5837,-1,-1,-1
448,248,1057.54,429.57,128.52,490.67,0.5333,-1,-1,-1
448,255,769.23,331.94,335.54,642.96,0.7764,-1,-1,-1
448,257,1244.10,422.04,125.77,353.00,0.3707,-1,-1,-1
448,260,585.97,453.80,61.94,195.71,0.1550,-1,-1,-1
448,263,1346.57,420.14,117.66,342.65,0.7803,-1,-1,-1
448,264,295.76,508.07,88.29,136.21,0.3313,-1,-1,-1
448,268,415.37,473.27,39.11,99.69,0.2388,-1,-1,-1
448,270,1137.88,421.10,197.26,650.37,0.7741,-1,-1,-1
449,178,1830.84,469.64,73.26,179.27,0.3385,-1,-1,-1
449,205,632.37,435.07,89.90,307.89,0.5933,-1,-1,-1
449,220,483.58,438.28,107.24,282.73,0.7027,-1,-1,-1
449,248,1031.17,421.16,156.59,534.04,0.8014,-1,-1,-1
449,255,732.40,332.02,333.87,646.68,0.7325,-1,-1,-1
449,257,1244.48,417.41,123.65,328.95,0.5114,-1,-1,-1
449,263,1349.87,420.80,114.67,340.60,0.7499,-1,-1,-1
449,264,287.89,506.84,90.61,139.79,0.3287,-1,-1,-1
449,268,415.59,472.77,38.31,99.47,0.2572,-1,-1,-1
449,270,1142.15,426.96,189.26,641.57,0.7308,-1,-1,-1
450,178,1832.19,468.19,75.25,180.27,0.3340,-1,-1,-1
450,205,636.56,434.89,86.51,301.75,0.6590,-1,-1,-1
450,220,484.83,435.55,107.32,287.03,0.6994,-1,-1,-1
450,248,1033.88,414.03,159.53,548.62,0.7720,-1,-1,-1
450,255,698.81,337.38,330.54,631.17,0.7554,-1,-1,-1
450,257,1256.39,425.72,113.00,328.85,0.2411,-1,-1,-1
450,260,601.52,471.49,58.99,169.39,0.2309,-1,-1,-1
450,263,1352.12,420.74,119.89,340.03,0.7539,-1,-1,-1
450,264,281.87,520.76,90.45,128.14,0.3504,-1,-1,-1
450,268,415.96,473.58,38.98,98.85,0.3013,-1,-1,-1
450,270,1142.75,419.57,219.13,644.16,0.8143,-1,-1,-1
451,178,1833.28,467.25,80.88,182.75,0.2801,-1,-1,-1
451,205,645.73,439.64,79.97,299.40,0.6660,-1,-1,-1
451,220,488.55,433.93,124.48,291.56,0.6379,-1,-1,-1
451,248,1036.28,411.98,159.46,550.98,0.7848,-1,-1,-1
451,255,662.81,341.56,334.66,640.45,0.7167,-1,-1,-1
451,257,1258.72,426.02,110.18,326.59,0.2700,-1,-1,-1
451,260,602.81,476.43,59.07,161.23,0.2806,-1,-1,-1
451,263,1351.43,417.59,126.92,346.52,0.7263,-1,-1,-1
451,264,274.30,519.38,86.57,120.06,0.2216,-1,-1,-1
451,268,415.37,473.11,39.39,99.52,0.2133,-1,-1,-1
451,270,1130.40,418.21,268.50,648.89,0.8218,-1,-1,-1
451,271,1668.87,431.65,59.74,155.59,0.1532,-1,-1,-1
451,276,1717.39,442.04,65.92,143.57,0.1756,-1,-1,-1
452,178,1835.79,465.63,69.18,182.27,0.2407,-1,-1,-1
452,205,642.47,459.21,76.01,250.42,0.2748,-1,-1,-1
452,220,487.69,433.46,131.72,290.92,0.7212,-1,-1,-1
452,242,919.79,496.28,56.36,89.91,0.3074,-1,-1,-1
452,248,1041.05,414.65,159.45,547.11,0.7996,-1,-1,-1
452,255,640.42,350.19,319.52,635.33,0.7140,-1,-1,-1
452,257,1264.30,440.90,118.69,255.51,0.1559,-1,-1,-1
452,260,604.99,479.04,62.22,162.17,0.2733,-1,-1,-1
452,263,1359.37,417.48,127.83,346.75,0.7839,-1,-1,-1
452,267,1265.70,429.96,129.57,426.57,0.1772,-1,-1,-1
452,268,415.86,470.56,39.30,101.76,0.2983,-1,-1,-1
452,270,1086.62,415.48,319.00,652.25,0.7161,-1,-1,-1
452,272,377.64,470.93,51.24,101.14,0.2168,-1,-1,-1
453,178,1834.54,463.49,69.02,185.04,0.2480,-1,-1,-1
453,220,496.75,437.52,123.65,285.64,0.7166,-1,-1,-1
453,242,915.84,500.40,61.97,86.99,0.2430,-1,-1,-1
453,248,1048.46,415.29,149.28,543.05,0.7940,-1,-1,-1
453,255,584.00,362.01,355.13,678.37,0.5391,-1,-1,-1
453,257,1278.67,431.43,104.59,255.35,0.1578,-1,-1,-1
453,260,619.37,476.57,49.66,161.06,0.3523,-1,-1,-1
453,263,1366.78,418.01,123.61,345.46,0.8186,-1,-1,-1
453,268,416.59,469.93,39.59,101.16,0.2455,-1,-1,-1
453,270,1154.09,416.24,288.78,643.84,0.8064,-1,-1,-1
453,272,378.68,469.72,51.80,101.77,0.2060,-1,-1,-1
453,276,1673.63,432.28,105.13,158.10,0.1580,-1,-1,-1
454,178,1833.72,465.33,82.60,185.21,0.2192,-1,-1,-1
454,220,506.41,438.25,103.47,284.06,0.7768,-1,-1,-1
454,242,916.82,503.02,62.09,85.04,0.1633,-1,-1,-1
454,248,1048.24,416.25,156.09,538.40,0.7732,-1,-1,-1
454,255,538.04,372.09,371.27,653.02,0.6761,-1,-1,-1
454,263,1369.56,417.91,126.38,349.58,0.8185,-1,-1,-1
454,264,250.88,513.70,89.89,122.30,0.3554,-1,-1,-1
454,268,418.25,467.39,39.13,102.33,0.3445,-1,-1,-1
454,270,1148.65,408.34,302.99,661.69,0.7958,-1,-1,-1
454,272,379.36,467.81,48.55,104.25,0.2482,-1,-1,-1
454,278,584.54,458.07,50.42,170.72,0.3216,-1,-1,-1
455,178,1835.41,459.28,82.58,190.93,0.1805,-1,-1,-1
455,182,819.88,420.77,76.76,287.93,0.6186,-1,-1,-1
455,220,515.70,453.97,86.98,262.87,0.6617,-1,-1,-1
455,242,915.58,505.80,59.90,82.16,0.1689,-1,-1,-1
455,248,1052.75,419.21,173.69,542.30,0.7694,-1,-1,-1
455,255,496.54,389.63,374.64,621.49,0.6355,-1,-1,-1
455,263,1371.95,419.00,129.75,348.77,0.8235,-1,-1,-1
455,264,242.34,518.34,90.90,122.90,0.5262,-1,-1,-1
455,268,417.47,466.83,40.06,103.75,0.3154,-1,-1,-1
455,270,1149.85,420.68,300.10,655.92,0.7103,-1,-1,-1
455,272,379.62,464.64,50.02,107.59,0.2484,-1,-1,-1
456,178,1827.90,468.69,85.70,184.50,0.1857,-1,-1,-1
456,182,810.19,419.88,91.69,290.10,0.5994,-1,-1,-1
456,248,1056.68,421.08,169.26,540.11,0.7770,-1,-1,-1
456,255,461.31,393.51,376.76,653.00,0.7101,-1,-1,-1
456,257,1291.06,434.23,104.18,242.66,0.1655,-1,-1,-1
456,263,1375.67,420.23,131.93,354.06,0.8206,-1,-1,-1
456,264,239.09,515.65,87.91,120.79,0.2716,-1,-1,-1
456,268,415.96,468.32,41.51,103.86,0.3586,-1,-1,-1
456,270,1150.23,424.53,308.27,653.15,0.7526,-1,-1,-1
456,272,380.81,463.90,48.66,109.12,0.3278,-1,-1,-1
456,276,1675.96,430.22,111.56,154.19,0.1891,-1,-1,-1
457,178,1830.93,467.60,80.41,184.63,0.2020,-1,-1,-1
457,182,805.06,411.30,99.93,297.65,0.6822,-1,-1,-1
457,248,1062.27,421.08,164.41,541.33,0.8057,-1,-1,-1
457,255,407.84,395.21,384.26,645.96,0.6782,-1,-1,-1
457,263,1378.15,420.81,136.18,358.24,0.8461,-1,-1,-1
457,264,228.35,513.59,94.53,115.56,0.3940,-1,-1,-1
457,268,415.52,471.05,43.04,101.11,0.3422,-1,-1,-1
457,270,1151.81,411.63,286.60,663.47,0.8215,-1,-1,-1
457,272,381.39,465.38,47.08,108.01,0.2874,-1,-1,-1
457,276,1704.67,433.95,81.58,149.98,0.1879,-1,-1,-1
458,178,1831.80,452.13,84.64,198.08,0.2218,-1,-1,-1
458,182,808.20,416.39,98.26,291.72,0.6733,-1,-1,-1
458,205,687.00,442.11,86.07,287.76,0.4967,-1,-1,-1
458,248,1070.48,419.10,157.49,538.21,0.8052,-1,-1,-1
458,255,377.47,391.54,392.36,675.68,0.7577,-1,-1,-1
458,263,1387.66,422.19,133.77,359.14,0.8286,-1,-1,-1
458,264,219.73,519.22,93.32,117.62,0.4046,-1,-1,-1
458,268,415.31,471.75,41.06,100.42,0.2664,-1,-1,-1
458,270,1152.47,415.28,302.22,659.36,0.8403,-1,-1,-1
458,272,380.35,465.75,47.40,107.37,0.2636,-1,-1,-1
458,276,1706.27,434.91,78.74,148.48,0.1824,-1,-1,-1
458,285,782.30,438.93,41.11,118.55,0.1997,-1,-1,-1
459,178,1830.88,442.70,86.12,207.10,0.2297,-1,-1,-1
459,182,820.33,420.82,82.59,283.16,0.5964,-1,-1,-1
459,205,684.97,443.47,113.92,290.57,0.4897,-1,-1,-1
459,248,1077.80,418.47,154.91,544.83,0.7695,-1,-1,-1
459,255,342.96,386.50,395.53,686.30,0.8429,-1,-1,-1
459,263,1392.19,424.26,148.63,361.32,0.8361,-1,-1,-1
459,264,209.41,522.59,95.12,123.99,0.3796,-1,-1,-1
459,270,1154.61,415.15,316.28,660.34,0.8347,-1,-1,-1
459,272,380.90,467.28,46.80,105.92,0.3061,-1,-1,-1
459,276,1713.00,436.35,72.86,147.52,0.1926,-1,-1,-1
460,178,1831.57,446.44,86.11,205.17,0.2571,-1,-1,-1
460,182,822.10,423.35,88.04,278.11,0.5387,-1,-1,-1
460,205,668.29,440.74,132.82,294.68,0.6883,-1,-1,-1
460,242,920.29,491.79,64.32,93.87,0.1654,-1,-1,-1
460,248,1088.69,419.00,149.76,546.46,0.7160,-1,-1,-1
460,255,303.17,385.93,408.97,676.59,0.6813,-1,-1,-1
460,263,1398.31,424.07,162.30,363.40,0.8448,-1,-1,-1
460,264,201.25,520.92,96.45,116.33,0.4020,-1,-1,-1
460,270,1159.16,412.11,306.20,661.05,0.8424,-1,-1,-1
460,276,1698.45,433.93,84.94,151.67,0.1764,-1,-1,-1
461,178,1832.09,448.54,85.98,203.05,0.2015,-1,-1,-1
461,182,817.01,414.76,100.67,286.21,0.5822,-1,-1,-1
461,205,650.47,439.51,151.98,298.30,0.7445,-1,-1,-1
461,248,1101.29,423.20,150.72,553.06,0.7144,-1,-1,-1
461,255,280.70,368.04,401.42,706.78,0.8020,-1,-1,-1
461,263,1401.12,425.77,166.23,364.56,0.8553,-1,-1,-1
461,264,192.17,520.87,96.55,115.59,0.2783,-1,-1,-1
461,270,1160.59,410.63,306.55,665.93,0.8619,-1,-1,-1
461,276,1675.11,430.27,112.31,153.48,0.2374,-1,-1,-1
462,145,779.30,447.27,43.64,139.92,0.2484,-1,-1,-1
462,178,1831.54,461.43,86.47,190.52,0.2820,-1,-1,-1
462,182,810.18,412.11,105.28,291.00,0.6093,-1,-1,-1
462,205,666.08,439.99,132.24,297.41,0.6930,-1,-1,-1
462,220,564.88,434.25,88.05,276.03,0.5542,-1,-1,-1
462,248,1097.61,419.47,160.62,555.36,0.7319,-1,-1,-1
462,255,256.98,367.51,390.69,705.68,0.7669,-1,-1,-1
462,263,1402.74,425.99,167.33,365.84,0.8152,-1,-1,-1
462,270,1157.02,403.41,312.48,671.33,0.8665,-1,-1,-1
462,276,1673.88,429.45,113.05,154.40,0.2027,-1,-1,-1
463,145,774.52,446.85,46.80,140.77,0.4060,-1,-1,-1
463,178,1832.45,459.50,85.19,189.42,0.2872,-1,-1,-1
463,182,808.67,411.16,112.51,291.43,0.5966,-1,-1,-1
463,205,675.37,439.12,116.73,295.82,0.6768,-1,-1,-1
463,220,566.41,432.69,93.46,276.71,0.7023,-1,-1,-1
463,248,1102.35,415.66,157.36,556.32,0.7728,-1,-1,-1
463,255,258.26,360.95,373.55,711.17,0.7795,-1,-1,-1
463,263,1404.37,431.64,171.63,366.32,0.8299,-1,-1,-1
463,270,1161.73,402.71,306.68,672.61,0.8028,-1,-1,-1
463,276,1675.49,428.51,111.04,156.70,0.1675,-1,-1,-1
464,145,773.90,445.77,47.00,140.17,0.5096,-1,-1,-1
464,178,1830.97,464.96,84.36,183.67,0.2937,-1,-1,-1
464,182,809.23,412.33,116.57,291.95,0.6319,-1,-1,-1
464,205,684.46,438.46,110.84,291.53,0.6808,-1,-1,-1
464,220,572.67,432.61,91.77,274.39,0.6955,-1,-1,-1
464,248,1104.09,411.62,164.53,564.62,0.7788,-1,-1,-1
464,255,227.41,357.49,386.25,713.18,0.8127,-1,-1,-1
464,263,1415.59,425.40,161.33,374.23,0.8498,-1,-1,-1
464,270,1169.61,401.72,297.73,672.12,0.7970,-1,-1,-1
464,276,1695.84,432.04,85.85,153.83,0.1618,-1,-1,-1
464,291,517.03,442.86,70.28,188.43,0.3060,-1,-1,-1
464,292,1045.83,433.81,44.75,137.99,0.1940,-1,-1,-1
465,178,1831.20,454.48,85.49,193.10,0.2134,-1,-1,-1
465,182,822.04,412.96,103.62,290.98,0.6263,-1,-1,-1
465,205,687.48,439.12,110.89,291.61,0.6241,-1,-1,-1
465,220,564.15,430.92,103.84,276.35,0.6809,-1,-1,-1
465,248,1107.96,417.43,158.09,557.52,0.7699,-1,-1,-1
465,255,200.11,362.22,397.33,705.02,0.7816,-1,-1,-1
465,263,1423.75,422.42,153.10,379.44,0.8425,-1,-1,-1
465,270,1190.53,402.53,276.29,674.46,0.8342,-1,-1,-1
465,291,518.13,446.03,69.85,205.45,0.4168,-1,-1,-1
466,178,1831.14,456.38,86.15,192.47,0.2377,-1,-1,-1
466,182,825.49,408.83,104.26,296.18,0.6718,-1,-1,-1
466,205,712.40,438.47,104.37,291.44,0.6405,-1,-1,-1
466,220,561.13,430.36,109.09,278.02,0.6879,-1,-1,-1
466,248,1105.55,421.90,168.00,550.08,0.7764,-1,-1,-1
466,255,158.08,368.06,401.62,703.08,0.7489,-1,-1,-1
466,263,1435.97,419.63,140.52,383.31,0.8450,-1,-1,-1
466,270,1200.06,403.25,268.49,672.47,0.8168,-1,-1,-1
466,291,510.81,447.49,77.85,194.36,0.3988,-1,-1,-1
467,178,1830.89,458.41,86.68,190.54,0.1937,-1,-1,-1
467,182,830.20,407.39,96.77,297.77,0.6768,-1,-1,-1
467,205,724.07,440.63,92.20,290.66,0.6692,-1,-1,-1
467,220,569.87,428.43,101.24,279.74,0.6872,-1,-1,-1
467,248,1107.63,428.07,174.33,545.48,0.7268,-1,-1,-1
467,255,133.57,371.79,402.37,699.21,0.8542,-1,-1,-1
467,263,1452.24,420.07,129.85,384.54,0.8018,-1,-1,-1
467,270,1223.59,405.48,253.18,661.05,0.7362,-1,-1,-1
467,291,499.57,456.43,81.55,183.70,0.3581,-1,-1,-1
468,178,1831.86,457.87,85.02,190.73,0.2015,-1,-1,-1
468,182,831.96,406.86,95.33,297.78,0.6697,-1,-1,-1
468,205,709.75,439.11,102.71,292.48,0.6049,-1,-1,-1
468,220,573.32,434.56,96.55,269.08,0.7035,-1,-1,-1
468,248,1113.29,422.47,177.91,565.50,0.7789,-1,-1,-1
468,255,122.64,373.88,383.74,699.29,0.8187,-1,-1,-1
468,263,1462.02,413.49,130.23,388.83,0.8166,-1,-1,-1
468,270,1245.91,406.05,238.76,647.93,0.6435,-1,-1,-1
468,291,497.29,453.50,73.22,167.35,0.2638,-1,-1,-1
468,295,1083.50,448.49,63.31,145.95,0.1831,-1,-1,-1
468,296,420.10,492.44,69.08,111.65,0.3118,-1,-1,-1
469,178,1830.29,464.52,86.50,184.85,0.2404,-1,-1,-1
469,182,834.82,407.47,91.72,297.90,0.6870,-1,-1,-1
469,205,709.17,436.48,108.06,294.94,0.6250,-1,-1,-1
469,220,576.69,437.45,96.16,266.70,0.7115,-1,-1,-1
469,248,1117.13,421.53,171.23,577.57,0.7743,-1,-1,-1
469,255,81.31,383.29,386.93,682.66,0.7296,-1,-1,-1
469,263,1473.46,413.01,120.19,390.10,0.7872,-1,-1,-1
469,270,1256.07,402.44,243.76,669.09,0.7934,-1,-1,-1
469,276,1703.80,434.48,76.57,153.16,0.1696,-1,-1,-1
469,291,493.58,459.43,80.23,189.21,0.3635,-1,-1,-1
469,295,1081.00,456.48,65.02,138.61,0.2270,-1,-1,-1
469,296,419.73,494.53,64.11,121.29,0.3305,-1,-1,-1
470,178,1830.02,462.41,77.70,183.47,0.2074,-1,-1,-1
470,182,832.55,408.75,92.78,298.40,0.7190,-1,-1,-1
470,205,711.91,437.08,124.58,292.00,0.6064,-1,-1,-1
470,220,580.29,440.46,93.67,266.57,0.7093,-1,-1,-1
470,248,1124.62,421.64,179.59,585.48,0.7598,-1,-1,-1
470,255,50.82,393.23,394.38,673.48,0.7838,-1,-1,-1
470,263,1481.85,411.28,119.18,389.68,0.8234,-1,-1,-1
470,270,1273.78,406.91,235.16,667.13,0.6423,-1,-1,-1
470,291,487.99,472.34,75.40,174.57,0.3059,-1,-1,-1
470,295,1080.63,461.28,63.82,132.05,0.2783,-1,-1,-1
470,296,413.01,491.89,68.22,111.36,0.3371,-1,-1,-1
470,299,1258.11,412.24,110.91,510.72,0.2148,-1,-1,-1
471,178,1832.55,462.73,76.60,182.88,0.2324,-1,-1,-1
471,182,838.31,415.51,89.57,289.56,0.7530,-1,-1,-1
471,205,738.69,431.69,114.23,300.01,0.5846,-1,-1,-1
471,220,581.51,449.23,94.63,260.52,0.6993,-1,-1,-1
471,248,1131.44,421.54,169.73,587.13,0.7716,-1,-1,-1
471,255,19.82,398.14,416.37,670.42,0.8302,-1,-1,-1
471,263,1489.53,409.55,116.45,391.97,0.8152,-1,-1,-1
471,270,1293.15,400.43,205.02,673.65,0.5582,-1,-1,-1
471,291,481.96,478.27,73.89,175.54,0.2106,-1,-1,-1
471,295,1082.22,462.24,62.63,131.05,0.2864,-1,-1,-1
471,296,410.54,493.83,66.12,130.44,0.3689,-1,-1,-1
471,299,1262.07,405.77,109.46,513.50,0.2633,-1,-1,-1
472,178,1832.82,465.38,73.54,179.30,0.1822,-1,-1,-1
472,182,838.17,412.95,89.34,291.58,0.7328,-1,-1,-1
472,205,740.70,432.41,119.39,298.99,0.6446,-1,-1,-1
472,220,584.46,445.91,96.80,262.26,0.7330,-1,-1,-1
472,248,1133.72,416.72,181.12,593.12,0.8034,-1,-1,-1
472,255,4.07,403.64,392.08,661.07,0.7824,-1,-1,-1
472,263,1493.34,409.09,119.64,395.20,0.8316,-1,-1,-1
472,270,1286.01,397.94,208.54,673.58,0.6538,-1,-1,-1
472,291,484.81,471.33,63.37,168.82,0.3564,-1,-1,-1
472,295,1082.18,468.74,61.37,124.79,0.3534,-1,-1,-1
472,296,409.47,485.96,60.84,138.12,0.3855,-1,-1,-1
472,299,1264.42,394.30,127.24,524.25,0.2190,-1,-1,-1
472,301,1294.76,412.51,85.98,183.83,0.1971,-1,-1,-1
473,178,1834.71,468.36,74.46,179.46,0.2325,-1,-1,-1
473,182,840.38,417.59,90.19,287.90,0.6985,-1,-1,-1
473,205,741.53,436.48,118.23,293.87,0.6691,-1,-1,-1
473,220,587.25,439.82,98.11,268.45,0.7316,-1,-1,-1
473,248,1138.88,423.05,167.23,586.17,0.7926,-1,-1,-1
473,255,-9.44,403.58,391.19,663.06,0.6331,-1,-1,-1
473,263,1499.37,410.74,120.10,390.46,0.8031,-1,-1,-1
473,270,1314.22,399.46,202.48,666.65,0.6615,-1,-1,-1
473,291,468.40,475.00,74.37,175.55,0.3428,-1,-1,-1
473,295,1080.93,450.68,63.91,141.27,0.2149,-1,-1,-1
473,296,409.74,486.83,54.15,127.83,0.3497,-1,-1,-1
473,299,1268.27,390.66,121.20,526.24,0.2450,-1,-1,-1
473,301,1302.17,412.63,84.23,188.01,0.2929,-1,-1,-1
474,178,1834.00,467.44,76.61,181.12,0.2547,-1,-1,-1
474,182,838.20,413.88,85.03,290.28,0.6222,-1,-1,-1
474,205,739.32,439.23,119.23,290.15,0.6527,-1,-1,-1
474,220,589.64,439.42,98.67,268.57,0.7393,-1,-1,-1
474,248,1144.27,422.17,164.40,587.13,0.8007,-1,-1,-1
474,255,-5.35,400.64,349.22,672.25,0.5951,-1,-1,-1
474,263,1501.86,411.40,127.14,390.22,0.7797,-1,-1,-1
474,270,1324.40,400.14,205.27,664.23,0.7212,-1,-1,-1
474,291,448.15,475.52,95.88,183.50,0.4079,-1,-1,-1
474,295,1081.77,452.02,64.30,142.03,0.2322,-1,-1,-1
474,296,403.62,487.26,56.75,117.84,0.1645,-1,-1,-1
474,301,1305.98,416.23,83.92,198.95,0.4039,-1,-1,-1
475,178,1834.90,458.37,80.90,189.96,0.1949,-1,-1,-1
475,182,847.60,416.01,93.33,287.40,0.5109,-1,-1,-1
475,193,893.95,432.66,75.89,259.08,0.2026,-1,-1,-1
475,205,741.99,436.58,117.00,293.82,0.6513,-1,-1,-1
475,220,592.28,442.72,98.83,264.82,0.7416,-1,-1,-1
475,248,1146.95,422.04,167.52,588.03,0.8164,-1,-1,-1
475,255,-5.24,397.84,339.28,676.15,0.7482,-1,-1,-1
475,263,1507.30,410.23,134.37,392.63,0.7777,-1,-1,-1
475,270,1321.63,401.61,210.11,665.53,0.7507,-1,-1,-1
475,291,457.50,475.71,82.73,187.56,0.3744,-1,-1,-1
475,295,1084.77,464.95,61.11,128.72,0.1593,-1,-1,-1
475,299,1307.40,416.62,85.73,453.37,0.1524,-1,-1,-1
475,301,1307.86,413.18,85.46,194.84,0.2653,-1,-1,-1
476,178,1833.95,458.79,70.91,189.82,0.2350,-1,-1,-1
476,182,846.40,417.11,80.04,287.39,0.5587,-1,-1,-1
476,193,902.45,433.22,84.41,253.30,0.2856,-1,-1,-1
476,205,741.99,436.75,117.33,294.28,0.7015,-1,-1,-1
476,220,595.27,445.72,101.86,260.16,0.7923,-1,-1,-1
476,248,1148.71,421.21,167.48,588.82,0.8137,-1,-1,-1
476,255,14.65,394.40,220.30,680.29,0.6779,-1,-1,-1
476,263,1512.63,412.22,153.53,392.66,0.7602,-1,-1,-1
476,270,1324.84,396.63,218.29,675.89,0.6737,-1,-1,-1
476,291,440.80,478.52,90.25,182.82,0.5479,-1,-1,-1
476,295,1091.03,452.80,56.93,137.47,0.2096,-1,-1,-1
476,296,380.09,474.61,72.40,143.43,0.1569,-1,-1,-1
476,299,1303.14,407.38,86.15,514.15,0.2341,-1,-1,-1
476,301,1308.96,409.55,89.08,196.44,0.2573,-1,-1,-1
477,178,1835.71,463.33,69.93,185.20,0.2348,-1,-1,-1
477,182,846.50,416.86,74.81,284.93,0.5532,-1,-1,-1
477,193,902.33,438.60,88.72,246.17,0.3774,-1,-1,-1
477,205,744.27,437.98,114.96,293.17,0.7029,-1,-1,-1
477,220,600.86,444.72,99.81,260.81,0.7704,-1,-1,-1
477,248,1150.54,421.02,172.49,589.54,0.8250,-1,-1,-1
477,255,-11.77,389.06,295.62,682.32,0.7838,-1,-1,-1
477,263,1515.35,411.04,176.24,401.09,0.8324,-1,-1,-1
477,270,1333.53,396.18,195.17,664.46,0.3966,-1,-1,-1
477,291,430.96,473.53,92.54,188.26,0.4177,-1,-1,-1
477,295,1090.44,458.30,57.22,134.47,0.1994,-1,-1,-1
477,296,378.23,474.50,75.92,151.15,0.1721,-1,-1,-1
477,299,1305.58,407.69,88.44,522.50,0.4151,-1,-1,-1
477,301,1310.16,411.89,90.91,192.53,0.2333,-1,-1,-1
477,303,554.49,444.81,36.42,86.08,0.1820,-1,-1,-1
478,178,1836.35,464.64,76.27,182.75,0.2626,-1,-1,-1
478,182,848.51,415.15,75.18,286.47,0.4892,-1,-1,-1
478,193,855.03,430.15,140.20,264.05,0.3464,-1,-1,-1
478,205,746.43,437.51,111.58,295.05,0.6313,-1,-1,-1
478,220,614.50,445.59,90.60,258.00,0.6860,-1,-1,-1
478,248,1158.46,420.98,168.00,589.45,0.8187,-1,-1,-1
478,255,19.71,383.83,185.01,688.55,0.4847,-1,-1,-1
478,263,1523.56,407.08,187.39,402.26,0.8257,-1,-1,-1
478,270,1335.41,398.80,205.30,658.38,0.6572,-1,-1,-1
478,291,420.87,474.24,98.60,190.55,0.4567,-1,-1,-1
478,295,1089.53,440.93,59.73,151.20,0.2305,-1,-1,-1
478,296,368.28,471.72,84.60,151.44,0.1508,-1,-1,-1
478,299,1308.04,418.12,86.93,511.45,0.4051,-1,-1,-1
478,301,1317.74,426.71,75.65,233.15,0.2546,-1,-1,-1
478,303,552.65,445.91,32.61,84.28,0.1861,-1,-1,-1
478,304,530.54,447.85,28.79,81.00,0.2102,-1,-1,-1
479,178,1834.37,464.64,75.71,182.96,0.2521,-1,-1,-1
479,182,851.18,413.53,68.94,286.12,0.5193,-1,-1,-1
479,193,897.02,434.89,106.18,255.64,0.4879,-1,-1,-1
479,205,757.28,438.94,103.25,293.40,0.6149,-1,-1,-1
479,220,606.55,443.78,104.26,259.22,0.6575,-1,-1,-1
479,248,1162.37,419.81,167.88,590.12,0.8015,-1,-1,-1
479,255,-11.26,382.39,256.99,687.74,0.7246,-1,-1,-1
479,263,1529.59,410.41,198.87,405.12,0.8492,-1,-1,-1
479,270,1343.82,398.48,218.29,673.48,0.7606,-1,-1,-1
479,291,417.74,475.15,88.14,185.31,0.2733,-1,-1,-1
479,295,1090.30,434.46,60.55,159.08,0.3193,-1,-1,-1
479,299,1318.48,413.29,95.53,530.62,0.4337,-1,-1,-1
479,301,1318.97,422.08,82.87,247.96,0.2201,-1,-1,-1
479,303,553.68,443.88,35.19,86.26,0.2339,-1,-1,-1
479,304,530.61,447.17,27.67,82.12,0.2039,-1,-1,-1
480,178,1834.80,464.10,67.30,184.36,0.2442,-1,-1,-1
480,182,851.40,412.36,70.05,287.36,0.5701,-1,-1,-1
480,193,898.77,437.19,107.57,248.41,0.5523,-1,-1,-1
480,205,765.09,436.73,97.69,291.47,0.6541,-1,-1,-1
480,220,621.13,436.84,88.07,263.44,0.6056,-1,-1,-1
480,248,1168.60,420.66,164.70,588.54,0.8058,-1,-1,-1
480,255,23.20,390.88,143.19,682.96,0.4759,-1,-1,-1
480,263,1536.31,414.75,199.82,409.54,0.8576,-1,-1,-1
480,270,1345.10,403.43,234.64,670.99,0.8130,-1,-1,-1
480,291,413.07,478.93,91.14,181.83,0.3089,-1,-1,-1
480,295,1089.37,434.50,58.67,158.01,0.2681,-1,-1,-1
480,296,365.19,474.81,62.21,137.92,0.1996,-1,-1,-1
480,299,1324.97,411.62,92.68,541.84,0.4464,-1,-1,-1
480,303,553.64,444.60,34.29,86.01,0.1995,-1,-1,-1
480,304,530.93,448.35,26.77,80.95,0.1882,-1,-1,-1
481,178,1832.40,462.44,77.48,185.99,0.2660,-1,-1,-1
481,182,852.71,413.20,67.71,286.12,0.5480,-1,-1,-1
481,193,901.74,440.05,104.27,243.66,0.6320,-1,-1,-1
481,205,774.78,439.95,95.03,284.00,0.6126,-1,-1,-1
481,220,627.00,434.64,92.40,264.43,0.6025,-1,-1,-1
481,248,1172.92,419.01,164.50,589.85,0.8081,-1,-1,-1
481,255,-8.20,414.15,218.85,658.58,0.7644,-1,-1,-1
481,263,1541.25,420.28,203.05,405.50,0.8476,-1,-1,-1
481,270,1345.45,397.93,252.90,680.25,0.8316,-1,-1,-1
481,291,407.37,478.70,83.14,184.72,0.5193,-1,-1,-1
481,295,1091.70,435.22,57.60,158.98,0.3563,-1,-1,-1
481,296,358.80,480.51,63.49,138.51,0.3074,-1,-1,-1
481,299,1328.38,407.87,89.51,553.75,0.3926,-1,-1,-1
481,303,561.95,451.98,33.70,81.29,0.1967,-1,-1,-1
481,304,530.76,448.04,27.08,81.10,0.1858,-1,-1,-1
482,178,1833.91,458.61,82.00,189.39,0.2706,-1,-1,-1
482,182,853.87,413.20,66.94,283.75,0.5302,-1,-1,-1
482,193,904.70,443.44,102.72,239.63,0.6764,-1,-1,-1
482,205,781.67,438.21,90.99,283.33,0.5799,-1,-1,-1
482,220,632.34,434.18,87.19,266.17,0.5771,-1,-1,-1
482,248,1176.72,418.98,163.40,593.31,0.7925,-1,-1,-1
482,255,-4.11,472.71,201.47,599.64,0.7683,-1,-1,-1
482,263,1546.83,418.85,203.93,409.82,0.8333,-1,-1,-1
482,270,1352.77,395.75,258.74,681.87,0.8511,-1,-1,-1
482,291,405.86,477.30,82.28,192.37,0.4562,-1,-1,-1
482,295,1091.15,437.87,56.73,157.35,0.3358,-1,-1,-1
482,296,361.00,483.35,68.80,181.90,0.3016,-1,-1,-1
482,299,1329.74,406.37,98.38,548.55,0.3443,-1,-1,-1
482,303,561.40,445.06,34.71,87.01,0.2443,-1,-1,-1
482,304,530.50,446.08,26.65,82.68,0.1914,-1,-1,-1
483,178,1835.06,459.10,82.38,190.66,0.2033,-1,-1,-1
483,182,855.24,416.01,67.71,284.00,0.5265,-1,-1,-1
483,193,908.11,445.46,97.73,237.56,0.6632,-1,-1,-1
483,205,795.14,436.43,78.58,289.41,0.6331,-1,-1,-1
483,220,628.09,433.23,98.06,264.08,0.6164,-1,-1,-1
483,248,1183.80,418.39,161.09,592.74,0.7927,-1,-1,-1
483,255,-2.40,517.96,184.01,552.99,0.7445,-1,-1,-1
483,263,1555.30,418.17,192.82,413.81,0.8255,-1,-1,-1
483,270,1356.84,393.85,266.08,682.25,0.8280,-1,-1,-1
483,291,398.88,475.38,90.33,193.53,0.4750,-1,-1,-1
483,295,1093.65,439.50,54.95,158.03,0.2686,-1,-1,-1
483,296,355.59,470.39,74.22,162.56,0.2350,-1,-1,-1
483,299,1331.17,400.84,104.15,558.07,0.4044,-1,-1,-1
483,303,558.96,440.55,36.73,90.79,0.3272,-1,-1,-1
483,304,530.40,445.93,26.08,82.23,0.1961,-1,-1,-1
483,309,746.31,455.68,35.74,83.95,0.1720,-1,-1,-1
484,178,1835.16,449.97,82.58,199.37,0.2221,-1,-1,-1
484,182,859.40,433.11,65.64,267.43,0.5164,-1,-1,-1
484,193,911.07,445.13,95.00,238.95,0.6515,-1,-1,-1
484,205,796.81,438.08,77.43,290.66,0.6599,-1,-1,-1
484,220,631.48,435.73,102.90,261.11,0.6555,-1,-1,-1
484,248,1188.83,417.31,161.24,594.78,0.7879,-1,-1,-1
484,255,-5.59,548.85,171.71,437.74,0.3884,-1,-1,-1
484,263,1563.37,415.20,188.05,420.62,0.8215,-1,-1,-1
484,270,1357.33,393.78,275.03,684.00,0.8716,-1,-1,-1
484,291,380.11,475.06,107.26,195.61,0.4637,-1,-1,-1
484,295,1091.91,435.82,59.08,158.71,0.3123,-1,-1,-1
484,299,1335.48,407.40,99.95,554.74,0.4303,-1,-1,-1
484,303,561.13,443.79,35.45,88.44,0.3123,-1,-1,-1
484,304,530.86,449.53,27.05,78.05,0.1854,-1,-1,-1
484,309,744.74,459.47,39.06,113.70,0.2195,-1,-1,-1
485,178,1833.75,446.23,83.74,204.27,0.2504,-1,-1,-1
485,182,861.97,424.03,59.71,270.94,0.4660,-1,-1,-1
485,193,911.79,440.31,95.67,241.75,0.6780,-1,-1,-1
485,205,799.75,438.81,86.48,285.70,0.6580,-1,-1,-1
485,220,629.94,434.85,115.05,262.06,0.6877,-1,-1,-1
485,248,1193.81,420.62,163.81,592.28,0.7822,-1,-1,-1
485,255,0.84,569.28,140.49,495.49,0.4235,-1,-1,-1
485,263,1575.44,409.33,178.46,428.32,0.8339,-1,-1,-1
485,270,1357.80,396.34,279.44,680.05,0.8565,-1,-1,-1
485,291,363.24,477.29,114.50,198.90,0.3483,-1,-1,-1
485,295,1091.36,435.58,59.00,157.27,0.2873,-1,-1,-1
485,299,1337.47,422.23,100.53,537.23,0.5508,-1,-1,-1
485,303,561.91,444.95,34.53,86.72,0.3391,-1,-1,-1
485,304,530.81,449.95,27.33,77.36,0.1997,-1,-1,-1
486,178,1853.40,405.58,64.69,240.90,0.2177,-1,-1,-1
486,182,864.36,429.30,60.56,248.61,0.3565,-1,-1,-1
486,193,910.23,440.81,95.57,240.82,0.6939,-1,-1,-1
486,205,799.63,438.55,101.51,285.82,0.5762,-1,-1,-1
486,220,631.28,434.53,121.58,262.75,0.7144,-1,-1,-1
486,248,1198.75,420.16,163.86,591.95,0.7762,-1,-1,-1
486,255,1.63,577.49,116.02,414.39,0.5677,-1,-1,-1
486,263,1583.08,412.52,174.13,426.85,0.8356,-1,-1,-1
486,270,1357.00,397.32,284.07,678.59,0.8408,-1,-1,-1
486,291,353.85,478.09,106.40,192.72,0.3272,-1,-1,-1
486,295,1091.45,433.67,61.79,159.67,0.3657,-1,-1,-1
486,299,1338.27,414.96,106.10,549.16,0.6090,-1,-1,-1
486,303,563.34,446.97,33.41,85.23,0.3081,-1,-1,-1
486,304,530.51,452.73,28.87,76.59,0.1835,-1,-1,-1
487,178,1853.05,425.39,67.29,228.88,0.1841,-1,-1,-1
487,182,862.86,429.75,62.24,262.67,0.4199,-1,-1,-1
487,193,917.48,441.54,90.80,240.96,0.6623,-1,-1,-1
487,205,801.97,437.44,92.53,285.43,0.4917,-1,-1,-1
487,220,631.82,435.73,128.09,261.20,0.6702,-1,-1,-1
487,248,1200.16,418.82,181.82,593.84,0.7764,-1,-1,-1
487,255,2.66,542.99,91.28,438.44,0.4663,-1,-1,-1
487,263,1589.71,416.97,165.29,422.57,0.7892,-1,-1,-1
487,270,1359.16,396.47,280.99,679.14,0.8438,-1,-1,-1
487,291,355.59,478.00,104.09,197.80,0.4732,-1,-1,-1
487,295,1094.10,433.17,61.57,159.69,0.3218,-1,-1,-1
487,299,1346.25,411.88,103.41,527.66,0.5807,-1,-1,-1
487,303,564.48,445.96,32.96,84.93,0.3233,-1,-1,-1
487,304,531.09,451.71,31.12,75.38,0.1598,-1,-1,-1
488,178,1856.30,402.60,62.71,246.74,0.1950,-1,-1,-1
488,193,920.17,449.43,89.08,233.01,0.5535,-1,-1,-1
488,205,803.81,433.02,126.05,292.34,0.5849,-1,-1,-1
488,220,635.16,435.47,125.57,261.13,0.6726,-1,-1,-1
488,248,1201.36,419.73,183.88,592.18,0.7843,-1,-1,-1
488,255,0.55,648.00,72.88,316.81,0.5588,-1,-1,-1
488,263,1598.78,419.20,162.19,419.70,0.7659,-1,-1,-1
488,270,1358.82,401.09,288.53,675.01,0.8192,-1,-1,-1
488,291,350.16,474.77,104.00,203.11,0.4939,-1,-1,-1
488,299,1349.09,417.49,106.93,508.41,0.5103,-1,-1,-1
488,303,565.30,447.79,31.89,83.77,0.2908,-1,-1,-1
488,304,533.70,452.83,28.05,77.39,0.1641,-1,-1,-1
488,313,1.93,530.28,71.59,129.22,0.4478,-1,-1,-1
489,145,732.86,445.37,40.11,128.77,0.3433,-1,-1,-1
489,178,1854.75,398.77,64.56,251.94,0.2110,-1,-1,-1
489,193,923.02,438.49,88.42,242.48,0.6098,-1,-1,-1
489,205,804.70,431.49,133.75,293.29,0.5714,-1,-1,-1
489,220,641.38,436.33,123.14,259.85,0.6958,-1,-1,-1
489,248,1204.68,412.97,186.59,596.01,0.8260,-1,-1,-1
489,263,1608.47,412.72,153.24,429.79,0.7451,-1,-1,-1
489,270,1360.25,392.93,289.57,679.17,0.7879,-1,-1,-1
489,291,340.51,453.96,97.03,224.84,0.5008,-1,-1,-1
489,299,1350.01,422.31,111.77,475.48,0.5548,-1,-1,-1
489,303,565.10,448.36,32.74,83.35,0.2884,-1,-1,-1
489,304,533.44,453.72,28.24,77.34,0.1687,-1,-1,-1
489,313,1.46,535.74,63.14,130.37,0.5443,-1,-1,-1
490,178,1852.58,411.32,67.42,243.07,0.1705,-1,-1,-1
490,193,935.53,438.97,76.92,241.12,0.6163,-1,-1,-1
490,205,804.22,436.62,136.74,288.47,0.5798,-1,-1,-1
490,220,642.71,435.19,122.75,263.12,0.7903,-1,-1,-1
490,248,1203.59,417.65,187.96,594.19,0.8008,-1,-1,-1
490,263,1615.89,411.57,146.99,432.54,0.7320,-1,-1,-1
490,270,1366.94,397.40,262.99,674.67,0.7455,-1,-1,-1
490,291,331.22,460.59,96.29,220.53,0.5011,-1,-1,-1
490,299,1355.34,419.72,113.25,476.08,0.6114,-1,-1,-1
490,303,565.18,443.14,32.47,85.98,0.2849,-1,-1,-1
490,304,533.87,451.51,27.65,78.63,0.1949,-1,-1,-1
490,313,2.54,542.88,51.61,110.55,0.3632,-1,-1,-1
490,316,1086.93,439.74,65.02,149.48,0.2199,-1,-1,-1
491,145,722.42,444.27,48.92,131.82,0.3697,-1,-1,-1
491,178,1851.77,440.54,69.33,216.45,0.1652,-1,-1,-1
491,193,947.37,436.09,69.28,242.03,0.5934,-1,-1,-1
491,205,806.79,436.96,136.40,287.97,0.5244,-1,-1,-1
491,220,647.23,434.91,120.25,264.80,0.7890,-1,-1,-1
491,248,1204.74,417.98,187.32,594.29,0.8076,-1,-1,-1
491,263,1619.53,408.80,127.39,431.90,0.7350,-1,-1,-1
491,270,1368.24,400.36,253.28,668.82,0.6712,-1,-1,-1
491,291,318.04,490.98,106.57,193.42,0.4786,-1,-1,-1
491,295,1096.32,437.03,62.15,152.08,0.2425,-1,-1,-1
491,299,1362.81,418.32,113.65,474.28,0.5504,-1,-1,-1
491,303,564.92,441.21,33.12,88.30,0.3418,-1,-1,-1
491,304,534.61,450.92,27.27,79.75,0.2178,-1,-1,-1
491,313,1.68,553.31,42.36,86.06,0.2451,-1,-1,-1
491,317,550.77,439.04,35.74,91.98,0.1981,-1,-1,-1
491,319,417.62,475.08,46.85,93.33,0.3072,-1,-1,-1
492,145,724.25,444.50,46.25,131.86,0.3467,-1,-1,-1
492,178,1852.31,451.39,67.93,202.46,0.1962,-1,-1,-1
492,193,953.38,436.93,74.06,241.83,0.6237,-1,-1,-1
492,205,806.46,444.44,141.52,281.05,0.6688,-1,-1,-1
492,220,647.30,432.80,123.27,268.34,0.7641,-1,-1,-1
492,248,1204.38,412.99,196.03,596.78,0.8155,-1,-1,-1
492,263,1632.94,410.36,116.45,437.68,0.7096,-1,-1,-1
492,270,1371.88,394.13,315.13,667.57,0.4264,-1,-1,-1
492,291,316.25,482.56,95.16,199.98,0.5228,-1,-1,-1
492,295,1098.13,436.94,60.31,152.49,0.1683,-1,-1,-1
492,299,1367.83,411.90,121.93,470.25,0.5253,-1,-1,-1
492,303,566.09,440.61,32.19,89.70,0.3620,-1,-1,-1
492,304,532.20,451.14,29.99,78.70,0.1860,-1,-1,-1
492,313,0.88,561.22,33.81,86.69,0.3579,-1,-1,-1
492,317,549.67,438.19,32.95,92.45,0.1887,-1,-1,-1
492,319,417.15,475.57,45.66,94.75,0.4004,-1,-1,-1
493,145,728.74,444.00,41.06,129.93,0.3709,-1,-1,-1
493,178,1853.06,443.83,66.09,208.00,0.2240,-1,-1,-1
493,193,957.04,440.37,75.52,239.59,0.7060,-1,-1,-1
493,205,808.68,446.26,141.14,277.91,0.6876,-1,-1,-1
493,220,651.36,442.26,118.73,260.34,0.7730,-1,-1,-1
493,248,1205.19,417.69,198.86,592.53,0.8292,-1,-1,-1
493,263,1635.44,410.31,123.18,433.51,0.6395,-1,-1,-1
493,270,1374.61,389.24,236.31,671.21,0.4741,-1,-1,-1
493,291,305.37,487.41,103.39,192.12,0.4884,-1,-1,-1
493,299,1374.15,410.84,120.05,493.60,0.5386,-1,-1,-1
493,303,563.63,438.99,35.28,92.46,0.3300,-1,-1,-1
493,304,533.09,451.71,29.73,77.60,0.1624,-1,-1,-1
493,317,548.53,436.56,40.39,94.39,0.1906,-1,-1,-1
493,319,415.41,475.10,49.28,95.33,0.3276,-1,-1,-1
494,145,728.94,445.95,39.96,129.51,0.2631,-1,-1,-1
494,178,1851.10,428.34,67.53,222.06,0.1841,-1,-1,-1
494,193,955.74,441.82,79.94,238.71,0.6561,-1,-1,-1
494,205,809.30,445.70,142.88,279.91,0.7109,-1,-1,-1
494,220,654.07,442.29,118.36,259.77,0.7826,-1,-1,-1
494,248,1205.40,421.41,207.34,588.89,0.8280,-1,-1,-1
494,263,1633.81,409.85,135.73,399.90,0.6716,-1,-1,-1
494,270,1376.72,388.08,294.87,661.52,0.4988,-1,-1,-1
494,291,302.58,476.37,103.54,201.58,0.3780,-1,-1,-1
494,299,1379.13,408.36,121.82,527.99,0.6169,-1,-1,-1
494,303,564.58,439.74,34.76,92.44,0.3095,-1,-1,-1
494,304,532.45,452.06,29.61,76.87,0.1589,-1,-1,-1
494,317,549.65,437.28,36.60,94.02,0.1895,-1,-1,-1
494,319,414.96,474.33,48.95,96.89,0.2642,-1,-1,-1
495,193,959.92,441.87,91.26,239.72,0.6628,-1,-1,-1
495,205,818.75,442.57,133.66,282.07,0.6824,-1,-1,-1
495,220,653.83,436.95,117.30,264.62,0.7627,-1,-1,-1
495,248,1206.50,421.63,214.33,589.87,0.8143,-1,-1,-1
495,263,1636.31,406.65,166.45,453.60,0.6932,-1,-1,-1
495,270,1378.21,383.79,283.45,664.72,0.4456,-1,-1,-1
495,291,296.82,473.38,96.60,217.32,0.3150,-1,-1,-1
495,299,1377.47,407.37,125.22,554.75,0.5717,-1,-1,-1
495,303,564.32,441.44,35.37,92.42,0.3225,-1,-1,-1
495,304,532.93,450.78,30.93,77.99,0.1995,-1,-1,-1
495,316,1081.72,439.05,53.87,149.90,0.1809,-1,-1,-1
495,317,546.71,439.69,31.42,92.79,0.2050,-1,-1,-1
495,319,415.09,474.57,47.14,97.88,0.2821,-1,-1,-1
496,178,1850.98,423.99,68.29,228.10,0.1519,-1,-1,-1
496,193,958.13,443.03,106.55,239.12,0.7291,-1,-1,-1
496,205,821.98,440.76,131.98,285.99,0.7016,-1,-1,-1
496,220,656.61,437.60,114.55,264.21,0.7865,-1,-1,-1
496,248,1206.92,419.91,220.82,591.92,0.8325,-1,-1,-1
496,263,1638.61,401.86,180.67,412.81,0.4881,-1,-1,-1
496,270,1391.81,375.32,274.57,691.75,0.5690,-1,-1,-1
496,291,293.61,458.74,87.32,226.50,0.3579,-1,-1,-1
496,295,1099.38,434.28,61.56,157.78,0.1600,-1,-1,-1
496,299,1382.25,412.92,129.75,563.59,0.6477,-1,-1,-1
496,303,567.28,441.71,33.09,91.75,0.3872,-1,-1,-1
496,304,542.61,443.91,27.39,86.74,0.2134,-1,-1,-1
496,317,550.45,443.46,34.55,90.30,0.1857,-1,-1,-1
496,319,414.02,473.48,48.53,97.14,0.1645,-1,-1,-1
497,178,1852.55,426.97,67.04,226.02,0.2176,-1,-1,-1
497,193,962.24,442.01,113.04,240.16,0.7283,-1,-1,-1
497,205,830.52,442.79,123.61,285.77,0.7342,-1,-1,-1
497,220,664.45,433.54,105.98,268.58,0.7760,-1,-1,-1
497,248,1208.40,420.42,223.79,590.39,0.8528,-1,-1,-1
497,263,1645.49,406.60,153.61,470.83,0.8000,-1,-1,-1
497,270,1397.24,377.97,291.58,695.61,0.6532,-1,-1,-1
497,291,254.53,470.17,117.67,223.81,0.4463,-1,-1,-1
497,299,1390.07,417.06,132.08,469.67,0.6544,-1,-1,-1
497,303,567.27,442.16,32.88,91.05,0.3683,-1,-1,-1
497,304,543.59,442.83,27.79,88.79,0.2187,-1,-1,-1
497,316,1075.07,437.13,70.38,152.25,0.2087,-1,-1,-1
497,317,550.36,444.34,38.52,88.87,0.1892,-1,-1,-1
497,319,414.72,473.08,45.90,98.57,0.1733,-1,-1,-1
498,178,1851.09,438.18,68.82,215.86,0.2198,-1,-1,-1
498,193,967.54,439.63,114.39,242.55,0.7380,-1,-1,-1
498,205,840.38,443.95,114.42,282.67,0.6808,-1,-1,-1
498,220,670.74,432.01,98.85,270.18,0.7722,-1,-1,-1
498,248,1213.84,417.15,220.87,594.08,0.8473,-1,-1,-1
498,263,1651.51,410.33,159.13,466.36,0.7419,-1,-1,-1
498,270,1414.67,377.32,274.12,693.92,0.6500,-1,-1,-1
498,291,256.81,478.21,112.11,222.94,0.4575,-1,-1,-1
498,299,1391.91,413.46,136.12,525.40,0.6514,-1,-1,-1
498,303,566.98,441.38,33.64,92.13,0.3906,-1,-1,-1
498,304,533.66,448.97,31.77,83.28,0.1987,-1,-1,-1
498,316,1080.35,439.89,72.40,152.64,0.2316,-1,-1,-1
498,317,551.26,444.76,37.50,88.75,0.2146,-1,-1,-1
498,319,415.27,473.06,45.59,98.54,0.1950,-1,-1,-1
499,178,1850.34,435.57,68.99,217.24,0.2719,-1,-1,-1
499,193,969.35,440.66,120.73,242.57,0.6975,-1,-1,-1
499,205,855.56,443.01,100.14,285.29,0.6998,-1,-1,-1
499,220,673.39,436.56,96.96,264.24,0.7668,-1,-1,-1
499,248,1222.52,414.55,210.39,597.67,0.8361,-1,-1,-1
499,263,1653.12,406.18,206.17,470.09,0.8519,-1,-1,-1
499,270,1425.90,378.90,267.92,692.96,0.6668,-1,-1,-1
499,291,243.83,483.16,110.70,218.18,0.5501,-1,-1,-1
499,299,1392.12,405.88,145.44,536.53,0.6556,-1,-1,-1
499,303,567.21,442.25,32.45,91.55,0.3970,-1,-1,-1
499,304,535.62,451.10,27.55,81.40,0.2254,-1,-1,-1
499,316,1086.32,441.55,66.07,151.32,0.2347,-1,-1,-1
499,317,552.09,445.71,34.48,88.29,0.2134,-1,-1,-1
499,319,415.34,473.55,44.28,98.67,0.2266,-1,-1,-1
499,322,547.24,443.72,23.81,89.14,0.2534,-1,-1,-1
500,178,1851.57,437.62,67.92,216.04,0.2610,-1,-1,-1
500,193,968.95,443.83,119.73,239.48,0.6806,-1,-1,-1
500,205,855.92,438.43,101.99,287.58,0.6592,-1,-1,-1
500,220,675.74,433.36,95.65,267.36,0.7471,-1,-1,-1
500,248,1231.02,417.03,205.32,595.74,0.7887,-1,-1,-1
500,263,1661.79,412.85,212.45,472.94,0.8425,-1,-1,-1
500,270,1450.68,378.66,258.42,692.20,0.5812,-1,-1,-1
500,291,238.41,481.59,99.57,222.77,0.6089,-1,-1,-1
500,299,1387.17,409.81,158.24,549.51,0.6763,-1,-1,-1
500,303,568.64,442.60,31.80,90.99,0.3358,-1,-1,-1
500,304,543.31,444.32,27.29,88.29,0.2538,-1,-1,-1
500,316,1093.46,448.08,59.53,146.03,0.2004,-1,-1,-1
500,319,415.61,472.57,43.81,99.63,0.2386,-1,-1,-1
500,323,670.72,456.99,31.29,85.43,0.2460,-1,-1,-1
501,178,1858.38,431.66,61.11,220.37,0.2122,-1,-1,-1
501,193,967.53,454.55,119.29,228.58,0.7068,-1,-1,-1
501,205,858.14,437.50,103.20,287.93,0.6992,-1,-1,-1
501,220,683.23,433.71,89.80,266.03,0.6852,-1,-1,-1
501,248,1243.60,414.35,197.87,599.18,0.7918,-1,-1,-1
501,263,1674.70,417.72,222.91,469.74,0.8533,-1,-1,-1
501,270,1486.71,374.18,223.06,582.25,0.6101,-1,-1,-1
501,291,225.56,480.81,108.48,221.46,0.6273,-1,-1,-1
501,299,1394.17,413.02,151.63,542.37,0.6842,-1,-1,-1
501,303,571.53,445.60,29.28,88.59,0.3178,-1,-1,-1
501,304,542.90,443.31,28.24,89.85,0.2633,-1,-1,-1
501,316,1097.70,455.44,55.64,138.75,0.1972,-1,-1,-1
501,319,414.88,470.63,44.46,100.87,0.2263,-1,-1,-1
501,323,670.83,457.95,37.78,83.19,0.1842,-1,-1,-1
502,178,1867.00,425.21,52.58,225.60,0.1660,-1,-1,-1
502,193,972.08,450.86,114.07,231.84,0.7335,-1,-1,-1
502,205,860.64,440.37,104.95,286.03,0.6557,-1,-1,-1
502,220,693.72,436.18,81.26,262.50,0.6774,-1,-1,-1
502,248,1257.26,415.22,192.30,599.82,0.7968,-1,-1,-1
502,263,1686.38,415.12,213.50,473.92,0.8443,-1,-1,-1
502,270,1501.04,378.01,221.45,677.36,0.6182,-1,-1,-1
502,291,217.61,483.99,115.46,217.75,0.6017,-1,-1,-1
502,299,1386.92,405.88,164.30,558.13,0.7131,-1,-1,-1
502,303,572.16,450.00,28.53,83.66,0.3033,-1,-1,-1
502,304,535.76,449.34,29.49,84.18,0.1930,-1,-1,-1
502,316,1093.36,454.93,58.85,137.57,0.1844,-1,-1,-1
502,319,414.70,469.36,44.42,101.94,0.2095,-1,-1,-1
502,322,546.54,445.47,26.36,87.19,0.2227,-1,-1,-1
502,326,3.41,898.51,126.10,180.77,0.3602,-1,-1,-1
503,193,981.45,446.50,105.96,236.14,0.7195,-1,-1,-1
503,205,867.30,440.41,105.83,285.32,0.6732,-1,-1,-1
503,220,690.13,434.44,88.62,265.64,0.6960,-1,-1,-1
503,248,1285.20,410.19,170.32,607.57,0.7671,-1,-1,-1
503,263,1693.25,412.10,211.90,482.90,0.8553,-1,-1,-1
503,270,1509.14,374.01,216.22,691.59,0.7258,-1,-1,-1
503,291,204.75,481.43,119.67,232.78,0.5348,-1,-1,-1
503,299,1382.66,411.09,172.13,555.30,0.6208,-1,-1,-1
503,303,572.03,447.15,28.40,86.82,0.3504,-1,-1,-1
503,304,543.27,446.05,29.08,87.45,0.2417,-1,-1,-1
503,316,1079.47,441.59,69.66,149.06,0.2020,-1,-1,-1
503,326,3.11,916.87,109.08,164.11,0.4087,-1,-1,-1
503,327,1074.29,447.01,42.26,142.07,0.1836,-1,-1,-1
503,328,7.93,655.48,103.09,418.71,0.5361,-1,-1,-1
504,193,991.76,447.58,93.52,235.25,0.6596,-1,-1,-1
504,205,873.69,440.58,106.86,284.35,0.5696,-1,-1,-1
504,220,692.67,435.65,87.93,265.14,0.6867,-1,-1,-1
504,248,1296.43,412.54,165.02,607.34,0.8042,-1,-1,-1
504,263,1698.45,410.17,217.33,496.74,0.8657,-1,-1,-1
504,270,1517.18,372.78,218.03,694.57,0.7005,-1,-1,-1
504,291,190.54,481.86,118.23,236.35,0.6457,-1,-1,-1
504,299,1391.01,410.99,168.11,554.93,0.6971,-1,-1,-1
504,303,571.70,446.82,28.61,87.91,0.4045,-1,-1,-1
504,316,1118.36,439.34,43.32,149.56,0.2163,-1,-1,-1
504,322,546.45,447.79,26.66,86.52,0.2285,-1,-1,-1
504,326,3.14,932.48,89.26,146.46,0.3491,-1,-1,-1
504,327,1073.51,444.30,40.42,144.48,0.2670,-1,-1,-1
504,329,861.39,417.18,61.42,293.49,0.3590,-1,-1,-1
505,193,1002.88,456.18,82.22,227.38,0.6442,-1,-1,-1
505,205,883.84,443.75,118.13,279.96,0.5831,-1,-1,-1
505,220,692.60,437.38,91.91,264.19,0.7825,-1,-1,-1
505,248,1302.89,410.40,165.15,615.75,0.8282,-1,-1,-1
505,263,1710.46,406.95,206.45,502.60,0.8850,-1,-1,-1
505,270,1522.79,373.58,223.03,700.78,0.7682,-1,-1,-1
505,291,181.75,482.11,111.26,235.64,0.6028,-1,-1,-1
505,299,1405.60,425.33,158.92,543.30,0.6621,-1,-1,-1
505,303,571.46,449.24,28.77,85.67,0.4049,-1,-1,-1
505,316,1112.76,440.07,48.96,149.88,0.2354,-1,-1,-1
505,322,543.37,449.89,28.65,84.66,0.2476,-1,-1,-1
505,326,2.55,954.06,71.85,125.47,0.1580,-1,-1,-1
505,327,1073.84,441.73,42.96,147.89,0.2504,-1,-1,-1
505,329,867.26,426.30,62.12,281.13,0.4613,-1,-1,-1
505,332,379.79,470.22,55.13,103.13,0.1557,-1,-1,-1
506,193,1012.83,460.97,75.91,221.62,0.6264,-1,-1,-1
506,205,896.87,451.62,120.08,270.91,0.6529,-1,-1,-1
506,220,699.68,434.81,90.91,267.27,0.7433,-1,-1,-1
506,248,1308.36,412.04,164.77,626.80,0.7937,-1,-1,-1
506,263,1719.78,401.52,198.70,508.08,0.8853,-1,-1,-1
506,270,1526.49,372.33,219.21,701.72,0.7571,-1,-1,-1
506,291,166.56,484.32,113.79,232.74,0.6548,-1,-1,-1
506,299,1444.28,423.57,123.14,528.02,0.7062,-1,-1,-1
506,303,571.46,447.83,29.25,85.93,0.4106,-1,-1,-1
506,316,1105.19,439.86,58.53,147.28,0.2106,-1,-1,-1
506,322,541.00,448.03,30.56,85.57,0.2577,-1,-1,-1
506,326,0.76,983.08,56.60,96.74,0.1597,-1,-1,-1
506,327,1070.78,441.64,43.71,146.78,0.2260,-1,-1,-1
506,329,869.27,413.55,69.59,288.51,0.5857,-1,-1,-1
506,332,380.52,469.75,52.75,102.67,0.1633,-1,-1,-1
506,333,633.04,458.02,31.71,82.05,0.1666,-1,-1,-1
506,334,1161.67,438.89,34.17,90.65,0.1566,-1,-1,-1
507,193,1017.90,450.03,79.97,230.57,0.5338,-1,-1,-1
507,205,899.79,451.25,121.74,270.13,0.6701,-1,-1,-1
507,220,702.09,435.45,98.21,266.09,0.7236,-1,-1,-1
507,248,1313.52,412.82,162.44,635.30,0.8118,-1,-1,-1
507,263,1736.74,398.79,181.71,513.14,0.8764,-1,-1,-1
507,270,1528.78,375.89,222.67,699.90,0.7413,-1,-1,-1
507,291,151.08,481.77,116.37,244.90,0.6778,-1,-1,-1
507,299,1448.18,417.17,121.67,543.92,0.6955,-1,-1,-1
507,303,572.21,446.77,28.62,87.25,0.3941,-1,-1,-1
507,316,1102.39,437.74,58.51,151.45,0.2916,-1,-1,-1
507,322,541.84,446.20,30.47,87.59,0.2872,-1,-1,-1
507,327,1072.33,446.62,41.66,141.47,0.2157,-1,-1,-1
507,329,869.45,413.59,68.88,289.04,0.6050,-1,-1,-1
507,332,379.55,469.05,53.26,103.85,0.1969,-1,-1,-1
507,333,633.50,458.35,30.87,80.07,0.1885,-1,-1,-1
507,334,1160.70,438.17,36.67,91.54,0.1875,-1,-1,-1
508,193,1027.24,448.56,71.70,231.10,0.5329,-1,-1,-1
508,205,898.71,452.61,139.28,269.06,0.7100,-1,-1,-1
508,220,715.52,435.82,90.48,263.82,0.6847,-1,-1,-1
508,248,1317.61,416.43,187.73,639.08,0.7756,-1,-1,-1
508,263,1744.60,397.43,173.12,513.18,0.8458,-1,-1,-1
508,270,1527.33,374.13,231.91,697.50,0.7468,-1,-1,-1
508,291,137.54,483.50,122.03,244.76,0.6708,-1,-1,-1
508,299,1455.11,411.13,119.61,536.07,0.6743,-1,-1,-1
508,303,570.63,446.68,29.48,88.60,0.4386,-1,-1,-1
508,316,1101.42,438.34,58.99,151.60,0.2459,-1,-1,-1
508,322,544.28,447.02,29.10,87.29,0.2538,-1,-1,-1
508,329,869.09,412.63,69.35,285.63,0.6063,-1,-1,-1
508,332,379.28,466.79,52.58,107.15,0.2423,-1,-1,-1
508,333,634.51,458.66,29.33,82.28,0.2086,-1,-1,-1
508,334,1160.54,438.23,38.39,91.58,0.1995,-1,-1,-1
508,335,674.03,459.30,29.80,79.06,0.2095,-1,-1,-1
509,193,1031.62,464.62,67.74,215.15,0.4928,-1,-1,-1
509,205,899.74,447.05,140.40,277.11,0.7371,-1,-1,-1
509,220,715.19,439.03,98.55,261.29,0.6718,-1,-1,-1
509,248,1323.58,413.14,210.20,645.24,0.8279,-1,-1,-1
509,263,1751.96,395.99,166.33,511.80,0.7910,-1,-1,-1
509,270,1529.15,374.21,225.80,692.49,0.7009,-1,-1,-1
509,291,126.97,477.05,120.18,244.84,0.6710,-1,-1,-1
509,299,1462.48,405.99,120.48,564.98,0.5879,-1,-1,-1
509,303,570.44,446.13,30.20,89.38,0.4298,-1,-1,-1
509,316,1102.39,436.56,58.98,152.90,0.2597,-1,-1,-1
509,322,543.00,447.30,29.43,86.99,0.2656,-1,-1,-1
509,329,873.78,422.77,64.48,277.80,0.5880,-1,-1,-1
509,332,379.20,468.27,52.71,105.22,0.2058,-1,-1,-1
509,333,634.79,458.23,28.43,82.58,0.1741,-1,-1,-1
509,334,1160.39,438.20,38.65,91.94,0.1974,-1,-1,-1
509,335,673.59,457.95,30.39,79.92,0.1905,-1,-1,-1
510,193,1035.73,466.54,71.95,208.43,0.4966,-1,-1,-1
510,205,899.17,445.49,138.92,280.02,0.7510,-1,-1,-1
510,220,713.07,435.47,115.82,264.56,0.7043,-1,-1,-1
510,248,1323.62,413.25,226.91,643.80,0.8407,-1,-1,-1
510,263,1771.33,392.81,147.21,496.58,0.8243,-1,-1,-1
510,270,1547.38,376.74,244.47,698.19,0.6134,-1,-1,-1
510,291,107.23,476.54,127.71,247.80,0.6633,-1,-1,-1
510,299,1468.51,404.60,121.88,574.76,0.7085,-1,-1,-1
510,303,569.81,445.17,30.04,88.91,0.4345,-1,-1,-1
510,316,1102.16,438.30,58.78,151.34,0.2565,-1,-1,-1
510,322,539.58,446.45,32.50,87.21,0.3074,-1,-1,-1
510,329,875.13,412.10,66.50,285.28,0.5884,-1,-1,-1
510,332,380.68,466.59,51.94,105.11,0.1863,-1,-1,-1
510,333,635.77,458.16,28.86,85.47,0.2391,-1,-1,-1
510,334,1161.17,438.23,38.17,91.49,0.1671,-1,-1,-1
510,335,673.33,457.40,28.88,79.82,0.2135,-1,-1,-1
511,145,697.56,449.94,47.84,124.16,0.1559,-1,-1,-1
511,193,1035.16,460.02,78.98,214.65,0.5460,-1,-1,-1
511,205,898.11,446.25,154.78,279.49,0.7626,-1,-1,-1
511,220,713.93,439.16,116.49,260.73,0.7250,-1,-1,-1
511,248,1321.82,415.38,240.41,644.04,0.8386,-1,-1,-1
511,263,1779.84,394.51,139.38,492.84,0.8075,-1,-1,-1
511,270,1541.28,369.41,275.05,705.87,0.7176,-1,-1,-1
511,291,97.46,477.13,126.89,251.91,0.5584,-1,-1,-1
511,299,1474.66,405.29,120.33,553.72,0.6678,-1,-1,-1
511,303,570.02,446.11,29.85,87.84,0.4676,-1,-1,-1
511,316,1098.46,437.90,62.14,149.96,0.3006,-1,-1,-1
511,322,540.78,447.50,31.42,85.91,0.2776,-1,-1,-1
511,329,874.45,424.00,68.54,272.15,0.4940,-1,-1,-1
511,333,635.33,458.26,30.31,86.34,0.2428,-1,-1,-1
511,334,1161.49,438.27,36.54,91.39,0.1514,-1,-1,-1
511,335,672.38,457.56,28.26,79.76,0.2980,-1,-1,-1
512,145,695.44,452.58,44.03,120.68,0.1973,-1,-1,-1
512,193,1038.63,453.60,87.15,223.71,0.6049,-1,-1,-1
512,205,898.98,443.37,153.07,282.43,0.7578,-1,-1,-1
512,220,718.04,436.61,112.45,262.24,0.7390,-1,-1,-1
512,248,1320.03,419.25,243.56,642.66,0.8451,-1,-1,-1
512,263,1785.69,394.37,133.44,497.21,0.8067,-1,-1,-1
512,270,1547.02,374.47,230.72,691.39,0.5767,-1,-1,-1
512,291,77.16,498.32,144.94,237.62,0.2128,-1,-1,-1
512,299,1474.86,408.71,120.64,534.49,0.6393,-1,-1,-1
512,303,570.68,447.09,29.10,86.91,0.4568,-1,-1,-1
512,316,1095.74,433.66,64.60,155.39,0.4029,-1,-1,-1
512,322,539.11,447.98,32.64,85.95,0.2853,-1,-1,-1
512,329,874.55,412.71,74.33,282.58,0.5612,-1,-1,-1
512,333,635.05,457.60,32.29,87.99,0.2394,-1,-1,-1
512,335,672.58,456.31,28.08,81.79,0.2459,-1,-1,-1
513,145,696.47,454.00,39.35,120.12,0.2637,-1,-1,-1
513,193,1041.44,444.30,92.96,232.96,0.6050,-1,-1,-1
513,205,899.07,443.77,154.91,282.05,0.7505,-1,-1,-1
513,220,718.86,436.12,118.15,263.47,0.7424,-1,-1,-1
513,248,1319.95,418.89,249.16,647.27,0.8471,-1,-1,-1
513,263,1804.84,390.07,114.33,511.67,0.7982,-1,-1,-1
513,270,1547.12,372.08,236.09,603.18,0.4819,-1,-1,-1
513,291,64.74,477.51,140.96,256.15,0.6036,-1,-1,-1
513,299,1479.15,414.43,120.48,553.53,0.6536,-1,-1,-1
513,303,570.54,446.01,29.28,87.91,0.4768,-1,-1,-1
513,316,1099.79,445.09,55.69,148.01,0.3365,-1,-1,-1
513,322,540.61,447.21,30.75,86.42,0.2761,-1,-1,-1
513,329,875.82,412.66,75.95,284.35,0.5143,-1,-1,-1
513,333,635.46,457.07,35.45,86.75,0.2248,-1,-1,-1
513,335,672.68,456.30,28.44,83.78,0.2310,-1,-1,-1
514,145,693.67,453.97,40.81,120.24,0.3466,-1,-1,-1
514,193,1041.37,444.71,103.67,232.44,0.6223,-1,-1,-1
514,205,900.44,444.51,154.69,280.28,0.7014,-1,-1,-1
514,220,721.74,440.16,113.22,257.37,0.7477,-1,-1,-1
514,248,1320.19,418.63,250.76,647.65,0.8435,-1,-1,-1
514,263,1808.14,390.80,111.32,513.13,0.8036,-1,-1,-1
514,270,1557.04,371.43,223.58,583.14,0.5672,-1,-1,-1
514,291,49.35,476.34,143.94,258.33,0.6568,-1,-1,-1
514,299,1484.25,416.57,120.77,534.37,0.5940,-1,-1,-1
514,303,569.80,445.86,29.91,87.45,0.5265,-1,-1,-1
514,316,1100.62,444.12,55.73,146.59,0.3044,-1,-1,-1
514,322,544.02,447.15,28.37,85.71,0.2571,-1,-1,-1
514,329,878.04,413.13,76.70,284.74,0.5091,-1,-1,-1
514,333,635.58,457.51,36.40,86.11,0.2393,-1,-1,-1
514,335,673.61,456.32,26.49,84.79,0.1882,-1,-1,-1
515,145,693.72,451.63,38.39,124.61,0.4616,-1,-1,-1
515,193,1044.59,451.11,105.85,226.64,0.6780,-1,-1,-1
515,205,902.16,443.11,155.63,280.81,0.7431,-1,-1,-1
515,220,725.80,439.11,110.92,256.79,0.7253,-1,-1,-1
515,248,1321.86,417.62,251.63,649.60,0.8440,-1,-1,-1
515,263,1819.70,388.77,99.78,518.61,0.7929,-1,-1,-1
515,270,1565.99,373.59,245.89,680.62,0.5283,-1,-1,-1
515,291,37.00,477.58,145.84,259.51,0.6997,-1,-1,-1
515,299,1488.43,415.06,127.93,520.65,0.5201,-1,-1,-1
515,303,569.42,446.21,30.60,87.73,0.4837,-1,-1,-1
515,304,533.21,451.29,33.11,80.31,0.1712,-1,-1,-1
515,316,1099.04,450.41,56.24,141.11,0.2805,-1,-1,-1
515,322,549.13,446.84,24.72,85.93,0.2283,-1,-1,-1
515,329,875.69,420.29,74.36,278.06,0.5766,-1,-1,-1
515,333,635.91,456.77,35.81,87.96,0.2367,-1,-1,-1
516,145,692.36,449.69,38.16,126.47,0.4896,-1,-1,-1
516,193,1048.63,450.27,97.61,225.18,0.5775,-1,-1,-1
516,205,906.41,437.50,151.50,283.51,0.7598,-1,-1,-1
516,220,731.66,434.92,106.92,260.34,0.7483,-1,-1,-1
516,248,1321.47,423.03,256.51,646.51,0.8307,-1,-1,-1
516,263,1822.41,387.76,96.48,527.43,0.7578,-1,-1,-1
516,270,1560.77,375.11,282.56,684.28,0.6064,-1,-1,-1
516,291,21.59,478.78,149.46,259.74,0.7054,-1,-1,-1
516,299,1495.35,414.63,129.85,513.80,0.4165,-1,-1,-1
516,303,568.90,445.64,31.60,89.67,0.5029,-1,-1,-1
516,316,1104.75,453.62,51.15,139.93,0.2907,-1,-1,-1
516,322,552.11,446.54,24.24,86.88,0.1804,-1,-1,-1
516,329,877.46,418.50,79.96,282.99,0.5690,-1,-1,-1
516,333,634.93,456.23,33.96,90.30,0.1937,-1,-1,-1
516,335,673.08,455.38,28.41,92.88,0.1519,-1,-1,-1
517,145,684.67,445.90,44.12,129.89,0.4908,-1,-1,-1
517,193,1048.75,450.23,100.98,226.16,0.5534,-1,-1,-1
517,205,910.31,437.38,146.12,284.78,0.7689,-1,-1,-1
517,220,735.15,439.99,105.54,254.57,0.7290,-1,-1,-1
517,248,1322.00,424.58,260.95,644.88,0.8205,-1,-1,-1
517,263,1834.04,392.32,85.39,512.65,0.6981,-1,-1,-1
517,270,1573.51,377.75,276.02,690.73,0.4329,-1,-1,-1
517,291,13.02,493.81,148.69,245.02,0.5800,-1,-1,-1
517,299,1501.39,409.69,131.72,507.02,0.3990,-1,-1,-1
517,303,567.87,444.37,31.97,91.49,0.4722,-1,-1,-1
517,316,1105.73,442.36,52.56,149.25,0.3435,-1,-1,-1
517,322,546.22,446.56,27.08,87.06,0.2087,-1,-1,-1
517,329,879.36,424.66,84.31,280.22,0.5797,-1,-1,-1
517,333,638.43,455.03,35.14,91.08,0.1770,-1,-1,-1
517,334,1161.75,437.06,40.69,93.22,0.1551,-1,-1,-1
518,145,681.47,448.37,45.18,125.39,0.4472,-1,-1,-1
518,193,1047.76,460.47,104.65,217.65,0.5708,-1,-1,-1
518,205,913.97,434.87,143.16,288.05,0.7866,-1,-1,-1
518,220,740.94,431.41,99.75,261.71,0.7799,-1,-1,-1
518,248,1327.26,417.59,262.27,650.33,0.8205,-1,-1,-1
518,263,1842.16,394.78,77.20,511.54,0.6629,-1,-1,-1
518,270,1576.27,378.08,274.85,692.26,0.4235,-1,-1,-1
518,291,2.89,480.45,149.80,258.62,0.6834,-1,-1,-1
518,299,1511.93,415.58,127.10,613.97,0.3616,-1,-1,-1
518,303,570.00,446.64,30.53,88.54,0.4537,-1,-1,-1
518,316,1109.83,439.26,53.47,151.89,0.2129,-1,-1,-1
518,322,544.99,447.53,29.21,85.96,0.1673,-1,-1,-1
518,329,878.95,416.47,79.64,287.88,0.6177,-1,-1,-1
518,333,639.24,456.89,36.97,90.23,0.1891,-1,-1,-1
518,335,674.84,454.19,30.59,96.85,0.1525,-1,-1,-1
519,145,678.54,447.90,45.51,125.78,0.5497,-1,-1,-1
519,193,1049.92,449.33,101.00,227.86,0.5336,-1,-1,-1
519,205,917.03,440.95,140.72,279.31,0.6556,-1,-1,-1
519,220,743.72,432.22,99.98,260.40,0.7721,-1,-1,-1
519,248,1329.51,420.61,260.80,646.78,0.7951,-1,-1,-1
519,263,1852.39,393.51,67.21,491.82,0.5247,-1,-1,-1
519,270,1574.43,381.27,314.17,689.01,0.6568,-1,-1,-1
519,291,-2.66,490.20,146.76,249.95,0.6142,-1,-1,-1
519,299,1517.22,414.11,123.11,641.16,0.4692,-1,-1,-1
519,303,570.72,450.09,29.77,85.74,0.4616,-1,-1,-1
519,316,1107.85,441.48,50.40,151.46,0.2876,-1,-1,-1
519,322,543.26,450.82,29.55,83.15,0.1769,-1,-1,-1
519,329,879.38,431.99,78.85,268.91,0.5925,-1,-1,-1
519,333,639.93,455.37,33.58,92.20,0.2629,-1,-1,-1
520,145,680.64,448.44,43.65,124.24,0.5479,-1,-1,-1
520,193,1049.47,455.77,101.45,221.89,0.5671,-1,-1,-1
520,205,931.12,446.22,132.61,273.84,0.6576,-1,-1,-1
520,220,750.40,430.13,92.70,260.52,0.7279,-1,-1,-1
520,248,1334.91,417.81,253.22,649.76,0.7827,-1,-1,-1
520,263,1867.81,396.23,51.97,478.50,0.5434,-1,-1,-1
520,270,1580.01,380.23,247.82,691.33,0.5518,-1,-1,-1
520,291,-6.23,480.40,149.18,263.01,0.5351,-1,-1,-1
520,299,1519.60,416.44,136.14,542.21,0.4470,-1,-1,-1
520,303,571.01,449.54,29.47,86.35,0.4256,-1,-1,-1
520,316,1111.35,435.49,53.75,155.56,0.1776,-1,-1,-1
520,322,540.89,450.64,31.06,83.66,0.2201,-1,-1,-1
520,329,881.31,435.23,78.29,263.83,0.6392,-1,-1,-1
520,333,642.01,456.32,33.70,91.66,0.2624,-1,-1,-1
521,145,680.34,451.11,41.85,122.53,0.5131,-1,-1,-1
521,193,1052.23,438.81,97.25,238.33,0.6208,-1,-1,-1
521,205,938.24,445.18,127.96,274.65,0.6325,-1,-1,-1
521,220,757.50,431.22,87.24,259.41,0.7424,-1,-1,-1
521,248,1339.86,414.67,244.99,651.95,0.8273,-1,-1,-1
521,263,1867.25,389.40,51.60,453.67,0.3687,-1,-1,-1
521,270,1576.93,380.93,333.66,684.30,0.6124,-1,-1,-1
521,291,-1.66,480.28,126.86,268.72,0.4948,-1,-1,-1
521,299,1525.90,418.97,139.28,523.07,0.4988,-1,-1,-1
521,303,571.35,453.23,29.17,81.77,0.4259,-1,-1,-1
521,316,1112.49,436.07,51.61,155.44,0.1949,-1,-1,-1
521,322,543.22,452.92,29.12,80.96,0.2273,-1,-1,-1
521,329,881.72,432.04,80.50,268.11,0.6335,-1,-1,-1
521,333,646.77,457.99,34.33,88.54,0.2366,-1,-1,-1
521,338,716.88,451.56,35.58,86.91,0.1849,-1,-1,-1
522,145,677.76,448.81,44.00,124.57,0.5587,-1,-1,-1
522,193,1053.77,443.30,97.04,234.79,0.6234,-1,-1,-1
522,205,951.24,440.99,118.31,278.32,0.6701,-1,-1,-1
522,220,767.84,433.49,77.66,254.68,0.7153,-1,-1,-1
522,248,1345.92,412.02,248.07,653.99,0.8022,-1,-1,-1
522,270,1609.15,376.85,303.05,576.25,0.6272,-1,-1,-1
522,291,0.35,476.81,105.39,269.13,0.4966,-1,-1,-1
522,299,1531.23,416.48,145.54,536.21,0.4881,-1,-1,-1
522,303,572.55,454.57,28.37,80.12,0.3794,-1,-1,-1
522,322,541.90,456.02,29.91,78.35,0.2284,-1,-1,-1
522,329,879.55,431.29,85.88,270.16,0.6422,-1,-1,-1
522,333,648.56,458.67,31.77,90.69,0.2331,-1,-1,-1
522,338,716.01,450.93,35.28,87.59,0.1802,-1,-1,-1
522,339,1866.30,476.80,53.00,179.43,0.1621,-1,-1,-1
523,145,675.20,448.38,45.76,126.13,0.5927,-1,-1,-1
523,193,1054.10,457.30,98.72,221.22,0.6440,-1,-1,-1
523,205,952.20,442.42,113.69,278.91,0.6811,-1,-1,-1
523,220,763.98,433.30,88.36,256.71,0.7168,-1,-1,-1
523,248,1353.23,412.13,244.33,655.01,0.7309,-1,-1,-1
523,270,1581.65,380.43,335.13,680.20,0.6031,-1,-1,-1
523,291,-6.54,510.97,108.74,247.70,0.3591,-1,-1,-1
523,299,1538.56,412.07,155.07,545.00,0.5178,-1,-1,-1
523,303,572.58,453.94,28.72,81.09,0.4010,-1,-1,-1
523,322,543.93,456.12,28.16,77.62,0.2175,-1,-1,-1
523,329,880.92,418.82,91.38,284.23,0.6479,-1,-1,-1
523,333,647.31,458.94,31.91,89.75,0.3083,-1,-1,-1
523,338,714.67,450.32,35.26,88.53,0.2455,-1,-1,-1
524,145,674.17,448.82,46.29,124.53,0.6099,-1,-1,-1
524,193,1059.41,457.39,94.39,219.99,0.6078,-1,-1,-1
524,205,967.42,443.36,101.36,276.15,0.6237,-1,-1,-1
524,220,767.07,430.80,89.65,259.54,0.7391,-1,-1,-1
524,248,1366.27,411.29,233.60,654.91,0.7126,-1,-1,-1
524,270,1586.34,373.72,333.53,694.57,0.7973,-1,-1,-1
524,291,0.57,524.84,77.75,238.23,0.2299,-1,-1,-1
524,299,1547.81,412.06,148.87,560.34,0.4785,-1,-1,-1
524,303,573.54,453.82,29.41,82.41,0.4091,-1,-1,-1
524,322,543.43,456.31,29.36,77.35,0.2431,-1,-1,-1
524,329,879.44,417.92,96.05,285.00,0.6635,-1,-1,-1
524,333,647.33,458.51,33.97,88.25,0.2505,-1,-1,-1
524,334,1161.44,436.57,39.37,97.60,0.1724,-1,-1,-1
524,338,713.43,450.29,37.37,89.88,0.2857,-1,-1,-1
525,145,674.60,452.40,43.74,120.44,0.6313,-1,-1,-1
525,193,1060.51,461.09,98.00,217.52,0.6283,-1,-1,-1
525,205,971.83,444.47,95.75,275.44,0.6575,-1,-1,-1
525,220,765.59,430.18,93.53,260.01,0.7484,-1,-1,-1
525,248,1385.55,411.44,218.18,656.67,0.7219,-1,-1,-1
525,270,1594.91,369.15,324.55,703.00,0.6822,-1,-1,-1
525,291,-4.07,510.84,79.00,233.82,0.3240,-1,-1,-1
525,299,1543.39,408.82,158.72,588.51,0.5920,-1,-1,-1
525,303,573.80,451.53,29.47,82.69,0.4429,-1,-1,-1
525,322,542.22,456.24,30.01,77.10,0.2480,-1,-1,-1
525,329,887.79,411.01,92.22,294.01,0.6531,-1,-1,-1
525,332,379.45,462.64,49.36,109.65,0.1876,-1,-1,-1
525,333,642.64,455.87,34.06,93.51,0.2574,-1,-1,-1
525,334,1160.44,437.30,42.63,98.21,0.1733,-1,-1,-1
525,338,714.68,450.28,34.41,89.36,0.3856,-1,-1,-1
526,145,670.70,451.14,47.69,120.82,0.5834,-1,-1,-1
526,193,1064.42,462.61,97.85,214.32,0.6342,-1,-1,-1
526,205,988.43,445.38,77.24,277.78,0.6581,-1,-1,-1
526,220,765.83,436.21,98.29,253.43,0.7174,-1,-1,-1
526,248,1408.40,410.61,200.75,652.69,0.6749,-1,-1,-1
526,270,1598.94,360.33,319.87,710.90,0.8162,-1,-1,-1
526,291,-7.09,516.47,75.95,178.57,0.2949,-1,-1,-1
526,299,1547.37,408.99,161.48,589.49,0.5765,-1,-1,-1
526,303,573.60,451.10,30.20,82.71,0.4097,-1,-1,-1
526,322,542.10,455.32,30.45,77.66,0.2426,-1,-1,-1
526,329,897.14,411.37,84.94,295.31,0.6753,-1,-1,-1
526,332,379.17,462.65,49.87,109.65,0.1822,-1,-1,-1
526,334,1161.00,438.82,43.15,99.99,0.2025,-1,-1,-1
526,338,714.95,450.23,33.80,89.19,0.4110,-1,-1,-1
527,145,668.75,455.29,48.45,116.96,0.5882,-1,-1,-1
527,193,1070.21,458.90,97.43,216.24,0.6215,-1,-1,-1
527,205,994.54,449.36,78.02,273.69,0.7052,-1,-1,-1
527,220,770.24,436.51,108.74,253.10,0.6895,-1,-1,-1
527,248,1427.16,414.39,194.17,653.23,0.7507,-1,-1,-1
527,270,1599.60,367.43,318.93,704.33,0.6965,-1,-1,-1
527,291,-4.58,541.31,65.87,137.86,0.3601,-1,-1,-1
527,299,1564.44,409.02,153.16,589.67,0.6799,-1,-1,-1
527,303,573.68,450.94,29.45,82.54,0.4247,-1,-1,-1
527,322,541.04,455.35,30.90,77.61,0.3010,-1,-1,-1
527,329,899.46,407.56,84.32,298.41,0.7362,-1,-1,-1
527,332,379.40,462.80,49.39,109.48,0.1970,-1,-1,-1
527,338,714.89,449.82,33.51,89.34,0.4911,-1,-1,-1
528,145,669.20,456.45,47.06,114.32,0.6127,-1,-1,-1
528,193,1077.77,452.08,85.66,222.48,0.6411,-1,-1,-1
528,205,995.47,445.15,85.93,279.89,0.7121,-1,-1,-1
528,220,789.55,437.50,92.36,249.95,0.5981,-1,-1,-1
528,248,1438.61,411.95,180.34,653.28,0.6916,-1,-1,-1
528,270,1602.20,391.11,318.23,680.82,0.7342,-1,-1,-1
528,291,-2.53,546.63,56.12,111.63,0.3471,-1,-1,-1
528,299,1570.56,410.86,164.41,589.10,0.7151,-1,-1,-1
528,303,573.58,450.56,30.87,84.03,0.4263,-1,-1,-1
528,319,415.40,465.59,42.92,107.23,0.2366,-1,-1,-1
528,322,543.11,455.60,29.10,78.67,0.1944,-1,-1,-1
528,329,904.78,412.65,78.93,293.89,0.7279,-1,-1,-1
528,332,381.52,462.72,48.61,110.32,0.2494,-1,-1,-1
528,338,714.15,451.35,34.80,87.64,0.4950,-1,-1,-1
529,145,665.49,453.45,54.22,117.67,0.5692,-1,-1,-1
529,193,1086.88,450.27,72.91,223.31,0.5326,-1,-1,-1
529,205,999.02,442.11,95.26,279.54,0.7067,-1,-1,-1
529,220,779.73,435.81,128.42,252.52,0.6294,-1,-1,-1
529,248,1443.99,413.08,182.81,654.84,0.7813,-1,-1,-1
529,270,1689.83,384.39,231.02,576.31,0.5806,-1,-1,-1
529,291,-0.05,546.43,41.07,110.05,0.3693,-1,-1,-1
529,299,1578.34,412.71,164.33,590.87,0.7308,-1,-1,-1
529,303,573.42,449.97,31.15,84.76,0.4569,-1,-1,-1
529,319,415.08,465.57,43.15,107.13,0.2085,-1,-1,-1
529,322,542.45,451.02,30.07,83.02,0.2399,-1,-1,-1
529,329,915.27,405.83,71.75,300.12,0.7331,-1,-1,-1
529,332,381.28,465.94,47.95,107.08,0.1920,-1,-1,-1
529,338,712.14,450.64,27.82,88.31,0.4923,-1,-1,-1
530,145,663.64,454.75,51.75,115.86,0.5688,-1,-1,-1
530,193,1093.52,447.80,68.96,226.73,0.5649,-1,-1,-1
530,205,1002.26,439.24,98.36,279.28,0.7164,-1,-1,-1
530,220,792.01,434.69,111.43,252.34,0.6852,-1,-1,-1
530,248,1448.23,414.62,182.07,654.15,0.7930,-1,-1,-1
530,270,1703.08,366.87,215.76,578.40,0.5903,-1,-1,-1
530,299,1579.57,412.11,163.59,595.97,0.6780,-1,-1,-1
530,303,573.48,448.86,31.05,86.62,0.4600,-1,-1,-1
530,319,416.25,463.86,41.03,107.36,0.2071,-1,-1,-1
530,322,542.37,454.46,29.56,80.89,0.2143,-1,-1,-1
530,329,917.67,404.08,71.51,302.18,0.7550,-1,-1,-1
530,332,380.93,468.36,47.86,105.63,0.2230,-1,-1,-1
530,338,711.42,449.94,29.54,88.51,0.4386,-1,-1,-1
531,145,663.62,454.30,48.52,113.99,0.5485,-1,-1,-1
531,193,1092.17,451.59,72.90,225.44,0.5846,-1,-1,-1
531,205,1006.08,443.70,102.56,274.53,0.7753,-1,-1,-1
531,220,784.28,434.09,116.61,253.48,0.7534,-1,-1,-1
531,248,1449.32,413.29,193.78,653.30,0.8098,-1,-1,-1
531,270,1701.07,364.74,218.41,574.16,0.5021,-1,-1,-1
531,299,1586.90,414.10,159.98,598.68,0.7199,-1,-1,-1
531,303,572.89,448.45,31.49,88.37,0.4674,-1,-1,-1
531,322,543.44,452.79,28.86,82.22,0.2547,-1,-1,-1
531,329,919.27,402.80,72.88,304.10,0.7637,-1,-1,-1
531,338,712.84,450.31,30.49,89.28,0.3999,-1,-1,-1
531,344,700.37,455.05,23.84,88.06,0.1576,-1,-1,-1
532,145,665.07,451.84,43.61,117.62,0.5465,-1,-1,-1
532,193,1096.14,452.64,61.21,224.00,0.5167,-1,-1,-1
532,205,1007.02,443.96,110.19,274.92,0.8030,-1,-1,-1
532,220,787.56,435.58,117.48,252.22,0.7539,-1,-1,-1
532,248,1451.71,412.09,206.35,654.62,0.7968,-1,-1,-1
532,270,1643.06,366.73,275.67,703.38,0.7801,-1,-1,-1
532,299,1588.66,409.39,168.20,616.48,0.7540,-1,-1,-1
532,303,571.59,448.03,32.35,89.26,0.4836,-1,-1,-1
532,319,415.98,465.91,41.59,105.40,0.1602,-1,-1,-1
532,322,543.29,452.54,28.30,82.60,0.1944,-1,-1,-1
532,329,922.26,401.91,75.52,302.68,0.7301,-1,-1,-1
532,332,381.67,471.11,47.58,102.80,0.1747,-1,-1,-1
532,338,714.40,450.85,30.61,89.57,0.4135,-1,-1,-1
532,344,700.20,454.89,24.22,86.57,0.1526,-1,-1,-1
533,145,664.08,452.09,40.61,118.31,0.5588,-1,-1,-1
533,193,1098.58,445.61,67.19,232.80,0.5587,-1,-1,-1
533,205,1002.47,445.66,118.01,272.13,0.7601,-1,-1,-1
533,220,793.77,435.61,111.92,251.84,0.7409,-1,-1,-1
533,248,1453.51,411.19,214.08,654.75,0.8244,-1,-1,-1
533,270,1662.95,367.12,256.53,710.84,0.8252,-1,-1,-1
533,299,1596.31,406.82,178.69,625.88,0.7712,-1,-1,-1
533,303,572.99,446.74,33.29,90.41,0.3922,-1,-1,-1
533,319,415.97,467.35,41.69,104.32,0.1536,-1,-1,-1
533,322,541.59,454.38,29.84,81.13,0.2110,-1,-1,-1
533,329,920.91,404.30,82.72,300.69,0.7076,-1,-1,-1
533,332,381.47,471.17,47.53,102.37,0.1820,-1,-1,-1
533,338,716.54,452.73,27.87,88.25,0.3789,-1,-1,-1
533,344,699.67,455.06,25.85,86.24,0.1777,-1,-1,-1
534,145,661.21,450.51,41.93,118.88,0.6098,-1,-1,-1
534,193,1093.28,447.82,70.13,230.32,0.5673,-1,-1,-1
534,205,1005.50,450.47,130.42,269.04,0.7155,-1,-1,-1
534,220,800.99,436.21,114.71,251.39,0.7641,-1,-1,-1
534,248,1454.08,410.85,214.54,655.57,0.8335,-1,-1,-1
534,270,1721.01,369.38,200.10,633.25,0.6663,-1,-1,-1
534,299,1596.37,412.42,193.89,613.59,0.7506,-1,-1,-1
534,303,575.29,447.48,35.04,90.14,0.4190,-1,-1,-1
534,319,417.40,469.45,42.53,102.24,0.1889,-1,-1,-1
534,322,543.78,452.45,28.45,82.62,0.2482,-1,-1,-1
534,329,918.90,408.22,88.46,298.87,0.7235,-1,-1,-1
534,332,381.06,468.39,47.32,104.97,0.2393,-1,-1,-1
534,338,715.57,452.32,28.04,88.55,0.4161,-1,-1,-1
534,344,699.86,454.98,26.55,85.60,0.1924,-1,-1,-1
535,145,660.23,449.60,42.07,119.93,0.6462,-1,-1,-1
535,193,1100.02,444.04,75.01,232.01,0.4566,-1,-1,-1
535,205,1006.34,443.21,134.02,279.70,0.6861,-1,-1,-1
535,220,797.21,438.65,121.16,248.79,0.7656,-1,-1,-1
535,248,1454.24,412.50,213.18,654.32,0.8322,-1,-1,-1
535,270,1716.34,373.77,202.91,694.74,0.6249,-1,-1,-1
535,299,1607.07,409.09,180.07,612.32,0.7676,-1,-1,-1
535,303,575.15,445.28,35.23,92.00,0.4702,-1,-1,-1
535,319,415.55,463.94,42.89,107.34,0.1642,-1,-1,-1
535,322,543.31,450.06,29.49,85.53,0.2756,-1,-1,-1
535,329,918.28,428.99,96.77,278.63,0.7378,-1,-1,-1
535,332,381.57,468.33,48.86,105.36,0.2136,-1,-1,-1
535,338,714.87,451.56,28.41,88.90,0.4227,-1,-1,-1
535,344,699.03,453.48,28.56,84.64,0.2079,-1,-1,-1
536,145,659.34,449.57,41.62,118.99,0.5695,-1,-1,-1
536,193,1103.96,445.18,70.26,228.60,0.3848,-1,-1,-1
536,205,1004.41,449.88,140.27,271.14,0.7138,-1,-1,-1
536,220,801.06,436.45,116.20,249.51,0.7335,-1,-1,-1
536,248,1455.03,413.68,218.13,653.80,0.8186,-1,-1,-1
536,270,1745.54,367.83,174.14,706.92,0.8056,-1,-1,-1
536,299,1609.24,408.14,180.29,620.49,0.7377,-1,-1,-1
536,303,576.08,452.11,33.88,87.37,0.3894,-1,-1,-1
536,319,417.21,466.35,43.57,105.18,0.2210,-1,-1,-1
536,322,543.75,457.44,29.63,79.85,0.2383,-1,-1,-1
536,329,912.86,428.91,103.37,278.27,0.7407,-1,-1,-1
536,332,382.65,467.56,45.98,106.95,0.2928,-1,-1,-1
536,338,713.70,449.51,29.13,90.75,0.4320,-1,-1,-1
536,344,698.44,454.13,26.27,85.24,0.2023,-1,-1,-1
537,145,658.85,449.85,41.87,119.17,0.6080,-1,-1,-1
537,193,1109.62,457.23,64.69,217.77,0.4645,-1,-1,-1
537,205,1004.70,454.90,142.57,266.23,0.6610,-1,-1,-1
537,220,803.83,436.26,114.48,250.44,0.7348,-1,-1,-1
537,248,1456.80,414.78,232.30,651.41,0.7854,-1,-1,-1
537,270,1760.94,370.44,158.67,705.54,0.8078,-1,-1,-1
537,299,1614.52,407.15,183.45,627.37,0.5622,-1,-1,-1
537,303,579.13,457.65,31.28,81.58,0.3423,-1,-1,-1
537,319,416.69,460.97,40.86,111.05,0.2040,-1,-1,-1
537,322,545.27,461.82,30.11,75.27,0.2603,-1,-1,-1
537,329,915.47,435.96,103.30,269.29,0.7106,-1,-1,-1
537,332,382.17,466.29,46.87,108.28,0.2889,-1,-1,-1
537,338,711.64,449.32,30.51,91.31,0.4630,-1,-1,-1
537,344,699.25,453.35,27.80,84.73,0.2302,-1,-1,-1
537,347,1006.07,450.92,50.37,121.76,0.1703,-1,-1,-1
538,145,657.44,451.40,42.28,118.31,0.5810,-1,-1,-1
538,193,1105.50,449.75,67.55,226.75,0.4766,-1,-1,-1
538,205,1009.76,449.82,135.21,271.31,0.7037,-1,-1,-1
538,220,803.89,434.64,117.72,251.66,0.7536,-1,-1,-1
538,248,1458.02,413.58,230.32,653.23,0.7970,-1,-1,-1
538,270,1767.13,370.68,152.50,706.22,0.8156,-1,-1,-1
538,299,1618.22,409.11,191.71,621.59,0.6291,-1,-1,-1
538,303,579.89,458.30,31.33,80.43,0.3853,-1,-1,-1
538,319,416.57,462.23,41.90,110.72,0.2369,-1,-1,-1
538,322,544.73,462.03,30.21,74.27,0.2711,-1,-1,-1
538,329,917.69,425.06,103.76,282.75,0.7378,-1,-1,-1
538,332,380.93,466.42,47.50,109.05,0.2869,-1,-1,-1
538,338,711.21,448.82,32.30,91.01,0.4798,-1,-1,-1
538,344,697.47,454.33,28.83,83.28,0.2204,-1,-1,-1
539,145,656.57,452.15,41.52,117.59,0.5734,-1,-1,-1
539,193,1114.48,446.02,64.26,230.78,0.4291,-1,-1,-1
539,205,1010.33,439.98,134.79,281.09,0.7102,-1,-1,-1
539,220,807.89,433.98,115.17,254.46,0.7495,-1,-1,-1
539,248,1460.05,412.96,233.63,654.28,0.7980,-1,-1,-1
539,270,1776.97,383.09,142.87,694.61,0.7907,-1,-1,-1
539,299,1623.17,408.67,197.65,614.28,0.6961,-1,-1,-1
539,303,579.91,458.46,31.37,79.82,0.3891,-1,-1,-1
539,319,415.91,461.71,42.58,111.41,0.2049,-1,-1,-1
539,322,544.67,461.77,31.27,74.25,0.2603,-1,-1,-1
539,329,920.62,423.11,102.02,284.96,0.7460,-1,-1,-1
539,332,381.21,467.58,46.69,108.06,0.2554,-1,-1,-1
539,338,713.62,449.50,28.60,91.24,0.4762,-1,-1,-1
539,344,695.25,454.99,28.41,83.50,0.1764,-1,-1,-1
540,145,655.27,453.43,37.29,115.98,0.6163,-1,-1,-1
540,193,1110.99,448.02,65.31,230.24,0.3886,-1,-1,-1
540,205,1011.47,439.03,134.26,283.21,0.6798,-1,-1,-1
540,220,814.16,433.26,109.79,252.90,0.7279,-1,-1,-1
540,248,1464.39,414.50,231.95,653.95,0.7923,-1,-1,-1
540,270,1782.26,415.88,137.56,659.04,0.7930,-1,-1,-1
540,299,1633.97,408.42,189.49,608.65,0.7275,-1,-1,-1
540,303,577.71,458.27,33.67,80.09,0.4299,-1,-1,-1
540,319,416.41,464.92,42.30,107.39,0.1580,-1,-1,-1
540,322,543.08,461.29,33.05,74.37,0.2312,-1,-1,-1
540,329,920.04,424.16,107.93,284.19,0.7698,-1,-1,-1
540,332,379.74,469.85,49.78,104.72,0.2240,-1,-1,-1
540,338,712.78,449.03,26.87,91.83,0.4969,-1,-1,-1
540,344,689.76,456.38,25.51,83.48,0.2071,-1,-1,-1
541,145,655.39,454.05,37.00,116.13,0.5564,-1,-1,-1
541,193,1116.37,447.79,61.42,230.14,0.4595,-1,-1,-1
541,205,1023.26,436.32,121.55,286.48,0.6585,-1,-1,-1
541,220,815.29,432.23,111.33,254.58,0.7385,-1,-1,-1
541,248,1467.96,411.75,241.22,660.22,0.7713,-1,-1,-1
541,270,1787.44,387.45,132.48,690.87,0.7728,-1,-1,-1
541,299,1640.82,406.65,189.32,613.27,0.7708,-1,-1,-1
541,303,577.49,458.50,33.28,80.21,0.3895,-1,-1,-1
541,319,416.23,467.93,43.19,103.93,0.1520,-1,-1,-1
541,322,542.97,460.79,32.64,75.05,0.2737,-1,-1,-1
541,329,921.62,418.94,122.91,289.16,0.7208,-1,-1,-1
541,332,377.41,471.25,52.99,102.38,0.1873,-1,-1,-1
541,338,712.89,449.57,27.22,93.46,0.5286,-1,-1,-1
541,344,691.06,456.48,24.14,84.03,0.2080,-1,-1,-1
542,145,655.69,454.69,36.92,115.09,0.5637,-1,-1,-1
542,193,1118.74,453.18,60.47,222.72,0.5022,-1,-1,-1
542,205,1030.77,432.99,112.75,288.87,0.6439,-1,-1,-1
542,220,820.49,434.39,107.41,252.69,0.7248,-1,-1,-1
542,248,1472.22,410.94,267.67,659.98,0.7628,-1,-1,-1
542,270,1797.34,385.09,122.69,693.88,0.7392,-1,-1,-1
542,299,1644.24,405.46,191.01,615.88,0.6296,-1,-1,-1
542,303,578.34,459.16,33.52,79.79,0.4262,-1,-1,-1
542,322,545.13,461.36,31.18,74.71,0.2910,-1,-1,-1
542,329,921.60,413.56,123.25,295.62,0.7281,-1,-1,-1
542,332,377.47,471.98,52.00,101.00,0.1565,-1,-1,-1
542,338,712.84,449.67,27.94,96.03,0.5136,-1,-1,-1
542,344,692.36,456.77,23.52,85.80,0.1655,-1,-1,-1
543,145,655.79,455.72,38.12,114.72,0.5968,-1,-1,-1
543,193,1122.17,448.65,57.23,226.00,0.3822,-1,-1,-1
543,205,1047.16,437.11,99.06,283.81,0.5750,-1,-1,-1
543,220,826.43,432.24,101.59,253.71,0.6637,-1,-1,-1
543,248,1482.77,410.92,253.30,657.59,0.6021,-1,-1,-1
543,270,1805.60,387.77,114.45,692.39,0.6776,-1,-1,-1
543,299,1647.22,403.97,194.85,614.06,0.5379,-1,-1,-1
543,303,577.15,458.04,33.12,80.60,0.3943,-1,-1,-1
543,322,545.19,460.40,29.89,75.56,0.2853,-1,-1,-1
543,329,920.97,424.53,119.32,282.34,0.7433,-1,-1,-1
543,338,712.00,449.07,29.30,96.44,0.5185,-1,-1,-1
543,344,695.42,456.48,25.92,86.19,0.1755,-1,-1,-1
544,145,655.12,454.95,39.13,115.04,0.6255,-1,-1,-1
544,193,1122.70,450.67,60.39,226.67,0.3416,-1,-1,-1
544,205,1051.25,436.69,97.96,282.99,0.5858,-1,-1,-1
544,220,836.62,433.75,93.42,251.56,0.6829,-1,-1,-1
544,248,1497.29,411.23,333.21,657.81,0.5409,-1,-1,-1
544,270,1824.03,383.10,95.99,576.24,0.6721,-1,-1,-1
544,299,1648.51,406.06,193.81,594.84,0.4531,-1,-1,-1
544,303,577.50,456.13,33.29,81.75,0.4465,-1,-1,-1
544,319,416.88,468.28,42.48,101.82,0.1596,-1,-1,-1
544,322,544.62,459.21,30.73,77.19,0.3085,-1,-1,-1
544,329,920.80,435.48,124.64,271.01,0.7076,-1,-1,-1
544,332,377.94,471.63,51.23,101.23,0.1676,-1,-1,-1
544,338,712.23,448.44,29.13,95.92,0.5113,-1,-1,-1
544,344,695.74,455.86,26.82,86.04,0.1854,-1,-1,-1
544,350,1040.45,435.15,51.18,134.68,0.1555,-1,-1,-1
545,145,655.39,452.31,42.35,116.19,0.5942,-1,-1,-1
545,193,1117.96,458.30,71.33,222.63,0.2942,-1,-1,-1
545,205,1068.06,434.92,91.77,286.22,0.4626,-1,-1,-1
545,220,847.31,435.98,87.16,245.71,0.6678,-1,-1,-1
545,248,1519.30,410.19,288.41,655.97,0.5707,-1,-1,-1
545,270,1837.55,464.06,82.57,494.25,0.5115,-1,-1,-1
545,299,1652.66,407.47,191.92,619.40,0.5733,-1,-1,-1
545,303,579.01,454.58,33.25,83.43,0.3947,-1,-1,-1
545,322,543.94,456.10,30.41,80.21,0.3372,-1,-1,-1
545,329,925.12,432.88,126.46,274.12,0.6997,-1,-1,-1
545,338,711.74,447.96,31.38,96.96,0.5503,-1,-1,-1
545,344,695.15,453.94,30.94,86.69,0.1834,-1,-1,-1
545,350,1039.34,436.23,57.57,128.26,0.1560,-1,-1,-1
546,145,655.54,453.09,39.52,115.03,0.5905,-1,-1,-1
546,193,1123.93,455.18,66.69,226.34,0.3774,-1,-1,-1
546,205,1076.83,435.96,81.16,280.86,0.5182,-1,-1,-1
546,220,864.49,433.41,74.48,246.51,0.7014,-1,-1,-1
546,248,1534.85,409.73,208.18,656.16,0.5447,-1,-1,-1
546,270,1821.22,480.18,97.38,588.86,0.5891,-1,-1,-1
546,299,1658.39,406.20,189.76,626.69,0.5453,-1,-1,-1
546,303,579.42,451.42,33.19,85.42,0.4180,-1,-1,-1
546,322,543.92,449.82,30.20,85.97,0.3972,-1,-1,-1
546,329,931.06,432.94,120.49,272.15,0.7098,-1,-1,-1
546,338,713.32,448.12,30.09,97.47,0.5189,-1,-1,-1
546,344,694.30,453.88,31.19,86.55,0.1680,-1,-1,-1
547,145,654.00,454.69,39.95,112.46,0.6225,-1,-1,-1
547,193,1127.08,451.06,63.77,227.62,0.2729,-1,-1,-1
547,205,1093.69,434.33,87.74,270.30,0.4562,-1,-1,-1
547,220,868.45,436.17,71.02,243.83,0.6615,-1,-1,-1
547,248,1544.43,407.80,201.23,655.02,0.6398,-1,-1,-1
547,270,1820.95,493.98,98.33,584.39,0.6469,-1,-1,-1
547,299,1664.60,412.46,188.10,600.64,0.6545,-1,-1,-1
547,303,579.27,452.37,33.82,85.36,0.4720,-1,-1,-1
547,322,544.60,449.20,30.50,87.06,0.3811,-1,-1,-1
547,329,937.11,427.20,115.05,279.08,0.6844,-1,-1,-1
547,332,378.67,472.21,51.62,100.14,0.1554,-1,-1,-1
547,338,713.41,448.38,29.34,96.72,0.5016,-1,-1,-1
547,344,693.63,455.72,25.45,85.75,0.1717,-1,-1,-1
548,145,653.75,453.91,36.94,112.23,0.6777,-1,-1,-1
548,193,1126.64,452.39,65.39,231.93,0.1699,-1,-1,-1
548,205,1090.94,433.62,94.47,274.88,0.4714,-1,-1,-1
548,220,870.38,434.91,71.19,242.44,0.6323,-1,-1,-1
548,248,1548.07,408.71,193.21,661.77,0.7210,-1,-1,-1
548,270,1829.99,451.27,89.14,627.97,0.5214,-1,-1,-1
548,299,1668.35,411.92,191.53,600.01,0.7370,-1,-1,-1
548,303,579.97,454.26,33.86,82.97,0.4930,-1,-1,-1
548,322,545.47,449.70,31.56,86.75,0.4366,-1,-1,-1
548,329,937.56,426.64,116.78,278.66,0.6609,-1,-1,-1
548,332,377.63,472.20,53.20,100.60,0.1511,-1,-1,-1
548,338,714.23,448.54,28.52,96.57,0.4947,-1,-1,-1
548,344,696.31,456.48,25.35,85.08,0.1771,-1,-1,-1
549,145,652.13,454.58,38.96,110.03,0.6687,-1,-1,-1
549,193,1115.70,441.43,75.96,245.90,0.2869,-1,-1,-1
549,205,1081.81,439.39,86.45,280.69,0.4019,-1,-1,-1
549,220,873.77,437.72,73.30,243.80,0.6219,-1,-1,-1
549,248,1549.28,408.64,197.62,654.90,0.7540,-1,-1,-1
549,270,1833.43,425.83,85.55,653.84,0.3137,-1,-1,-1
549,299,1677.26,413.54,186.76,600.43,0.7193,-1,-1,-1
549,303,580.24,451.75,33.66,85.46,0.4403,-1,-1,-1
549,322,546.03,447.42,31.58,88.13,0.4116,-1,-1,-1
549,329,946.36,425.01,107.62,278.62,0.6543,-1,-1,-1
549,338,714.73,448.43,29.26,96.71,0.5574,-1,-1,-1
549,344,689.77,454.54,25.77,87.02,0.1621,-1,-1,-1
549,353,1859.17,395.21,59.44,255.55,0.2204,-1,-1,-1
550,145,652.99,455.20,37.25,108.78,0.6711,-1,-1,-1
550,205,1075.38,435.92,114.17,282.01,0.4614,-1,-1,-1
550,220,875.02,437.97,79.51,244.08,0.6219,-1,-1,-1
550,248,1551.09,409.55,196.02,655.38,0.7731,-1,-1,-1
550,299,1685.46,405.53,192.78,614.22,0.7342,-1,-1,-1
550,303,580.64,453.55,33.03,83.91,0.4525,-1,-1,-1
550,319,416.69,471.81,45.10,98.57,0.1533,-1,-1,-1
550,322,546.69,448.09,31.60,87.57,0.4038,-1,-1,-1
550,329,957.28,417.32,103.52,284.49,0.6229,-1,-1,-1
550,338,714.79,450.58,32.39,95.64,0.5144,-1,-1,-1
550,344,690.12,455.20,25.80,85.52,0.1696,-1,-1,-1
550,353,1854.69,397.16,65.22,257.22,0.1841,-1,-1,-1
550,355,1044.96,426.41,38.48,90.16,0.1512,-1,-1,-1
551,145,651.95,455.84,38.27,107.85,0.6459,-1,-1,-1
551,193,1122.31,437.92,76.86,257.47,0.2566,-1,-1,-1
551,205,1064.75,438.18,129.30,279.28,0.5119,-1,-1,-1
551,220,877.78,434.89,77.13,248.00,0.6446,-1,-1,-1
551,248,1554.23,410.19,202.08,660.00,0.7703,-1,-1,-1
551,299,1691.11,403.62,192.73,611.08,0.7085,-1,-1,-1
551,303,580.68,454.09,32.96,83.29,0.5141,-1,-1,-1
551,319,416.61,474.89,46.15,95.46,0.1693,-1,-1,-1
551,322,547.68,447.84,30.96,87.73,0.4035,-1,-1,-1
551,329,963.77,412.79,97.04,287.70,0.6150,-1,-1,-1
551,338,714.08,449.76,32.65,95.89,0.5347,-1,-1,-1
551,344,697.84,455.63,26.67,86.03,0.1638,-1,-1,-1
552,145,650.44,455.47,42.00,109.61,0.6135,-1,-1,-1
552,205,1081.71,436.95,119.04,283.86,0.5009,-1,-1,-1
552,220,884.90,432.30,75.60,251.63,0.6798,-1,-1,-1
552,248,1556.24,410.05,212.59,668.16,0.8020,-1,-1,-1
552,299,1696.98,404.16,189.67,609.19,0.7359,-1,-1,-1
552,303,580.38,452.54,33.44,84.62,0.5238,-1,-1,-1
552,319,417.31,478.90,46.47,89.52,0.1897,-1,-1,-1
552,322,547.40,445.43,31.31,89.46,0.4415,-1,-1,-1
552,329,973.10,416.98,84.65,281.05,0.6092,-1,-1,-1
552,338,714.99,449.61,32.88,96.27,0.5943,-1,-1,-1
552,344,697.82,455.05,27.60,87.26,0.1504,-1,-1,-1
552,355,1047.37,424.36,39.10,98.22,0.1575,-1,-1,-1
553,145,649.28,455.09,42.85,110.35,0.5778,-1,-1,-1
553,205,1085.46,436.78,105.62,284.67,0.4999,-1,-1,-1
553,220,885.86,432.99,84.69,249.93,0.7234,-1,-1,-1
553,248,1559.39,409.18,214.89,666.85,0.7906,-1,-1,-1
553,299,1701.79,403.41,198.89,616.70,0.6789,-1,-1,-1
553,303,579.97,452.59,34.00,85.07,0.5205,-1,-1,-1
553,319,416.95,482.57,45.83,86.27,0.1572,-1,-1,-1
553,322,547.04,445.64,30.64,90.23,0.4172,-1,-1,-1
553,329,987.62,420.25,75.31,274.38,0.6988,-1,-1,-1
553,338,715.68,448.69,34.55,96.16,0.5777,-1,-1,-1
553,355,1047.91,426.82,38.06,107.50,0.1855,-1,-1,-1
553,357,1198.14,437.25,36.82,112.23,0.2448,-1,-1,-1
554,145,646.78,455.16,41.07,109.62,0.4870,-1,-1,-1
554,205,1078.39,435.40,123.23,285.65,0.5785,-1,-1,-1
554,220,886.09,431.47,89.60,251.79,0.7365,-1,-1,-1
554,248,1559.03,409.63,302.65,660.92,0.5402,-1,-1,-1
554,299,1702.74,403.36,201.35,635.15,0.2825,-1,-1,-1
554,303,580.82,448.88,33.09,88.20,0.5267,-1,-1,-1
554,319,417.98,478.36,44.91,89.14,0.2344,-1,-1,-1
554,322,546.53,444.32,30.23,91.55,0.4496,-1,-1,-1
554,329,988.50,413.94,79.81,287.63,0.6596,-1,-1,-1
554,338,715.17,448.06,33.23,95.51,0.5863,-1,-1,-1
554,357,1196.58,433.57,39.01,117.16,0.2973,-1,-1,-1
555,145,645.60,456.61,41.27,107.39,0.4911,-1,-1,-1
555,205,1077.53,433.99,126.65,287.21,0.5958,-1,-1,-1
555,220,885.97,432.06,89.41,251.43,0.7327,-1,-1,-1
555,248,1560.51,408.62,254.66,661.43,0.6169,-1,-1,-1
555,299,1712.59,402.02,200.73,638.86,0.4120,-1,-1,-1
555,303,581.10,446.75,33.57,90.49,0.5427,-1,-1,-1
555,319,417.45,475.55,44.27,92.00,0.1811,-1,-1,-1
555,322,546.20,444.08,32.19,92.01,0.4765,-1,-1,-1
555,329,993.49,410.99,79.27,288.92,0.6794,-1,-1,-1
555,338,714.09,445.99,33.49,98.89,0.5749,-1,-1,-1
555,359,1724.72,404.30,190.09,339.18,0.1995,-1,-1,-1
556,145,643.82,457.27,42.45,107.11,0.5157,-1,-1,-1
556,205,1088.05,436.21,119.31,284.31,0.7182,-1,-1,-1
556,220,887.76,433.54,87.37,250.90,0.7682,-1,-1,-1
556,248,1559.37,406.62,270.79,660.34,0.5703,-1,-1,-1
556,299,1715.92,400.58,204.12,628.31,0.2023,-1,-1,-1
556,303,581.59,446.07,33.18,91.15,0.5004,-1,-1,-1
556,319,417.12,474.72,44.79,93.03,0.1576,-1,-1,-1
556,322,546.28,441.91,33.17,93.87,0.4542,-1,-1,-1
556,329,1000.17,411.33,82.18,288.19,0.7244,-1,-1,-1
556,338,714.73,446.30,33.41,100.16,0.5956,-1,-1,-1
556,359,1732.97,404.00,183.02,338.61,0.2880,-1,-1,-1
556,360,675.67,457.11,25.45,105.25,0.2830,-1,-1,-1
557,145,643.86,457.83,41.28,106.56,0.5426,-1,-1,-1
557,205,1089.08,438.02,116.83,282.19,0.7477,-1,-1,-1
557,220,890.11,435.68,89.89,248.62,0.7572,-1,-1,-1
557,248,1558.43,407.38,256.35,662.07,0.6842,-1,-1,-1
557,299,1715.19,399.72,199.96,649.81,0.3285,-1,-1,-1
557,303,580.81,446.77,34.16,91.21,0.5239,-1,-1,-1
557,319,417.38,474.60,44.70,93.76,0.2180,-1,-1,-1
557,322,545.92,440.84,33.87,96.34,0.4757,-1,-1,-1
557,329,992.78,425.17,93.00,270.78,0.6697,-1,-1,-1
557,338,713.82,446.03,34.31,101.80,0.6254,-1,-1,-1
557,359,1739.26,404.29,178.90,335.48,0.2657,-1,-1,-1
557,360,676.23,457.45,25.76,105.41,0.2807,-1,-1,-1
558,145,643.21,460.01,40.55,104.78,0.5470,-1,-1,-1
558,205,1092.29,437.32,115.47,281.47,0.8019,-1,-1,-1
558,220,890.95,436.28,87.75,247.71,0.7479,-1,-1,-1
558,248,1558.75,404.52,299.68,670.50,0.8042,-1,-1,-1
558,303,583.64,452.38,32.18,87.74,0.5485,-1,-1,-1
558,319,417.15,472.84,45.52,95.13,0.2102,-1,-1,-1
558,322,546.44,442.91,35.07,94.27,0.5029,-1,-1,-1
558,329,986.00,435.28,104.98,261.38,0.7064,-1,-1,-1
558,338,712.19,445.17,36.34,102.56,0.6491,-1,-1,-1
558,357,1198.19,443.42,39.65,112.39,0.2417,-1,-1,-1
558,359,1740.27,405.21,178.39,334.83,0.3369,-1,-1,-1
558,360,675.23,457.07,26.97,104.01,0.2747,-1,-1,-1
559,145,644.00,461.97,39.54,101.24,0.5366,-1,-1,-1
559,205,1092.01,433.88,120.18,283.84,0.8025,-1,-1,-1
559,220,889.70,437.24,91.43,246.91,0.7447,-1,-1,-1
559,248,1560.40,405.52,295.11,664.62,0.8006,-1,-1,-1
559,299,1746.75,398.96,173.50,580.68,0.3954,-1,-1,-1
559,303,583.97,453.36,31.86,86.30,0.5584,-1,-1,-1
559,319,417.37,471.59,45.45,96.59,0.2329,-1,-1,-1
559,322,546.49,443.07,33.81,94.19,0.5180,-1,-1,-1
559,329,991.94,430.91,103.68,266.23,0.6417,-1,-1,-1
559,338,712.40,444.81,36.24,101.86,0.6463,-1,-1,-1
559,357,1199.90,438.45,41.94,115.45,0.3162,-1,-1,-1
559,360,672.74,457.96,29.78,100.85,0.2661,-1,-1,-1
560,145,643.60,460.47,36.64,101.07,0.5576,-1,-1,-1
560,205,1098.12,435.91,113.77,281.47,0.7140,-1,-1,-1
560,220,889.34,435.20,93.23,247.15,0.7593,-1,-1,-1
560,248,1560.83,403.99,307.29,672.38,0.8598,-1,-1,-1
560,303,584.35,454.00,31.45,85.56,0.5232,-1,-1,-1
560,319,417.36,471.43,45.08,96.69,0.2433,-1,-1,-1
560,322,547.91,446.05,32.17,91.66,0.5057,-1,-1,-1
560,329,998.36,421.85,104.69,274.60,0.6791,-1,-1,-1
560,338,713.14,445.15,35.74,101.56,0.6332,-1,-1,-1
560,357,1199.37,435.13,45.73,120.46,0.2923,-1,-1,-1
560,359,1752.26,404.06,167.34,337.58,0.3130,-1,-1,-1
560,360,677.39,457.88,27.05,96.47,0.1879,-1,-1,-1
561,145,642.41,457.74,35.64,103.65,0.5440,-1,-1,-1
561,205,1102.39,437.36,108.54,277.29,0.6595,-1,-1,-1
561,220,903.31,435.36,86.39,246.47,0.6552,-1,-1,-1
561,248,1566.13,402.78,276.93,669.17,0.7235,-1,-1,-1
561,299,1744.40,397.85,174.96,553.74,0.3752,-1,-1,-1
561,303,584.24,452.80,31.95,85.79,0.4893,-1,-1,-1
561,319,416.98,471.71,46.08,97.72,0.2578,-1,-1,-1
561,322,548.89,441.89,31.64,94.97,0.5230,-1,-1,-1
561,329,1000.02,422.77,112.64,274.07,0.6978,-1,-1,-1
561,338,711.82,446.29,37.53,101.47,0.6255,-1,-1,-1
561,357,1202.82,438.14,45.61,120.11,0.3268,-1,-1,-1
561,360,678.91,457.10,26.66,92.11,0.1547,-1,-1,-1
561,367,884.51,444.41,28.23,42.83,0.1646,-1,-1,-1
562,145,643.15,458.30,35.25,102.90,0.5041,-1,-1,-1
562,205,1106.07,438.99,113.90,277.43,0.7008,-1,-1,-1
562,220,910.94,434.76,82.13,245.86,0.6979,-1,-1,-1
562,248,1569.48,405.97,305.09,669.04,0.8116,-1,-1,-1
562,299,1759.91,397.83,158.36,575.30,0.3085,-1,-1,-1
562,303,584.19,452.24,31.83,87.34,0.4991,-1,-1,-1
562,319,416.68,472.21,46.39,98.06,0.2614,-1,-1,-1
562,322,548.67,440.84,33.84,96.32,0.4871,-1,-1,-1
562,329,999.49,417.83,112.84,278.34,0.6644,-1,-1,-1
562,338,714.52,449.36,35.27,98.05,0.5754,-1,-1,-1
562,357,1207.24,437.40,43.33,121.22,0.2369,-1,-1,-1
562,360,677.43,458.29,27.15,95.64,0.2000,-1,-1,-1
563,145,642.06,457.70,34.20,103.06,0.5257,-1,-1,-1
563,205,1110.80,440.07,110.18,274.25,0.6919,-1,-1,-1
563,220,911.58,433.90,83.26,249.85,0.7010,-1,-1,-1
563,248,1574.28,405.44,321.50,669.54,0.8046,-1,-1,-1
563,299,1765.99,392.39,154.13,548.34,0.3412,-1,-1,-1
563,303,584.07,453.12,32.98,86.53,0.4495,-1,-1,-1
563,319,415.33,470.51,48.06,100.62,0.1983,-1,-1,-1
563,322,548.39,441.09,35.04,95.26,0.4631,-1,-1,-1
563,329,997.87,419.21,119.44,277.40,0.6618,-1,-1,-1
563,338,714.65,449.34,37.17,98.39,0.5300,-1,-1,-1
563,344,696.59,454.90,28.67,86.35,0.1554,-1,-1,-1
564,145,642.21,457.17,35.00,103.98,0.4948,-1,-1,-1
564,205,1113.20,433.82,112.62,278.53,0.7000,-1,-1,-1
564,220,914.95,430.50,82.46,250.92,0.6331,-1,-1,-1
564,248,1583.21,401.61,326.98,668.94,0.8681,-1,-1,-1
564,299,1782.38,397.95,138.80,479.78,0.4053,-1,-1,-1
564,303,584.43,454.52,32.34,83.68,0.3949,-1,-1,-1
564,319,416.09,468.82,47.13,101.60,0.1703,-1,-1,-1
564,322,548.23,441.88,35.01,94.41,0.3788,-1,-1,-1
564,329,1002.09,428.15,117.09,267.23,0.6407,-1,-1,-1
564,338,715.97,448.87,35.44,98.28,0.5201,-1,-1,-1
564,344,694.95,454.80,29.08,86.00,0.1577,-1,-1,-1
565,145,642.13,456.14,35.77,104.92,0.5472,-1,-1,-1
565,205,1118.23,432.13,110.04,279.92,0.6433,-1,-1,-1
565,220,920.69,433.73,78.96,244.23,0.6347,-1,-1,-1
565,248,1589.19,399.60,303.99,667.65,0.7043,-1,-1,-1
565,299,1783.16,394.35,134.82,655.55,0.6218,-1,-1,-1
565,303,584.70,455.54,32.44,82.73,0.3999,-1,-1,-1
565,319,415.64,471.29,47.02,100.43,0.1757,-1,-1,-1
565,322,548.29,441.99,34.07,94.08,0.4273,-1,-1,-1
565,329,998.72,431.48,123.64,263.35,0.6365,-1,-1,-1
565,338,716.54,449.04,35.45,97.13,0.5560,-1,-1,-1
565,344,697.16,454.58,28.13,86.59,0.1757,-1,-1,-1
566,145,641.70,454.16,35.76,107.23,0.5223,-1,-1,-1
566,205,1125.76,433.28,105.80,282.16,0.5412,-1,-1,-1
566,220,928.98,431.53,86.81,241.58,0.5389,-1,-1,-1
566,248,1606.75,399.00,299.95,671.31,0.7352,-1,-1,-1
566,299,1790.94,391.63,128.51,663.01,0.6383,-1,-1,-1
566,303,585.16,455.67,32.53,83.07,0.4359,-1,-1,-1
566,319,416.30,465.23,46.65,106.03,0.1581,-1,-1,-1
566,322,548.67,442.50,33.90,93.64,0.4304,-1,-1,-1
566,329,1004.50,437.26,121.39,260.04,0.6645,-1,-1,-1
566,338,717.31,449.61,35.32,96.93,0.5434,-1,-1,-1
566,344,695.84,454.15,28.51,85.65,0.1772,-1,-1,-1
566,360,674.14,455.47,30.83,98.49,0.1635,-1,-1,-1
567,145,641.33,454.57,34.26,106.58,0.4866,-1,-1,-1
567,205,1123.10,431.03,110.08,284.29,0.6356,-1,-1,-1
567,220,932.57,429.74,84.15,242.38,0.5113,-1,-1,-1
567,248,1628.72,400.40,278.45,668.29,0.8360,-1,-1,-1
567,299,1797.06,398.05,122.96,639.81,0.6306,-1,-1,-1
567,303,585.54,455.69,32.19,82.72,0.4656,-1,-1,-1
567,319,416.17,466.96,47.51,105.48,0.1761,-1,-1,-1
567,322,548.95,442.51,33.53,93.81,0.4389,-1,-1,-1
567,329,1005.10,442.41,127.58,256.01,0.6879,-1,-1,-1
567,338,718.09,449.08,35.28,97.95,0.5409,-1,-1,-1
567,344,697.11,454.81,26.32,85.27,0.1803,-1,-1,-1
567,360,673.52,454.90,31.53,97.90,0.1530,-1,-1,-1
568,145,641.40,456.06,32.24,104.60,0.4814,-1,-1,-1
568,205,1130.17,430.31,108.18,282.03,0.6102,-1,-1,-1
568,220,943.09,432.18,75.78,241.21,0.5359,-1,-1,-1
568,248,1650.61,400.91,256.95,668.51,0.8227,-1,-1,-1
568,299,1800.53,403.20,118.97,655.91,0.6098,-1,-1,-1
568,303,586.21,456.23,31.93,84.62,0.4905,-1,-1,-1
568,319,417.92,473.15,43.70,98.97,0.2894,-1,-1,-1
568,322,548.43,440.71,35.61,96.27,0.4368,-1,-1,-1
568,329,1003.89,428.17,139.73,271.51,0.6905,-1,-1,-1
568,338,718.37,448.33,37.55,99.59,0.5148,-1,-1,-1
568,344,697.28,455.05,25.82,85.81,0.1840,-1,-1,-1
568,357,1226.80,443.85,38.26,113.38,0.3004,-1,-1,-1
568,360,673.13,455.30,29.80,99.95,0.1984,-1,-1,-1
569,145,641.49,455.47,33.67,104.39,0.5251,-1,-1,-1
569,205,1131.84,431.80,110.59,280.79,0.5296,-1,-1,-1
569,220,941.90,436.11,80.18,231.69,0.6689,-1,-1,-1
569,248,1657.99,400.90,232.43,672.92,0.8118,-1,-1,-1
569,299,1797.85,409.25,121.67,649.45,0.4544,-1,-1,-1
569,303,586.28,455.73,32.26,85.71,0.5302,-1,-1,-1
569,319,418.77,474.27,42.66,97.37,0.2704,-1,-1,-1
569,322,548.42,442.85,35.64,95.38,0.4213,-1,-1,-1
569,329,1005.87,432.61,139.24,267.98,0.7158,-1,-1,-1
569,338,718.32,448.39,37.15,100.10,0.5254,-1,-1,-1
569,344,693.01,454.89,31.71,89.83,0.1812,-1,-1,-1
569,357,1231.85,444.42,33.99,111.32,0.2943,-1,-1,-1
569,360,671.25,455.14,31.37,99.67,0.2333,-1,-1,-1
570,145,639.72,455.24,32.21,104.44,0.5122,-1,-1,-1
570,205,1135.22,434.46,119.61,279.70,0.6418,-1,-1,-1
570,220,942.96,434.81,82.89,234.54,0.7109,-1,-1,-1
570,248,1662.25,402.86,235.06,669.38,0.7783,-1,-1,-1
570,299,1801.60,410.93,122.77,516.13,0.2610,-1,-1,-1
570,303,586.77,455.74,31.57,85.76,0.5241,-1,-1,-1
570,319,417.26,476.99,44.29,95.44,0.1735,-1,-1,-1
570,322,549.16,443.06,35.53,95.83,0.4404,-1,-1,-1
570,329,1006.54,432.94,137.26,267.54,0.7111,-1,-1,-1
570,338,718.01,446.50,37.79,102.78,0.5572,-1,-1,-1
570,344,696.63,454.29,24.52,87.36,0.1947,-1,-1,-1
570,357,1232.76,442.68,34.18,111.83,0.2246,-1,-1,-1
570,360,670.12,454.53,31.40,100.03,0.2646,-1,-1,-1
570,369,1111.87,434.00,45.43,139.73,0.2711,-1,-1,-1
571,145,638.73,456.78,30.32,104.21,0.4926,-1,-1,-1
571,205,1145.50,432.11,131.67,281.85,0.5983,-1,-1,-1
571,220,946.89,435.43,79.66,241.88,0.6899,-1,-1,-1
571,248,1666.64,401.51,253.27,671.78,0.8660,-1,-1,-1
571,299,1813.24,409.87,107.65,469.84,0.2266,-1,-1,-1
571,303,586.92,455.81,31.55,86.06,0.5260,-1,-1,-1
571,319,417.22,473.53,45.21,96.37,0.2104,-1,-1,-1
571,322,549.66,449.02,36.39,90.81,0.4300,-1,-1,-1
571,329,1011.53,425.85,130.67,272.47,0.7014,-1,-1,-1
571,338,717.36,445.44,39.59,102.97,0.6076,-1,-1,-1
571,344,696.83,453.90,23.56,85.64,0.1745,-1,-1,-1
571,357,1234.65,444.14,33.77,106.56,0.1700,-1,-1,-1
571,360,669.54,454.29,31.80,99.70,0.2637,-1,-1,-1
571,369,1110.60,431.70,47.77,152.54,0.3316,-1,-1,-1
572,145,637.42,456.86,32.71,102.67,0.5211,-1,-1,-1
572,205,1144.12,433.56,136.18,281.90,0.7602,-1,-1,-1
572,220,947.80,435.94,80.68,240.45,0.6853,-1,-1,-1
572,248,1670.15,402.26,248.32,670.42,0.8702,-1,-1,-1
572,299,1821.21,420.96,98.75,438.67,0.3001,-1,-1,-1
572,303,586.91,451.47,31.92,89.99,0.4950,-1,-1,-1
572,319,417.88,472.22,44.95,96.65,0.2055,-1,-1,-1
572,322,549.59,440.37,37.11,98.63,0.4581,-1,-1,-1
572,329,1012.15,431.80,129.01,267.02,0.6873,-1,-1,-1
572,338,717.42,444.51,40.27,104.96,0.6255,-1,-1,-1
572,360,668.26,453.64,32.83,99.96,0.2741,-1,-1,-1
572,369,1110.46,433.70,48.36,142.94,0.3938,-1,-1,-1
573,145,636.61,456.77,30.46,102.55,0.5580,-1,-1,-1
573,205,1150.38,437.20,137.98,278.17,0.7012,-1,-1,-1
573,220,942.38,434.42,94.03,243.60,0.6388,-1,-1,-1
573,248,1674.41,402.72,244.72,667.79,0.8860,-1,-1,-1
573,303,585.13,453.54,32.45,88.90,0.4890,-1,-1,-1
573,319,417.61,474.80,42.82,95.88,0.2230,-1,-1,-1
573,322,550.32,451.66,35.30,89.63,0.4047,-1,-1,-1
573,329,1016.72,430.22,123.31,265.19,0.6439,-1,-1,-1
573,338,718.25,445.37,40.19,104.80,0.5686,-1,-1,-1
573,344,696.66,454.45,24.25,88.76,0.1680,-1,-1,-1
573,360,668.69,455.22,32.38,98.77,0.2620,-1,-1,-1
573,369,1110.18,429.65,47.32,147.00,0.3499,-1,-1,-1
573,371,1832.06,428.88,87.43,240.28,0.3978,-1,-1,-1
573,372,1674.10,415.98,78.82,163.84,0.2128,-1,-1,-1
574,145,636.32,457.15,30.39,101.41,0.5468,-1,-1,-1
574,205,1149.48,438.17,141.83,277.54,0.7346,-1,-1,-1
574,220,952.76,435.10,107.65,249.69,0.6141,-1,-1,-1
574,248,1673.73,398.40,245.68,676.40,0.9004,-1,-1,-1
574,303,584.40,455.15,33.58,87.97,0.3413,-1,-1,-1
574,319,416.48,472.29,45.11,100.67,0.2505,-1,-1,-1
574,322,549.97,450.48,35.83,88.57,0.3877,-1,-1,-1
574,329,1034.41,433.18,106.08,262.85,0.5430,-1,-1,-1
574,338,717.81,445.12,40.74,105.20,0.5536,-1,-1,-1
574,344,699.00,454.38,24.50,89.50,0.1595,-1,-1,-1
574,360,664.66,456.19,32.53,101.43,0.2576,-1,-1,-1
574,369,1112.29,427.87,45.33,149.79,0.3587,-1,-1,-1
574,371,1837.07,430.77,82.47,251.90,0.3398,-1,-1,-1
574,372,1674.64,411.23,79.94,174.69,0.1534,-1,-1,-1
575,145,635.50,455.99,30.79,102.50,0.5661,-1,-1,-1
575,205,1154.46,439.27,137.83,276.48,0.7003,-1,-1,-1
575,220,955.25,434.25,107.99,248.61,0.5751,-1,-1,-1
575,248,1674.02,397.66,245.37,677.04,0.9046,-1,-1,-1
575,303,584.47,454.15,33.85,88.71,0.4290,-1,-1,-1
575,319,415.24,474.28,46.76,99.18,0.2416,-1,-1,-1
575,322,550.44,449.86,34.83,88.60,0.3543,-1,-1,-1
575,329,1039.13,426.03,100.58,269.95,0.5015,-1,-1,-1
575,338,717.81,445.52,40.37,104.45,0.5796,-1,-1,-1
575,344,697.99,454.15,24.56,89.84,0.1610,-1,-1,-1
575,360,674.70,452.69,31.40,97.91,0.2015,-1,-1,-1
575,369,1113.22,425.19,43.78,152.14,0.2360,-1,-1,-1
575,371,1844.67,429.67,75.57,240.52,0.3095,-1,-1,-1
575,372,1673.66,415.04,85.88,174.60,0.2222,-1,-1,-1
576,145,634.08,455.99,33.85,102.10,0.5207,-1,-1,-1
576,205,1157.56,437.61,136.06,277.92,0.7313,-1,-1,-1
576,220,955.39,433.93,112.85,248.15,0.6239,-1,-1,-1
576,248,1673.12,397.22,246.21,677.20,0.8990,-1,-1,-1
576,303,585.64,454.14,32.92,88.74,0.4261,-1,-1,-1
576,319,416.54,473.67,45.29,98.94,0.2852,-1,-1,-1
576,322,550.36,449.00,33.26,88.69,0.2933,-1,-1,-1
576,329,1041.78,426.53,98.20,269.56,0.6160,-1,-1,-1
576,338,719.66,446.34,38.78,104.49,0.6061,-1,-1,-1
576,360,665.79,458.31,31.46,98.63,0.2167,-1,-1,-1
576,371,1855.36,430.30,64.90,220.10,0.4447,-1,-1,-1
576,374,918.81,457.60,58.77,128.98,0.1719,-1,-1,-1
577,145,633.46,452.68,33.44,106.29,0.5256,-1,-1,-1
577,205,1156.02,436.15,137.49,279.31,0.7444,-1,-1,-1
577,220,957.00,433.92,111.23,246.58,0.6654,-1,-1,-1
577,248,1672.76,399.17,246.50,676.05,0.9090,-1,-1,-1
577,303,585.23,452.70,33.50,90.62,0.3979,-1,-1,-1
577,319,415.78,476.35,46.02,96.63,0.2411,-1,-1,-1
577,322,550.19,446.29,35.86,91.79,0.2892,-1,-1,-1
577,329,1049.57,423.46,90.29,271.28,0.6266,-1,-1,-1
577,338,719.87,447.36,38.55,104.03,0.5852,-1,-1,-1
577,344,690.48,455.30,27.55,91.11,0.1667,-1,-1,-1
577,360,668.26,453.97,31.58,101.98,0.2183,-1,-1,-1
577,371,1855.75,428.10,64.36,210.43,0.2280,-1,-1,-1
577,372,1674.02,415.80,96.23,174.07,0.2403,-1,-1,-1
578,145,633.32,448.61,33.08,109.59,0.6221,-1,-1,-1
578,205,1158.55,433.29,130.96,281.22,0.7290,-1,-1,-1
578,220,957.78,440.55,98.86,233.16,0.7225,-1,-1,-1
578,248,1671.30,399.62,247.92,676.24,0.9062,-1,-1,-1
578,303,584.33,451.32,34.51,92.43,0.3750,-1,-1,-1
578,319,415.32,473.83,45.44,99.11,0.2296,-1,-1,-1
578,322,549.75,450.31,37.20,88.36,0.3216,-1,-1,-1
578,329,1051.15,427.68,88.82,265.51,0.6184,-1,-1,-1
578,338,719.84,445.35,38.71,104.04,0.6297,-1,-1,-1
578,344,697.24,454.70,24.48,89.37,0.1765,-1,-1,-1
578,360,669.97,452.06,31.14,103.78,0.2413,-1,-1,-1
578,372,1672.42,417.68,103.84,172.82,0.2179,-1,-1,-1
578,377,1040.56,437.73,42.97,135.22,0.1889,-1,-1,-1
579,145,632.56,447.97,32.96,110.61,0.5782,-1,-1,-1
579,205,1158.70,435.07,131.13,278.73,0.6914,-1,-1,-1
579,220,957.85,439.67,100.67,233.19,0.7530,-1,-1,-1
579,248,1671.37,401.14,247.89,675.47,0.8991,-1,-1,-1
579,303,583.60,448.15,31.76,93.21,0.3513,-1,-1,-1
579,319,415.78,473.07,44.99,99.06,0.2385,-1,-1,-1
579,322,548.96,443.38,37.61,93.87,0.3126,-1,-1,-1
579,329,1055.57,433.99,86.24,261.28,0.6589,-1,-1,-1
579,332,380.61,469.68,44.20,104.03,0.2396,-1,-1,-1
579,338,720.56,447.27,38.41,104.10,0.5932,-1,-1,-1
579,344,698.23,455.09,24.22,87.67,0.1787,-1,-1,-1
579,360,669.53,451.07,31.36,104.83,0.2508,-1,-1,-1
579,372,1672.62,424.68,107.41,166.39,0.2278,-1,-1,-1
579,377,1041.48,440.95,41.55,134.60,0.1650,-1,-1,-1
579,378,1079.74,436.57,49.58,137.09,0.1813,-1,-1,-1
580,145,630.69,450.01,36.94,108.74,0.5583,-1,-1,-1
580,205,1156.95,442.64,134.01,273.26,0.7501,-1,-1,-1
580,220,958.73,436.36,101.27,238.14,0.7574,-1,-1,-1
580,248,1671.58,402.75,247.51,674.22,0.9084,-1,-1,-1
580,303,584.73,448.63,31.06,92.57,0.3529,-1,-1,-1
580,319,415.31,470.63,46.41,101.37,0.2302,-1,-1,-1
580,322,549.69,440.86,38.39,96.80,0.3505,-1,-1,-1
580,329,1051.95,439.02,91.00,255.91,0.6679,-1,-1,-1
580,332,380.06,470.00,44.64,103.39,0.2338,-1,-1,-1
580,338,720.85,447.08,38.12,104.85,0.5719,-1,-1,-1
580,344,699.12,455.58,24.84,86.70,0.1765,-1,-1,-1
580,360,670.46,451.93,31.90,103.06,0.2382,-1,-1,-1
580,372,1674.10,427.32,108.18,163.37,0.1594,-1,-1,-1
580,374,918.46,485.20,60.02,102.91,0.2475,-1,-1,-1
581,145,630.79,454.31,36.94,104.23,0.5508,-1,-1,-1
581,205,1159.10,440.51,134.75,276.36,0.6988,-1,-1,-1
581,220,958.45,434.65,102.75,238.22,0.7612,-1,-1,-1
581,248,1671.74,402.68,247.39,674.59,0.9082,-1,-1,-1
581,303,584.71,447.42,33.98,95.86,0.3913,-1,-1,-1
581,319,414.33,470.45,46.44,101.53,0.2261,-1,-1,-1
581,322,549.02,435.25,40.60,102.56,0.3654,-1,-1,-1
581,329,1054.87,439.36,95.41,255.85,0.6864,-1,-1,-1
581,332,380.10,469.15,45.55,103.83,0.2245,-1,-1,-1
581,338,720.94,447.19,38.41,104.04,0.5028,-1,-1,-1
581,344,698.85,456.11,24.90,86.06,0.1896,-1,-1,-1
581,360,667.19,453.76,30.09,98.98,0.2006,-1,-1,-1
581,372,1674.52,425.10,109.12,164.92,0.1794,-1,-1,-1
581,374,923.09,476.09,58.40,110.41,0.2027,-1,-1,-1
582,145,631.86,453.38,33.59,104.72,0.5112,-1,-1,-1
582,205,1190.20,439.01,107.44,275.46,0.6911,-1,-1,-1
582,220,955.91,435.77,113.03,236.79,0.7487,-1,-1,-1
582,248,1672.15,401.87,246.92,676.54,0.9087,-1,-1,-1
582,303,584.40,446.85,34.25,96.35,0.4204,-1,-1,-1
582,319,414.36,469.18,47.24,102.71,0.2897,-1,-1,-1
582,322,548.21,435.49,39.78,102.48,0.3791,-1,-1,-1
582,329,1068.90,437.75,84.53,262.46,0.6228,-1,-1,-1
582,332,379.40,469.11,45.28,104.42,0.2070,-1,-1,-1
582,338,721.54,448.05,37.68,103.13,0.4972,-1,-1,-1
582,344,698.39,456.03,29.60,84.93,0.1935,-1,-1,-1
582,360,668.44,453.13,29.64,102.59,0.2530,-1,-1,-1
582,372,1674.84,429.96,107.91,162.80,0.1703,-1,-1,-1
582,374,918.65,484.75,60.38,104.49,0.2333,-1,-1,-1
583,145,631.41,453.97,33.91,104.22,0.4543,-1,-1,-1
583,205,1196.46,439.63,103.47,273.96,0.7224,-1,-1,-1
583,220,964.10,436.17,107.26,235.60,0.7284,-1,-1,-1
583,248,1673.80,398.12,245.25,680.32,0.9097,-1,-1,-1
583,303,584.50,448.57,33.93,94.88,0.4676,-1,-1,-1
583,319,414.33,467.93,46.36,103.55,0.2352,-1,-1,-1
583,322,549.46,439.51,38.55,98.65,0.4179,-1,-1,-1
583,329,1080.05,432.50,75.79,265.14,0.6306,-1,-1,-1
583,332,379.16,468.20,46.97,105.48,0.2117,-1,-1,-1
583,338,721.07,446.03,39.16,103.62,0.5281,-1,-1,-1
583,344,699.15,456.67,27.09,85.86,0.2211,-1,-1,-1
583,360,669.03,453.13,31.03,104.26,0.2631,-1,-1,-1
583,374,918.62,481.61,63.74,106.31,0.1789,-1,-1,-1
583,380,1155.60,431.05,83.01,266.23,0.3077,-1,-1,-1
584,145,630.46,455.50,35.61,103.03,0.4317,-1,-1,-1
584,205,1203.33,440.85,97.91,271.07,0.7219,-1,-1,-1
584,220,967.06,437.13,105.94,236.23,0.7421,-1,-1,-1
584,248,1675.89,393.95,243.25,683.18,0.9116,-1,-1,-1
584,303,585.00,447.98,33.33,95.60,0.4721,-1,-1,-1
584,319,413.99,468.90,46.82,102.57,0.2292,-1,-1,-1
584,322,550.58,439.28,37.33,98.77,0.3975,-1,-1,-1
584,329,1084.94,435.62,75.37,261.12,0.6622,-1,-1,-1
584,332,378.96,468.59,46.98,104.67,0.2021,-1,-1,-1
584,338,722.25,447.52,37.52,104.31,0.5301,-1,-1,-1
584,344,698.79,455.44,27.67,85.45,0.2233,-1,-1,-1
584,360,666.02,452.53,31.84,103.06,0.2847,-1,-1,-1
584,374,917.92,479.99,64.18,107.98,0.2464,-1,-1,-1
584,380,1156.20,429.97,85.76,257.97,0.2377,-1,-1,-1
584,382,802.92,468.11,32.15,79.38,0.1828,-1,-1,-1
585,145,627.69,451.07,36.95,106.40,0.3952,-1,-1,-1
585,205,1203.57,441.06,101.78,265.67,0.7487,-1,-1,-1
585,220,969.78,436.42,104.27,235.70,0.7611,-1,-1,-1
585,248,1677.54,394.30,241.67,682.76,0.8981,-1,-1,-1
585,303,585.65,448.15,33.11,94.80,0.4598,-1,-1,-1
585,319,413.31,468.43,48.41,103.61,0.2115,-1,-1,-1
585,322,550.16,438.87,38.54,99.15,0.4328,-1,-1,-1
585,329,1087.07,440.18,75.84,255.62,0.6347,-1,-1,-1
585,332,378.98,467.38,45.64,106.04,0.2112,-1,-1,-1
585,338,722.96,447.02,37.68,103.25,0.5278,-1,-1,-1
585,344,699.26,455.31,27.81,84.39,0.1983,-1,-1,-1
585,360,664.93,452.88,34.15,101.62,0.3036,-1,-1,-1
585,374,917.70,479.97,63.27,107.73,0.2238,-1,-1,-1
585,380,1159.27,430.66,81.56,251.20,0.1519,-1,-1,-1
585,384,1163.13,438.53,32.07,106.72,0.2428,-1,-1,-1
586,145,626.38,452.56,37.69,105.30,0.4276,-1,-1,-1
586,205,1213.17,436.84,101.52,274.60,0.7543,-1,-1,-1
586,220,978.28,442.38,97.99,232.37,0.7689,-1,-1,-1
586,248,1681.87,392.88,237.76,682.76,0.8962,-1,-1,-1
586,303,584.74,444.67,35.02,98.69,0.4496,-1,-1,-1
586,319,410.46,467.68,49.41,106.32,0.1915,-1,-1,-1
586,322,549.45,440.81,37.52,98.19,0.4360,-1,-1,-1
586,329,1088.10,435.42,73.12,261.94,0.6900,-1,-1,-1
586,332,379.59,463.43,44.55,109.86,0.2663,-1,-1,-1
586,338,723.65,444.36,37.78,103.75,0.5444,-1,-1,-1
586,344,699.56,455.38,30.21,82.49,0.2029,-1,-1,-1
586,360,665.30,453.52,33.65,100.72,0.3474,-1,-1,-1
586,374,917.53,480.16,62.38,107.12,0.2010,-1,-1,-1
586,380,1163.25,435.86,73.61,239.78,0.1828,-1,-1,-1
586,382,804.77,469.85,33.02,78.98,0.1967,-1,-1,-1
586,384,1165.21,435.88,33.33,113.15,0.1634,-1,-1,-1
587,145,625.11,452.35,38.53,105.55,0.4832,-1,-1,-1
587,205,1215.78,432.91,100.01,278.09,0.6133,-1,-1,-1
587,220,982.36,444.58,94.85,225.97,0.7384,-1,-1,-1
587,248,1685.64,388.89,233.99,686.30,0.8696,-1,-1,-1
587,303,584.24,444.42,35.40,98.76,0.4203,-1,-1,-1
587,319,407.94,453.51,51.34,118.82,0.2441,-1,-1,-1
587,322,550.01,441.67,37.02,97.85,0.4675,-1,-1,-1
587,329,1089.14,426.66,74.47,270.54,0.7207,-1,-1,-1
587,332,380.25,459.31,41.06,113.50,0.3110,-1,-1,-1
587,338,724.38,444.13,37.33,105.01,0.5521,-1,-1,-1
587,344,699.02,455.50,30.26,82.17,0.2173,-1,-1,-1
587,360,665.06,452.54,32.79,101.27,0.3700,-1,-1,-1
587,374,922.89,478.17,65.46,109.40,0.1559,-1,-1,-1
587,380,1160.98,440.32,82.20,247.46,0.2916,-1,-1,-1
587,382,800.92,469.30,33.82,79.11,0.1584,-1,-1,-1
587,384,1159.82,434.34,34.37,112.40,0.1632,-1,-1,-1
587,385,571.80,442.29,32.27,98.07,0.2070,-1,-1,-1
588,145,625.51,453.39,35.66,104.20,0.5081,-1,-1,-1
588,205,1212.30,434.71,104.86,278.39,0.7923,-1,-1,-1
588,220,989.48,446.05,88.65,222.55,0.7007,-1,-1,-1
588,248,1694.89,386.92,224.69,688.50,0.8556,-1,-1,-1
588,303,583.72,446.09,36.06,98.47,0.4148,-1,-1,-1
588,319,406.19,454.24,53.55,119.81,0.2641,-1,-1,-1
588,322,551.34,447.79,36.06,92.87,0.4327,-1,-1,-1
588,329,1090.87,420.58,80.95,276.17,0.7357,-1,-1,-1
588,332,379.21,463.54,40.71,110.81,0.2892,-1,-1,-1
588,338,726.93,442.45,33.59,106.87,0.5565,-1,-1,-1
588,344,698.37,456.04,28.56,85.57,0.2301,-1,-1,-1
588,360,664.05,452.33,30.12,105.04,0.3581,-1,-1,-1
588,374,916.94,480.78,65.65,107.17,0.2200,-1,-1,-1
588,380,1175.36,437.37,66.99,238.29,0.4282,-1,-1,-1
588,385,570.02,444.82,33.00,96.39,0.2029,-1,-1,-1
589,145,625.05,451.67,35.41,106.01,0.5817,-1,-1,-1
589,205,1216.62,434.78,101.31,275.04,0.7782,-1,-1,-1
589,220,998.11,446.04,82.68,223.03,0.7049,-1,-1,-1
589,248,1703.32,391.92,216.31,681.32,0.7506,-1,-1,-1
589,303,583.16,447.41,37.16,98.54,0.3784,-1,-1,-1
589,319,403.52,461.87,55.65,113.45,0.1668,-1,-1,-1
589,322,551.03,447.55,36.80,93.22,0.4279,-1,-1,-1
589,329,1091.76,419.52,90.87,277.28,0.7102,-1,-1,-1
589,332,378.86,465.42,42.02,108.92,0.2319,-1,-1,-1
589,338,724.41,443.56,37.24,106.22,0.5503,-1,-1,-1
589,344,697.87,455.93,28.99,88.45,0.2508,-1,-1,-1
589,360,663.80,450.79,31.03,108.02,0.4620,-1,-1,-1
589,374,917.70,482.08,63.08,105.44,0.1809,-1,-1,-1
589,380,1185.46,438.75,57.02,234.11,0.3395,-1,-1,-1
589,385,570.86,445.41,34.89,96.35,0.2068,-1,-1,-1
590,145,624.40,450.56,34.84,106.66,0.5152,-1,-1,-1
590,205,1219.55,433.70,101.74,277.51,0.7844,-1,-1,-1
590,220,1007.71,446.98,77.32,221.39,0.7378,-1,-1,-1
590,248,1715.33,419.40,204.43,654.60,0.7422,-1,-1,-1
590,303,584.36,448.65,35.60,97.66,0.3171,-1,-1,-1
590,319,404.71,462.28,54.63,112.02,0.1864,-1,-1,-1
590,322,551.16,447.67,37.41,92.73,0.3681,-1,-1,-1
590,329,1090.63,429.87,89.41,267.84,0.6569,-1,-1,-1
590,332,377.03,466.62,47.29,109.16,0.2416,-1,-1,-1
590,338,726.71,442.69,34.68,106.90,0.5678,-1,-1,-1
590,344,697.63,456.26,29.97,87.25,0.2389,-1,-1,-1
590,360,663.60,451.88,31.80,107.36,0.4669,-1,-1,-1
590,374,917.56,481.53,65.24,105.76,0.1933,-1,-1,-1
590,380,1185.50,438.19,58.58,238.30,0.3696,-1,-1,-1
590,385,568.46,444.68,37.80,97.08,0.1751,-1,-1,-1
591,145,624.32,449.28,33.32,108.36,0.5367,-1,-1,-1
591,205,1222.56,434.77,105.41,276.60,0.7447,-1,-1,-1
591,220,1011.57,443.35,78.75,223.80,0.7133,-1,-1,-1
591,248,1736.78,478.44,183.83,597.00,0.5609,-1,-1,-1
591,303,585.58,449.76,32.22,94.06,0.3405,-1,-1,-1
591,319,407.50,461.96,51.90,111.65,0.2115,-1,-1,-1
591,322,550.78,444.00,37.45,95.63,0.3394,-1,-1,-1
591,329,1089.61,415.66,93.96,280.42,0.6515,-1,-1,-1
591,332,376.18,469.11,47.47,107.22,0.2598,-1,-1,-1
591,338,727.71,442.64,32.94,107.19,0.5753,-1,-1,-1
591,344,697.79,456.50,29.72,86.63,0.2696,-1,-1,-1
591,360,663.42,451.87,32.48,107.67,0.5348,-1,-1,-1
591,374,917.79,481.75,65.31,105.51,0.1902,-1,-1,-1
591,380,1189.74,435.35,60.22,240.06,0.3281,-1,-1,-1
591,385,570.22,442.98,38.96,98.62,0.1950,-1,-1,-1
592,145,624.39,448.96,34.71,109.19,0.5156,-1,-1,-1
592,205,1226.49,438.13,110.77,273.42,0.7289,-1,-1,-1
592,220,1011.88,443.23,78.24,222.41,0.7367,-1,-1,-1
592,248,1759.69,499.40,159.90,573.14,0.6787,-1,-1,-1
592,303,585.65,450.37,31.85,93.04,0.3124,-1,-1,-1
592,319,407.19,461.65,52.52,111.92,0.1920,-1,-1,-1
592,322,549.60,443.90,39.02,95.50,0.3230,-1,-1,-1
592,329,1090.08,416.41,107.29,280.16,0.6756,-1,-1,-1
592,332,374.14,468.27,49.62,107.94,0.2322,-1,-1,-1
592,338,728.24,443.55,31.93,106.87,0.5668,-1,-1,-1
592,344,698.84,456.61,29.78,86.76,0.2150,-1,-1,-1
592,360,662.44,452.18,33.48,107.64,0.5616,-1,-1,-1
592,374,916.83,482.20,61.65,104.41,0.2229,-1,-1,-1
592,380,1190.86,433.95,59.80,238.06,0.2717,-1,-1,-1
592,386,1853.39,497.77,66.34,394.18,0.1986,-1,-1,-1
593,145,623.13,449.47,36.61,108.44,0.4957,-1,-1,-1
593,205,1231.35,440.45,111.74,273.37,0.7524,-1,-1,-1
593,220,1013.35,437.96,80.71,228.27,0.6586,-1,-1,-1
593,248,1782.77,502.17,136.58,570.68,0.3909,-1,-1,-1
593,303,583.76,450.90,32.64,90.84,0.3167,-1,-1,-1
593,319,409.50,464.75,52.08,109.21,0.2016,-1,-1,-1
593,322,550.72,447.00,34.61,92.77,0.3099,-1,-1,-1
593,329,1091.32,412.51,99.99,283.80,0.6912,-1,-1,-1
593,332,375.51,466.32,49.94,109.26,0.2453,-1,-1,-1
593,338,728.16,443.68,33.14,107.43,0.5411,-1,-1,-1
593,344,698.59,456.79,30.07,86.44,0.2331,-1,-1,-1
593,360,661.40,451.80,34.18,107.81,0.5483,-1,-1,-1
593,374,916.62,485.27,57.39,101.65,0.2300,-1,-1,-1
593,380,1194.14,440.23,71.67,238.61,0.2465,-1,-1,-1
593,386,1860.60,501.41,59.12,380.72,0.2888,-1,-1,-1
594,145,623.02,448.67,36.38,107.69,0.5039,-1,-1,-1
594,205,1234.10,443.00,113.97,269.65,0.7830,-1,-1,-1
594,220,1021.66,435.31,76.29,230.41,0.6276,-1,-1,-1
594,248,1816.22,523.21,103.65,555.86,0.3168,-1,-1,-1
594,303,583.93,451.51,32.48,90.35,0.3227,-1,-1,-1
594,319,410.75,464.75,49.46,108.55,0.1781,-1,-1,-1
594,322,549.19,448.47,37.25,91.01,0.3513,-1,-1,-1
594,329,1091.18,412.92,101.30,285.75,0.7000,-1,-1,-1
594,332,376.12,467.78,50.06,108.13,0.2895,-1,-1,-1
594,338,726.10,445.20,37.32,106.48,0.5131,-1,-1,-1
594,344,698.08,457.29,30.63,85.56,0.2325,-1,-1,-1
594,360,660.11,451.52,35.54,108.86,0.5311,-1,-1,-1
594,374,916.43,487.00,58.21,99.56,0.1874,-1,-1,-1
594,380,1191.04,438.66,76.97,240.10,0.3636,-1,-1,-1
594,382,804.31,469.70,33.72,78.98,0.1602,-1,-1,-1
594,386,1863.57,406.93,56.24,456.63,0.2382,-1,-1,-1
595,145,622.62,449.50,37.35,106.39,0.5529,-1,-1,-1
595,205,1240.12,437.68,111.64,274.66,0.8186,-1,-1,-1
595,220,1022.29,436.16,76.38,228.93,0.6711,-1,-1,-1
595,303,580.60,450.89,35.40,90.49,0.2790,-1,-1,-1
595,319,412.55,463.78,47.43,109.32,0.1764,-1,-1,-1
595,322,551.14,452.56,32.90,87.60,0.2716,-1,-1,-1
595,329,1094.27,414.86,100.28,281.63,0.7179,-1,-1,-1
595,332,376.19,467.15,50.19,108.64,0.2643,-1,-1,-1
595,338,729.17,443.88,32.26,106.60,0.5406,-1,-1,-1
595,344,698.42,457.45,29.86,84.26,0.2281,-1,-1,-1
595,360,660.74,452.66,35.00,108.15,0.4744,-1,-1,-1
595,374,917.70,487.44,56.41,98.83,0.1879,-1,-1,-1
595,380,1188.44,441.73,74.29,238.03,0.4689,-1,-1,-1
595,382,804.57,469.91,36.00,79.18,0.1524,-1,-1,-1
595,385,552.77,440.25,63.97,102.25,0.1533,-1,-1,-1
595,386,1866.90,373.44,55.60,321.53,0.1767,-1,-1,-1
596,145,623.55,450.57,36.90,104.21,0.5696,-1,-1,-1
596,205,1242.14,436.48,113.10,276.46,0.8099,-1,-1,-1
596,220,1023.70,442.15,77.61,223.07,0.7104,-1,-1,-1
596,303,582.01,450.12,33.84,91.43,0.3121,-1,-1,-1
596,319,412.72,469.41,48.13,104.85,0.1915,-1,-1,-1
596,322,551.67,451.32,32.11,88.67,0.2988,-1,-1,-1
596,329,1095.53,422.06,99.63,276.46,0.7370,-1,-1,-1
596,332,377.47,468.55,48.72,107.26,0.2869,-1,-1,-1
596,338,726.15,445.62,37.15,105.12,0.5618,-1,-1,-1
596,344,698.63,457.62,30.16,83.95,0.2284,-1,-1,-1
596,360,661.00,454.28,35.10,106.51,0.4557,-1,-1,-1
596,374,916.76,485.87,57.67,100.32,0.2510,-1,-1,-1
596,380,1190.53,442.51,75.74,238.35,0.5263,-1,-1,-1
596,385,560.62,435.92,53.54,103.16,0.1615,-1,-1,-1
596,386,1859.81,383.16,59.28,271.70,0.2237,-1,-1,-1
597,145,624.23,452.47,34.74,102.72,0.5131,-1,-1,-1
597,205,1243.60,437.74,113.09,275.89,0.8036,-1,-1,-1
597,220,1025.22,442.66,77.21,223.69,0.7388,-1,-1,-1
597,303,582.72,451.92,32.39,89.88,0.2987,-1,-1,-1
597,319,414.14,469.09,46.74,103.99,0.1933,-1,-1,-1
597,322,550.12,452.47,36.00,87.82,0.3090,-1,-1,-1
597,329,1097.44,423.90,96.97,274.22,0.7587,-1,-1,-1
597,332,376.51,468.90,48.57,106.86,0.3291,-1,-1,-1
597,338,725.70,445.15,38.39,106.75,0.6071,-1,-1,-1
597,344,698.00,458.23,30.14,83.05,0.1990,-1,-1,-1
597,360,659.57,453.98,38.80,106.67,0.4247,-1,-1,-1
597,374,916.97,484.47,58.16,101.76,0.2460,-1,-1,-1
597,380,1190.82,459.56,77.03,223.72,0.5307,-1,-1,-1
597,382,804.06,469.82,35.72,78.84,0.1630,-1,-1,-1
597,386,1857.88,388.97,60.97,260.31,0.2215,-1,-1,-1
598,145,624.93,453.75,32.85,101.37,0.4819,-1,-1,-1
598,205,1248.01,437.72,110.08,275.50,0.8137,-1,-1,-1
598,220,1024.91,441.67,81.17,224.91,0.7390,-1,-1,-1
598,303,584.10,451.62,32.24,89.25,0.3397,-1,-1,-1
598,319,413.04,470.21,47.84,103.69,0.2023,-1,-1,-1
598,322,550.45,449.86,34.48,89.65,0.3669,-1,-1,-1
598,329,1098.87,429.92,97.66,267.66,0.7210,-1,-1,-1
598,332,378.07,468.06,47.76,107.44,0.3425,-1,-1,-1
598,338,725.68,445.59,38.89,107.72,0.5877,-1,-1,-1
598,344,697.09,458.52,30.06,82.26,0.2136,-1,-1,-1
598,360,658.78,456.21,36.60,104.63,0.4312,-1,-1,-1
598,374,917.38,482.40,57.44,103.77,0.2299,-1,-1,-1
598,380,1193.63,450.85,75.33,231.27,0.5214,-1,-1,-1
598,386,1857.97,391.34,60.90,257.37,0.1963,-1,-1,-1
599,145,624.89,454.68,33.46,100.68,0.4795,-1,-1,-1
599,205,1252.71,437.06,105.92,275.90,0.7813,-1,-1,-1
599,220,1026.55,442.43,88.24,225.04,0.7388,-1,-1,-1
599,303,583.63,453.19,34.17,90.55,0.3290,-1,-1,-1
599,319,412.80,471.24,47.75,102.18,0.1973,-1,-1,-1
599,322,551.69,449.00,32.73,90.76,0.3362,-1,-1,-1
599,329,1102.03,431.83,96.63,263.72,0.6999,-1,-1,-1
599,332,378.38,467.35,47.59,109.09,0.3767,-1,-1,-1
599,338,726.67,446.01,37.25,106.22,0.5701,-1,-1,-1
599,344,697.13,458.38,31.20,83.33,0.2178,-1,-1,-1
599,360,657.44,454.76,40.22,105.89,0.4076,-1,-1,-1
599,374,916.30,484.71,59.82,102.05,0.1936,-1,-1,-1
599,380,1190.24,440.05,79.02,241.89,0.5721,-1,-1,-1
599,386,1857.77,390.41,61.15,256.26,0.1781,-1,-1,-1
600,145,625.12,455.25,33.01,100.95,0.5053,-1,-1,-1
600,205,1256.45,437.19,103.64,275.80,0.8175,-1,-1,-1
600,220,1027.46,441.59,89.68,223.80,0.7547,-1,-1,-1
600,303,583.03,456.80,32.86,85.02,0.3146,-1,-1,-1
600,319,413.49,475.37,47.08,98.49,0.2096,-1,-1,-1
600,322,550.51,452.41,37.37,88.24,0.3194,-1,-1,-1
600,329,1108.35,430.98,92.42,262.96,0.7021,-1,-1,-1
600,332,379.22,464.87,45.62,111.69,0.3493,-1,-1,-1
600,338,726.55,444.14,36.71,108.55,0.5857,-1,-1,-1
600,344,696.65,458.58,32.36,82.99,0.2113,-1,-1,-1
600,360,657.00,455.66,39.58,105.20,0.3591,-1,-1,-1
600,372,1672.60,430.63,104.64,160.94,0.1514,-1,-1,-1
600,374,917.14,485.99,58.67,100.04,0.2139,-1,-1,-1
600,380,1199.32,448.02,70.30,225.35,0.6017,-1,-1,-1
600,382,801.38,468.55,38.35,80.02,0.1518,-1,-1,-1
600,386,1858.14,391.64,60.92,254.46,0.1851,-1,-1,-1
